tree
version=v4
num_class=5
num_tree_per_iteration=5
label_index=0
max_feature_idx=20
objective=multiclass num_class:5
feature_names=ret_1d ret_5d ret_10d ret_21d overnight_gap close_vs_sma10 close_vs_sma21 close_vs_sma63 ret_21d_z vol_10d vol_21d parkinson_10d vol_of_vol volume_ratio dollar_volume_pctile ret_1d_rank dow_mon dow_tue dow_wed dow_thu dow_fri
feature_infos=[-0.15997403471786201:0.14017071250872426] [-0.31340040265715152:0.26965066158191475] [-0.4040455429429361:0.35598927864952951] [-0.51253452172128233:0.56259063107542651] [-0.10570992069131928:0.11367856126279947] [-0.238400875109851:0.23745390707314201] [-0.27026635889480138:0.39004459049913276] [-0.3436984516943839:0.66736997602550463] [-3.4064349307075794:3.5803397550605585] [0.070108588012499168:1.6085481828646395] [0.11114048089463083:1.2960013558920744] [0.0061714999497073063:0.064260343557538721] [0.013183758646652499:0.68722629090407683] [-1.0974626654027457:0.85769703605886904] [0.010644295302013421:0.99002684563758392] [0.010644295302013421:0.99002684563758392] [0:1] [0:1] [0:1] [0:1] [0:1]
tree_sizes=3447 3447 3451 3432 3455 3533 3571 3533 3564 3532 3548 3561 3559 3565 3542 3534 3553 3555 3543 3555 3541 3570 3560 3559 3553 3547 3562 3553 3557 3562 3568 3576 3573 3577 3570 3542 3547 3570 3565 3544 3561 3569 3545 3575 3569 3550 3571 3565 3580 3558 3554 3571 3562 3575 3556 3550 3559 3565 3572 3565 3562 3571 3554 3599 3561 3565 3567 3577 3582 3556 3541 3576 3578 3550 3569 3546 3570 3579 3554 3566 3553 3576 3590 3584 3575 3577 3587 3583 3559 3545 3561 3567 3574 3573 3565 3567 3564 3570 3557 3557 3558 3596 3566 3589 3579 3572 3581 3577 3558 3569 3562 3575 3580 3540 3579 3570 3592 3590 3566 3564 3552 3561 3555 3563 3579 3556 3573 3573 3569 3556 3548 3584 3581 3583 3554 3572 3596 3595 3544 3558 3559 3579 3539 3549 3562 3587 3551 3576 3565 3575 3562 3542 3589 3538 3556 3562 3557 3577 3537 3567 3549 3571 3609 3542 3563 3558 3571 3582 3569 3565 3566 3534 3567 3571 3568 3561 3569 3591 3550 3554

Tree=0
num_leaves=31
num_cat=0
split_feature=11 11 11 10 11 14 11 7 11 11 4 6 17 4 4 20 13 12 14 15 17 6 10 4 13 14 14 11 4 4
split_gain=9142.18 1673.34 1191.81 333.747 281.054 173.255 171.096 92.1855 83.9954 69.3768 58.8387 56.2675 68.4348 60.8009 51.8827 49.6763 48.2741 49.5063 48.2383 50.9078 44.6376 50.9916 43.6885 40.8281 39.0293 48.108 35.4654 34.9646 34.0253 33.5026
threshold=0.020369171135261037 0.030719957797546962 0.015344554712661381 0.64399125352065023 0.023872542445391793 0.62357292343220039 0.011725685668741534 -0.16056950993410693 0.017061847928900486 0.027279909702980273 0.038310204041673408 0.029082398038663419 1.0000000180025095e-35 0.018844138822648796 -0.00021476365519124127 1.0000000180025095e-35 0.26051558162474192 0.24270644853033566 0.050352472944771735 0.81094705421500091 1.0000000180025095e-35 0.066107119485796631 0.23128040674584552 0.049347325350854516 -0.081712042004045457 0.94151259843373769 0.56879197729470643 0.03728325627622768 -0.012206152816339076 0.0043103472929864059
decision_type=2 2 2 2 2 2 2 2 2 2 2 2 2 2 2 2 2 2 2 2 2 2 2 2 2 2 2 2 2 2
left_child=2 4 6 11 14 16 -1 27 -4 29 -9 12 -3 26 20 -16 17 -5 19 -10 -2 -22 -8 28 -11 -26 -13 -7 -20 -6
right_child=1 3 8 5 9 7 22 10 18 24 -12 13 -14 -15 15 -17 -18 -19 23 -21 21 -23 -24 -25 25 -27 -28 -29 -30 -31
leaf_value=-1.6820188328655417 -1.6149606044073341 -1.5714499171490821 -1.637620795763236 -1.5312690891648435 -1.5881847658024311 -1.5951637981596039 -1.6664175303934534 -1.4965905041336811 -1.6634881139178139 -1.5782106012342281 -1.4348303503182409 -1.56026881149923 -1.5342035828020539 -1.4980595570677551 -1.5882490115959182 -1.6147146615025918 -1.5142212809781759 -1.5635565806023204 -1.6423608785060149 -1.5883210895845332 -1.5796191805157931 -1.6595993164888485 -1.653368527087498 -1.4848052969284611 -1.5622193324435301 -1.5039017931163363 -1.5298943954179547 -1.5251930482107117 -1.6188129357285888 -1.5726613264224001
leaf_weight=5135.0414767861366 2911.0581746101379 2339.6034272760153 5336.5315566956997 1210.4395240694284 3997.0081745684147 110.33798882365227 4958.0812384039164 1964.7456511408091 485.92267760634422 1731.504214450717 167.40066619217396 1026.6474834829569 625.09858429431915 274.63975231349468 3719.5133412629366 876.31894470751286 753.53400725126266 781.48685289919376 661.82721470296383 110.6107635051012 722.37470552325249 89.601432830095291 5317.431088924408 22.218381687998772 2619.3594301044941 149.53035025298595 614.48489589989185 202.45317958295345 8423.2447652667761 2131.7824933826923
leaf_count=33880 14281 9142 29488 4125 17887 412 30676 6256 2677 7226 475 4094 2412 944 17574 4269 2635 2882 3380 543 3302 453 31186 87 10784 524 2294 647 43784 9212
internal_value=-1.60929 -1.56913 -1.64757 -1.53619 -1.58664 -1.51854 -1.66711 -1.49918 -1.62754 -1.57586 -1.49174 -1.55497 -1.5636 -1.54161 -1.6004 -1.5933 -1.53578 -1.54394 -1.622 -1.64955 -1.60918 -1.58844 -1.65966 -1.6202 -1.56643 -1.55907 -1.5489 -1.54988 -1.62053 -1.58279
internal_weight=59469.8 29018.9 30450.9 10070.9 18948.1 5190.4 15410.6 2444.94 15040.4 10629.2 2132.15 4880.47 2964.7 1915.77 8318.87 4595.83 2745.46 1991.93 9703.82 596.533 3723.03 811.976 10275.5 9107.29 4500.39 2768.89 1641.13 312.791 9085.07 6128.79
internal_count=297531 121830 175701 36318 85512 17432 95742 7790 79959 45633 6731 18886 11554 7332 39879 21843 9642 7007 50471 3220 18036 3755 61862 47251 18534 11308 6388 1059 47164 27099
is_linear=0
shrinkage=1


Tree=1
num_leaves=31
num_cat=0
split_feature=11 11 11 0 3 17 4 11 8 9 0 0 11 3 4 11 15 13 14 0 0 14 0 15 7 14 0 0 15 9
split_gain=2071.43 275.235 218.875 95.5782 57.2295 61.0449 53.0677 48.9838 44.9359 46.4338 44.6926 44.4765 44.354 36.7208 25.6083 24.1722 23.3817 19.3863 18.4095 18.3483 17.5733 16.926 15.4003 17.9123 14.352 13.5284 14.6136 12.2696 14.3578 12.1924
threshold=0.025046904641698668 0.019148526861709297 0.03475737378010578 -0.019640077992295165 0.033729000294351337 1.0000000180025095e-35 0.0012492133391714957 0.01495544840998895 -0.015105889728525045 0.17261719043548038 -0.03509131028849332 -0.016991810356929978 0.041854799366944563 -0.036125488434274759 0.027226260699225409 0.02863870797595516 0.27703161357745221 0.37704048867149764 0.62357292343220039 -0.023377743626764143 -0.049328071058011728 0.86534607781186124 -0.040848103621259242 0.081180820943558454 -0.18670575972682987 0.15911381450547868 0.038190135918058539 -0.030901092451899533 0.073129830436759274 0.31339018376747785
decision_type=2 2 2 2 2 2 2 2 2 2 2 2 2 2 2 2 2 2 2 2 2 2 2 2 2 2 2 2 2 2
left_child=1 3 10 16 8 7 -7 -6 13 -10 -2 22 20 -5 25 -12 27 -17 -14 -18 -4 -22 24 29 -3 -13 -27 28 -1 -24
right_child=2 11 12 4 5 6 -8 -9 9 -11 15 14 18 -15 -16 17 19 -19 -20 -21 21 -23 23 -25 -26 26 -28 -29 -30 -31
leaf_value=-1.6053377700611842 -1.6455803560496027 -1.5589682662582867 -1.665031644891265 -1.5957278984960566 -1.570804075993087 -1.6130454204871527 -1.5801756183128379 -1.5869999281411418 -1.584051087286559 -1.6093898154943613 -1.6219892402642413 -1.6121418846103448 -1.6539322801651313 -1.5843935380164205 -1.6352931532585167 -1.6337833507932691 -1.6689420292469022 -1.6147099622016599 -1.6698630324958461 -1.6138814410796611 -1.6390321596320367 -1.6594850928012508 -1.5792610631728408 -1.6212784106604827 -1.6364468233337677 -1.6018277331906219 -1.6186344625234821 -1.6013359813516661 -1.6340219315092985 -1.6095578502359433
leaf_weight=417.96125422418118 1460.2301514744759 24.936749279499054 373.94672843813896 5463.6562896817923 3774.8033529669046 1111.4761437624693 880.10375770926476 3695.7665836662054 991.98799468576908 2669.1816591620445 5108.7577108889818 1904.4556621611118 1596.5284340530634 5994.4045401215553 276.7218532115221 4708.528928488493 112.37110202014446 600.90002284944057 1329.4023621380329 131.16875118017197 2689.6596082001925 476.26313163340092 172.33100953698158 1626.4024769514799 579.69134582579136 8412.2515117228031 551.25941227376461 1455.6066215336323 299.58071279525757 579.49546444416046
leaf_count=2196 5611 124 1255 31627 23800 6436 5128 20190 6318 15439 22203 9333 5441 35992 1179 18735 659 2553 3985 777 10045 1558 815 7641 2581 41104 2564 7985 1570 2687
internal_value=-1.60931 -1.59685 -1.63726 -1.59093 -1.58906 -1.58296 -1.59852 -1.57882 -1.59288 -1.60252 -1.6292 -1.60816 -1.65206 -1.5898 -1.60525 -1.6269 -1.6099 -1.63162 -1.66117 -1.63929 -1.64453 -1.64211 -1.619 -1.61538 -1.63325 -1.60449 -1.60286 -1.60661 -1.61731 -1.60261
internal_weight=59469.8 41125.6 18344.2 26998.1 24581.4 9462.15 1991.58 7470.57 15119.2 3661.17 11878.4 14127.5 6465.8 11458.1 11144.7 10418.2 2416.69 5309.43 2925.93 243.54 3539.87 3165.92 2982.86 2378.23 604.628 10868 8963.51 2173.15 717.542 751.826
internal_count=297531 226145 71386 158117 144930 55554 11564 43990 89376 21757 49102 68028 22284 67619 54180 43491 13187 21288 9426 1436 12858 11603 13848 11143 2705 53001 43668 11751 3766 3502
is_linear=0
shrinkage=1


Tree=2
num_leaves=31
num_cat=0
split_feature=11 11 11 11 11 11 10 12 10 10 12 10 11 10 0 11 9 0 13 10 13 16 16 2 16 12 0 13 13 13
split_gain=9471.51 1832.93 1320.38 311.749 258.961 218.257 175.874 97.5922 97.0069 67.1861 57.0243 55.0585 52.766 52.04 51.3991 46.1553 41.1851 39.5504 34.2479 30.1467 29.1418 30.4731 27.5191 25.542 25.4375 24.8471 24.5119 23.7622 22.9821 22.5505
threshold=0.01656789677046502 0.023505750731522747 0.011884332107598306 0.031253021251281189 0.0093398260533518133 0.014355760093643503 0.3437769680295884 0.020076797725911921 0.27868665359932848 0.20778883084655961 0.21683772929974721 0.63532543258819485 0.020455828498476863 0.45096928768189742 -0.0046189311799595947 0.020117460629596833 0.1235556365881622 -0.0072595284968315346 -0.39047109645206496 0.24089209213286075 -0.34257878079664467 1.0000000180025095e-35 1.0000000180025095e-35 0.021511441294166381 1.0000000180025095e-35 0.1396212959574252 -0.03509131028849332 -0.46111129572755877 0.023914464272930539 0.32545899778110643
decision_type=2 2 2 2 2 2 2 2 2 2 2 2 2 2 2 2 2 2 2 2 2 2 2 2 2 2 2 2 2 2
left_child=2 6 4 13 7 9 12 16 26 28 17 -5 19 -3 27 25 23 -9 -16 -2 -11 -22 -20 -1 -21 -8 -7 -6 -4 -28
right_child=1 3 5 11 14 8 15 10 -10 20 -12 -13 -14 -15 18 -17 -18 -19 22 24 21 -23 -24 -25 -26 -27 29 -29 -30 -31
leaf_value=-1.3434501232859997 -1.5866774974494497 -1.6393043144622612 -1.5501529079600798 -1.6618871866605656 -1.5869383906295262 -1.6300746913434587 -1.620613523142943 -1.5255713752430844 -1.5951678986300688 -1.5842236853220173 -1.2986544437035743 -1.6772341381357139 -1.617334046998961 -1.6524810542567288 -1.5515287229977339 -1.6305657893827232 -1.4491716554862184 -1.4756160570376617 -1.5061017750339587 -1.600451441711956 -1.5553535096440647 -1.577120724588762 -1.5322042631533521 -1.4791103684861038 -1.6162830615708339 -1.6013093075434384 -1.5718715813079458 -1.533900114933497 -1.5299278915387653 -1.5410288541746457
leaf_weight=88.90786024928093 1250.4476424753666 5761.426128461957 1354.738071590662 4202.4650325328112 90.232086971402168 68.855513140559196 2621.6480535417795 201.62624609470367 2802.4652549028397 551.97179047763348 16.477412387728691 5268.0392686128616 2621.3424219191074 6247.177747413516 224.93862842023373 5151.4408934116364 127.17003613710403 740.69405336678028 2193.0361703783274 4961.593852236867 3208.3693624138832 804.39610113203526 495.07547128200531 16.445966586470604 1275.8858382105827 894.17678746581078 3692.466418325901 1323.0503867566586 959.95244361460209 253.31838656961918
leaf_count=662 7012 25882 8446 16291 526 352 13028 1330 15283 3118 124 17648 13103 25727 1364 24261 909 5054 14509 26425 19493 4680 3195 110 6446 4779 21596 8484 6110 1584
internal_value=-1.60934 -1.63691 -1.55157 -1.65686 -1.51027 -1.56821 -1.61408 -1.46899 -1.58089 -1.55564 -1.48308 -1.67042 -1.60512 -1.64616 -1.52164 -1.62454 -1.41087 -1.4863 -1.51405 -1.60085 -1.56268 -1.55972 -1.51091 -1.36463 -1.60369 -1.6157 -1.57092 -1.53729 -1.54177 -1.56989
internal_weight=59469.8 40255.6 19214.2 21479.1 5517.65 13696.5 18776.5 1191.32 6817.11 6879.43 958.798 9470.5 10109.3 12008.6 4326.33 8667.27 232.524 942.32 2913.05 7487.93 4564.74 4012.77 2688.11 105.354 6237.48 3515.82 4014.64 1413.28 2314.69 3945.78
internal_count=297531 180602 116929 85548 36267 80662 95054 8189 38815 41847 6508 33939 52986 51609 28078 42068 1681 6384 19068 39883 27291 24173 17704 772 32871 17807 23532 9010 14556 23180
is_linear=0
shrinkage=1


Tree=3
num_leaves=31
num_cat=0
split_feature=11 11 10 10 5 9 10 11 8 19 5 8 11 6 10 2 3 20 18 11 3 10 10 9 14 11 14 3 9 9
split_gain=2507.77 385.265 241.016 101.325 62.5149 68.935 53.461 49.669 43.4275 39.6267 28.87 28.8528 26.918 25.8672 25.4928 22.0833 41.418 21.3195 20.9341 20.6266 20.0409 17.9427 17.6518 17.2089 15.308 14.7286 14.2404 14.038 13.3101 12.9645
threshold=0.022696044936609951 0.03098084147686651 0.28114724304192451 0.63532543258819485 -0.010624461511393122 0.13540600198487279 0.48258629790689128 0.017419505642633656 -0.54964225635204211 1.0000000180025095e-35 0.020549018808997514 -0.27970493290496495 0.040886424068772374 0.0014240292607321516 0.31313518457368333 -0.079659583210223137 -0.068935849292061743 1.0000000180025095e-35 1.0000000180025095e-35 0.025192514770131978 -0.020804043995389595 0.15479104667754939 0.38219576340507549 0.44514664244706881 0.15126052129205808 0.01495544840998895 0.63138446794086933 0.17433112617359939 0.39879414079651393 0.68971050237902631
decision_type=2 2 2 2 2 2 2 2 2 2 2 2 2 2 2 2 2 2 2 2 2 2 2 2 2 2 2 2 2 2
left_child=2 6 4 22 8 21 17 13 -1 11 -11 -7 -5 25 28 -10 -17 -2 -15 29 -16 24 23 -3 -6 -4 -14 -19 -9 -8
right_child=1 3 7 12 5 9 19 14 15 10 -12 -13 26 18 20 16 -18 27 -20 -21 -22 -23 -24 -25 -26 -27 -28 -29 -30 -31
leaf_value=-1.5880569568909191 -1.6215605102629569 -1.6256412908749935 -1.5754608714305662 -1.6520652605230881 -1.567305198095458 -1.5936338537517654 -1.6239208935885354 -1.5974589647227588 -1.6060866150820754 -1.590575773366474 -1.61459102432434 -1.5807630531143948 -1.6592992892642933 -1.6039290862063564 -1.6015769304630756 -1.5293655545930358 -1.570897457081085 -1.6060469347630872 -1.5837971322422817 -1.6357229928289425 -1.6112952684085986 -1.5993476822460608 -1.6405760116278718 -1.5589169330622297 -1.6261501595773369 -1.5917686133462476 -1.6737319663174872 -1.6426389275353708 -1.55885531970105 -1.5878713426598259
leaf_weight=1937.4148589670658 6919.08272318542 240.07928395271301 847.48718601465225 2590.0430106818676 47.717008516192436 2241.9483896940947 1041.6917561739683 2188.5522376298904 156.31375285983086 1591.2392866313457 730.32818533480167 7806.0604981929064 1411.9541960805655 2521.3800845891237 3365.7716128230095 260.68191814422607 3043.9659983813763 1462.2993515729904 649.58517058193684 3844.5725223869085 5741.9272785335779 784.94916954636574 4157.5690187364817 46.070360198616982 601.12043882906437 1598.3034846186638 1325.3432845920324 112.93865524232388 93.115140587091446 110.32546380162239
leaf_count=11286 30921 1044 4974 9190 330 13246 4497 11183 885 10054 4480 46877 4750 13983 16703 1628 18127 6815 3640 15496 28149 4908 15959 242 4096 8554 3933 489 536 556
internal_value=-1.60933 -1.63495 -1.59287 -1.65007 -1.58519 -1.58876 -1.624 -1.60154 -1.57607 -1.58636 -1.59813 -1.58363 -1.65937 -1.59384 -1.60534 -1.56936 -1.56762 -1.61917 -1.5998 -1.63221 -1.6077 -1.60952 -1.63892 -1.6149 -1.62182 -1.58612 -1.66629 -1.60867 -1.59588 -1.62047
internal_weight=59469.8 23262 36207.9 9771.06 19201.7 13803.4 13490.9 17006.1 5398.38 12369.6 2321.57 10048 5327.34 5616.76 11389.4 3460.96 3304.65 8494.32 3170.97 4996.59 9107.7 1433.79 4443.72 286.15 648.837 2445.79 2737.3 1575.24 2281.67 1152.02
internal_count=297531 93892 203639 35118 115917 83991 58774 87722 31926 74657 14534 60123 17873 31151 56571 20640 19755 38225 17623 20549 44852 9334 17245 1286 4426 13528 8683 7304 11719 5053
is_linear=0
shrinkage=1


Tree=4
num_leaves=31
num_cat=0
split_feature=11 11 10 11 10 11 0 10 0 13 4 16 16 13 20 3 8 0 0 19 16 16 0 3 2 3 20 1 16 3
split_gain=8056.74 1539.08 1098.05 281.505 266.754 180.109 164.888 138.901 113.723 112.53 96.5681 93.1111 88.7279 85.2573 97.0391 75.0077 67.2011 64.3933 64.3738 62.1551 60.0828 59.3238 61.297 58.3719 68.565 57.1188 55.4849 55.2702 54.9794 52.0254
threshold=0.021175293406294277 0.01508424810658728 0.45664573186682661 0.03098084147686651 0.29322290213085206 0.011725685668741534 -0.049328071058011728 0.35579357498977077 -0.016018897201792944 -0.50260694315957644 0.0091264357925324741 1.0000000180025095e-35 1.0000000180025095e-35 -0.39047109645206496 1.0000000180025095e-35 -0.27601710670721624 -0.76965810483999009 -0.040848103621259242 -0.015708858404228417 1.0000000180025095e-35 1.0000000180025095e-35 1.0000000180025095e-35 0.046398833649391062 -0.099026373513216623 -0.12079809769612314 -0.073628591117099504 1.0000000180025095e-35 -0.12782589635188366 1.0000000180025095e-35 -0.06594921133931074
decision_type=2 2 2 2 2 2 2 2 2 2 2 2 2 2 2 2 2 2 2 2 2 2 2 2 2 2 2 2 2 2
left_child=1 5 7 17 28 13 10 -2 -6 -7 27 -10 18 14 -1 26 -12 -4 -9 -11 -17 -19 -23 24 -14 -13 -8 -5 -3 -30
right_child=2 4 3 6 8 9 15 12 11 19 16 25 23 -15 -16 20 -18 21 -20 -21 -22 22 -24 -25 -26 -27 -28 -29 29 -31
leaf_value=-1.6672235600219105 -1.6085477659380409 -1.6421565089830146 -1.5356341601619365 -1.4784477403920235 -1.5921704703126738 -1.5968469644943992 -1.5256620852988356 -1.573546257113247 -1.6239099085172533 -1.6572649920267022 -1.5129437959458976 -1.559674061484972 -1.5944501100382966 -1.6867221743678336 -1.5612619781454629 -1.5528072387330385 -1.3579407598574742 -1.5753856030507645 -1.5971414710152849 -1.6783902519465721 -1.5301312956156325 -1.557417967557007 -1.4737401445030294 -1.5729542471234703 -1.4887791521886768 -1.6065010582761872 -1.4448768448427258 -1.5303693848721407 -1.5821468666294913 -1.6297916668892058
leaf_weight=373.39538949728012 3901.4277844727039 6131.4243820905685 579.13422054052353 296.35408575832844 2041.205333724618 279.99833320081234 398.22252750396729 1589.1199802905321 6597.8683544099331 7475.3879328519106 45.839649274945259 320.26056636869907 90.08177638053894 4649.1894976645708 112.4565896242857 5783.6776022315025 71.750847235321999 5002.4328104555607 4245.0787401497364 1711.6472038626671 1464.3101918548346 1176.1177199929953 94.582450494170189 1189.5575483739376 192.87301540374756 1395.6633747667074 108.0957498550415 665.22300633788109 283.04338091611862 1204.4123929142952
leaf_count=2405 18795 34036 2212 884 10149 1518 1370 6909 34528 44862 138 1546 396 30871 604 20893 203 21349 19472 10791 5131 4823 338 5120 776 6835 377 2176 1440 6584
internal_value=-1.60992 -1.64336 -1.56941 -1.55233 -1.62377 -1.66748 -1.54053 -1.59331 -1.61332 -1.6593 -1.50391 -1.61851 -1.58518 -1.68256 -1.6427 -1.54563 -1.41836 -1.56754 -1.59071 -1.6612 -1.54823 -1.57048 -1.55119 -1.56324 -1.52242 -1.59776 -1.50841 -1.51437 -1.63797 -1.62073
internal_weight=59469.8 32576 26893.9 15685.7 17973.9 14602.1 8833.47 11208.1 10355 9467.03 1079.17 8313.79 7306.71 5135.04 485.852 7754.31 117.59 6852.27 5834.2 9187.04 7247.99 6273.13 1270.7 1472.51 282.955 1715.92 506.318 961.577 7618.88 1487.46
internal_count=297531 186169 111362 59894 95118 91051 31172 51468 53058 57171 3401 42909 32673 33880 3009 27771 341 28722 26381 55653 26024 26510 5161 6292 1172 8381 1747 3060 42060 8024
is_linear=0
shrinkage=1


Tree=5
num_leaves=31
num_cat=0
split_feature=11 11 11 11 10 11 12 14 7 4 11 20 4 14 10 12 20 3 0 14 10 12 9 14 11 14 19 20 11 10
split_gain=7296.28 1295.89 996.516 245.129 169.71 158.505 98.4585 80.6702 73.741 66.0966 63.9473 59.7744 57.7074 54.1223 53.2171 54.025 50.4087 42.9716 38.2459 49.835 37.0653 64.2009 41.4711 36.2041 35.6571 34.1579 33.7851 33.5649 32.6861 31.441
threshold=0.020205363911821171 0.032162200127802389 0.015344554712661381 0.023150662686846141 0.82316390495842473 0.011725685668741534 0.23574600295936013 0.5171371045140265 0.22330820680814548 -0.00042739968964911052 0.016913039507278897 1.0000000180025095e-35 -0.045678315877193836 0.66297050371181998 0.48978713622143316 0.18489958665002257 1.0000000180025095e-35 0.21872462072265345 0.024399699040855486 0.12294257349595963 0.63532543258819485 0.12237369864039277 0.77014220658851174 0.52484890308147525 0.038556907547868433 0.14732595006883345 1.0000000180025095e-35 1.0000000180025095e-35 0.027836602334019179 1.0643848539704777
decision_type=2 2 2 2 2 2 2 2 2 2 2 2 2 2 2 2 2 2 2 2 2 2 2 2 2 2 2 2 2 2
left_child=2 3 5 9 8 -1 12 11 20 -2 -4 28 -6 -8 17 -16 18 -9 19 -12 22 -22 -3 -10 -15 -20 -7 -11 -5 -14
right_child=1 4 10 7 6 26 13 14 23 27 16 -13 29 24 15 -17 -18 -19 25 -21 21 -23 -24 -25 -26 -27 -28 -29 -30 -31
leaf_value=-0.068749703008055052 -0.0047580581349287903 0.049176454345863853 -0.026412354289100798 0.020587372802261833 0.02404493787208524 -0.043900696410883705 0.055258042720209455 0.026027155054391817 0.056343377210413916 0.018768304568185436 -0.032833872838965932 0.0041180783435236148 0.11263851177840667 0.047739097820259327 0.056671252018399024 0.027037955734687154 -0.027162824390693209 0.079626918672630845 0.055965087542309111 -0.0078692600783668628 0.089524383213243269 0.052295175654189043 0.0037209906174813082 0.093286847775623738 0.10976971091069124 0.002304570530226111 -0.058932594239145687 -0.0042345523495722799 0.035291375157792064 0.17052282623576204
leaf_weight=4845.6865973845124 3183.1229206994176 3005.1115748286247 4749.3720282837749 3955.7466055899858 68.464041233062744 8080.155798047781 818.17333261668682 3126.2285019531846 403.58915701508522 3350.8769524097443 923.13826185464859 1514.9704857766628 836.72181986272335 118.9203722178936 1941.6518595069647 900.58219289034605 1829.1835217699409 157.08976981788874 141.52999759465456 5976.2756202891469 644.91969300806522 1643.9518801420927 215.07677718251944 773.97895483672619 419.79585713148117 733.03703939914703 1834.6926952973008 782.46441352367401 2446.967442035675 105.69010549783707
leaf_count=33803 15654 11176 26957 17230 182 50069 2738 13623 1389 15822 5028 6539 2335 400 7301 3667 9893 594 664 31226 1934 5536 849 2381 1152 3761 11942 3841 9774 260
internal_value=0.000100737 0.0343538 -0.0356831 0.0209145 0.0660579 -0.0539267 0.0890648 0.0286469 0.057911 0.0060728 -0.0169208 0.0219804 0.11269 0.0714639 0.0372638 0.0472817 -0.0122267 0.0285916 -0.00871227 -0.0112095 0.0530558 0.062785 0.0461405 0.0806252 0.0960766 0.0109884 -0.0466823 0.0144137 0.0262069 0.11913
internal_weight=59527.2 30414.1 29113.1 21359.7 9054.39 14760.5 2367.77 14043.2 6686.63 7316.46 14352.5 7917.68 1010.88 1356.89 6125.55 2842.23 9603.16 3283.32 7773.98 6899.41 5509.06 2288.87 3220.19 1177.57 538.716 874.567 9914.85 4133.34 6402.71 942.412
internal_count=297720 124377 173343 94045 30332 95814 7067 58728 23265 35317 77529 33543 2777 4290 25185 10968 50572 14217 40679 36254 19495 7470 12025 3770 1552 4425 62011 19663 27004 2595
is_linear=0
shrinkage=0.1


Tree=6
num_leaves=31
num_cat=0
split_feature=11 10 19 1 0 0 11 11 11 20 0 15 0 10 10 1 1 12 4 15 0 15 11 10 0 0 15 0 14 4
split_gain=1727.88 244.247 229.935 167.441 103.825 87.1736 85.401 59.2989 45.0797 43.9246 43.8708 68.848 34.2658 33.9297 30.4395 29.1088 24.8112 23.7242 22.4974 22.1718 25.7159 26.7777 17.3276 16.5757 16.4416 14.7212 13.6017 26.3532 13.3452 13.2237
threshold=0.024128711570558393 0.55379435312000902 1.0000000180025095e-35 -0.016365017650971755 -0.016991810356929978 0.029410349200392764 0.040886424068772374 0.019392141370698123 0.019231776806744465 1.0000000180025095e-35 0.010810951977585416 0.74437360931202423 -0.044633843522165144 0.45664573186682661 0.20516238301729203 0.0082633052920035883 0.014353615255086273 0.18145218769281876 -0.020750240697376295 0.36891577962398053 -0.028403957723018399 0.1690708006427829 0.031855388646642287 0.30718427355778671 0.038190135918058539 -0.020046659205335878 0.68189454015336504 0.0022452053697903378 0.63138446794086933 0.0095107383992150147
decision_type=2 2 2 2 2 2 2 2 2 2 2 2 2 2 2 2 2 2 2 2 2 2 2 2 2 2 2 2 2 2
left_child=2 13 4 14 19 8 12 10 9 -6 15 -12 -3 23 29 -5 -7 22 -10 20 21 -1 -14 -2 -18 -25 27 -16 -8 -4
right_child=1 6 3 7 5 16 28 -9 18 -11 11 -13 17 -15 26 -17 24 -19 -20 -21 -22 -23 -24 25 -26 -27 -28 -29 -30 -31
leaf_value=-0.0088182600622218697 0.008833812624771108 -0.050678347696376053 0.040930867929223513 0.025878253926569273 0.012015601429526748 -0.029778722537918356 -0.044013663033138001 0.020398571309077365 0.051294638519720638 0.023345573856653284 0.090096823391116437 0.040842096522144447 -0.023748810724507043 -0.020178503302640972 -0.00056479674583650638 0.047345110076658647 0.0084592947781461352 -0.019628068949878744 0.0045087427073258173 -0.035441688610406329 0.0022639623563279489 -0.047351222778101387 -0.038949562792722957 -0.020220489683501854 -0.013724772986134965 -0.0076476769548066998 -0.017415649076677153 0.034687442109898679 -0.057625762391905935 -0.045480659734729839
leaf_weight=1530.5189919769764 487.87660355865955 684.67325825989246 276.730105265975 1204.4157768562436 14500.121444240212 485.81771141290665 1549.0633082091808 1396.8662622869015 104.37019649893045 4478.6453944593668 471.53195260465145 712.75817871838808 1262.8708673119545 4734.8552903309464 1416.4714460223913 1328.3120160251856 624.58026226609945 2457.4020462110639 6739.2146193832159 234.24721030145884 2683.0181239545345 204.43624291568995 1846.2191042229533 1193.262537971139 718.31623104214668 4241.7073489949107 333.35747589170933 249.39786300808191 1346.1154089197516 18.920428849756718
leaf_count=7308 2423 2396 1783 7305 83445 2248 5406 7091 548 26543 2870 4123 5064 19442 7594 8136 3282 9996 32841 1350 13933 1074 6683 5116 3414 18870 1780 1335 4200 121
internal_value=-2.77383e-05 -0.0241559 0.0120048 0.0278936 0.00836064 0.0106861 -0.0361439 0.0379644 0.0121803 0.0146893 0.0445657 0.0604532 -0.0295678 -0.0138679 0.00545197 0.0371367 -0.0104129 -0.0269712 0.00522227 -0.00546077 -0.00387113 -0.0133587 -0.0327752 -0.00882308 -0.00340698 -0.0104081 0.00102305 0.00471283 -0.0503426 0.0354009
internal_weight=59516.1 19804 39712 7408.76 32303.3 27651.1 9146.34 5113.88 25822.4 18978.8 3717.02 1184.29 6251.17 10657.7 2294.88 2532.73 1828.71 5566.49 6843.58 4652.22 4417.97 1734.96 3109.09 5922.85 1342.9 5434.97 1999.23 1665.87 2895.18 295.651
internal_count=297720 79596 218124 42138 175986 152321 33745 29525 143377 109988 22434 6993 24139 45851 12613 15441 8944 21743 33389 23665 22315 8382 11747 26409 6696 23986 10709 8929 9606 1904
is_linear=0
shrinkage=0.1


Tree=7
num_leaves=31
num_cat=0
split_feature=11 11 11 11 11 11 10 10 10 11 10 10 11 10 10 16 13 12 10 12 0 1 13 0 11 12 11 13 0 4
split_gain=7629.73 1451.1 988.07 232.532 226.452 182.76 136.905 62.3439 62.3196 61.2346 48.2721 46.9829 44.6605 41.5955 39.9262 37.0259 36.5742 33.7782 32.4219 29.7411 28.251 24.1458 24.1069 22.9257 22.5571 22.3089 21.7561 21.6219 21.2687 20.6563
threshold=0.016913039507278897 0.024639977946543372 0.012476804603291055 0.0093398260533518133 0.033168360041676039 0.020894626766601674 0.27492770357318891 0.1572156347225952 0.31603681556333069 0.010550030072219942 0.37798465335617565 0.42936279289331108 0.0152759851278279 0.20252144437918662 0.32047357293549161 1.0000000180025095e-35 -0.41576571473448004 0.019268190608784947 0.61101740360146017 0.020076797725911921 -0.0049800528468986185 -0.0080916538602218129 -0.40712804628560922 -0.023377743626764143 0.028033746015665811 0.18145218769281876 0.013297044675045855 -0.20013377217947612 -0.0032463029808404982 0.010815978726114618
decision_type=2 2 2 2 2 2 2 2 2 2 2 2 2 2 2 2 2 2 2 2 2 2 2 2 2 2 2 2 2 2
left_child=2 5 3 7 11 8 13 17 23 19 -7 -3 26 27 22 28 -11 21 -6 -5 -18 -1 -9 -2 -13 -21 -8 -4 -15 -25
right_child=1 4 6 9 18 10 12 14 -10 16 -12 24 -14 15 -16 -17 20 -19 -20 25 -22 -23 -24 29 -26 -27 -28 -29 -30 -31
leaf_value=0.10931978536173842 -0.012362723641008051 -0.028267547470114958 0.029644173821225469 0.12189296036665523 -0.05094338161548078 -0.010983460126820345 0.051034954249375999 0.04193569179947864 -0.0067014443022851066 0.027146953596744173 -0.026191472139461405 -0.035777418921981545 0.0098593861561756153 0.031739039230487091 0.22264246487105888 0.020770226904369336 0.053397991176181214 0.12212981991833272 -0.065117778436050641 0.079027012571225172 0.07107151726083738 0.19001871516219526 0.09626148029248642 0.012077892272025326 -0.046832940302363076 0.16841758319556965 0.024662819564448133 0.056044899426761642 0.044626005297333043 -0.010332972752175686
leaf_weight=48.914285317063332 502.67119362205267 3528.1180854141712 373.63666690140963 198.45223049819469 2404.0380528122187 3900.7512164637446 378.23207101225853 98.636465445160866 6091.1709163635969 264.3091592118144 4489.0539163053036 3160.837867513299 2615.2437603399158 2145.3243624344468 22.526875272393227 1328.4967582076788 1320.7221155911684 505.99403432011604 4908.752408631146 1480.2235107123852 2869.6439143419266 153.21375715732574 475.22439415752888 4532.2056794837117 4435.0936147719622 28.45533312857151 1808.7239213585854 1827.5634487196803 3177.5657122731209 452.32452596724033
leaf_count=306 2559 16126 2159 1289 9632 19377 2217 551 30745 1497 20801 13832 13942 12116 151 7415 7910 3212 17209 9089 17358 990 2938 24295 18100 191 10070 10904 18466 2273
internal_value=-9.78393e-06 -0.0265598 0.0482668 0.0775167 -0.0467891 -0.00788189 0.0322732 0.115871 0.000261834 0.0693967 -0.0191207 -0.0378034 0.0186781 0.039648 0.0920502 0.0357047 0.0632255 0.135934 -0.060458 0.0855001 0.0655012 0.17049 0.0869238 0.00799155 -0.0422325 0.080713 0.0292239 0.0515636 0.0394321 0.0100442
internal_weight=59526.1 38405 21121.1 7466.32 18436.8 19968.2 13654.8 1304.51 11578.4 6161.81 8389.81 11124 4802.2 8852.59 596.388 6651.39 4454.68 708.122 7312.79 1707.13 4190.37 202.128 573.861 5487.2 7595.93 1508.68 2186.96 2201.2 5322.89 4984.53
internal_count=297720 174949 122771 45482 74899 100050 77289 8148 59872 37334 40178 48058 26229 51060 3640 37997 26765 4508 26841 10569 25268 1296 3489 29127 31932 9280 12287 13063 30582 26568
is_linear=0
shrinkage=0.1


Tree=8
num_leaves=31
num_cat=0
split_feature=11 11 10 4 10 10 11 11 11 4 2 8 10 5 9 11 14 14 3 4 13 3 13 9 4 9 5 16 10 9
split_gain=2061.09 307.735 225.77 75.9872 66.8802 57.513 50.3884 40.2502 32.9656 32.9303 28.9097 39.0429 27.4102 27.1817 24.1592 23.8854 23.8225 23.455 20.5298 39.1901 20.4629 20.0774 19.7417 18.3532 17.8482 17.211 15.7166 15.4676 15.2869 15.0683
threshold=0.023150662686846141 0.03475737378010578 0.28114724304192451 -0.0024366648306322065 0.48258629790689128 0.63532543258819485 0.018137898619162301 0.0099548219185728679 0.01389324893442691 -0.00042739968964911052 0.062740859540378238 -0.0076499557571402628 0.33895913285959539 -0.0069696518793489473 0.18977680126264609 0.028231075647129105 0.73026543240523023 0.26738330192017451 0.025797869418061174 0.018003236940270288 -0.11401678896434743 0.19692473449381367 -0.48754358425264527 0.11308079630317346 0.0040418676766147419 0.37575333078685907 0.0029426766807238995 1.0000000180025095e-35 0.30288793187909752 0.39879414079651393
decision_type=2 2 2 2 2 2 2 2 2 2 2 2 2 2 2 2 2 2 2 2 2 2 2 2 2 2 2 2 2 2
left_child=2 4 3 8 21 -3 9 13 14 17 11 -9 29 22 -1 -6 -7 -4 19 -11 25 28 -5 -15 -12 -14 -16 -20 -2 -8
right_child=1 5 6 7 15 16 12 10 -10 18 24 -13 20 23 26 -17 -18 -19 27 -21 -22 -23 -24 -25 -26 -27 -28 -29 -30 -31
leaf_value=0.030763692078349638 0.0056765551521946872 -0.029302625562687229 0.035807768577821537 0.10973746811127594 -0.016821737696108559 -0.044165971954856914 0.0066679754572652452 0.015702941364902735 0.024152806558078277 0.010660769956183154 0.015155608605675023 0.02751079551673935 -0.0015689797130521974 -0.030876232488364061 0.058929153148738006 -0.028659740936813706 -0.059834665885624194 0.015550420435833915 0.0036819241352721715 0.076321606499000438 -0.0063751343696344769 -0.029928464714943644 0.019295057806852797 0.00079452833204530452 -0.0093508732532574367 0.013479352280370636 0.035879394808598995 -0.019105822651620183 -0.010860062506111372 0.027068667301227051
leaf_weight=1470.6696788072586 605.19436144828796 2026.8984583318233 754.8592976257205 26.100093431770802 2814.1768131405115 2697.0597417578101 3356.4696439802647 6129.1039809659123 2963.8469562083483 1956.3568217977881 710.20197484642267 5155.8957938402891 1936.3011326342821 233.90075962990522 741.94851373136044 4322.1129857972264 1515.6129104122519 2353.9710002467036 1569.7235658168793 95.329191863536835 4046.7468809634447 517.45825086534023 320.49566815048456 840.43183929473162 511.03369329869747 1251.1098738089204 491.96917364001274 367.62331283837557 7326.8376719728112 405.83239480108023
leaf_count=9262 2998 7808 4107 154 12002 9538 16888 35757 16460 10601 4117 30588 9316 1626 4517 17066 4857 12711 8688 504 19425 2180 2135 5656 2925 6173 3039 1833 32611 2178
internal_value=7.82411e-05 -0.0243767 0.0142395 0.0216768 -0.0168635 -0.0431437 0.00618518 0.017704 0.0314377 0.0127535 0.0195161 0.0210977 0.00194551 0.00175513 0.0394209 -0.0239915 -0.0498032 0.0204691 0.00674043 0.0137116 -0.00165498 -0.0108434 0.0261057 -0.00610074 0.00490072 0.00433773 0.0497391 -0.000642189 -0.00959836 0.00886856
internal_weight=59515.3 21825.4 37689.9 19595.6 15585.8 6239.57 18094.3 13927.2 5668.43 7097.86 12506.2 11285 10996.5 1420.93 2704.59 7136.29 4212.67 3108.83 3989.03 2051.69 7234.16 8449.49 346.596 1074.33 1221.24 3187.41 1233.92 1937.35 7932.03 3762.3
internal_count=297720 89060 208660 116236 66857 22203 92424 82958 33278 38444 73387 66345 53980 9571 16818 29068 14395 16818 21626 11105 34914 37789 2289 7282 7042 15489 7556 10521 35609 19066
is_linear=0
shrinkage=0.1


Tree=9
num_leaves=31
num_cat=0
split_feature=11 11 11 0 11 0 16 16 0 3 4 13 11 3 0 13 11 13 5 20 3 11 4 11 4 9 11 8 16 6
split_gain=6752.21 1382.14 779.782 213.926 163.244 158.089 147.172 124.354 127.776 112.327 100.718 100.638 88.8661 74.4154 72.6337 61.046 61.2047 58.9886 63.0171 58.4107 58.1878 53.9037 52.1032 47.8817 43.0203 42.7208 42.4804 40.7903 40.2181 40.0184
threshold=0.021273238046987119 0.01501981157230258 0.028231075647129105 -0.036321153835240365 0.013026886122852693 -0.018091941824836418 1.0000000180025095e-35 1.0000000180025095e-35 -0.020937660637486918 -0.34446840077022362 0.023400271604090864 -0.47403834300235098 0.044266078902156177 -0.073628591117099504 0.044320313784533834 -0.63147078040166804 0.017200604756995568 -0.59470843254943417 -0.0032437193560742035 1.0000000180025095e-35 -0.045027173687101289 0.010655722792168058 0.0068318040981232295 0.024260540592283355 -0.013415938512349122 0.96108161927054836 0.017061847928900486 -0.51867945656133274 1.0000000180025095e-35 0.17196503528190302
decision_type=2 2 2 2 2 2 2 2 2 2 2 2 2 2 2 2 2 2 2 2 2 2 2 2 2 2 2 2 2 2
left_child=1 4 7 22 11 26 15 8 -2 -5 20 19 14 -8 -11 -7 -17 18 -6 -1 27 -13 -4 -10 -19 -14 -3 -9 -24 -25
right_child=2 5 3 9 17 6 13 10 23 12 -12 21 25 -15 -16 16 -18 24 -20 -21 -22 -23 28 29 -26 -27 -28 -29 -30 -31
leaf_value=-0.035665289047555268 0.03612611584142679 -0.011035015111387138 0.074630311292903984 0.11730545650924716 0.13232323395480511 0.065236967246066327 0.03487259319067175 0.045295278595474359 0.0018642221082138637 0.038930149797599983 0.12263957444861887 -0.078734270129159414 0.080949869407861808 -0.0052088749461261718 0.064852740748541055 -0.031990470989870366 -0.017329223195058762 0.0069565857107320855 -0.044756882921795624 0.056768067304745366 0.023722202975146298 -0.061012122721267339 0.097793047659882115 0.015234712822175672 -0.045043905532569248 0.048726146008597399 0.016196705974763696 0.10253149767909638 0.17890665831500729 0.082234004612944375
leaf_weight=334.12793339788914 2194.3944603875279 799.55492719262838 1967.1948429197073 225.50861983001232 39.723956011235714 79.212277993559837 562.85636959969997 694.84050963073969 4449.272208802402 8322.3811803087592 134.61241847276688 2597.2200479730964 965.53100390732288 2616.3840503841639 1242.227572478354 4560.3548432141542 7580.2863530665636 163.86907048523426 40.672985948622227 85.951546028256416 1786.2104358151555 5059.9169128760695 253.73475954681635 4223.8823469057679 5461.7310462221503 716.90059016644955 2020.3204940930009 151.69641373306513 80.526932761073112 91.071659237146378
leaf_count=2130 9303 4381 6310 704 172 397 2730 2970 21167 31621 499 18611 2955 13498 4346 26302 40224 937 236 444 7658 33521 755 18612 33872 2204 9962 642 210 347
internal_value=-0.000141504 -0.0313687 0.0361981 0.0530079 -0.0552618 -0.0132928 -0.017279 0.0193295 0.0145464 0.0474261 0.0382705 -0.0644088 0.046025 0.00188719 0.0422969 -0.0222655 -0.0228364 -0.0423137 0.042738 -0.0167527 0.0339567 -0.0670233 0.0808326 0.00914322 -0.0435292 0.067219 0.00847535 0.0555518 0.117334 0.0166488
internal_weight=59502.2 32002.2 27500 13774 13783.2 18219 15399.1 13726 10958.6 11472.5 2767.36 8077.22 11247 3179.24 9564.61 12219.9 12140.6 5706 80.3969 420.079 2632.75 7657.14 2301.46 8764.23 5625.6 1682.43 2819.88 846.537 334.262 4314.95
internal_count=297720 187417 110303 49105 89923 97494 83151 61198 49429 41830 11769 54706 41126 16228 35967 66923 66526 35217 408 2574 11270 52132 7275 40126 34809 5159 14343 3612 965 18959
is_linear=0
shrinkage=0.1


Tree=10
num_leaves=31
num_cat=0
split_feature=11 11 11 11 11 14 20 13 11 11 14 14 11 13 3 20 0 1 0 20 12 9 5 20 9 16 19 14 18 0
split_gain=5894.06 972.276 867.969 236.978 161.402 84.1122 82.5977 73.4175 71.6539 70.2046 67.5598 55.5895 53.4975 46.631 43.2274 35.93 43.6879 35.4762 35.4396 35.4209 34.1533 33.2603 33.0916 31.2445 30.5965 30.5531 29.982 28.7458 26.9925 58.1072
threshold=0.020117460629596833 0.027279909702980273 0.015344554712661381 0.041854799366944563 0.011725685668741534 0.93787810927434145 1.0000000180025095e-35 0.1004702447276523 0.023872542445391793 0.033168360041676039 0.66297050371181998 0.58825507330979387 0.016705398694568562 -0.095476536734627263 0.035581439315326875 1.0000000180025095e-35 0.01200129928724092 -0.11166942230408237 -0.028403957723018399 1.0000000180025095e-35 0.17469056938227828 0.37575333078685907 -0.055659667023287555 1.0000000180025095e-35 0.63391571853787998 1.0000000180025095e-35 1.0000000180025095e-35 0.074521659958262168 1.0000000180025095e-35 -0.0066744271562948479
decision_type=2 2 2 2 2 2 2 2 2 2 2 2 2 2 2 2 2 2 2 2 2 2 2 2 2 2 2 2 2 2
left_child=2 5 4 6 -1 8 9 17 19 13 -11 -9 -4 -3 18 16 21 -5 -8 26 23 -14 -19 -10 -13 -18 -2 -17 -7 -30
right_child=1 3 12 7 -6 28 14 11 20 10 -12 24 15 -15 -16 27 25 22 -20 -21 -22 -23 -24 -25 -26 -27 -28 -29 29 -31
leaf_value=-0.066062291631651102 0.011187474445340699 0.026107181052170775 -0.02520325273438552 0.023281924188059865 -0.043257116120044688 0.033660966805239272 0.039992214587321773 0.070587317740889166 0.025523488811309999 0.045665957685419568 0.072367248406586343 0.18417245259431692 -0.0099702660260927375 0.044564316131716152 0.039609802576211189 -0.065031168269099493 0.010050009378124915 0.097248098390582793 0.0026930824020510355 -0.0088201515015548741 0.00023939108442497587 -0.031343536416596027 0.056695849808037137 0.0054479090629056095 0.10283397681998768 -0.018195848154729046 -0.0041837314384816637 -0.020224894645866125 -0.00019186182385410111 0.11924910756718726
leaf_weight=4591.145148769021 5412.5710165128112 2135.7156503349543 4023.8843411877751 262.30044555664062 9577.3353288769722 638.10424067080021 342.92811301350594 876.98909959197044 4195.2026810050011 2765.157118447125 1441.6353842616081 50.033401176333427 4982.3409079313278 3812.0066706985235 1023.2536895275116 156.0653987377882 1664.0118614733219 239.17298249900341 990.53082114458084 1617.4696797728539 855.7947341054678 852.69782862067223 1268.3690903037786 950.97675742208958 611.02594889700413 497.43213556706905 1657.5553562566638 1734.8498071953654 62.557510569691658 116.73869970440865
leaf_count=33853 25298 8202 23418 699 62007 2744 1172 2684 17705 9576 4458 136 26516 14307 3724 918 8737 656 3877 8046 3727 4580 3747 4154 1582 2541 8228 9527 268 443
internal_value=4.39818e-05 0.0298659 -0.0332257 0.0473087 -0.0506469 0.0120721 0.0410152 0.0711119 0.0103348 0.0449295 0.0548163 0.087093 -0.0154825 0.0379367 0.0241493 -0.0115264 -0.00859499 0.0572239 0.0122854 0.00452967 0.0187375 -0.0130936 0.0631295 0.0218137 0.10899 0.00354954 0.00758377 -0.0239229 0.0432936 0.0775754
internal_weight=59405.9 31326.1 28079.8 15819.1 14168.5 15507 12511.2 3307.89 14689.6 10154.5 4206.79 1538.05 13911.3 5947.72 2356.71 9887.4 7996.48 1769.84 1333.46 8687.6 6001.97 5835.04 1507.54 5146.18 661.059 2161.44 7070.13 1890.92 817.4 179.296
internal_count=297530 125433 172097 54820 95860 70613 45316 9504 67158 36543 14034 4402 76237 22509 8773 52819 42374 5102 5049 41572 25586 31096 4403 21859 1718 11278 33526 10445 3455 711
is_linear=0
shrinkage=0.1


Tree=11
num_leaves=31
num_cat=0
split_feature=10 10 10 19 9 4 19 5 12 4 7 18 15 9 10 13 5 15 8 14 10 12 7 12 9 4 9 9 4 4
split_gain=1181.55 155.289 142.313 126.602 63.4939 46.6327 40.5504 44.2491 37.9466 36.8734 37.5646 34.6712 33.197 32.956 31.6369 30.2097 28.3807 30.544 23.6157 23.3054 23.2743 29.3378 20.8919 17.8428 16.9031 16.8887 16.6063 21.8518 16.0477 14.4777
threshold=0.43185213582941068 0.28114724304192451 0.5593044763173024 1.0000000180025095e-35 0.38930556996368865 0.0095107383992150147 1.0000000180025095e-35 -0.020313374797662983 0.12237369864039277 0.0022937433234453413 -0.023297944666340883 1.0000000180025095e-35 0.028888145684842974 0.20299725020306544 0.37606232374989423 -0.3545296027182297 0.010788956036976162 0.68189454015336504 0.61903811119035734 0.55678766005628377 0.80098473305364026 0.17172651725652313 0.25327420386179395 0.25035064514349364 0.16610661718578978 0.0022937433234453413 0.61637627387874161 0.23257737198221165 0.017291526681357808 0.025040920242205281
decision_type=2 2 2 2 2 2 2 2 2 2 2 2 2 2 2 2 2 2 2 2 2 2 2 2 2 2 2 2 2 2
left_child=1 3 8 9 -4 16 14 -8 -2 11 28 13 -6 -1 19 -13 17 -5 -18 29 21 -14 26 -22 -12 -9 27 -10 -11 -3
right_child=2 6 4 5 12 -7 7 25 22 10 24 15 20 -15 -16 -17 18 -19 -20 -21 23 -23 -24 -25 -26 -27 -28 -29 -30 -31
leaf_value=0.019127409628481903 -0.0165148042152229 0.0012113202478777957 -0.0060425489003689461 0.034658963189853127 -0.048667058590349137 -0.0052121549225827395 -0.0049844024166848869 0.012617453148153114 0.02423532536161032 0.0076049409195184511 0.036448593465033721 -0.035203367103756274 -0.031926169396089082 0.0061815250465637774 -0.0050485236881391577 0.002294086822556498 0.055276175402219963 0.0042453241246999222 0.022424684873636924 0.0098077978372873038 -0.048573014382270255 -0.016914659149890279 -0.034218525188601127 -0.030508402211896563 0.020495462162879365 0.028035452284244401 0.012470594810714173 -0.0079300420968515511 -0.040369611126897118 -0.037738289631582211
leaf_weight=3640.8058202713728 5635.6982510015368 6641.2778987064958 1084.1731489151716 1791.7956262305379 1018.8859656453133 299.68898637592793 1033.4026648774743 1690.4073364138603 232.57855171710253 1441.3548206910491 829.69185796380043 235.12819563597441 3245.4750377610326 4275.6967842802405 5082.6534234434366 2491.6930862590671 974.25780077278614 404.81190650910139 282.20666255056858 4732.2777343541384 934.02813421189785 2173.9821614846587 203.90761130303144 1318.7709769159555 3329.0634806826711 1225.541645526886 695.63468259572983 2298.5630324482918 73.269631624221802 96.823013126850128
leaf_count=22274 23732 33010 5044 10921 3569 1685 5177 8649 1284 8273 5002 1274 12468 24343 23617 14885 5786 2468 1632 24242 3115 9131 842 5096 19104 6256 3390 10455 372 434
internal_value=0.000202157 0.00981232 -0.0204914 0.0160654 -0.0288612 0.0326266 0.0036913 0.0127961 -0.0114672 0.0122564 0.0187675 0.00878564 -0.0317077 0.0121353 0.001519 -0.000939242 0.0359106 0.029054 0.0478976 0.00442915 -0.0294555 -0.0259044 -0.00317532 -0.0379981 0.0236782 0.0190975 -0.00121363 -0.00497447 0.00528418 0.000651635
internal_weight=59413.5 40571.8 18841.7 20069.5 9775.32 3752.76 20502.4 3949.35 9066.38 16316.7 5673.38 10643.3 8691.14 7916.5 16553 2726.82 3453.07 2196.61 1256.46 11470.4 7672.26 5419.46 3430.68 2252.8 4158.76 2915.95 3226.78 2531.14 1514.62 6738.1
internal_count=297530 219404 78126 118019 38423 22492 101385 20082 39703 95527 32751 62776 33379 46617 81303 16159 20807 13389 7418 57686 29810 21599 15971 8211 24106 14905 15129 11739 8645 33444
is_linear=0
shrinkage=0.1


Tree=12
num_leaves=31
num_cat=0
split_feature=11 11 11 11 11 11 11 12 0 12 13 16 9 1 13 0 20 13 0 16 16 11 0 11 0 0 16 13 13 0
split_gain=5936.72 1057.64 922.645 233.032 138.555 131.094 118.243 62.6971 56.7437 54.0106 38.6731 37.4907 34.1055 32.375 32.1538 31.9379 27.2172 25.8947 23.6663 22.3546 22.3007 22.0942 21.2678 20.7567 18.6392 18.2955 18.2704 16.3086 16.041 15.9762
threshold=0.018440348147021546 0.013432112548066684 0.025934826547365685 0.010094667515642775 0.03475737378010578 0.015751073431551996 0.021949457692091719 0.020076797725911921 -0.0049800528468986185 0.26887310981515705 -0.32011469559718703 1.0000000180025095e-35 0.12021439585457898 0.014792911993183557 -0.30557180932641714 -0.01771693951979136 1.0000000180025095e-35 -0.48754358425264527 -0.0051568798532350959 1.0000000180025095e-35 1.0000000180025095e-35 0.011392241334221951 -0.020937660637486918 0.040886424068772374 -0.031828301360166573 -0.019640077992295165 1.0000000180025095e-35 -0.0700099321352292 0.36688342682551828 0.032732511897740409
decision_type=2 2 2 2 2 2 2 2 2 2 2 2 2 2 2 2 2 2 2 2 2 2 2 2 2 2 2 2 2 2
left_child=1 3 6 7 22 13 24 12 16 10 -9 17 18 14 -3 -7 21 -10 -1 29 -15 -5 -4 -6 -2 -8 27 -26 -16 -17
right_child=2 5 4 8 23 15 25 9 11 -11 -12 -13 -14 20 28 19 -18 -19 -20 -21 -22 -23 -24 -25 26 -27 -28 -29 -30 -31
leaf_value=0.05965778817397499 -0.022173950782586955 0.0026242728755230291 -0.047272735575228875 0.049921171924965195 -0.052311252428256662 -0.0048846723078204961 -0.031151571256186245 0.046713736133000998 0.018796480403394683 0.2280813316488601 0.083844544112064504 0.040650232774870496 0.10130215112026859 0.041891864249074019 0.025372188940932745 0.016778207341647356 0.061186919209081425 0.062577317451511127 0.17746287422752932 0.0015163922061734684 0.018721120269190553 0.028280297797887207 -0.03618996248547026 -0.064216712093071504 -0.0069810132231931613 -0.019216186752639086 -0.01304120609395603 0.0026380574066133507 0.055706797715634797 -0.0059766364798894828
leaf_weight=19.77362696826458 598.70016074180603 639.88582967221737 2264.6693199872971 679.04504050314426 2907.8737434148788 1214.0715943053365 1613.5298393964767 338.5843912512064 139.40983881056309 24.102668166160583 1635.2452359497547 1102.6628961786628 279.28042973577976 2101.0938743203878 4005.5628173053265 5371.4093492105603 478.01222599297762 4365.7214920371771 123.94423528015614 1437.5289140790701 517.72545028477907 1545.5263172537088 7354.950236171484 2950.1273783445358 3202.0888126268983 6294.6602569147944 1768.9129278287292 3920.7850067019463 182.25415790081024 327.35365471243858
leaf_count=102 2935 3351 9412 3903 11676 6196 7352 1855 738 149 9592 6244 1653 11978 22008 29072 2827 25424 733 7456 2810 8579 32550 10632 16305 30395 8747 20171 1049 1636
internal_value=-2.36178e-05 0.035169 -0.0284209 0.0593945 -0.0461825 0.0187118 -0.0126204 0.0866969 0.051441 0.0792921 0.0774752 0.0571774 0.121672 0.0283586 0.0235023 0.0101092 0.039538 0.0612225 0.161254 0.0126601 0.0373111 0.0348861 -0.0387991 -0.0583069 -0.00509509 -0.0216514 -0.00394514 -0.0016862 0.0266924 0.0154711
internal_weight=59404.5 26528.2 32876.3 10731.3 15477.6 15796.9 17398.7 2420.93 8310.38 1997.93 1973.83 5607.79 422.998 7446.52 4827.7 8350.36 2702.58 4505.13 143.718 7136.29 2618.82 2224.57 9619.62 5858 9490.49 7908.19 8891.79 7122.87 4187.82 5698.76
internal_count=297530 147355 150175 61799 64270 85556 85905 14084 47715 11596 11447 32406 2488 41196 26408 44360 15309 26162 835 38164 14788 12482 41962 22308 48158 37747 45223 36476 23057 30708
is_linear=0
shrinkage=0.1


Tree=13
num_leaves=31
num_cat=0
split_feature=10 10 10 9 4 13 10 5 9 8 10 19 17 10 12 4 12 10 10 13 12 3 4 9 12 14 3 14 17 13
split_gain=1476.34 249.352 172.401 71.7565 69.9418 54.9141 41.2531 37.5242 39.0418 32.7424 30.2236 29.7969 27.8 27.3923 26.1396 26.1167 25.971 20.6144 18.7498 18.2632 17.1148 15.0102 14.8146 13.9729 13.7976 13.6059 15.4849 13.2259 12.9693 12.7548
threshold=0.41462364402767521 0.28114724304192451 0.70826650118782175 0.41372894956425432 -0.0019678831730789432 -0.14096816666273312 0.33415852269205093 -0.01096860783990433 0.14730878452792062 -0.26374849399853001 0.49750355156184262 1.0000000180025095e-35 1.0000000180025095e-35 0.47544494321349212 0.31495642993404471 -0.0011638829169271501 0.20163748696037406 0.87678387836278859 0.94592159475879167 -0.0072110076695181069 0.17804314815624714 0.1047062731330355 0.00097956185217951152 0.10919692947200235 0.10657575490030523 0.14732595006883345 0.093625343025370414 0.2193894913102778 1.0000000180025095e-35 -0.12381162290451288
decision_type=2 2 2 2 2 2 2 2 2 2 2 2 2 2 2 2 2 2 2 2 2 2 2 2 2 2 2 2 2 2
left_child=1 4 5 -4 25 13 15 9 23 -6 -7 -10 -11 21 17 27 -15 -5 -16 22 -12 -2 24 -9 -8 26 29 -3 -29 -1
right_child=2 6 3 14 7 10 19 8 11 12 20 -13 -14 16 18 -17 -18 -19 -20 -21 -22 -23 -24 -25 -26 -27 -28 28 -30 -31
leaf_value=0.057032689391313035 0.0058605135050420077 0.026704489833147306 -0.0011126432187496126 -0.042147160904788358 0.016077715303291228 -0.015214952127168066 0.003327323303094236 -0.022638919934009849 0.017436958310758335 0.042403405330595029 -0.029205132399230865 0.0022826457905375896 0.0056354151368605762 -0.01852054932567487 -0.016068597319515716 0.0039306198539543844 0.0010312495235994092 -0.060154988970434455 -0.041172583878406638 -0.0056826959914372289 -0.016147383052972499 -0.015989235759314484 -0.0027804166838653055 0.0019666510998606157 0.018395452443345239 0.025697692127023844 -0.0010170410855015201 0.015635928769538631 -0.0019122905511945541 0.033374207086114341
leaf_weight=346.90049161761999 1475.4163279607892 784.26906417310238 462.06428610533476 2090.9502107873559 2030.7487472742796 4840.8709110692143 2177.9488322064281 283.26245487481356 7231.80412748456 1162.9408692494035 4162.4568139985204 1581.150129057467 249.8127303943038 2739.3267166167498 528.10174886882305 5121.6019739881158 903.45019909739494 913.38281950354576 681.39099859446287 4686.2759940326214 1322.749300070107 399.55305864661932 2585.5959743484855 1245.9076853618026 842.87067038565874 5345.2046701014042 93.630473345518112 1923.2501856088638 539.25198477506638 664.15554137527943
leaf_count=2007 7059 4106 2186 7649 11527 21511 10574 1891 41855 6543 16412 9571 1435 11659 2284 26494 4384 2989 2583 22202 5871 1815 12555 7960 4444 30910 504 10099 2635 3816
internal_value=5.2695e-05 0.0115018 -0.0216498 -0.0385225 0.0191906 -0.0166703 0.00316419 0.0151693 0.0121588 0.0242109 -0.0209739 0.0147181 0.0359018 -0.00861656 -0.0426246 0.00837859 -0.0136715 -0.0476219 -0.0302114 -0.00107533 -0.0260563 0.00120437 0.00277587 -0.00259127 0.00753164 0.0277857 0.0378887 0.015395 0.0117931 0.0414916
internal_weight=59416.3 38896.6 20519.7 4675.89 20235.5 15843.8 18661.1 13785.6 10342.1 3443.5 10326.1 8812.95 1412.75 5517.75 4213.83 8368.37 3642.78 3004.33 1209.49 10292.7 5485.21 1874.97 5606.42 1529.17 3020.82 6449.89 1104.69 3246.77 2462.5 1011.06
internal_count=297530 211128 86402 17691 118019 68711 93109 80782 61277 19505 43794 51426 7978 24917 15505 43334 16043 10638 4867 49775 22283 8874 27573 9851 15018 37237 6327 16840 12734 5823
is_linear=0
shrinkage=0.1


Tree=14
num_leaves=31
num_cat=0
split_feature=11 11 11 11 13 11 16 11 1 13 1 1 13 4 18 20 17 16 3 16 1 4 13 8 1 8 9 4 13 5
split_gain=5342.84 898.156 855.328 164.766 144.472 111.919 111.748 103.158 74.8813 73.8755 79.9607 72.5876 93.2989 97.6374 72.235 129.807 70.7288 67.8354 84.9806 66.9169 61.9297 56.7139 54.1143 52.8253 71.0578 50.6029 47.3357 45.0502 43.2451 41.8915
threshold=0.019475829374113265 0.025785314838574758 0.014151847668048431 0.03673086094195193 -0.40712804628560922 0.0167740961499892 1.0000000180025095e-35 0.010938408949677425 -0.029843274878215805 -0.25140323174616991 -0.0061042591275639593 -0.15564257615625296 0.46074980168366148 -0.031236517272373417 1.0000000180025095e-35 1.0000000180025095e-35 1.0000000180025095e-35 1.0000000180025095e-35 -0.056076583400516126 1.0000000180025095e-35 0.013080538341643468 0.020891224617577645 0.53372288326177342 1.5114386347786779 -0.029843274878215805 2.5695873789677184 0.27794763232801695 0.025040920242205281 0.10953181868495265 -0.010259531481201177
decision_type=2 2 2 2 2 2 2 2 2 2 2 2 2 2 2 2 2 2 2 2 2 2 2 2 2 2 2 2 2 2
left_child=2 17 4 6 14 9 8 -6 16 10 26 12 13 -5 15 -1 -3 23 21 -7 -16 28 -13 24 29 -10 -4 -8 -19 -2
right_child=1 3 5 11 7 19 27 -9 25 -11 -12 22 -14 -15 20 -17 -18 18 -20 -21 -22 -23 -24 -25 -26 -27 -28 -29 -30 -31
leaf_value=-0.062968901024238036 0.012647000025680156 0.050578901847776636 0.0036103141291645466 0.24731482726352583 -0.075071205267934871 -0.015167485770754739 0.050191285601678209 -0.052450516415941111 0.022232461710534432 -0.032060127897237008 -0.026194464984518846 0.054816185886332247 0.0354954139425274 0.099856693698998814 0.057843584816260056 0.037116778264192817 0.016778376429181906 0.056431234516091715 0.011060850072756064 0.0076572160080277509 -0.091262680248518191 0.14271425582217165 0.014228847584483537 0.031236982108032153 -0.0020181681243525967 0.065988116454995513 0.067212814622954628 0.10340334710538286 0.0047490407995423763 0.059446865001542351
leaf_weight=429.22660185396671 3020.3551131114364 2547.8219502940774 386.62394735962152 55.59276108443737 2808.6247279644012 6295.1356960758567 2342.6768323332071 7143.7234457209706 6356.1222331225872 6293.1029866486788 829.36410215497017 4907.5956820100546 173.77196031808853 233.53056678175926 180.23474378883839 185.62655902653933 817.79564613103867 557.10564339160919 2131.0603125020862 1613.7480136826634 32.947281807661057 59.448138155043125 352.06260251998901 710.54312360286713 7859.5455091446638 275.77333576977253 167.80072652548552 170.69501872360706 228.22989445924759 204.19644116610289
leaf_count=2876 13800 9598 2199 125 21324 34315 8666 48198 24926 37740 4936 15271 544 626 1015 1005 3085 2382 9631 8123 230 210 1146 3155 38115 956 871 532 1016 914
internal_value=-0.000275418 0.0265374 -0.0338385 0.041385 -0.0554951 -0.018859 0.0349559 -0.0588342 0.0302172 -0.0274601 -0.00654042 0.0554406 0.0934047 0.12821 -0.0153611 -0.0327526 0.0423659 0.00820881 0.0217006 -0.0105103 0.0347992 0.0485404 0.0520994 0.00480478 0.00311035 0.0240519 0.0228601 0.0538052 0.0414116 0.0156106
internal_weight=59370.1 33003.9 26366.2 18233.4 10780.4 15585.8 12510.9 9952.35 9997.51 7676.89 1383.79 5722.55 462.895 289.123 828.035 614.853 3365.62 14770.5 2975.84 7908.88 213.182 844.784 5259.66 11794.6 11084.1 6631.9 554.425 2513.37 785.336 3224.55
internal_count=297530 134698 162832 65475 74648 88184 47763 69522 38565 45746 8006 17712 1295 751 5126 3881 12683 69223 13239 42438 1245 3608 16417 55984 52829 25882 3070 9198 3398 14714
is_linear=0
shrinkage=0.1


Tree=15
num_leaves=31
num_cat=0
split_feature=11 11 11 11 11 10 12 10 18 17 10 7 10 9 10 6 12 13 15 0 18 12 6 1 9 6 1 17 0 9
split_gain=4902.68 751.823 743.548 177.341 127.024 100.867 68.9483 68.7157 66.4888 84.6529 62.3204 53.5054 50.7279 46.1046 45.6472 45.595 45.5536 43.9482 43.5524 52.239 49.0559 41.5045 39.4909 34.6833 33.5401 40.6039 34.0962 32.4206 46.71 32.3674
threshold=0.020117460629596833 0.032162200127802389 0.0152759851278279 0.024508792590058573 0.011725685668741534 0.63532543258819485 0.18489958665002257 0.94592159475879167 1.0000000180025095e-35 1.0000000180025095e-35 0.22409073648435415 0.36593598671117206 0.33574743476719465 0.43889336664456585 0.82316390495842473 0.10593967968599528 0.41829568279696122 -0.072339309802578869 0.89258139105115386 0.027287112231077607 1.0000000180025095e-35 0.14349472777160879 -0.10250697476379926 -0.10584093752407008 0.60796057998972763 -0.13780336309391786 -0.038387127777631973 1.0000000180025095e-35 -0.0047923421512763289 0.40115307587479426
decision_type=2 2 2 2 2 2 2 2 2 2 2 2 2 2 2 2 2 2 2 2 2 2 2 2 2 2 2 2 2 2
left_child=2 3 4 12 -1 24 14 11 9 15 -4 -8 29 -14 -7 -5 -9 -10 27 -20 -21 -15 -11 -16 25 -3 -27 -12 -29 -2
right_child=1 5 10 8 -6 6 7 16 17 22 18 -13 13 21 23 -17 -18 -19 19 20 -22 -23 -24 -25 -26 26 -28 28 -30 -31
leaf_value=-0.062305001119825613 -0.0010447708193684927 0.097992076533799058 -0.036711886932025213 0.012043789469560673 -0.041506891415091812 0.061526994615225511 0.031482583704280066 0.082663779544837612 0.022747047826327218 0.078914081369096806 -0.017773566907065656 0.088651841230431308 0.016487137762387069 0.0062562689497703428 0.04796338047614182 0.038221163802244738 0.040544771815791032 0.050088445873235903 -0.019255493735457908 0.0081793129463665678 0.07149404449391826 -0.026878622568585621 0.032877675395742961 0.10221135365798542 0.026223728063746083 0.020091472274257064 0.049204256668168252 0.011213291760010914 -0.016756282296131363 -0.038537135100886383
leaf_weight=4347.8138082250953 2856.6754258722067 135.53682751953602 1235.2432547286153 6019.5849370881915 9046.9422022476792 2037.8752795308828 1852.0134090036154 710.9107286632061 976.94077229499817 203.53788439929485 9116.6755478382111 179.58335287868977 5088.1667995303869 1853.4612618908286 148.89041265845299 748.05902540683746 401.97908274829388 1476.2733942866325 493.78808146715164 497.53981528431177 162.28713604807854 474.8847289159894 2204.6307807117701 565.43476051092148 1684.9236091971397 547.28526602685452 1518.4436461478472 1043.2877363562584 1396.0911488831043 250.44926748424768
leaf_count=33822 14230 415 7603 24043 60709 5766 5765 1842 3829 713 50828 485 22926 8454 363 2834 1227 5625 2711 2469 763 2376 8676 1374 5909 1945 5148 5334 7927 1367
internal_value=-0.000348237 0.0262615 -0.0314311 0.0160652 -0.0482578 0.0493502 0.0575935 0.0474772 0.0245766 0.0206669 -0.0152683 0.0365361 0.00665974 0.0111536 0.0691518 0.0149373 0.0674503 0.0392003 -0.0131842 0.00534317 0.0237518 -0.000501856 0.0367687 0.0909042 0.0368423 0.0449701 0.0414912 -0.0150337 -0.00479409 -0.00406684
internal_weight=59275.2 31935.5 27339.7 22152.7 13394.8 9782.88 5896.69 3144.49 11629 9175.81 13944.9 2031.6 10523.6 7416.51 2752.2 6767.64 1112.89 2453.21 12709.7 1153.62 659.827 2328.35 2408.17 714.325 3886.19 2201.27 2065.73 11556.1 2439.38 3107.12
internal_count=297478 125312 172166 95073 94531 30239 16822 9319 45720 36266 77635 6250 49353 33756 7503 26877 3069 9454 70032 5943 3232 10830 9389 1737 13417 7508 7093 64089 13261 15597
is_linear=0
shrinkage=0.1


Tree=16
num_leaves=31
num_cat=0
split_feature=11 19 10 11 0 11 0 0 15 9 18 2 6 15 15 0 13 0 0 15 10 11 4 9 4 9 0 13 9 15
split_gain=1218.22 155.118 142.364 103.851 86.2493 67.6941 61.8995 52.6154 51.965 33.9101 47.9562 32.4213 30.2734 28.1137 27.7216 24.6808 24.3015 23.1556 22.852 21.6043 21.4966 20.2396 19.7391 19.7362 18.8479 18.3793 17.9017 17.7073 17.1702 15.1488
threshold=0.025046904641698668 1.0000000180025095e-35 0.55379435312000902 0.016366216341589163 -0.016991810356929978 0.038556907547868433 0.021952351412200869 0.014094801815922155 0.88482227144530501 0.181471766678624 1.0000000180025095e-35 0.038494901412201805 0.0285074614123948 0.39667895516274387 0.93756293354848319 0.023863624567922685 0.11246309570785364 -0.03509131028849332 -0.044633843522165144 0.0328969489905842 0.48629911572734302 0.020117460629596833 0.0093160292250660266 0.77014220658851174 0.0037864118931076889 0.55254159705331907 0.068711952630088349 -0.0095987871050309589 0.60796057998972763 0.093257306703757231
decision_type=2 2 2 2 2 2 2 2 2 2 2 2 2 2 2 2 2 2 2 2 2 2 2 2 2 2 2 2 2 2
left_child=1 4 20 7 13 18 9 16 15 10 -6 14 -5 17 -8 -9 22 29 -4 -19 28 -14 -3 -20 -11 -22 -25 -13 -2 -1
right_child=2 3 5 12 6 -7 11 8 -10 24 -12 27 21 -15 -16 -17 -18 19 23 -21 25 -23 -24 26 -26 -27 -28 -29 -30 -31
leaf_value=-0.010622518650015372 -0.01068134596818439 0.035668734210477698 -0.04378540981162285 0.0057355571332720892 0.022862267160028947 -0.042141360472043088 -0.020018200337293471 0.06276229949483586 0.009859129986782662 0.0064578074617470385 0.0013652394288167721 0.016439234131192273 0.035145488690679481 -0.044036819794975701 0.0073780733654257094 0.11328579824889358 0.011463385233321865 0.036059581876816675 -0.025146777795673841 -0.0019603276677520928 -0.027950115371669311 0.012165670942094593 -0.0083981273507880011 -0.0054302187092492397 0.013164224329914523 -0.012051776170289843 -0.057016071030434518 -0.0041410878372307343 0.019960312022967778 -0.038918617462637028
leaf_weight=850.25679644942284 5753.7538994923234 2225.5307952389121 518.90303835272789 2897.7834851965308 4055.0497883334756 3425.7271723821759 1382.4408181458712 359.33674335479736 154.43137783557177 14019.301540099084 1394.6478749215603 858.92375132441521 731.10221860557795 183.2918975353241 504.00209636241198 132.28161376714706 625.83177594095469 156.02410504966974 3512.3959958925843 3551.3314738869667 1491.121699988842 805.60660009086132 106.51370736211538 922.43155328929424 5977.4500156566501 1419.2627132534981 72.563576504588127 814.52953202277422 188.87652880698442 243.35369040071964
leaf_count=3966 25538 13322 1968 14614 24352 12413 6968 2101 897 75344 8306 4428 3895 1070 2439 777 3796 820 14085 18127 5975 3946 642 4041 31111 6056 259 4061 943 1218
internal_value=0.000312263 0.00950663 -0.0220182 0.0219992 0.00655227 -0.031301 0.00864037 0.0346074 0.0604613 0.0103682 0.0173609 -0.00371033 0.0117524 -0.00559964 -0.0126987 0.0763568 0.0289605 -0.00413218 -0.0239127 -0.000360259 -0.0131559 0.0230985 0.033656 -0.0216249 0.0084625 -0.0201972 -0.0091923 0.00642206 -0.00970745 -0.0169191
internal_weight=59334.1 42029 17305 8038.42 33990.6 8452.02 29006.3 3603.93 646.05 25446.4 5449.7 3559.9 4434.49 4984.26 1886.44 491.618 2957.88 4800.97 5026.29 3707.36 8853.01 1536.71 2332.04 4507.39 19996.8 2910.38 994.995 1673.45 5942.63 1093.61
internal_count=297478 226200 71278 43990 182210 32766 157009 21535 3775 139113 32658 17896 22455 25201 9407 2878 17760 24131 20353 18947 38512 7841 13964 18385 106455 12031 4300 8489 26481 5184
is_linear=0
shrinkage=0.1


Tree=17
num_leaves=31
num_cat=0
split_feature=11 11 11 11 11 11 11 12 12 13 0 9 0 13 0 4 13 4 4 0 4 13 0 16 0 14 15 1 18 2
split_gain=4916.28 783.568 736.793 192.536 151.616 86.1127 80.3416 62.0793 38.1752 35.2253 32.6548 30.5383 28.8263 28.4825 24.6484 24.2523 25.2147 23.8812 23.5184 24.2849 22.8421 21.8526 21.7139 20.5088 19.8611 17.6547 17.1824 15.4921 20.2957 14.7618
threshold=0.018440348147021546 0.027836602334019179 0.013631100929994438 0.010655722792168058 0.022160033838388941 0.016299821547737164 0.038556907547868433 0.020076797725911921 0.25863224090647341 -0.28332960505894417 -0.030901092451899533 0.14516385765458506 -0.014194910881269339 -0.22754814452399375 -0.01771693951979136 0.015421366868544341 0.2775770916255586 0.014940304833051423 0.016561029304803302 -0.020046659205335878 0.010571657428210203 0.26625925763673486 -0.031828301360166573 1.0000000180025095e-35 -0.022368967149958282 0.52887845493252528 0.91504395122133841 0.0094754916979451504 1.0000000180025095e-35 0.010002215785286596
decision_type=2 2 2 2 2 2 2 2 2 2 2 2 2 2 2 2 2 2 2 2 2 2 2 2 2 2 2 2 2 2
left_child=2 4 3 7 17 10 24 11 13 27 -4 29 -11 -9 -7 16 -12 22 19 -6 -16 -14 -2 -24 -3 -8 -26 28 -5 -1
right_child=1 6 5 9 18 14 25 8 -10 12 15 -13 21 -15 20 -17 -18 -19 -20 -21 -22 -23 23 -25 26 -27 -28 -29 -30 -31
leaf_value=0.13556529536432657 -0.022195655479631225 -0.049801207082248264 -0.012883621249559218 0.026736103790541844 -0.031083944439833908 -0.006289906866454047 -0.051116520707482571 0.045868995746684293 0.16747047867278878 0.027166408888621252 0.023845213024961797 0.071890795914965916 0.045141992243585234 0.068287460155820628 0.01306179845032391 -0.0067217410110238145 0.044715696748534733 -0.024333882505773136 -0.039072566382394952 -0.018748061659694719 -0.0075482921856630499 0.067892310021136576 -0.00051146088882140172 -0.012817622947086769 -0.035549915346171974 -0.065152888716222657 -0.047592612006053858 0.0409924715342447 -0.010789538355541833 0.091734332839025837
leaf_weight=209.57558579742908 626.03809104114771 2036.1790679767728 240.02173615992069 594.62258790433407 2047.7031843438745 978.05479734390974 1603.4606244191527 759.29541264474392 35.119868621230125 848.3515497893095 7549.5790856257081 227.34184296429157 5682.0728620737791 2234.4610604047775 5106.5915126651525 241.29970575869083 626.95381715893745 629.96409371495247 826.6411515250802 7232.4001815989614 601.03629215061665 456.10058535635471 6952.590735308826 1681.8290305957198 4882.558524094522 2031.2480446025729 1564.3841876089573 445.26400598883629 190.23907636106014 121.31815974414349
leaf_count=1179 3100 8543 1211 3216 9422 4964 6645 4098 200 4627 40925 1253 31503 12537 27177 1222 3525 2986 3678 35337 3061 2625 35837 8442 21992 7423 6673 2497 917 663
internal_value=2.57504e-05 -0.0264555 0.0313528 0.0501357 -0.0142961 0.0169032 -0.0465213 0.0694652 0.0638175 0.0416971 0.0234864 0.100108 0.0444445 0.0626015 0.00837799 0.0245234 0.0254455 -0.00549398 -0.0229098 -0.02147 0.0108915 0.0468325 -0.00421236 -0.00290848 -0.0411914 -0.0589607 -0.0384721 0.0260931 0.0176404 0.119495
internal_weight=59262.3 32115 27147.3 11803.8 19997.2 15343.5 12117.8 3587.11 3028.88 8216.65 8657.85 558.236 6986.52 2993.76 6685.68 8417.83 8176.53 9890.42 10106.7 9280.1 5707.63 6138.17 9260.46 8634.42 8483.12 3634.71 6446.94 1230.13 784.862 330.894
internal_count=297478 150078 147400 65315 98802 82085 51276 19930 16835 45385 46883 3095 38755 16635 35202 45672 44450 50365 48437 44759 30238 34128 47379 44279 37208 14068 28665 6630 4133 1842
is_linear=0
shrinkage=0.1


Tree=18
num_leaves=31
num_cat=0
split_feature=11 11 11 0 15 10 10 10 3 8 3 3 20 15 11 6 9 1 3 10 0 12 1 8 19 8 14 9 1 20
split_gain=1424.89 250.306 139.405 64.6791 82.0745 55.3291 51.3902 34.4083 31.0036 36.5192 84.338 34.2295 28.754 26.0808 22.37 21.2046 23.582 22.1452 17.6115 19.7919 22.2469 18.1478 15.4099 17.0767 16.4637 14.588 14.408 13.5878 13.082 12.9168
threshold=0.023150662686846141 0.031855388646642287 0.0167740961499892 -0.018843328530586453 0.25285426975662545 0.59650365257766114 0.31313518457368333 0.43448574899021219 0.068833500805824746 -0.17800624648644212 -0.018904160105711384 -0.072081072351923389 1.0000000180025095e-35 0.44060400009188788 0.044266078902156177 -0.033472915446976219 0.23257737198221165 -0.0028967099892880373 -0.020804043995389595 0.36282882928156551 -0.033927907848386056 0.13596329290024076 -0.01104986313499534 0.26584714585067015 1.0000000180025095e-35 -0.9155982926599725 0.65099091454800673 0.62518344929805736 0.034117929108277163 1.0000000180025095e-35
decision_type=2 2 2 2 2 2 2 2 2 2 2 2 2 2 2 2 2 2 2 2 2 2 2 2 2 2 2 2 2 2
left_child=2 7 3 4 28 -3 12 -2 9 11 -11 -5 -4 -6 -7 17 -17 -14 25 20 -20 -21 24 -24 -10 -8 -16 -9 -1 -27
right_child=1 5 6 8 13 14 18 27 22 10 -12 -13 15 -15 26 16 -18 -19 19 21 -22 -23 23 -25 -26 29 -28 -29 -30 -31
leaf_value=0.02481187333210922 -0.0061586926199851538 -0.023348290661603512 0.0086913946275569975 0.024984316116064168 0.075398645037967588 -0.035942117706627946 -0.0011382951044202174 -0.018541730150770531 0.015306233767363887 0.050822904813243253 0.018456169258501708 0.0085246232297220732 0.039147196063126694 0.17383772065915337 -0.041632874139679261 -0.011721537309934105 0.026055251184506661 0.12844357597037151 0.050172942607043351 -0.010850585426741326 0.0024088426322445965 0.0044203872542467318 -0.019773926921696588 0.0069869675241254012 0.064536133355700784 0.00745054273937677 -0.059566204117400094 -0.0072910177939315667 0.089545375028525914 0.026204649311134101
leaf_weight=1373.0823645591736 5475.7900692820549 2838.5229291990399 5538.6375957280397 1635.9229266867042 240.34002365171909 3442.3921446725726 1660.2909057661891 6186.6831432208419 345.89396427571774 905.60277573019266 7250.8892561495304 5549.0743098631501 279.56539592146873 30.308544501662254 999.5363918915391 209.56673821806908 781.3504458963871 30.835597038269043 101.21348288655281 2959.2613004371524 2667.8748692721128 1055.860415391624 259.40885497629642 2951.7398876100779 84.532722361385822 1872.0339843928814 811.90845392644405 1298.8277855291963 31.945027463138103 456.87902987748384
leaf_count=7411 25339 11725 28410 9313 1343 13287 8063 26391 1899 5344 42512 32719 1470 187 3696 1070 4131 181 520 13903 13445 5294 1540 17355 495 9228 2716 5964 183 2344
internal_value=9.68099e-05 -0.0207984 0.0115914 0.0171641 0.035997 -0.0345977 0.00505511 -0.0121828 0.0155017 0.0174706 0.0220498 0.0122723 0.0118342 0.0864223 -0.0406756 0.0252103 0.0180659 0.048018 0.000751144 -0.00234924 0.00415468 -0.00683476 0.00720675 0.00482512 0.0249746 0.00602379 -0.0496708 -0.0165896 0.0262837 0.0111297
internal_weight=59325.8 21053.7 38272.1 20658.7 1675.68 8092.36 17613.4 12961.3 18983.1 15341.5 8156.49 7185 6839.96 270.649 5253.84 1301.32 990.917 310.401 10773.4 6784.21 2769.09 4015.12 3641.58 3211.15 430.427 3989.2 1811.44 7485.51 1405.03 2328.91
internal_count=297478 89118 208360 120301 9124 31424 88059 57694 111177 89888 47856 42032 35262 1530 19699 6852 5201 1651 52797 33162 13965 19197 21289 18895 2394 19635 6412 32355 7594 11572
is_linear=0
shrinkage=0.1


Tree=19
num_leaves=31
num_cat=0
split_feature=10 11 11 10 10 11 10 13 1 13 1 17 11 16 16 12 11 3 16 3 1 19 14 15 3 19 12 1 2 13
split_gain=4519.4 956.824 629.595 184.666 147.635 146.084 87.2947 86.3195 73.1055 66.6067 78.4711 60.322 59.8003 55.66 45.5199 42.7582 41.5438 38.4773 38.1363 38.2692 38.1178 51.8399 47.7778 37.4644 35.9649 35.8339 35.714 32.7197 44.0476 36.0823
threshold=0.35932363605554907 0.01495544840998895 0.027655069437185664 0.28114724304192451 0.20110137794155472 0.017926517686936896 0.45664573186682661 -0.34257878079664467 -0.011469799712694016 0.46074980168366148 -0.15564257615625296 1.0000000180025095e-35 0.023150662686846141 1.0000000180025095e-35 1.0000000180025095e-35 0.1149553537242355 0.011725685668741534 -0.025757938315973169 1.0000000180025095e-35 0.29768879928736142 -0.0048889486347578606 1.0000000180025095e-35 0.68235295712750399 0.66208060991874695 -0.21395341807880716 1.0000000180025095e-35 0.071468104730996226 -0.031132685663873168 -0.042789147601694159 -0.43592004889064789
decision_type=2 2 2 2 2 2 2 2 2 2 2 2 2 2 2 2 2 2 2 2 2 2 2 2 2 2 2 2 2 2
left_child=1 4 5 -3 25 15 -4 8 11 10 23 -6 20 27 -12 -2 -9 26 19 -14 22 -22 -7 -8 -20 -1 -15 29 -29 -5
right_child=2 3 6 13 7 12 9 16 -10 -11 14 -13 18 17 -16 -17 -18 -19 24 -21 21 -23 -24 -25 -26 -27 -28 28 -30 -31
leaf_value=-0.058840070779070178 0.0047217622103967053 -0.025422746272842703 0.022757941380216615 0.093791257280261914 0.056149974870973098 0.027251848608102799 0.10206603375068431 -0.061935202810015189 -0.029971946286293044 0.022835334477143365 0.042411627760414586 -0.07597815217756497 0.017935620313763233 0.047389272376945825 0.058324820899742148 -0.026400640920700047 -0.040445123639766253 0.0001011396513363084 0.10628102843118861 0.08680295788797858 0.0079748003284706628 -0.024009904045206608 -0.0012237443470247702 0.014144772217095904 0.033585973605719271 -0.081091672488141323 0.003245345067994598 -0.035000060654156319 -0.0086618719366097271 0.0010719646185010894
leaf_weight=4165.9833101183176 743.89985178411007 7037.9281929209828 2085.4341183304787 42.90851067751646 213.8940090611577 1827.0400444492698 355.06294240057468 1093.799768820405 549.48765285313129 1246.3344729840755 9003.8730917870998 41.210150964558125 5444.777196533978 423.93406941741705 2245.9708636701107 1085.7316514626145 5065.6018203273416 1373.0731377452612 71.58855102956295 81.904276460409164 2782.7167252227664 619.55376138538122 869.70620410889387 56.126428753137589 1379.3724391311407 875.88055835664272 322.84030239284039 718.10936512053013 5484.1455433964729 1921.9192770570517
leaf_count=31144 3955 41069 8143 192 1187 8231 941 8415 3532 4091 29762 274 22949 1911 7035 6553 34008 6741 254 296 13209 3144 4072 175 5285 7011 1558 3917 28879 9545
internal_value=-8.70401e-05 -0.0279763 0.0272721 -0.0129409 -0.049673 0.0127189 0.0417413 -0.0402375 -0.00943353 0.0448084 0.0471569 0.0348057 0.0164219 -0.00440128 0.0455886 -0.0137468 -0.0442614 0.0100368 0.0227442 0.0189562 0.00918871 0.00215038 0.0180684 0.090065 0.0371727 -0.0627057 0.0283053 -0.00814883 -0.0117114 0.0030968
internal_weight=59229.8 29330.7 29899.1 17324.9 12005.9 14906.3 14992.8 6963.99 804.592 12907.4 11661 255.104 13076.7 10286.9 11249.8 1829.63 6159.4 2119.85 6977.64 5526.68 6099.02 3402.27 2696.75 411.189 1450.96 5041.86 746.774 8167.08 6202.25 1964.83
internal_count=297478 179383 118095 93812 85571 67948 50147 47416 4993 42004 37913 1461 57440 52743 36797 10508 42423 10210 28784 23245 28656 16353 12303 1116 5539 38155 3469 42533 32796 9737
is_linear=0
shrinkage=0.1


Tree=20
num_leaves=31
num_cat=0
split_feature=10 10 10 13 4 13 18 12 10 10 10 10 4 18 1 14 10 1 15 3 4 3 20 8 10 8 4 18 1 10
split_gain=3456.46 570.313 536.616 144.016 98.8 96.4719 81.0446 75.3071 101.306 68.6569 58.0404 56.5293 52.1097 51.1879 51.8169 49.3169 47.6169 47.4818 47.1165 50.5152 45.9921 45.9506 45.9165 43.469 46.3338 42.2456 36.1586 88.0153 38.8078 35.3986
threshold=0.33574743476719465 0.5187039987117944 0.23128040674584552 0.1004702447276523 0.038310204041673408 -0.12381162290451288 1.0000000180025095e-35 0.24270644853033566 0.72115156564645089 0.26995469421669388 0.94592159475879167 0.20516238301729203 0.0028189032231615845 1.0000000180025095e-35 0.052748026324260351 0.53290800678357519 0.87678387836278859 -0.02453946337885515 0.25285426975662545 -0.013302038180745599 0.0091264357925324741 0.0018489156552479182 1.0000000180025095e-35 0.81075149528306645 0.37798465335617565 -0.89747663523756993 0.0050463114301941845 1.0000000180025095e-35 0.011046758462594621 0.40752487344656801
decision_type=2 2 2 2 2 2 2 2 2 2 2 2 2 2 2 2 2 2 2 2 2 2 2 2 2 2 2 2 2 2
left_child=2 5 11 4 7 18 17 8 -3 25 15 -1 23 21 -15 -5 -9 -6 20 -20 -2 -14 -17 24 -7 -4 -11 -28 -29 -21
right_child=1 3 9 10 6 12 -8 16 -10 26 -12 -13 13 14 -16 22 -18 -19 19 29 -22 -23 -24 -25 -26 -27 27 28 -30 -31
leaf_value=-0.05215518660443761 0.0090005286313758464 0.026650551300422015 0.0033329684329707655 0.035403605176777743 0.047688998529898698 0.0012040131407611296 -0.011771500427388892 0.0035693420891580278 0.055414759001545133 -0.014641513172837378 0.080384865260204871 -0.036214055945408802 0.0050363311857034403 0.053704794627723873 0.0076091192023042976 0.063994918193885017 0.030715139392246994 0.15335299815904682 -0.018173545611106172 -0.0079832498666655757 0.063283298458965229 0.026846978086765727 0.025012314069293714 -0.0054491598741135084 0.019703031054149167 -0.027154621320442707 -0.010562334044192934 0.061940038848691495 0.0092845016097651816 0.013664995978841875
leaf_weight=5930.3568591028452 1713.9896887987852 5038.5544229745865 495.70779457688332 1986.6025903820992 61.339413642883301 1991.749227553606 59.756760910153389 1691.9710506424308 1617.4776613563299 7351.4326817914844 585.49235855042934 3559.8306666240096 1676.7133876904845 885.82389052957296 336.50493140518665 1762.92208673805 1045.4536550417542 138.67101326584816 1762.7781693562865 1471.9819478318095 171.72237322479486 2278.6961036399007 364.65174321830273 1449.7240967452526 4228.1236570477486 5467.6820372417569 2045.6324995979667 265.0081424638629 296.64936434477568 1551.4547568038106
leaf_count=45565 7740 17853 2918 6501 150 9737 175 7087 4381 41076 1487 24426 7262 3551 1400 5298 3396 312 8729 7597 663 9854 1180 6278 17694 34375 11193 1304 1559 6927
internal_value=0.000523647 0.0214381 -0.0273533 0.0365701 0.0295808 0.0103112 0.0904171 0.0278984 0.0336405 -0.0161345 0.0509262 -0.0461756 0.0153774 0.0231286 0.0410147 0.046734 0.0139366 0.120948 0.000555681 -0.00471907 0.0139438 0.0176014 0.0573136 0.0101446 0.0137792 -0.0246203 -0.011053 -0.000934993 0.0341291 0.00312539
internal_weight=59284.5 33872.2 25412.3 14352.9 9653.22 19519.3 259.767 9393.46 6656.03 15922.1 4699.67 9490.19 12847.3 5177.74 1222.33 4114.18 2737.42 200.01 6671.93 4786.21 1885.71 3955.41 2127.57 7669.6 6219.87 5963.39 9958.72 2607.29 561.658 3023.44
internal_count=297668 135252 162416 47820 33354 87432 637 32717 22234 92425 14466 69991 55776 22067 4951 12979 10483 462 31656 23253 8403 17116 6478 33709 27431 37293 55132 14056 2863 14524
is_linear=0
shrinkage=0.1


Tree=21
num_leaves=31
num_cat=0
split_feature=11 11 19 1 0 11 0 10 0 15 10 9 8 1 0 16 15 0 11 15 0 0 10 0 15 20 0 2 9 15
split_gain=1005.11 148.375 120.794 89.7758 64.8147 44.3352 41.7661 38.281 34.2634 41.8085 34.1275 31.1008 29.7529 26.3071 26.1117 25.9658 19.8308 21.376 17.5687 26.2767 32.9706 17.2242 16.6965 16.5958 16.2314 15.8076 15.5591 15.4779 15.2046 19.0594
threshold=0.024128711570558393 0.033536039708676031 1.0000000180025095e-35 -0.012779368876877138 -0.01771693951979136 0.016843070717376254 0.027287112231077607 0.53294711432760133 0.016713841238564123 0.81497661151847212 0.48629911572734302 0.18292384835340328 0.029351814629833949 0.010249912003688523 -0.06214612482645742 1.0000000180025095e-35 0.36891577962398053 -0.032843101165030301 0.019068229330385992 0.46053086481046029 0.0010850736844798539 -0.03509131028849332 0.26746524642227404 -0.019237328306512144 0.14904331991652434 1.0000000180025095e-35 0.036842398366170544 -0.1422684281775046 0.61637627387874161 0.97915966151087208
decision_type=2 2 2 2 2 2 2 2 2 2 2 2 2 2 2 2 2 2 2 2 2 2 2 2 2 2 2 2 2 2
left_child=2 10 4 18 16 8 11 -3 12 -10 23 15 -5 25 -9 -6 17 24 19 20 -4 -12 -19 -2 -1 -8 -15 -13 -23 -30
right_child=1 7 3 5 6 -7 13 14 9 -11 21 27 -14 26 -16 -17 -18 22 -20 -21 -22 28 -24 -25 -26 -27 -28 -29 29 -31
leaf_value=-0.011043507097139919 -0.017134230630054325 -0.014411211082363887 0.015375704073506856 0.042986712044314389 0.011620440514019347 0.017657680615847157 -0.014427732697898788 -0.056977276102586988 0.086576307576890069 0.029285029367440318 -0.032743084268771719 0.043235276786827197 0.019918975351233863 0.010718307532664492 -0.032604509193221255 0.027289051538299199 -0.036373335543251166 0.011599581716833141 -0.0057632526482299003 -0.0043378302045182964 0.076129499669650533 -0.019908292242283812 -0.0043866118666626352 -0.0051476492321694545 -0.048713818487877016 -0.053333078754838371 -0.0088726285993421528 0.0068939877320353454 -0.0036630518068554042 -0.040042313076640884
leaf_weight=1068.3838828057051 1490.1580569222569 1113.6411877796054 893.20632576197386 1072.3994423523545 4359.1001762002707 2382.9217947199941 391.63524418324232 481.98480723798275 270.99017134308815 240.34981763362885 731.4852936565876 117.87347805500031 1168.2569846138358 799.6599209010601 4994.8349049165845 1396.469986602664 195.28682125359774 960.92905934900045 972.29318191111088 656.38557986915112 99.252422615885735 3450.3305147141218 2041.0301914736629 5136.6635141968727 128.09571471810341 142.41176272183657 822.21371764689684 20380.789721913636 1292.2098142653704 162.07607247680426
leaf_count=5086 6509 4717 5050 6330 25937 11932 1911 1669 1492 1344 2996 589 6817 4245 19323 8127 1171 5527 4775 3768 586 14411 9916 23441 699 647 3970 108134 5904 645
internal_value=-0.000134206 -0.0192116 0.00873351 0.0199567 0.00607994 0.0276433 0.00782799 -0.0313127 0.0362898 0.0596472 -0.0127081 0.00892672 0.0309594 -0.00555209 -0.0347494 0.0154221 -0.00522308 -0.00377416 0.0048982 0.0111851 0.0214515 -0.0184284 0.000730579 -0.00784304 -0.0150765 -0.0248024 0.000786624 0.00710296 -0.0162935 -0.00771742
internal_weight=59413.3 18853.4 40559.9 7756.06 32803.9 5134.92 28410.2 6590.46 2752 511.34 12262.9 26254.2 2240.66 2155.92 5476.82 5755.57 4393.73 4198.44 2621.14 1648.84 992.459 5636.1 3001.96 6626.82 1196.48 534.047 1621.87 20498.7 4904.62 1454.29
internal_count=297668 79615 218053 42094 175959 27915 153560 25709 15983 2836 53906 142787 13147 10773 20992 34064 22399 21228 14179 9404 5636 23956 15443 29950 5785 2558 8215 108723 20960 6549
is_linear=0
shrinkage=0.1


Tree=22
num_leaves=31
num_cat=0
split_feature=11 11 11 10 10 10 11 11 10 10 11 11 11 0 16 9 10 12 9 13 0 10 2 20 4 0 0 10 12 9
split_gain=3955.21 823.469 451.023 191.691 135.063 84.0416 73.041 46.8533 44.2968 36.8786 33.4417 30.4079 29.7271 29.4954 31.3612 25.1937 25.2309 24.9433 28.1441 24.7303 24.4948 23.5492 22.806 22.5515 17.8799 16.7903 15.9986 15.998 19.9808 16.0474
threshold=0.017486781025667936 0.027655069437185664 0.011807397463044619 0.35932363605554907 0.24089209213286075 0.57066096005227329 0.0093398260533518133 0.023034634106685565 0.26499004397810005 0.16193171840660991 0.014088603754509798 0.038556907547868433 0.015344554712661381 -0.0074558624467575543 1.0000000180025095e-35 0.20544683970652328 0.20516238301729203 0.12933709945473296 0.46226093805201435 -0.54046118429958467 -0.016653673351596062 0.32496246465312967 0.016817835481699465 1.0000000180025095e-35 0.01008350981323103 -0.0049800528468986185 -0.021400636650246826 0.40092161853479585 0.12933709945473296 0.55836967378293101
decision_type=2 2 2 2 2 2 2 2 2 2 2 2 2 2 2 2 2 2 2 2 2 2 2 2 2 2 2 2 2 2
left_child=2 3 6 8 12 27 9 17 -2 22 -6 -7 15 23 -15 16 -4 -5 -19 -8 -10 -11 -1 -12 -22 -21 -17 -3 -29 -30
right_child=1 5 4 7 10 11 19 -9 20 21 13 -13 -14 14 -16 26 -18 18 -20 25 24 -23 -24 -25 -26 -27 -28 28 29 -31
leaf_value=0.092989984199449302 0.011642142408822116 -0.022686619788904985 0.035306457995236067 -0.017598403667167695 0.024375756732637054 -0.044782973788230748 0.0062623528928692322 -0.025734493169371059 -0.015420148965644576 0.048461584897148108 -0.0026877844419956622 -0.05843950030755142 0.01969476470607321 0.019186506197944458 7.3993463475716635e-05 0.015887168199475995 0.016861443554314907 -0.0095288630224378661 0.022282626568722319 0.039044545460105717 0.00038268203097017355 0.14421256966770624 0.056042385434191572 0.021913832054996907 -0.014417321290073882 0.051834970435145712 0.043373508077255353 -0.041165152760233553 -0.039247510555748669 -0.016756680395207748
leaf_weight=706.38741873204708 2156.3474266380072 971.74651447683573 2069.2469900995493 4165.4101197868586 2528.9929985180497 3496.2501001954079 146.58251801133156 6158.2602473348379 1633.7468871027231 587.54762315750122 1962.0962230041623 3055.2198143005371 1621.2367304265499 4225.4976114183664 1077.4498519003391 228.71611304581165 1155.8664973676205 1493.9684856235981 341.72677264362574 1473.6611869037151 5668.9802552983165 26.859820991754532 218.81117671728134 459.94875913858414 953.59463044255972 3381.139877602458 2856.6555021107197 3139.3901078477502 555.49942371994257 739.66078523546457
leaf_count=3827 11644 4779 11227 20317 13387 15280 744 29380 8160 3078 9974 12178 8676 22501 5503 1218 6083 7563 1928 7920 29507 146 1137 2557 4748 18162 15744 14077 2481 3742
internal_value=-0.000456212 -0.0223189 0.0300741 -0.0110789 0.0219743 -0.043536 0.0525936 -0.0196067 -0.00112046 0.0716395 0.0143948 -0.0511516 0.0317729 0.0111272 0.0153032 0.034876 0.0286958 -0.0133185 -0.00360694 0.0467306 -0.00445374 0.0526475 0.0842518 0.00198409 -0.00174839 0.0479525 0.041336 -0.0343073 -0.0368537 -0.0264031
internal_weight=59256.5 34529.8 24726.7 22572 18185.7 11957.8 6540.99 12159.4 10412.7 1539.61 10254 6551.47 7931.72 7724.99 5302.95 6310.49 3225.11 6001.11 1835.7 5001.38 8256.32 614.407 925.199 2422.04 6622.57 4854.8 3085.37 5406.3 4434.55 1295.16
internal_count=297668 165784 131884 113247 96870 52537 35014 59188 54059 8188 53922 27458 42948 40535 28004 34272 17310 29808 9491 26826 42415 3224 4964 12531 34255 26082 16962 25079 20300 6223
is_linear=0
shrinkage=0.1


Tree=23
num_leaves=31
num_cat=0
split_feature=11 11 11 4 11 10 0 0 10 3 18 4 3 20 14 18 14 11 14 14 12 20 3 4 3 4 12 20 4 12
split_gain=1176.61 189.379 155.974 71.7919 49.1034 38.4394 29.3586 28.4639 28.3603 25.9121 27.8764 25.8499 49.2305 24.9377 20.4193 28.6937 19.9529 19.3595 18.5948 17.3519 17.0622 16.0028 17.0399 15.6211 15.0686 14.3872 14.2302 13.8612 15.5743 13.8081
threshold=0.023872542445391793 0.036222166364699195 0.0167740961499892 -0.0020442383934673454 0.027655069437185664 0.35064859130510218 -0.01771693951979136 -0.03929121397739755 0.59650365257766114 0.027556000446690824 1.0000000180025095e-35 0.018003236940270288 -0.061532115647497714 1.0000000180025095e-35 0.41028221754421468 1.0000000180025095e-35 0.35872476858013996 0.014419356437114334 0.20745218853245953 0.76444895083418407 0.1535137398676287 1.0000000180025095e-35 -0.041650121351918472 0.00072308772550555578 0.048790177832669708 0.0038734883423212634 0.070425094826422244 1.0000000180025095e-35 -0.011508203596576559 0.021526392990519606
decision_type=2 2 2 2 2 2 2 2 2 2 2 2 2 2 2 2 2 2 2 2 2 2 2 2 2 2 2 2 2 2
left_child=2 4 3 6 25 7 14 18 -3 11 -11 -5 -13 16 15 -1 -8 -12 26 -10 24 23 -23 -9 -7 -2 -4 -6 -29 -15
right_child=1 8 5 9 27 20 13 21 19 10 17 12 -14 29 -16 -17 -18 -19 -20 -21 -22 22 -24 -25 -26 -27 -28 28 -30 -31
leaf_value=0.041758186151729756 -0.0042412926337069669 -0.022428797207018895 0.045887629844183396 0.014864065996565038 -0.021612735637850322 -1.8884387184804896e-05 0.033575774370740601 0.0089189556264884211 -0.036608406426498721 0.0032175168063582381 0.02960856974899985 0.14621769382401842 0.017001080192659557 0.05506787244753221 0.029548994289528396 0.10368082326161683 0.019706327247984257 0.0045094273766071611 0.023651681243745802 -0.051188647842732318 0.0073099842049506565 0.029801938922411543 0.0090382300941179768 0.00030229191499973087 -0.0096974865981175468 -0.014039201533736272 0.1354860277646219 -0.031052731955819191 -0.0059351287047029041 0.002814996969668851
leaf_weight=294.58754193037748 4098.4763260856271 1029.0072164610028 44.373132914304733 8259.6034981906414 6398.9948781728745 4219.8496540263295 1579.7266511768103 4381.8482220694423 2627.7477595955133 4551.0183862149715 790.74628989398479 43.734883770346642 90.49141326546669 53.897657513618469 774.8931944668293 100.31406538188457 3020.6059164181352 502.65868203341961 218.56732492893934 1184.0268892273307 1770.2518628686666 546.3767292574048 1428.7849942594767 4047.1783431470394 2599.522828951478 2362.6140419617295 29.517539240419865 309.47020184993744 1220.2102122083306 819.69070494920015
leaf_count=1577 18964 4268 217 47796 27153 20046 8977 22200 10257 26770 4703 241 461 346 4102 553 17283 2656 1026 4281 8921 2814 7348 20389 12412 10503 148 1203 5375 4678
internal_value=0.000290183 -0.0200509 0.0100285 0.0160171 -0.0142951 0.00354442 0.0246008 0.00754504 -0.0371605 0.0120118 0.00689932 0.0155715 0.0591037 0.0215277 0.0389807 0.057488 0.024469 0.0198542 0.0383128 -0.0411374 -0.00143755 0.00668017 0.014782 0.00478168 -0.00370834 -0.00782407 0.08168 -0.0195684 -0.0110167 0.00603884
internal_weight=59398.8 19230.5 40168.2 20882 14389.8 19286.3 6643.72 10696.6 4840.78 14238.3 5844.42 8393.83 134.226 5473.92 1169.79 394.902 4600.33 1293.4 292.458 3811.77 8589.62 10404.2 1975.16 8429.03 6819.37 6461.09 73.8907 7928.68 1529.68 873.588
internal_count=297668 82004 215664 120143 63198 95521 37516 54142 18806 82627 34129 48498 702 31284 6232 2130 26260 7359 1391 14538 41379 52751 10162 42589 32458 29467 365 33731 6578 5024
is_linear=0
shrinkage=0.1


Tree=24
num_leaves=31
num_cat=0
split_feature=10 11 11 10 10 11 0 10 0 0 1 13 18 13 13 16 4 0 16 13 16 8 16 4 19 1 20 10 4 13
split_gain=3752.3 758.94 510.778 166.641 103.017 96.3888 95.001 84.6695 83.7853 79.8086 66.6147 64.5368 60.1483 89.5291 55.8816 52.7216 48.1646 44.7721 40.9657 40.4124 36.521 34.238 33.5427 48.2994 33.444 32.6421 35.0076 30.4857 30.0825 28.9754
threshold=0.31313518457368333 0.023629974489157799 0.014022889009921382 0.43448574899021219 0.2090194502756729 0.01495544840998895 -0.03000226143250306 0.26619018715444276 0.038190135918058539 -0.016991810356929978 -0.062800893833895852 -0.50260694315957644 1.0000000180025095e-35 -0.15088770306483931 0.1004702447276523 1.0000000180025095e-35 -0.0098593482743956056 -0.027609261150807637 1.0000000180025095e-35 -0.59470843254943417 1.0000000180025095e-35 1.833599056062861 1.0000000180025095e-35 0.010571657428210203 1.0000000180025095e-35 0.0050340119567395822 1.0000000180025095e-35 0.16416784915814156 -0.0079441811033700276 -0.39847290364200755
decision_type=2 2 2 2 2 2 2 2 2 2 2 2 2 2 2 2 2 2 2 2 2 2 2 2 2 2 2 2 2 2
left_child=2 5 4 -3 27 19 10 17 18 12 14 25 28 -14 -5 16 -11 -4 -8 -2 -10 -12 -19 -24 -13 26 -6 -1 -7 -29
right_child=1 3 7 6 11 9 8 -9 20 15 21 24 13 -15 -16 -17 -18 22 -20 -21 -22 -23 23 -25 -26 -27 -28 29 -30 -31
leaf_value=-0.071601960081986493 0.058175515599399631 0.014329873988641054 0.010247210191962125 0.080500389887467494 0.020318940278695227 0.024846169855036959 0.024514676890366727 -0.012108951901340492 0.040873327976471169 0.020164091334908114 0.031247947050770553 -0.037473226302113076 0.097685032413677889 0.017882363771383337 0.044309491972261444 0.012805036925325176 -0.0068641472433674453 -0.033587346635366243 0.039199846008096506 -0.034187624648959497 0.068843847487635432 0.071070190706304354 -0.021828092947833635 0.044036533383368777 -0.061985115109694011 -0.044286620233084391 0.1497895937262845 -0.020097318871266884 0.00074124686824321862 -0.057686581448522456
leaf_weight=1720.5441783517599 49.939798504114151 5060.0201557055116 289.84984389692545 916.62943059206009 94.438502751290798 863.79218249768019 9236.6420610696077 6388.1571615636349 2109.8974331170321 722.74081640690565 1649.2062953710556 3047.7398641780019 216.13691589981318 402.15629450231791 798.14948235452175 2241.7888627275825 7512.793791167438 5110.6026329770684 2391.4202632904053 921.11500722914934 599.43525180220604 248.42440544068813 1182.5618832111359 122.90812864154577 681.0024207085371 54.394031099975109 26.813995838165283 219.60560657829046 1292.2797204405069 3098.1531765684485
leaf_count=14441 270 21022 1619 2637 539 3877 32712 35228 6839 3565 5222 21754 911 1791 2281 10323 38633 32235 7939 6220 1725 700 7037 657 5221 352 111 1485 6045 24277
internal_value=-0.000223951 0.0191334 -0.0329295 0.0303582 -0.0513519 0.000973785 0.0348765 -0.0203478 0.0312248 0.00320226 0.04937 -0.0391596 0.0182833 0.045779 0.0636552 -0.000791168 -0.00449218 -0.0281963 0.0275348 -0.0294375 0.0470618 0.0364612 -0.029933 -0.015627 -0.04195 0.0200768 0.0489503 -0.0608002 0.0103985 -0.0551985
internal_weight=59269.3 37232.6 22036.8 23009.8 8942.69 14222.7 17949.8 13094.1 14337.4 13251.7 3612.41 3904.39 2774.37 618.293 1714.78 10477.3 8235.53 6705.92 11628.1 971.055 2709.33 1897.63 6416.07 1305.47 3728.74 175.647 121.252 5038.3 2156.07 3317.76
internal_count=297668 152712 144956 81077 68180 71635 60055 76776 49215 65145 10840 27977 12624 2702 4918 52521 42198 41548 40651 6490 8564 5922 39929 7694 26975 1002 650 40203 9922 25762
is_linear=0
shrinkage=0.1


Tree=25
num_leaves=31
num_cat=0
split_feature=10 10 10 13 20 4 10 4 10 17 9 15 10 4 9 5 7 18 4 18 8 14 13 3 8 14 4 15 4 18
split_gain=2742.99 460.257 431.956 114.459 76.2214 75.7113 68.3712 65.0894 55.0316 54.7162 49.2436 46.9907 45.7208 52.0667 44.5115 43.0867 40.5507 37.81 54.6078 36.9795 36.8118 36.0895 31.9263 30.3174 28.8147 28.3832 28.1816 29.1976 26.5268 71.7674
threshold=0.33415852269205093 0.23128040674584552 0.48978713622143316 0.0023370114752716982 1.0000000180025095e-35 0.012259257578502771 0.26995469421669388 -1.0000000180025095e-35 0.19703903992301738 1.0000000180025095e-35 0.3552655462946292 0.11741027822415478 0.99800857587225367 0.038310204041673408 0.26579832546480225 -0.0330877299133343 0.16188894532824186 1.0000000180025095e-35 0.0037864118931076889 1.0000000180025095e-35 2.2625166396517686 0.66297050371181998 -0.42538733923960176 -0.048700097591698015 -0.97290157356138696 0.82991594716937478 -0.0053288836345908299 0.98968112004260655 0.0068318040981232295 1.0000000180025095e-35
decision_type=2 2 2 2 2 2 2 2 2 2 2 2 2 2 2 2 2 2 2 2 2 2 2 2 2 2 2 2 2 2
left_child=1 8 4 5 7 10 24 9 17 20 22 -9 13 19 -13 -11 28 -1 -19 -5 -2 -7 -4 -23 -3 -15 -6 -28 -8 -30
right_child=2 6 3 12 26 21 16 11 -10 15 -12 14 -14 25 -16 -17 -18 18 -20 -21 -22 23 -24 -25 -26 -27 27 -29 29 -31
leaf_value=-0.055512511348242456 -0.0035402652528615458 0.0023923689301598105 -0.031851908633113907 0.031074483731675262 0.0093073835645904861 0.027052070288852564 -0.014130535725470704 0.039824092988296082 -0.03529004929067632 0.044614928355935994 0.021214381090560078 -0.010279223607103653 0.067078441048972468 0.056124499689173636 0.01655075699257651 0.0089621458586529434 0.016258804879676743 -0.045314878063641761 0.01250874499927181 0.049491423266653359 0.075061574593105918 0.02664364387734279 0.0080241971188725076 0.067794225542832265 -0.02548737705872707 0.12289073252513182 -0.013249833878387303 0.081744729622275553 -0.011244546480910479 0.037610266647038884
leaf_weight=3719.7367022335529 4726.2993791848421 397.72656321525574 267.35572143644094 5203.7347570434213 836.3231642767787 912.6727596744895 7359.1904023885727 779.59637035429478 4389.7675454691052 451.77438102662563 6489.9753136262298 684.53525216132402 535.68425737321377 189.43519614636898 6395.0027606263757 1357.4871606603265 558.38361591845751 822.2750786319375 203.80100050568581 1379.2120832875371 60.343588761985302 254.34411188960075 806.31641478836536 604.66787092387676 5457.8974435850978 95.907907739281654 2401.6894145309925 32.797517292201519 1355.4691641032696 386.40121791511774
leaf_count=30514 21878 2335 1471 16768 3837 2959 41760 3034 31529 1760 22111 3733 1314 534 28002 6157 2792 6575 1482 4311 210 786 3800 1718 35080 215 11670 115 7440 1923
internal_value=-8.24199e-05 -0.0255529 0.0181349 0.0296552 0.00725575 0.0222911 -0.0150676 0.010375 -0.04336 0.00305023 0.0179325 0.0165225 0.0389404 0.0367458 0.0139565 0.0178647 -0.00989908 -0.0508246 -0.0338299 0.0349331 -0.00254936 0.0408985 -0.00190538 0.05561 -0.0235937 0.0785656 -0.00652957 -0.0119701 -0.011504 -0.000407024
internal_weight=59115.8 24650.6 34465.2 16739.3 17725.8 9335.33 15515.1 14455 9135.58 6595.9 7563.65 7859.13 7403.97 6868.29 7079.54 1809.26 9659.44 4745.81 1026.08 6582.95 4786.64 1771.68 1073.67 859.012 5855.62 285.343 3270.81 2434.49 9101.06 1741.87
internal_count=297813 161430 136383 55987 80396 32845 91330 64774 70100 30005 27382 34769 23142 21828 31735 7917 53915 38571 8057 21079 22088 5463 5271 2504 37415 749 15622 11785 51123 9363
is_linear=0
shrinkage=0.1


Tree=26
num_leaves=31
num_cat=0
split_feature=9 9 9 18 13 19 5 4 9 13 15 14 12 4 8 3 8 3 4 4 4 4 20 4 14 3 9 13 12 4
split_gain=530.192 85.6716 84.6922 52.9494 43.9903 35.1567 44.6344 28.1623 27.7601 25.7715 24.6907 24.2367 24.1444 19.8056 21.1077 19.1269 18.9964 18.8876 17.3432 22.7241 17.3362 16.8682 14.2499 14.1752 13.0535 16.3408 12.938 14.1183 12.7784 12.59
threshold=0.39621122457318519 0.24764933950465415 0.67680741597891891 1.0000000180025095e-35 0.061661990196260126 1.0000000180025095e-35 0.0058982162348492082 0.027226260699225409 0.181471766678624 -0.3367076295357167 0.10130829721055641 0.6159274717125317 0.17469056938227828 0.0016410306650591624 0.70836266967338379 0.26279982400944696 -1.4744460378195074 -0.013302038180745599 -0.0087017506720647991 0.020891224617577645 -0.0077650389753243223 -0.0058006512056660844 1.0000000180025095e-35 0.025040920242205281 0.83394956107049645 0.089151838584739421 0.50166678983270285 0.47388428866164417 0.25035064514349364 0.013320135070652441
decision_type=2 2 2 2 2 2 2 2 2 2 2 2 2 2 2 2 2 2 2 2 2 2 2 2 2 2 2 2 2 2
left_child=1 3 7 4 8 11 29 10 28 -5 26 20 -4 -8 -15 16 -12 -10 -14 -20 -3 -6 -23 -22 25 -11 -2 -28 -1 -7
right_child=2 5 12 9 21 6 13 -9 17 24 15 -13 18 14 -16 -17 -18 -19 19 -21 23 22 -24 -25 -26 -27 27 -29 -30 -31
leaf_value=0.025348639245086069 -0.0098195606160732321 -0.011836979427978504 -0.0317202325362934 -0.020140349255825838 -0.0092523883366541909 0.0031276628916649622 0.012269700939936483 -0.030932011003003482 0.0066612903464077127 -0.00097349133550054222 -0.018606609657996095 0.005824381665966178 -0.030914378358701901 0.042282822779256463 0.010278270024609381 -0.026381278723395515 -0.0042159654753289831 0.018274083362792681 -0.0084920513425073355 -0.036748580070957153 7.6499999626123319e-05 0.005054261488680308 0.020069712702329792 -0.031308174605787081 0.01866844285474617 0.022773573756372543 -0.026483785332752321 0.016820655758798157 -0.017362746614014251 -0.027435620978481276
leaf_weight=4162.7357120886445 1277.5859613195062 1550.6147012412548 2256.3040735051036 475.37092432379723 610.79718367010355 2007.7370569258928 1036.460456982255 567.28500932455063 2192.2672148644924 2387.6593693941832 1005.8295070528984 6113.5882726088166 746.07102138549089 655.7232426777482 300.51199805736542 455.38335356861353 10421.88956335187 3878.2559164837003 1732.3250718861818 340.56098975986242 9161.5671873614192 2527.4330868124962 842.77769916504622 146.20726378262043 560.57227496802807 329.7954490929842 1257.3917932882905 80.081172570586205 71.246025182306767 144.47842743247747
leaf_count=24380 5769 7400 9015 2571 3334 10270 5189 2318 12160 13689 4304 31066 3032 3330 1442 1840 48252 21510 7773 1244 45787 14528 5011 672 3359 1863 5261 358 410 676
internal_value=0.00034609 0.00712783 -0.0128384 0.0121888 0.0149658 0.00280458 0.0110611 -0.00907461 0.018415 0.0016191 -0.00821937 0.000788161 -0.0240108 0.0218456 0.0322249 -0.00628346 -0.00548258 0.0140803 -0.0178401 -0.0131344 -0.00204738 0.00603799 0.00880913 -0.000416493 0.0047746 0.0019085 -0.0170164 -0.0238909 0.0246299 0.00107595
internal_weight=59296.5 39155.8 20140.7 18038.9 14285.5 21116.9 4144.91 15065.4 10304.5 3753.4 14498.2 16972 5075.26 1992.7 956.235 11883.1 11427.7 6070.52 2818.96 2072.89 10858.4 3981.01 3370.21 9307.77 3278.03 2717.45 2615.06 1337.47 4233.98 2152.22
internal_count=297813 208647 89166 102815 81333 105832 20907 68102 58460 21482 65784 84925 21064 9961 4772 54396 52556 33670 12049 9017 53859 22873 19539 46459 18911 15552 11388 5619 24790 10946
is_linear=0
shrinkage=0.1


Tree=27
num_leaves=31
num_cat=0
split_feature=11 11 11 11 10 10 10 0 2 10 9 11 16 0 11 10 11 10 10 20 12 10 9 13 0 13 10 11 9 12
split_gain=3269.16 543.26 502.099 125.269 114.613 102.453 82.0582 37.2623 36.5838 32.7624 30.6153 28.8762 26.6053 36.0749 25.4115 25.3939 25.02 20.0288 18.0776 17.9487 17.7376 34.1958 34.1353 17.1134 18.8534 15.8246 15.4398 15.3128 15.1046 15.7595
threshold=0.019315247832425959 0.013831484369135531 0.027655069437185664 0.010550030072219942 0.27987047685635791 0.36282882928156551 0.58966527557972692 -0.0072595284968315346 0.0089336056526565528 0.23256758504968575 0.21191314125164112 0.0093398260533518133 1.0000000180025095e-35 -0.0066744271562948479 0.032819740753238381 0.26619018715444276 0.016434491034506376 0.19839984137015526 0.3420571909230003 1.0000000180025095e-35 0.14153283220103294 0.47203590693127612 0.55836967378293101 0.1767915614634834 0.015494373895054149 -0.50260694315957644 0.465572312584071 0.0152759851278279 0.34049175417551886 0.074063689283275932
decision_type=2 2 2 2 2 2 2 2 2 2 2 2 2 2 2 2 2 2 2 2 2 2 2 2 2 2 2 2 2 2
left_child=1 3 5 7 16 15 18 -1 11 10 17 -9 13 19 -8 -2 23 -5 -4 -6 21 -7 -22 -3 -25 -11 -24 -15 -17 -30
right_child=2 4 6 9 12 20 14 8 -10 25 -12 -13 -14 27 -16 28 -18 -19 -20 -21 22 -23 26 24 -26 -27 -28 -29 29 -31
leaf_value=0.034279961888991073 0.010446516156071596 0.020234891472620989 -0.0077746699477594973 0.036291387264474444 -0.0092187947689558354 -0.018788177690925986 -0.037304198620328181 0.083770788215884226 0.046473871557341562 -0.0064693710698954052 0.047255082357470495 0.056344314835965303 -0.0083909022644081226 0.023505903132884209 -0.052970755954726979 -0.01205017016303468 0.011704314624420689 0.022231580397888175 -0.033682504865805124 0.011217093243175045 -0.018678429463015133 -0.034546462832701741 0.04496270600082572 0.040388939850425964 0.0046514625019754953 0.025151587210891918 0.0014396671212949922 0.0080548268747105637 -0.008360286416982006 0.0064567591324672328
leaf_weight=782.25243540108204 1009.7547313719988 4591.598382383585 283.35511349886656 3049.6963830888271 1848.6085629090667 5775.3032418861985 1352.2381333932281 729.42098867893219 1283.1197299063206 166.89009099453688 1725.6756173819304 810.37284626066685 1727.6464834436774 769.20688313245773 4417.9139995872974 2768.5378100201488 3111.8582007959485 1517.2911115735769 5439.6895533427596 559.96638776361942 2120.2039476409554 1808.2160998880863 101.00400766730309 876.00497840344906 177.535918161273 3062.0676622986794 422.28428187221289 3860.6509303152561 1603.1990621313453 1299.8172524869442
leaf_count=4000 5394 24200 1510 16070 9261 28665 6274 3821 6575 809 9355 4275 8722 4040 18947 13817 16540 7901 25794 3037 10460 8369 618 4740 923 16028 2294 20204 8161 7009
internal_value=-0.000314594 0.022335 -0.0247572 0.0377171 0.010812 -0.0137951 -0.0408842 0.0535929 0.0589446 0.031706 0.0359079 0.0693366 0.00272876 0.00545818 -0.0492993 -0.00416438 0.0189037 0.0316203 -0.0323998 -0.00446768 -0.0200868 -0.0225456 -0.013033 0.0228723 0.0343667 0.0235172 0.00984039 0.0106219 -0.00676568 -0.001726
internal_weight=59051.4 30649.9 28401.5 13126.8 17523.1 16908.3 11493.2 3605.17 2822.91 9521.62 6292.66 1539.79 8766.08 7038.43 5770.15 6681.31 8757 4566.99 5723.04 2408.57 10227 7583.52 2643.49 5645.14 1053.54 3228.96 523.288 4629.86 5671.55 2903.02
internal_count=297813 160501 137312 68834 91667 84787 52525 18671 14671 50163 33326 8096 45264 36542 25221 34381 46403 23971 27304 12298 50406 37034 13372 29863 5663 16837 2912 24244 28987 15170
is_linear=0
shrinkage=0.1


Tree=28
num_leaves=31
num_cat=0
split_feature=11 11 11 4 11 3 4 16 0 14 10 10 20 9 12 16 11 11 3 10 0 10 14 11 0 3 9 20 11 3
split_gain=963.763 150.982 125.025 50.1864 38.0689 29.9692 33.5702 29.056 27.1513 27.894 26.2907 23.4865 22.1121 21.5913 19.7661 17.7089 18.803 17.3786 17.2709 15.7353 14.873 14.2979 13.5119 13.1751 13.0432 12.5931 11.7999 12.8659 11.1817 10.9722
threshold=0.023872542445391793 0.03673086094195193 0.018137898619162301 -0.0021987389177380297 0.027655069437185664 0.0086676862836911912 0.020891224617577645 1.0000000180025095e-35 -0.01771693951979136 0.086606253465007374 0.63532543258819485 0.31313518457368333 1.0000000180025095e-35 0.39621122457318519 0.094336956930607369 1.0000000180025095e-35 0.0095190039856763633 0.013026886122852693 0.077484688546808581 0.40092161853479585 -0.042639506594801528 0.48978713622143316 0.75663862796566672 0.014217954142410352 -0.040848103621259242 -0.3021758342499769 0.23382734133960806 1.0000000180025095e-35 0.015411694810743488 0.25027142212025716
decision_type=2 2 2 2 2 2 2 2 2 2 2 2 2 2 2 2 2 2 2 2 2 2 2 2 2 2 2 2 2 2
left_child=2 4 3 8 29 6 20 -8 9 23 -3 24 17 25 -15 16 -7 -10 -17 -16 -5 -6 -12 -1 -4 -13 -26 -28 -11 -2
right_child=1 10 11 5 21 15 7 -9 12 28 22 13 -14 14 19 18 -18 -19 -20 -21 -22 -23 -24 -25 26 -27 27 -29 -30 -31
leaf_value=0.12289214674463711 -0.0068259194985093169 -0.021889464260827562 0.046230384640144701 0.09493478082032776 -0.012395341811962696 -0.012038597395416609 0.025034251227824308 0.12820433648759497 0.027262484788010705 0.036031030567307581 -0.034675871356439368 0.064537005063675865 0.0037507566755762781 -0.0010727039963660996 0.026833234162057573 0.0040847388526275971 0.0097474619437667061 0.015425581793603774 -0.017709733946025302 0.006382460061072532 0.013801458607155086 -0.021121367753046377 -0.048532852154348584 0.054684368872066846 -0.0036567656371954277 -0.0045895372554173438 0.0066168786700918254 0.021568063711886604 0.018360454050760651 -0.030161851257303796
leaf_weight=40.614426746964455 6227.9175884574652 1204.7218848466873 86.779235377907753 22.657973527908325 2979.1128808930516 419.47638453543186 63.634095698595047 47.805379591882229 1925.5226433128119 755.31121508777142 2141.6611154600978 26.461974695324898 1045.3384808301926 2227.6085312068462 568.04107496142387 1148.6565260738134 7126.9341561123729 3485.5808784216642 531.99820536375046 1114.2014017701149 8049.2824046239257 5079.280457213521 1048.0374222844839 93.549158737063408 832.81626933813095 6442.0402199774981 2956.3037246465683 714.70316292345524 680.95167911052704 208.22195053845644
leaf_count=230 28640 5036 408 114 13308 2837 312 229 11456 4024 8562 135 5834 10673 3088 6430 40560 18462 2887 5521 45408 21609 4010 471 4122 30827 14796 3561 3360 903
internal_value=0.000408312 -0.0182381 0.00912507 0.0133922 -0.0133154 0.0103762 0.0147818 0.0692922 0.0199339 0.0317265 -0.0344753 0.00187379 0.0170655 -0.000760626 0.00510612 0.00646902 0.00853646 0.0196377 -0.00281413 0.0132881 0.0140292 -0.0178954 -0.0392289 0.0753324 0.00782962 -0.00430675 0.00708972 0.0095277 0.0276532 -0.00758088
internal_weight=59295.2 18889 40406.3 25437.3 14494.5 17410.4 8183.38 111.439 8026.87 1570.43 4394.42 14969 6456.44 10378.4 3909.85 9227.07 7546.41 5411.1 1680.65 1682.24 8071.94 8058.39 3189.7 134.164 4590.6 6468.5 4503.82 3671.01 1436.26 6436.14
internal_count=297813 82068 215745 142614 64460 98777 46063 541 43837 8085 17608 73131 35752 50244 19282 52714 43397 29918 9317 8609 45522 34917 12572 701 22887 30962 22479 18357 7384 29543
is_linear=0
shrinkage=0.1


Tree=29
num_leaves=31
num_cat=0
split_feature=10 11 11 10 10 0 11 0 16 18 12 3 0 1 3 14 19 0 0 0 1 1 8 14 14 12 9 16 1 16
split_gain=3115.05 585.591 492.537 127.584 126.06 100.27 81.6488 69.8484 74.3032 70.1841 63.7115 63.4561 57.4004 54.9958 53.7351 43.852 42.0593 38.3381 36.8495 35.9741 35.225 33.6265 47.147 38.7375 30.4038 28.6981 26.8695 26.7239 26.3441 24.8325
threshold=0.31313518457368333 0.023872542445391793 0.013363303369764096 0.249200893280554 0.43982130456435059 -0.049328071058011728 0.01495544840998895 -0.018460609938768521 1.0000000180025095e-35 1.0000000180025095e-35 0.038397165082119739 -0.34446840077022362 0.046398833649391062 -0.011469799712694016 -0.10375446163314626 0.72623452471757488 1.0000000180025095e-35 -0.012351263564243984 -0.015708858404228417 -0.0010886457015093496 -0.048280509630729933 -0.12782589635188366 0.18644512570305402 0.49764784840003568 0.099059499340810625 0.12783168978512846 0.54646667289788142 1.0000000180025095e-35 -0.056777531826780241 1.0000000180025095e-35
decision_type=2 2 2 2 2 2 2 2 2 2 2 2 2 2 2 2 2 2 2 2 2 2 2 2 2 2 2 2 2 2
left_child=2 6 10 19 17 21 25 9 13 28 -1 -7 -13 -9 -10 18 -12 -3 -5 -4 -11 23 -23 -6 -19 -2 -26 -21 -8 -20
right_child=1 4 3 15 5 11 7 8 14 20 16 12 -14 -15 -16 -17 -18 24 29 27 -22 22 -24 -25 26 -27 -28 -29 -30 -31
leaf_value=-0.062089744293604587 -0.011516409805148287 0.025879639385213943 -0.023244647329899809 0.0072228903898889085 0.044876579751638349 0.073779700614292273 0.026747481516915833 0.0069818469583314254 0.050710308746116789 0.014050875931988272 -0.038397327166411976 0.02531677285488575 0.043600087743012356 -0.010008495286157652 0.0090804855957178614 -0.025051698488748022 -0.067165935935933965 0.032164647869027306 -0.015577535388496488 -0.044154493106510102 0.065076795628849729 0.029167523007579261 0.069092246637190227 0.099880207423858836 0.0060391621165112978 -0.046491942968996787 -0.03623309680231105 -0.020964957161712896 0.0018164147247439954 0.00099624062612048469
leaf_weight=3426.1053070127964 532.05897519737482 1633.0968288183212 2594.62939106673 1211.9005567878485 233.42030857503414 303.31168669462204 598.31037376821041 2829.4092098399997 365.90777572244406 204.27033736556768 3077.5282551124692 13746.352521747351 1962.252316057682 5832.0370932593942 2031.5659543946385 2123.8358287215233 608.70152807980776 433.04106872528791 4268.3531289324164 2380.6377511397004 400.64030326902866 759.95996259152889 484.25685331225395 283.61623886227608 2935.7122941166162 419.6175142750144 158.48287983238697 628.05844141542912 1453.4677006602287 1146.9348162412643
leaf_count=28893 3508 6369 16850 6454 599 841 2630 13849 1526 873 23723 46482 5927 30508 9307 12621 5225 1772 25076 16149 1675 2203 1313 659 12163 3057 735 3975 6703 6148
internal_value=-0.000360323 0.0169914 -0.0307534 -0.0200911 0.0269716 0.0309665 0.00138657 0.00335191 -0.000145811 0.0179118 -0.0522724 0.0284754 0.0276006 -0.00445831 0.0154341 -0.0125471 -0.0431478 0.0132122 -0.00853973 -0.0318729 0.047846 0.0536137 0.0447065 0.0750484 0.00734726 -0.026938 0.003874 -0.0393137 0.00908646 -0.0120673
internal_weight=59067.5 37600.8 21466.7 14354.3 22933.5 17773.2 14667.3 13715.6 11058.9 2656.69 7112.34 16011.9 15708.6 8661.45 2397.47 8751.02 3686.23 5160.33 6627.19 5603.33 604.911 1761.25 1244.22 517.037 3527.24 951.676 3094.2 3008.7 2051.78 5415.29
internal_count=297813 152699 145114 87273 79063 58024 73636 67071 55190 11881 57841 53250 52409 44357 10833 50299 28948 21039 37678 36974 2548 4774 3516 1258 14670 6565 12898 20124 9333 31224
is_linear=0
shrinkage=0.1


Tree=30
num_leaves=31
num_cat=0
split_feature=11 11 11 11 11 11 4 20 4 13 20 4 18 17 16 3 18 3 4 3 4 4 19 11 20 1 4 10 15 11
split_gain=2899.2 486.892 458.271 106.938 96.2946 82.6315 58.5058 44.5668 44.2376 48.7316 39.4831 39.2411 44.2421 37.7241 37.6872 43.1116 37.1804 42.4766 36.9912 36.6795 49.829 48.1977 35.3404 31.415 31.9505 29.8085 28.5334 31.6779 28.2971 25.768
threshold=0.019315247832425959 0.029765625486022382 0.015213159104029967 0.011725685668741534 0.041854799366944563 0.023150662686846141 -0.00042739968964911052 1.0000000180025095e-35 0.038310204041673408 0.12806247398289758 1.0000000180025095e-35 0.0063266269428714503 1.0000000180025095e-35 1.0000000180025095e-35 1.0000000180025095e-35 -0.10615290884535698 1.0000000180025095e-35 -0.0098249851393070724 0.0029712173230989074 0.13758058831636413 0.025040920242205281 0.0028986977719234201 1.0000000180025095e-35 0.016705398694568562 1.0000000180025095e-35 -0.1795652321955101 -0.0021987389177380297 0.38004261077044349 0.86554620329594856 0.049167998342977186
decision_type=2 2 2 2 2 2 2 2 2 2 2 2 2 2 2 2 2 2 2 2 2 2 2 2 2 2 2 2 2 2
left_child=2 5 3 -1 7 6 13 14 9 25 11 -7 -13 -2 22 -16 17 -8 -18 21 -21 -9 -3 -4 26 -6 -25 -28 -15 -10
right_child=1 4 23 -5 8 10 16 19 29 -11 -12 12 -14 28 15 -17 18 -19 -20 20 -22 -23 -24 24 -26 -27 27 -29 -30 -31
leaf_value=-0.055247597358416868 -0.0121563754330372 0.039701016823220511 -0.020403442138688877 -0.034909985537149732 -0.030861397314409129 0.012700489646566296 -0.0086740194978119824 0.019000253349049725 0.052561168972088027 0.056770533654153847 0.0020062849610668894 0.018879343778484103 0.046522068772244463 0.0048988050606609901 -0.0083665382952435169 0.026848660021448659 -0.00047633151280869804 0.011727569935563877 0.035110808132684183 0.027127952435091397 0.13892406409971378 -0.020181701869687995 0.023350347482470349 -0.015855135743390428 -0.023143290694541529 0.035392979022557003 -0.0055666980755881348 0.017686987503281407 0.064035434349982351 0.1195653815324812
leaf_weight=3786.2104150280356 3313.1164609417319 4128.3852726221085 4107.2487744390965 8152.1009905263782 70.439235746860504 6989.7545199915767 1651.5787848904729 893.07437600195408 106.52105262875557 1543.2534039616585 2225.5878647640347 2083.0603609606624 801.87809731066227 856.84670101106167 459.10357528924942 1431.9428282380104 439.68570880591869 2670.8553575277328 870.10880800336599 400.59463876485825 44.274785414338112 484.13562674820423 1944.5484129190445 2063.8814573660493 1392.5189865455031 1888.5453531444073 3223.0123901516199 715.97050173580647 89.352934315800667 124.45266878604889
leaf_count=33837 16868 12924 25734 59551 157 28031 8081 2980 245 3832 9327 7977 2937 4047 1454 4499 2089 12865 3869 1278 111 1719 6373 11505 8184 4925 18007 3592 367 247
internal_value=-0.000340316 0.0176772 -0.0276354 -0.04136 0.0326116 0.00849642 0.00171676 0.0273989 0.0462759 0.0434804 0.0140385 0.0167504 0.0265627 -0.00712701 0.0306268 0.0182992 0.00840477 0.00393223 0.0231645 0.0132904 0.0382542 0.00522648 0.0344655 -0.0133909 -0.0094963 0.0330107 -0.00633053 -0.00133998 0.0104833 0.0886642
internal_weight=58952 35511.1 23440.9 11938.3 13519.3 21991.8 9891.54 9786.06 3733.21 3502.24 12100.3 9874.69 2884.94 4259.32 7963.98 1891.05 5632.23 4322.43 1309.79 1822.08 444.869 1377.21 6072.93 11502.6 7395.38 1958.98 6002.86 3938.98 946.2 230.974
internal_count=297612 137202 160410 93388 40744 96458 48186 31338 9406 8914 48272 38945 10914 21282 25250 5953 26904 20946 5958 6088 1389 4699 19297 67022 41288 5082 33104 21599 4414 492
is_linear=0
shrinkage=0.1


Tree=31
num_leaves=31
num_cat=0
split_feature=11 11 11 19 1 4 20 16 0 0 8 13 10 9 13 4 15 0 15 11 4 7 4 10 10 4 7 11 12 15
split_gain=707.63 105.167 96.2274 95.2077 50.8223 35.0231 38.9681 45.8615 30.5687 26.5804 24.1758 23.3618 21.6506 21.5853 21.4154 21.2803 20.9153 16.2932 16.1093 15.66 15.7947 15.4019 16.3923 14.9827 14.3121 14.0605 13.9014 13.3381 11.8942 10.9367
threshold=0.025630978737169876 0.017634069056500098 0.040886424068772374 1.0000000180025095e-35 -1.0000000180025095e-35 0.0021502549931358144 1.0000000180025095e-35 1.0000000180025095e-35 -0.03509131028849332 -0.011860990356615806 0.088562967060768882 0.072311348096952652 0.45664573186682661 0.61637627387874161 -0.54046118429958467 0.0072249063846836501 0.69734635295604419 0.019852657582660086 0.040980857831986545 0.021458075044251419 0.0032916789808696838 0.01980134400393652 0.020891224617577645 0.28114724304192451 0.54858983499071534 0.027226260699225409 -0.24537785248312896 0.032819740753238381 0.23574600295936013 0.14098692424536086
decision_type=2 2 2 2 2 2 2 2 2 2 2 2 2 2 2 2 2 2 2 2 2 2 2 2 2 2 2 2 2 2
left_child=1 3 8 5 10 6 7 -1 -2 29 15 17 26 27 -8 -5 19 -6 -15 20 -11 22 -7 -23 -4 -18 -10 -14 -26 -3
right_child=2 9 24 4 11 21 14 -9 12 16 -12 -13 13 18 -16 -17 25 -19 -20 -21 -22 23 -24 -25 28 -27 -28 -29 -30 -31
leaf_value=-0.0025618627563540651 -0.026816815888025199 -5.2336892139956557e-05 -0.0093951626203195512 0.02448811569429336 0.036351206261113204 0.010654380358139917 -0.042662161322060077 0.012313604882368982 -0.066414287023192783 0.0067312794772202804 -0.0038574723202192485 0.018806387117701464 -0.016455135435084662 0.046364705012243587 0.016993052373147674 -0.011457531881549528 0.00068758419283836483 0.063042481109470014 -0.0097916629913512715 0.0019178192534182747 0.018690334617659173 0.023239529858762438 -0.032155667983870533 0.0085612361386124946 -0.042382576809026504 -0.022136203560723967 -0.005171811161593297 -0.02876625617484076 -0.028063041860815482 -0.0090343894938697666
leaf_weight=6446.2076781392097 1669.651907928288 2897.2594662606716 201.94159822911024 1298.2780216187239 1490.8925279453397 3411.9563079550862 61.537121571600437 3054.6944476589561 37.462419226765633 3158.19319524616 599.65358620136976 696.1254805997014 3372.3619645535946 51.955500870943069 2722.2634254097939 188.6256941780448 6154.6040255278349 270.14030702412128 3043.0045133382082 3217.5475327819586 1698.2176936939359 2403.4309551641345 91.850997619330883 978.53826127201319 1565.5220874100924 282.29452767968178 3485.5559516176581 1190.774331651628 921.51008962094784 2547.6304420977831
leaf_count=37020 7135 13714 839 7468 8378 19271 305 17127 137 15842 3404 3829 14498 253 15858 1086 29660 1428 13495 15297 8433 13644 499 5076 5984 1236 15842 4769 3724 12361
internal_value=0.000531222 0.00705257 -0.0177951 0.0115543 0.0245693 0.00846954 0.0052695 0.00222084 -0.0141955 0.001703 0.0130924 0.0343151 -0.0123108 -0.0152954 0.0156743 0.0199281 0.0039386 0.0404456 -0.00884896 0.00732845 0.0109132 0.0141786 0.00953213 0.0189925 -0.0349979 -0.000313368 -0.00582304 -0.0196678 -0.0370768 -0.00425498
internal_weight=59209.7 43669.9 15539.7 23714.2 4543.72 19170.5 12284.7 9500.9 12850.8 19955.7 2086.56 2457.16 11181.1 7658.1 2783.8 1486.9 14510.9 1761.03 3094.96 8073.96 4856.41 6885.78 3503.81 3381.97 2688.97 6436.9 3523.02 4563.14 2487.03 5444.89
internal_count=297612 230936 66676 134393 25593 108800 70310 54147 56129 96543 11958 13635 48994 33015 16163 8554 70468 9806 13748 39572 24275 38490 19770 18720 10547 30896 15979 19267 9708 26075
is_linear=0
shrinkage=0.1


Tree=32
num_leaves=31
num_cat=0
split_feature=11 11 11 11 11 11 12 0 16 12 1 19 1 4 4 0 11 15 16 15 4 2 0 11 0 0 19 0 14 12
split_gain=2673.25 459.576 416.989 111.366 73.1646 64.4774 53.4682 35.2448 31.8663 30.7421 27.9654 23.9419 24.6543 23.9003 23.0093 22.8281 21.8704 21.532 19.8322 19.6042 17.3175 17.1557 15.6944 15.2206 15.0855 14.4227 14.3455 13.2609 12.8712 12.2344
threshold=0.019315247832425959 0.028033746015665811 0.012400374859539176 0.01508424810658728 0.02226660700058249 0.038556907547868433 0.020076797725911921 -0.010671878687074974 1.0000000180025095e-35 0.2227329242575449 0.016926121838682032 1.0000000180025095e-35 0.009067796012390163 0.016561029304803302 0.008767409650220161 -0.020046659205335878 0.0085175125003365878 0.89647057653788031 1.0000000180025095e-35 0.46053086481046029 0.015421366868544341 0.0078449112346199463 0.024985545830293002 0.031855388646642287 -0.017374165606671928 -0.015094859086016042 1.0000000180025095e-35 -0.040848103621259242 0.76444895083418407 0.024994927305518447
decision_type=2 2 2 2 2 2 2 2 2 2 2 2 2 2 2 2 2 2 2 2 2 2 2 2 2 2 2 2 2 2
left_child=2 4 6 10 20 23 16 19 17 11 24 12 -8 15 -10 -6 -1 -9 21 26 27 -12 -13 25 -4 -3 -5 -2 -7 -17
right_child=1 5 3 7 13 28 9 8 14 -11 18 22 -14 -15 -16 29 -18 -19 -20 -21 -22 -23 -24 -25 -26 -27 -28 -29 -30 -31
leaf_value=0.095822179775945981 -0.026460672942263976 -0.039096672924920951 0.0050043672553971141 -0.0066624124277309005 -0.02656603985333459 -0.046949140813862193 0.027807156585016951 0.014465199402514579 0.0037245010664894171 0.091344877416490541 0.052171867209805982 0.045441274243352751 0.040836257315307378 -0.035394464143078716 -0.023879705897895488 0.054092126484267922 0.054418936251812745 -0.0025411597082576859 0.012633356823956067 0.03310252109370488 -0.023969675000940476 0.029553909316987662 0.11185920620418587 -0.03862831964253851 0.019452417391397008 -0.025632094343449464 0.010765558730973665 -0.0032045839985319286 -0.060964751529592333 -0.014534911502181454
leaf_weight=152.67982064187527 254.33260248601437 1129.0857850462198 836.74623584002256 2655.8498539999127 1934.422205530107 2245.8211482092738 4008.8909638077021 7184.5418180674314 1597.7387398853898 98.479062452912331 407.01680207252502 1302.0794832259417 2277.3623778820038 764.4189248085022 372.33010797202587 26.075566425919533 776.12458379566669 830.56330385059118 564.79614989459515 152.71910381317139 464.68069475144148 1904.6614094525576 36.576879739761353 3666.6093918681145 5300.9989776983857 2692.9434392750263 574.46542856842279 6818.7434368878603 925.15073303878307 6883.9251563474536
leaf_count=766 1277 5337 4291 13337 9447 10243 20112 37800 8281 520 2246 6914 11754 3621 1802 157 4014 4162 2912 859 2252 10020 210 17430 27279 13353 3131 35180 3826 35079
internal_value=-0.000263017 -0.0227811 0.0199126 0.0127057 -0.0126446 -0.0390863 0.0385562 0.00691344 0.00990217 0.0358301 0.0212958 0.0351131 0.0325273 -0.0184302 -0.00149251 -0.016964 0.0612249 0.0127029 0.029432 -0.00190791 -0.00526938 0.0335362 0.047256 -0.0340254 0.0174827 -0.0296097 -0.0035631 -0.00404082 -0.0510383 -0.0142759
internal_weight=58840.8 27806.2 31034.6 22382.4 17146.6 10659.6 8652.19 13368.2 9985.17 7723.39 9014.22 7624.91 6286.25 9608.84 1970.07 8844.42 928.804 8015.11 2876.47 3383.03 7537.76 2311.68 1338.66 7488.64 6137.75 3822.03 3230.32 7073.08 3170.97 6910
internal_count=297612 137202 160410 116120 87013 50189 44290 69372 52045 39510 46748 38990 31866 48304 10083 44683 4780 41962 15178 17327 38709 12266 7124 36120 31570 18690 16468 36457 14069 35236
is_linear=0
shrinkage=0.1


Tree=33
num_leaves=31
num_cat=0
split_feature=11 11 11 4 11 18 6 4 15 4 11 4 5 17 14 10 6 18 6 17 5 15 6 14 10 15 12 4 9 9
split_gain=788.947 200.756 77.8439 50.6994 43.667 38.0529 34.4625 33.3639 31.166 30.5302 28.9412 25.8193 25.232 24.2065 20.996 20.3181 19.1597 18.3049 17.6065 20.6097 16.9952 16.8042 14.6402 14.4304 14.0356 13.3845 12.3612 11.3149 14.3328 10.936
threshold=0.021856782620109701 0.03475737378010578 0.015213159104029967 -0.0045596395240519163 0.027655069437185664 1.0000000180025095e-35 -0.013563016450306662 0.018003236940270288 0.54731545755391997 0.00084882970776423161 0.044266078902156177 0.00066591891405787262 0.025101386829484821 1.0000000180025095e-35 0.32292719315246937 0.37798465335617565 0.0054914015350359122 1.0000000180025095e-35 -0.013563016450306662 1.0000000180025095e-35 0.035289646412678739 0.077155325690158857 -0.0084869117145753275 0.17522660584780564 0.59650365257766114 0.10943270786663724 0.1396212959574252 0.012595952066837725 0.57128407680397331 0.60796057998972763
decision_type=2 2 2 2 2 2 2 2 2 2 2 2 2 2 2 2 2 2 2 2 2 2 2 2 2 2 2 2 2 2
left_child=2 4 3 14 21 6 7 -5 -8 -7 24 13 -11 15 20 23 -15 18 19 -13 -1 -2 -19 -4 29 -6 -17 28 -23 -3
right_child=1 10 11 5 25 9 8 -9 -10 12 -12 17 -14 16 -16 26 -18 22 -20 -21 -22 27 -24 -25 -26 -27 -28 -29 -30 -31
leaf_value=0.043029979325023004 -0.016488410998691912 -0.025498600783103145 0.022936526940935432 0.017830428076402925 -0.024218574650904365 0.032651781482072394 -0.00065325048584073122 0.12718894683313073 0.012034581993302262 0.0062261143461800877 -0.041718791803281502 0.016118400457494665 0.039862672269697724 -0.008882854965680663 0.021095272359657507 -0.0042692739590207167 0.0093494753727614288 -0.018090375041537082 0.00045876690386403228 -0.00567870117027321 -0.026437185076776965 -0.0035719048739607817 -0.00068997566450808387 0.011368581117594395 -0.030671761020268841 -0.013193163047863665 0.012822962951657444 -0.012367441134720127 0.013079176841105995 -0.006576637368394431
leaf_weight=806.90531349182129 1177.8650354221463 728.07135009020567 1379.6420253589749 2620.3724120333791 1377.3871500715613 1409.6243983656168 3817.8279436528683 28.198115959763527 3927.739843249321 1250.2701141685247 1769.5474829524755 1809.4156055003405 271.4274704605341 1235.7316520959139 1935.7031120806932 1166.6137539744377 1080.2064732089639 738.36356686800718 5045.9760930687189 570.57088965922594 36.82537516951561 7764.9981294423342 1401.0551539734006 4938.2387299537659 2339.2017472460866 5488.5279356613755 663.91480702161789 1339.2166366130114 553.81830897927284 526.18306974321604
leaf_count=4514 5250 3077 7094 15047 5788 8128 22717 141 23432 6902 7038 8974 1583 5981 10724 5611 5210 3541 25978 2975 200 36501 6943 25338 9758 24505 3448 5958 2916 2340
internal_value=0.000148828 -0.0143006 0.00937196 0.0145481 -0.00916548 0.0119857 0.00914781 0.0189947 0.00578069 0.0220484 -0.0312504 0.00521006 0.0122259 0.0086427 0.0268334 0.0112068 -0.000378879 0.0014548 0.00380284 0.0108928 0.039998 -0.00521195 -0.00669526 0.0138947 -0.0260954 -0.015405 0.00192991 -0.00383671 -0.00246337 -0.0175605
internal_weight=59199.4 23064.8 36134.6 16104.9 17701.8 13325.5 10394.1 2648.57 7745.57 2931.32 5363 20029.7 1521.7 10464.3 2779.43 8148.41 2315.94 9565.38 7425.96 2379.99 843.731 10835.9 2139.42 6317.88 3593.46 6865.92 1830.53 9658.03 8318.82 1254.25
internal_count=297612 103131 194481 93388 80918 77950 61337 15188 46149 16613 22213 101093 8485 52682 15438 41491 11191 48411 37927 11949 4714 50625 10484 32432 15175 30293 9059 45375 39417 5417
is_linear=0
shrinkage=0.1


Tree=34
num_leaves=31
num_cat=0
split_feature=11 11 11 11 13 3 0 0 13 1 13 1 0 8 16 11 16 11 18 16 16 4 18 13 2 3 11 16 16 0
split_gain=2515.38 547.823 353.313 132.291 87.7051 78.2161 68.8643 72.3335 66.7137 93.2442 63.4297 80.1418 57.8423 57.3991 55.4345 51.8172 50.8542 55.015 50.705 49.5575 48.6681 45.2926 44.3759 64.1983 41.708 39.3812 37.6809 36.4195 36.1734 33.0253
threshold=0.017276078044138322 0.027469384173316718 0.013363303369764096 0.021175293406294277 -0.50260694315957644 -0.34446840077022362 0.044320313784533834 -0.016018897201792944 0.18918338318380998 -0.039195831299963839 -0.3545296027182297 0.0082633052920035883 -0.0090900163848224285 2.4002236179480856 1.0000000180025095e-35 0.010938408949677425 1.0000000180025095e-35 0.015411694810743488 1.0000000180025095e-35 1.0000000180025095e-35 1.0000000180025095e-35 0.016561029304803302 1.0000000180025095e-35 -0.39047109645206496 -0.067822596382716357 -0.032886082790214204 0.042979910437058046 1.0000000180025095e-35 1.0000000180025095e-35 -0.015094859086016042
decision_type=2 2 2 2 2 2 2 2 2 2 2 2 2 2 2 2 2 2 2 2 2 2 2 2 2 2 2 2 2 2
left_child=2 3 4 12 27 -3 7 -5 9 26 11 18 22 28 -11 -6 17 -12 -4 -9 24 -22 -2 -24 -14 -18 -7 -1 -10 -19
right_child=1 5 10 6 15 8 -8 19 13 14 16 -13 20 -15 -16 -17 25 29 -20 -21 21 -23 23 -25 -26 -27 -28 -29 -30 -31
leaf_value=0.015576370421467943 0.00032154296989611868 0.071723940505885486 0.0091000695313824421 0.021233195302078383 -0.063361347470652071 0.038548938771005792 0.041683455850849926 0.00039663194877163021 0.0082435484145465532 0.020254069090191045 -0.034742230634423756 -0.033732704139820879 -0.041702320509394791 0.050875373796515667 0.040708081849490145 -0.044999564084903618 0.013354722994662518 0.0017960601793131318 0.074526190266100412 0.018053171695481544 0.00093578409610938862 0.06110400885588 0.13057277749237836 0.019501554992928941 -0.011023246740955067 -0.01748106132299521 0.064096224111952843 -0.069471794521395777 0.03157332788083881 -0.022160422704510657
leaf_weight=282.43402040749788 2665.8924019113183 386.43325699865818 449.74550025165081 3432.901195757091 2352.1043569147587 2847.5910074487329 671.42157407850027 7280.4336591362953 3482.9256111830473 6569.003082357347 3781.9140111878514 349.1787134334445 483.08901198208332 433.40989924967289 1659.8222805559635 4434.3622604012489 594.31978534162045 706.66759141534567 160.806979611516 2033.6776975765824 1497.6799962893128 136.51407969743013 56.192254699766636 703.88379409909248 5357.9018734619021 1366.3668899312615 724.1606181114912 61.274117521941662 821.33931104838848 3098.8018020093441
leaf_count=1807 13539 996 2632 13772 22241 8954 2664 33036 11488 21608 26976 2269 2736 1169 5041 35983 3440 4014 805 8261 7394 575 224 3456 29722 8422 1786 468 2610 19524
internal_value=-8.02545e-05 0.0134359 -0.0316861 0.00382151 -0.0488676 0.027251 0.0104692 0.00882508 0.0262119 0.0302362 -0.0200274 0.00447865 -0.00436129 0.0161881 0.0243798 -0.0513635 -0.0224906 -0.0262006 0.026332 0.00425183 -0.00929266 0.005962 0.00639854 0.027713 -0.0135606 -0.00813417 0.0437286 0.00041452 0.0126953 -0.0177118
internal_weight=58882.2 41244.3 17638 24319.6 7130.17 16924.7 13418.4 12747 16538.3 11800.6 10507.8 959.731 10901.2 4737.67 8228.83 6786.47 9548.07 7587.38 610.552 9314.11 7475.18 1634.19 3425.97 760.076 5840.99 1960.69 3571.75 343.708 4304.26 3805.47
internal_count=297612 169031 128581 115379 60499 53652 57733 55069 52656 37389 68082 5706 57646 15267 26649 58224 62376 50514 3437 41297 40427 7969 17219 3680 32458 11862 10740 2275 14098 23538
is_linear=0
shrinkage=0.1


Tree=35
num_leaves=31
num_cat=0
split_feature=11 11 11 14 11 4 11 11 3 10 12 15 14 11 6 4 1 4 9 9 0 9 14 10 12 14 1 19 7 6
split_gain=2312.99 429.688 337.109 95.3812 85.0298 59.2105 57.3592 53.7086 52.7229 50.2666 50.4472 38.9474 38.2228 36.982 35.6808 37.9694 34.3221 34.3158 33.7017 31.0327 30.9907 29.7778 34.1736 33.9908 29.3817 26.6967 26.2673 31.9684 25.9723 25.6
threshold=0.018440348147021546 0.02710338517817372 0.012958842223343739 0.52081935123042522 0.016230311593012286 0.0046852512267863142 0.038556907547868433 0.021856782620109701 -0.032886082790214204 0.94592159475879167 0.41829568279696122 0.093257306703757231 0.98993626186650119 0.011646424021932592 0.013476056122001647 0.017291526681357808 -0.15564257615625296 -0.019780248449019929 0.35916037886355551 0.58440587207463712 0.042474889388894217 0.14730878452792062 0.29113506413960116 0.23128040674584552 0.14738772136126807 0.28710550683613006 -0.0080916538602218129 1.0000000180025095e-35 0.1549592090013299 -0.067389649257137238
decision_type=2 2 2 2 2 2 2 2 2 2 2 2 2 2 2 2 2 2 2 2 2 2 2 2 2 2 2 2 2 2
left_child=2 5 13 9 21 7 26 18 20 -3 -11 -9 -6 -1 28 -16 17 -8 -2 -13 25 -4 -23 -24 -20 -7 27 -5 -10 -18
right_child=1 3 4 6 12 8 16 11 14 10 -12 19 -14 -15 15 -17 29 -19 24 -21 -22 22 23 -25 -26 -27 -28 -29 -30 -31
leaf_value=-0.053699617387754028 -0.0005584506155681771 0.0163907989268142 0.0027228421828679747 0.024764055461431969 -0.010896187120129462 -0.016675346908232084 -0.048206691814058074 0.022850036953976777 0.029328090950496745 0.068146785275913224 0.011868793354399798 0.0049356112501356885 0.068322675270574687 -0.038022324973153339 0.0064885161177747359 0.032822372755286593 0.063785190266403835 0.033208851603233912 -0.011370108515854653 -0.02689875038334404 -0.048331560867523771 -0.037198240871032955 -0.034407806439567312 -0.017437011560243125 -0.045279623493324761 0.0095545892211832059 0.03291198629584758 -0.0043673104961369953 0.11046550503962474 0.041657233235596391
leaf_weight=3474.0265736505389 4094.6992847174406 8448.132422529161 354.67509295791388 1937.013417750597 6174.5890669152141 541.8598957657814 75.789415702223778 1216.0580911114812 1328.6777803525329 388.54839155077934 269.93516363203526 5891.9126390591264 61.513558499515057 2654.3812183514237 2439.7675864845514 705.9546078518033 681.43391604721546 163.35329332947731 2021.4163622558117 323.0030710324645 130.11559624969959 2282.9244653210044 1704.832294113934 3835.1964806690812 292.50028160959482 1366.7980745434761 3220.136747866869 467.64937610924244 40.659265503287315 2246.2381731420755
leaf_count=32631 21485 28535 2574 6239 35817 2533 166 4918 5799 935 814 25689 301 21001 11172 2769 1624 380 10308 1502 534 16297 13128 25545 1607 6065 10243 1594 131 5347
internal_value=-0.000192344 0.0143303 -0.0272632 0.0256377 -0.0189101 0.0044063 0.0330674 0.000698292 0.0122364 0.018465 0.0450765 0.00648351 -0.0101148 -0.0469094 0.0182635 0.0123983 0.0438323 0.00740653 -0.00600983 0.00328111 -0.00111106 -0.0256173 -0.0269022 -0.0226594 -0.0156566 0.00210802 0.0270067 0.0190987 0.0317373 0.0468077
internal_weight=58833.8 38291.7 20542.1 17898.2 14413.7 20393.4 8791.61 13839.6 6553.83 9106.62 658.484 7430.97 6236.1 6128.41 4515.06 3145.72 3166.81 239.143 6408.62 6214.92 2038.77 8177.63 7822.95 5540.03 2313.92 1908.66 5624.8 2404.66 1369.34 2927.67
internal_count=297683 150389 147294 55877 93662 94512 25593 65509 29003 30284 1749 32109 36118 53632 19871 13941 7517 546 33400 27191 9132 57544 54970 38673 11915 8598 18076 7833 5930 6971
is_linear=0
shrinkage=0.1


Tree=36
num_leaves=31
num_cat=0
split_feature=11 11 11 19 3 16 10 0 1 15 2 4 13 2 18 4 4 9 0 11 12 9 10 11 10 0 9 0 12 3
split_gain=575.131 91.6099 87.845 72.6096 36.7105 52.7218 35.4358 32.8227 30.562 32.776 27.9692 27.5277 23.1909 21.514 23.0644 19.9759 19.7637 23.9971 19.601 19.2568 18.0415 18.3639 23.042 21.2075 16.3476 16.295 15.4857 14.2493 13.6591 12.3743
threshold=0.025630978737169876 0.041854799366944563 0.016299821547737164 1.0000000180025095e-35 0.054668064722862127 1.0000000180025095e-35 0.51407239752620992 -0.013105899021732091 -1.0000000180025095e-35 0.53559437468427518 0.015659805993969437 0.0033786370125059588 -0.065385237393707454 -0.039977781683947049 1.0000000180025095e-35 0.00020304252487890476 0.023400271604090864 0.55254159705331907 0.019852657582660086 0.020369171135261037 0.16867037261255421 0.70315310071714898 0.65367146951498656 0.03475737378010578 0.61904819027644231 -0.03929121397739755 0.60796057998972763 0.015494373895054149 0.028977653372638867 -0.075256770686996863
decision_type=2 2 2 2 2 2 2 2 2 2 2 2 2 2 2 2 2 2 2 2 2 2 2 2 2 2 2 2 2 2
left_child=2 6 3 4 13 11 25 28 9 10 -5 -6 18 -1 -15 -7 17 19 -10 -9 -8 23 -23 -22 -3 -2 -27 -11 -4 -14
right_child=1 24 7 8 5 15 20 16 12 27 -12 -13 29 14 -16 -17 -18 -19 -20 -21 21 22 -24 -25 -26 26 -28 -29 -30 -31
leaf_value=0.015556288429643451 -0.024272603668693916 -0.013267915725553331 0.023967797680188366 0.031150305747394053 0.0036640005719078047 0.050731977356903338 -0.02223294799356625 0.0073265995879914269 0.037767515089543013 -0.012430348659138987 -0.010818582769417742 0.024292673046693192 0.082735841206529215 0.0065479831619175977 -0.0043457167418738986 0.02150732792080258 -0.014554756327115862 0.027169938507101383 0.080025445191251723 0.00064327270165421256 -0.01228231245389862 0.01787924996426651 -0.011524267613343006 -0.039114357511460703 -0.03787200097988061 -0.0072734843672861496 0.013760110986202161 0.026894483530784837 -0.0050664072157403936 0.019970830178833766
leaf_weight=1813.8666974753141 525.92578852176666 312.03258939832449 166.74630434066057 934.18358401954174 2050.6338104382157 508.81829145550728 4014.3381551131606 9496.2405104786158 838.57916577905416 484.4440074712038 191.30923415720463 944.98715356737375 32.3990179002285 7516.813025444746 2621.2774249911308 432.86190298199654 538.15340759605169 470.91713959723711 126.29569445550442 7895.8616429790854 1139.4169937670231 373.96139637380838 927.58656581491232 397.26782168447971 2006.9588373824954 5210.153512455523 375.2368545383215 113.78425101190805 5731.6031329855323 1030.3014076426625
leaf_count=10431 2335 1346 880 5420 11840 2876 17008 47954 4702 2857 1052 5242 183 43161 15258 2347 2438 2514 660 37178 4964 1873 4098 1539 8053 23598 1842 641 27720 5673
internal_value=0.000453921 -0.0162557 0.00626572 0.0112391 0.00828475 0.0166593 -0.0129811 0.0022459 0.0237526 0.0139633 0.0240165 0.0101714 0.032075 0.00552593 0.00373134 0.0372983 0.0043267 0.00489554 0.0432988 0.00429243 -0.0179185 -0.0118162 -0.00307603 -0.019219 -0.0345614 -0.00744492 -0.00586041 -0.00495068 -0.00424561 0.0218844
internal_weight=59223 15282.9 43940.1 19640.6 15889.3 3937.3 12963.9 24299.5 3751.3 1723.72 1125.49 2995.62 2027.58 11952 10138.1 941.68 18401.2 17863 964.875 17392.1 6852.57 2838.23 1301.55 1536.68 2318.99 6111.32 5585.39 598.228 5898.35 1062.7
internal_count=297683 66656 231027 112343 91155 22305 57257 118684 21188 9970 6472 17082 11218 68850 58419 5223 90084 87646 5362 85132 29482 12474 5971 6503 9399 27775 25440 3498 28600 5856
is_linear=0
shrinkage=0.1


Tree=37
num_leaves=31
num_cat=0
split_feature=11 11 10 10 10 11 10 11 1 13 9 11 17 16 9 12 12 1 17 9 14 11 1 8 9 10 11 16 2 10
split_gain=2141.09 409.554 306.127 100.793 83.2721 67.5416 62.5449 38.3235 38.0258 32.4654 28.0682 22.4765 22.4235 22.2203 22.001 24.3691 20.4236 19.8767 19.4652 18.9997 17.9361 16.1024 15.6141 15.538 15.2733 15.2686 14.9102 16.7304 14.8751 14.0396
threshold=0.020455828498476863 0.014419356437114334 0.50579995909119213 0.16826762404626508 0.27987047685635791 0.031253021251281189 0.38219576340507549 0.0085175125003365878 0.0094754916979451504 -0.31495968215911468 0.71840484229644319 0.012544226264606542 1.0000000180025095e-35 1.0000000180025095e-35 0.51976088268662191 0.10369933376039318 0.22897893683367607 0.0023998546516472712 1.0000000180025095e-35 0.46946110346342146 0.9526531527204023 0.017061847928900486 -0.0080916538602218129 0.50931746260311306 0.12672819531187163 0.33736556151942371 0.028847786761837021 1.0000000180025095e-35 -0.067822596382716357 0.78334290738317314
decision_type=2 2 2 2 2 2 2 2 2 2 2 2 2 2 2 2 2 2 2 2 2 2 2 2 2 2 2 2 2 2
left_child=1 3 6 7 21 10 19 22 9 18 -4 -10 -11 17 26 -16 -12 28 -5 25 -7 -3 24 -24 -1 -2 27 -8 -6 -18
right_child=2 4 5 8 13 20 14 -9 11 12 16 -13 -14 -15 15 -17 29 -19 -20 -21 -22 -23 23 -25 -26 -27 -28 -29 -30 -31
leaf_value=0.01696735084623708 -0.0034131832929562445 0.01657245149465603 -0.030294994939304154 -0.0037213861591620721 0.0098866895594693222 -0.042097604770179708 -0.017633982198844492 0.038136240352956603 0.036911182915686395 0.024561639898751594 -0.023469447744008214 0.023400566125175371 0.01009719711163907 -0.009333925487742957 -0.023947984378536687 -0.0010830476695957122 0.034422255919471859 0.0067167004958742825 0.028628850874857892 0.018916037646838448 -0.060595053641561515 0.0071908116604991121 0.084869469765093838 -0.0022193025295383214 0.078312044898180583 -0.013491393967769327 -0.033382043962344336 -0.032117517710331653 -0.0055052776665974511 -0.016883571127931339
leaf_weight=97.732577368617058 3395.6178282499313 5146.8653355017304 3512.5879378393292 891.78403486311436 761.95525765419006 5191.5328170359135 3889.3972115963697 2807.8626659214497 2401.5288256108761 4976.0724483132362 281.75119814276695 2527.0336235910654 1365.9755148738623 2140.2927570790052 803.22208692133427 1110.6523129120469 152.49254950135946 4456.7253466099501 235.01235848665237 276.7344348654151 583.08679065853357 2838.4629126563668 333.03801022469997 21.829493418335915 69.411030277609825 2697.4019986316562 1122.7062012180686 1003.279052965343 3567.9826167598367 82.025433585047722
leaf_count=459 17895 26659 17031 4247 4080 24867 19702 14125 12287 25243 1444 12995 6640 10847 4049 6205 943 23262 1197 1610 2528 14775 1693 104 355 13800 5507 4848 17869 417
internal_value=-0.000534051 0.0153912 -0.0234215 0.027315 0.00547552 -0.0370323 -0.0140899 0.0427619 0.0231661 0.0186672 -0.0270951 0.0299839 0.0214462 -0.000196977 -0.0200176 -0.0106791 -0.00532337 0.00202864 0.0030258 -0.00671091 -0.0439654 0.0132377 0.0676428 0.0795122 0.0424424 -0.00787484 -0.0229888 -0.0206039 -0.0027967 0.0164774
internal_weight=58742.1 34639.6 24102.5 15727.3 18912.3 9803.48 14299 3329.87 12397.4 7468.84 4028.86 4928.56 6342.05 10927 7929.26 1913.87 516.269 8786.66 1126.8 6369.75 5774.62 7985.33 522.011 354.868 167.144 6093.02 6015.38 4892.68 4329.94 234.518
internal_count=297683 176837 120846 79345 97492 47230 73616 16736 62609 37327 19835 25282 31883 56058 40311 10254 2804 45211 5444 33305 27395 41434 2611 1797 814 31695 30057 24550 21949 1360
is_linear=0
shrinkage=0.1


Tree=38
num_leaves=31
num_cat=0
split_feature=11 11 10 10 4 0 10 8 3 18 3 14 6 11 8 17 3 7 7 3 8 3 4 12 4 0 8 8 4 14
split_gain=656.728 146.146 61.738 40.9794 29.1461 26.1452 26.1344 23.2895 25.2826 25.3905 22.2552 21.0848 20.796 18.8159 18.6859 16.8504 25.4555 18.4137 16.6624 16.3184 28.2324 26.422 21.4265 15.8662 13.6024 14.414 12.8658 12.1562 12.0759 11.6106
threshold=0.021949457692091719 0.031855388646642287 0.25052066226784186 0.59650365257766114 0.00072308772550555578 -0.015394311846164575 0.48258629790689128 -0.51867945656133274 -0.052416563253158126 1.0000000180025095e-35 -0.072081072351923389 0.73413894285160541 -0.051866095687097595 0.01495544840998895 -0.75538405449014001 1.0000000180025095e-35 0.081136971709519182 -0.0077694862849115856 0.28093564429614687 0.050709186808793001 -0.044060023174913164 -0.037209182626752206 0.023400271604090864 0.21122670207720171 0.014165993238395515 -0.052864747372110214 0.34088340122348559 -1.2773335856213632 -0.0034766223446052176 0.46171925741502495
decision_type=2 2 2 2 2 2 2 2 2 2 2 2 2 2 2 2 2 2 2 2 2 2 2 2 2 2 2 2 2 2
left_child=2 6 5 -3 13 28 18 10 12 -10 14 24 -9 -4 -7 16 -15 -17 27 20 22 -22 -6 -8 25 -5 -21 -2 29 -1
right_child=1 3 4 11 19 7 23 8 9 -11 -12 -13 -14 15 -16 17 -18 -19 -20 26 21 -23 -24 -25 -26 -27 -28 -29 -30 -31
leaf_value=0.048267431234575699 -0.014839314546423753 -0.015042605358497184 0.01657577303724464 -0.041391989293473978 -0.0015033704309638215 0.0072548313560583458 -0.016510857260306679 -0.0092102030731524964 0.0099277923142179758 0.021726087283898007 -0.0044617692038123455 -0.040176187409904647 0.041993867260711179 0.011723945425871223 0.043229017204575955 -0.01275637654977743 -0.0029298889382248115 0.0065756443158154557 -0.033250734638669628 -0.017223844111716343 0.064227545981568032 0.011570291731193706 0.037840133484196778 -0.0038911897320550084 -0.039217510137066709 -0.019530020025613808 -0.0016621678552879654 -0.0029650111545605445 0.017310592865811193 0.023298181212848344
leaf_weight=332.81577770411968 956.7143787369132 2642.2694641575217 2222.4303538650274 350.95586037635803 4377.4236253425479 559.31267344206572 4041.8756490945816 94.51652991771698 8486.5069124475121 2323.407321318984 1524.7422371059656 1546.6132762059569 493.2524162530899 5569.4192650914192 194.63293100148439 867.32804707437754 1505.9829815402627 1140.7087522298098 200.67977008223534 645.91288089752197 100.87578050792217 1721.0086271837354 142.94188959151506 1322.1654125154018 614.31072233617306 2143.6612209156156 2993.6459165886045 8722.5130777806044 938.39541751891375 422.80954797565937
leaf_count=1763 4328 11742 11998 1379 22262 2992 17877 524 49618 12983 8874 6304 2770 27905 1079 4107 7528 5433 847 3409 529 8687 649 6252 2487 9533 15447 41265 4934 2178
internal_value=7.93754e-05 -0.0133521 0.00833864 -0.0249894 0.0048515 0.0131683 -0.0077809 0.0117167 0.0135619 0.0124636 0.0024876 -0.0306347 0.03376 0.0083283 0.0165417 0.0063104 0.00860491 -0.0017744 -0.00473001 0.00091352 0.00397645 0.0144859 -0.00025926 -0.0134003 -0.0258881 -0.0226057 -0.0044239 -0.00413869 0.024887 0.0342959
internal_weight=59199.8 22541.8 36658.1 7297.81 21287.7 15370.4 15243.9 13676.4 11397.7 10809.9 2278.69 4655.54 587.769 11305.9 753.946 9083.44 7075.4 2008.04 9879.91 9981.81 6342.25 1821.88 4520.37 5364.04 3108.93 2494.62 3639.56 9679.23 1694.02 755.625
internal_count=297683 102014 195669 31445 107954 87715 70569 78840 65895 62601 12945 19703 3294 56971 4071 44973 35433 9540 46440 50983 32127 9216 22911 24129 13399 10912 18856 45593 8875 3941
is_linear=0
shrinkage=0.1


Tree=39
num_leaves=31
num_cat=0
split_feature=10 11 10 10 11 11 16 0 10 0 13 9 4 2 0 18 7 4 15 0 5 12 11 13 6 5 16 3 4 3
split_gain=2140.85 435.499 287.022 95.7535 81.3146 73.8006 71.1901 63.1318 56.1714 48.2143 47.6602 45.0264 42.7487 42.5673 53.1607 69.6894 41.8352 41.8274 40.6782 36.6272 36.1119 35.2361 35.0826 37.7936 34.9768 34.7412 32.7816 31.8233 30.9828 29.7476
threshold=0.29322290213085206 0.025046904641698668 0.21523131621757577 0.52821622538975133 0.019315247832425959 0.01656789677046502 1.0000000180025095e-35 0.030187670720696062 0.16416784915814156 -0.049328071058011728 -0.52032785156325312 0.60796057998972763 0.010323481722558371 -0.079659583210223137 -0.0057310068402811601 1.0000000180025095e-35 0.11326895158919482 -0.01258599264741722 0.95303588871033817 0.068711952630088349 0.10233982739229887 0.039086096808618333 0.013297044675045855 -0.48754358425264527 -0.006086472383462215 0.0070387957463899928 1.0000000180025095e-35 -0.25620963995050555 0.049347325350854516 -0.11675071935872249
decision_type=2 2 2 2 2 2 2 2 2 2 2 2 2 2 2 2 2 2 2 2 2 2 2 2 2 2 2 2 2 2
left_child=2 4 8 6 17 10 11 29 -1 12 -4 16 -5 27 15 -15 -3 24 -9 28 -21 -12 23 -19 -2 -10 -16 -6 -11 -8
right_child=1 3 5 9 13 -7 7 18 25 19 21 -13 -14 14 26 -17 -18 22 -20 20 -22 -23 -24 -25 -26 -27 -28 -29 -30 -31
leaf_value=-0.062444643359904288 -0.0023708811070336394 0.0081578057193354269 0.02379616030531698 0.039515030466590675 0.052849434357292627 -0.0099931149843433299 0.052131910362376105 0.10949430169089813 -0.033879374111448805 0.02509849212070682 -0.03933431185557848 -0.014780093509009988 0.097430813730426835 0.011400505823010523 0.00016255790414619701 0.043430674214356702 0.027145796262049715 0.032513687908386379 0.035998149219191054 0.072480836478703889 0.021336797691813212 -0.022923708866600223 -0.0062967881173559047 -0.046869583001732253 0.050616951786803255 -0.051268155408372422 0.01712219366581107 -0.011658067291169714 -0.027262264381188808 0.017082272664499628
leaf_weight=1555.3866073861718 274.27420957386494 4917.7422856539488 183.68446655571461 1385.2222062647343 80.608829893171787 4802.4355587661266 301.24555306136608 155.94553346931934 2971.7069125697017 10286.70926271379 1876.3417541086674 660.40789449214935 140.36073000729084 3066.2258090004325 5236.0690333619714 872.58868619799614 1518.6642263457179 70.777573809027672 145.63329261541367 323.84785701334476 240.64639472961426 4322.5928619578481 6610.3013883307576 392.89281499385834 228.2394498065114 1873.2149217799306 1456.8186293169856 1491.5570354387164 114.26301351189613 1234.3960848897696
leaf_count=15138 1448 18766 1037 3429 323 27255 991 470 23982 31402 14053 2529 288 13532 25146 3620 5533 442 461 908 652 31369 37191 3243 1162 15756 6145 6753 283 4376
internal_value=0.000188908 0.0126552 -0.0290216 0.0225332 0.00195576 -0.0193575 0.0146284 0.0321728 -0.0459105 0.028187 -0.0264035 0.0100866 0.0448436 0.00700763 0.00927873 0.0184963 0.012638 -0.00618158 0.0740028 0.0258697 0.0506779 -0.027891 -0.00816191 -0.034752 0.021696 -0.0406025 0.00385411 -0.00835061 0.0245233 0.0239579
internal_weight=58790.8 41205.4 17585.4 21425.1 19780.4 11185.1 8934.03 1837.22 6400.31 12491 6382.62 7096.81 1525.58 12203.9 10631.7 3938.81 6436.41 7576.49 301.579 10965.5 564.494 6198.93 7073.97 463.67 502.514 4844.92 6692.89 1572.17 10401 1535.64
internal_count=297683 169093 128590 70088 99005 73714 33126 6298 54876 36962 46459 26828 3717 55519 48443 17152 24299 43486 931 33245 1560 45422 40876 3685 2610 39738 31291 7076 31685 5367
is_linear=0
shrinkage=0.1


Tree=40
num_leaves=31
num_cat=0
split_feature=11 11 11 14 11 4 4 10 9 12 15 3 6 15 17 3 4 3 8 10 14 9 10 11 17 9 1 17 13 9
split_gain=1967.82 326.087 305.673 75.0584 70.7843 60.0615 42.404 40.519 50.0946 42.1152 37.1702 46.6875 44.3347 36.545 34.4173 33.7867 31.5395 30.0647 29.9163 28.2947 28.2632 30.1297 32.7636 28.1168 26.7629 34.1226 33.8442 26.6868 29.1747 24.658
threshold=0.019148526861709297 0.013026886122852693 0.027279909702980273 0.52081935123042522 0.016230311593012286 0.0046852512267863142 0.038310204041673408 0.37195071525069162 0.44191617491191243 0.15812565907954115 0.20530025792337922 0.036469119298478077 -0.002324867624688864 0.057420740538275616 1.0000000180025095e-35 -0.053617024429505993 0.027226260699225409 -0.099026373513216623 0.24110849417613561 0.20387102899445755 0.98993626186650119 0.3439974375648332 0.40092161853479585 0.010752338002471164 1.0000000180025095e-35 0.22893531149481094 -0.048280509630729933 1.0000000180025095e-35 0.014335734249246092 0.36520598257927511
decision_type=2 2 2 2 2 2 2 2 2 2 2 2 2 2 2 2 2 2 2 2 2 2 2 2 2 2 2 2 2 2
left_child=1 23 5 16 19 7 13 14 -9 -10 -7 18 -13 -5 29 -15 27 -16 -12 -3 21 -6 -23 -1 25 -21 -26 28 -4 -2
right_child=2 4 3 6 20 10 -8 8 9 -11 11 12 -14 15 17 -17 -18 -19 -20 24 -22 22 -24 -25 26 -27 -28 -29 -30 -31
leaf_value=-0.053211752166554709 -0.0043946235837024486 -0.037517854354624736 0.0056761857759004509 0.042458695564890236 -0.0073043672992641603 0.032868386021549546 0.06250478386368151 0.013183688262167984 0.0021880383683929023 -0.027283632068609388 0.0039727182893640805 0.06973760601723164 0.016308908861704188 0.014985565113359354 0.04740065389288705 0.030027829777171274 0.043036551566647888 0.0028859574648716249 -0.035837561496827645 -0.013410123998725857 0.047866027999983081 -0.029823544893905568 0.0028006737847230002 -0.038822409367835146 0.053474241848977012 -0.03019125797785473 -0.012387713340260897 0.026243787468034525 0.018814659025335093 -0.020686416483189765
leaf_weight=2081.1695579513907 2846.8090701773763 1178.8165743052959 3172.1525894701481 1514.2025214284658 6302.1764102578163 825.31405874341726 380.61664582788944 4130.1235612779856 2383.1397243961692 608.72579151391983 2558.489226013422 166.02034678310156 2407.0088181123137 2175.2036198824644 176.54195436835289 4762.5009728968143 439.45592477917671 1079.2041612863541 203.79954421520233 1915.6902450099587 83.808772891759872 1321.871808975935 401.27772201597691 3907.6862232238054 82.839880086481571 3297.3634395599365 1341.406980022788 1843.3827464878559 3617.5173241943121 1379.0329550877213
leaf_count=21083 14674 9576 10716 3925 36653 3375 821 17737 10071 2837 11282 607 10170 6615 772 13892 1191 5206 890 13593 408 7674 2096 33505 507 23319 9175 5964 11759 7076
internal_value=-0.000222907 -0.0239309 0.0139454 0.023292 -0.0164503 0.0050267 0.0298539 0.00107122 0.00604556 -0.00380828 0.0131189 0.0100639 0.0197563 0.0283836 -0.00539172 0.0253116 0.0169036 0.00914416 0.00103555 -0.0232411 -0.00990499 -0.0105083 -0.0222262 -0.0438228 -0.0207055 -0.0240245 -0.00855692 0.0155733 0.0126763 -0.00971118
internal_weight=58583.3 21914.1 36669.2 17905 15925.3 18764.2 8832.52 12603.6 7121.99 2991.87 6160.63 5335.32 2573.03 8451.91 5481.59 6937.7 9072.51 1255.75 2762.29 7816.12 8109.13 8025.33 1723.15 5988.86 6637.3 5213.05 1424.25 8633.05 6789.67 4225.84
internal_count=297169 157589 139580 54883 103001 84697 25253 58373 30645 12908 26324 22949 10777 24432 27728 20507 29630 5978 12172 56170 46831 46423 9770 54588 46594 36912 9682 28439 22475 21750
is_linear=0
shrinkage=0.1


Tree=41
num_leaves=31
num_cat=0
split_feature=11 19 11 1 0 0 1 10 15 11 15 0 13 14 20 0 13 15 14 0 2 0 12 10 13 15 0 15 0 0
split_gain=474.473 77.9639 69.8563 65.2256 46.4184 32.4061 33.8151 30.4807 27.5898 26.3347 25.7687 34.1796 23.1166 22.4061 31.4087 19.6017 18.9598 18.1154 17.0678 16.0616 15.7487 15.542 15.5055 14.5055 14.4714 13.2793 12.5924 13.7759 19.299 11.8855
threshold=0.025046904641698668 1.0000000180025095e-35 0.031855388646642287 -0.0061042591275639593 -0.014790763151695694 0.021531246711241184 0.010673441944017538 0.5431182507352208 0.45649995712280483 0.016503789989134477 0.65805376246734959 0.0092911030205824491 -0.040296760413612812 0.49361558851438236 1.0000000180025095e-35 -0.003078779465811587 0.59331758712532112 0.92981899466739926 0.61975148332796248 -0.069838767791325626 0.019169916814814062 0.014639482264781735 0.020821779505521946 0.28639667047824585 -0.035461400089028476 0.46053086481046029 -0.03929121397739755 0.11741027822415478 -0.018460609938768521 -0.028403957723018399
decision_type=2 2 2 2 2 2 2 2 2 2 2 2 2 2 2 2 2 2 2 2 2 2 2 2 2 2 2 2 2 2
left_child=1 4 26 10 8 13 17 16 29 12 11 20 -5 14 -6 -12 -4 -7 -11 -9 -3 -17 -14 -8 -15 -13 -2 28 -28 -1
right_child=2 3 7 9 5 6 23 19 -10 18 15 25 22 24 -16 21 -18 -19 -20 -21 -22 -23 -24 -25 -26 -27 27 -29 -30 -31
leaf_value=-0.0097438124743529607 -0.020642959640142577 0.0083972927092103213 -0.012135619289329656 0.038362467458198705 0.00078851473069289761 -0.025900794566676058 0.014258995383847287 -0.046738712762683265 -0.045466605717943163 0.020630214588269184 0.070947484205286668 0.1158478111944754 -0.022070913182587793 0.012708688048350332 0.01279093657188448 -0.029534470043852835 0.046025246460045827 0.0033796357108887365 0.0034830287561440649 -0.023842662562085514 -0.014238978277339279 0.0018631638103969496 0.022152040823693108 -0.002008592128504585 0.0059577055271377993 0.039242121122191879 -0.0022296710546875461 -0.0085910673773872386 0.036099599438475988 -5.8116396762765882e-05
leaf_weight=1876.369484141469 751.20009884238243 2168.1655342429876 1769.002033084631 1288.9055253192782 9291.4911071434617 799.71081323176622 778.3179712370038 325.50988464057446 158.71042914688587 1660.890067756176 26.366630420088768 26.739336803555489 85.674678638577461 6903.5153540447354 2848.7523876205087 394.52829149365425 57.883473865687847 287.17241613566875 892.37220158427954 5214.6280895024538 358.11689800024033 262.59137995541096 1063.0324861854315 1853.3967252969742 5879.4732708409429 147.18518341332674 748.91419348120689 7055.8208520114422 159.30609518289566 3900.734032958746
leaf_count=9273 3406 11645 7755 7034 48995 3899 4297 1307 924 8157 159 132 514 37084 15203 2113 290 1356 4369 22142 1782 1369 5833 9034 31674 775 3314 32337 781 20216
internal_value=0.000325362 0.00581108 -0.0143258 0.0144681 0.00371438 0.00538234 -0.00332579 -0.0214942 -0.00433398 0.0217348 0.00374998 0.00814051 0.0291691 0.00668162 0.00360493 -0.0135954 -0.0102928 -0.0181644 0.0146372 -0.0251879 0.00518845 -0.0169877 0.0188537 0.00280247 0.00960361 0.0510196 -0.00826632 -0.00709891 0.00449346 -0.00320397
internal_weight=59034.5 42952.2 16082.3 8374.57 34577.6 28641.8 3718.6 7367.02 5935.81 4990.87 3383.69 2700.21 2437.61 24923.2 12140.2 683.486 1826.89 1086.88 2553.26 5540.14 2526.28 657.12 1148.71 2631.71 12783 173.925 8715.24 7964.04 908.22 5777.1
internal_count=297169 225837 71332 43882 181955 151542 18586 31494 30413 25907 17975 14334 13381 132956 64198 3641 8045 5255 12526 23449 13427 3482 6347 13331 68758 907 39838 36432 4095 29489
is_linear=0
shrinkage=0.1


Tree=42
num_leaves=31
num_cat=0
split_feature=11 11 10 10 11 11 10 10 12 10 1 4 9 12 9 11 10 12 9 13 9 12 7 10 9 13 14 4 13 9
split_gain=1803.78 352.918 244.941 81.3192 67.784 59.3718 40.9266 29.7653 29.0923 26.5217 24.2004 26.8346 23.7606 22.1889 27.126 21.3428 20.2469 18.9374 18.5294 18.0865 17.3801 16.6139 18.8744 16.4546 16.1741 16.0757 14.9591 14.8643 14.486 14.3889
threshold=0.020894626766601674 0.013957491611901712 0.50579995909119213 0.28114724304192451 0.032819740753238381 0.010655722792168058 0.33736556151942371 0.15479104667754939 0.1396212959574252 0.20778883084655961 -0.0080916538602218129 0.018003236940270288 0.18433972073938007 0.1027632372141942 0.40854879062018118 0.016635360128062434 0.39033240424172699 0.30221859330402928 0.66523928932457943 -0.5650589821330666 0.23137426001297037 0.019268190608784947 -0.0051197628249114438 0.42936279289331108 0.181471766678624 0.28398701008874089 0.55678766005628377 -0.0085026382267057148 0.36688342682551828 0.4246456343625496
decision_type=2 2 2 2 2 2 2 2 2 2 2 2 2 2 2 2 2 2 2 2 2 2 2 2 2 2 2 2 2 2
left_child=1 5 6 15 8 7 -2 21 -4 12 19 29 -7 23 -15 28 -16 24 -10 -5 -11 22 -1 -8 -9 -21 -6 -22 -3 -12
right_child=2 3 4 10 26 9 13 17 18 20 11 -13 -14 14 16 -17 -18 -19 -20 25 27 -23 -24 -25 -26 -27 -28 -29 -30 -31
leaf_value=0.029163949058119251 -0.0032707455506994381 0.014950024319506268 -0.035085432322492636 -0.048597078899662055 -0.037594446482788167 0.02057621671123178 -0.016349968971226408 0.023642102893279046 -0.024284193667172497 0.012635200892060619 0.0036660657504602062 -0.022834479803064522 0.035051874244953547 -0.022196735538125251 0.01739660434836535 0.0063641847727611061 -0.0079839516744471661 0.12041250238144274 -0.0050801890314596332 -0.0064928814041902237 -0.0036415984331360646 0.040635250524010555 0.077502506128310028 -0.026601295687800987 0.041504836298732202 0.014635790302765253 -0.048704840464217115 0.026555117532488459 0.038648194958192023 0.021042467503216561
leaf_weight=111.12475211918354 2882.5148821994662 5582.5941279605031 2046.5068635568023 95.858174845576286 2411.644274353981 2459.7304257154465 4279.903605915606 1854.2737715691328 1846.7645522430539 3488.0838161557913 6399.90894959867 365.73157127201557 2103.7010270953178 1224.2018161863089 378.79288816452026 3727.7803717851639 1846.311798453331 22.627830639481544 690.21019940823317 4284.2247721552849 177.68239738047123 1094.585319057107 295.7789705991745 2469.0549597963691 697.60438816249371 393.14832950383425 2435.847338706255 1974.6388376802206 270.43534277379513 514.88970971107483
leaf_count=519 15217 28561 9976 443 12155 12179 22098 8972 9350 17183 33048 1774 10697 6121 2209 19386 9991 116 3816 21661 884 5321 1462 12437 3525 2099 11638 10052 1421 2858
internal_value=-0.000455836 0.0134552 -0.0226489 0.00540156 -0.0349336 0.0256567 -0.0137919 0.0358589 -0.026215 0.0215814 -6.43457e-05 0.00356372 0.0272494 -0.0167657 -0.010241 0.0122783 -0.00366327 0.0293328 -0.0190595 -0.00559817 0.0169957 0.0470488 0.0643013 -0.0201003 0.0285252 -0.00471695 -0.0431774 0.0240623 0.016045 0.00495995
internal_weight=58426.2 35914.4 22511.8 21634.6 9430.97 14279.8 13080.8 4076 4583.48 10203.8 12053.8 7280.53 4563.43 10198.3 3449.31 9580.81 2225.1 2574.51 2536.97 4773.23 5640.41 1501.49 406.904 6748.96 2551.88 4677.37 4847.49 2152.32 5853.03 6914.8
internal_count=297169 182161 115008 111251 46935 70910 68073 19915 23142 50995 61883 37680 22876 52856 18321 49368 12200 12613 13166 24203 28119 7302 1981 34535 12497 23760 23793 10936 29982 35906
is_linear=0
shrinkage=0.1


Tree=43
num_leaves=31
num_cat=0
split_feature=10 10 10 9 4 10 8 3 6 3 8 3 12 10 12 8 12 4 14 19 0 15 12 3 5 1 7 14 13 4
split_gain=470.45 86.7505 66.9724 41.7382 22.4781 22.0745 21.9925 91.618 29.6232 25.6241 36.2575 21.5002 21.4646 18.616 18.2921 16.2871 15.9951 17.532 15.0106 14.9146 18.4984 17.6038 14.6795 14.4801 16.1761 14.1579 13.6362 13.5749 12.2691 11.9209
threshold=0.39456764340996597 0.59650365257766114 0.28114724304192451 0.42193221713824131 -0.0021987389177380297 0.87678387836278859 -0.23194529701084768 -0.020804043995389595 -0.040784500076028067 -0.068935849292061743 -0.75538405449014001 0.038239396996905713 0.15812565907954115 0.48258629790689128 0.077772688209292271 -1.3487279063893516 0.22897893683367607 0.010815978726114618 0.72623452471757488 1.0000000180025095e-35 -0.015394311846164575 0.23296410815781055 0.31495642993404471 -0.019882179407260111 -0.027926138721211188 -0.020780870661011083 -0.20441263871581114 0.030272455493595914 -0.28760433381329381 0.0091264357925324741
decision_type=2 2 2 2 2 2 2 2 2 2 2 2 2 2 2 2 2 2 2 2 2 2 2 2 2 2 2 2 2 2
left_child=2 12 4 -3 19 16 9 8 -8 10 -6 -9 13 23 15 -4 -5 -18 -17 20 21 -1 -7 24 -2 -22 -14 -16 -15 -20
right_child=1 3 14 5 6 22 7 11 -10 -11 -12 -13 26 28 27 18 17 -19 29 -21 25 -23 -24 -25 -26 -27 -28 -29 -30 -31
leaf_value=0.02132904511958782 -0.0085067953890400564 -0.0018571690517635985 -0.019382028892778617 -0.023760814483225996 0.0022907184669467436 -0.044698654609559914 0.001607821648484024 0.013846407908783937 0.050950912387362039 -0.0011969214929059592 0.035635564211855111 0.0038943181807432809 -0.032895507472572999 -0.0005438150902432146 0.030450378751006053 -0.0017389380490642544 -0.0040665118759195271 -0.035485854671300228 0.010952733828868563 0.0062373849560968999 0.0035036265982201966 0.048328885706423477 -0.024554537031888188 -0.0093247805365972592 0.0069670394449317195 0.017873056446394614 0.0025665202659667426 0.0055234265578802243 -0.016260214315412459 -0.0085517636166567018
leaf_weight=849.92698484659195 1236.2031553387642 1016.8521163463593 432.54993151128292 3447.4977624937892 871.98719740658998 716.3542962372303 146.67592914402485 3926.0361678078771 713.63638903200626 3625.6659156680107 520.8849630355835 4855.3893924951553 113.23874775320292 574.25652760267258 226.16100117564201 7275.9515595063567 923.19653162360191 219.90121766924858 1848.2698359936476 1351.7344437986612 870.11015542596579 337.32025665789843 730.81568827480078 4402.0117996111512 1489.698533885181 3234.9150738269091 2555.7913854718208 6427.6785005554557 3678.5720226168633 377.3311285674572
leaf_count=4189 5663 4798 2017 14893 4463 2998 765 22028 3980 20722 2755 27498 486 2763 1184 35251 4538 964 9426 7640 4493 1748 3319 20504 7099 17492 12870 32586 16148 1889
internal_value=0.000413255 -0.0115523 0.00707755 -0.0206002 0.0107872 -0.0237568 0.00860052 0.0113949 0.0425383 0.00323199 0.0147605 0.00834374 -0.00700918 -0.00890204 0.00231313 -0.000404603 -0.0203618 -0.0101107 0.000459328 0.0156123 0.0180068 0.0290002 -0.0345259 -0.00577801 -5.03829e-05 0.0148273 0.00106198 0.00637068 -0.014138 0.00764592
internal_weight=58996.6 21104.4 37892.2 7054.62 21304.3 6037.77 14660.3 9641.74 860.312 5018.54 1392.87 8781.43 14049.8 11380.7 16587.9 9934.1 4590.6 1143.1 9501.55 6644.01 5292.27 1187.25 1447.17 7127.91 2725.9 4105.03 2669.03 6653.84 4252.83 2225.6
internal_count=297169 97043 200126 31510 117773 26712 82211 54271 4745 27940 7218 49526 65533 52177 82353 48583 20395 5502 46566 35562 27922 5937 6317 33266 12762 21985 13356 33770 18911 11315
is_linear=0
shrinkage=0.1


Tree=44
num_leaves=31
num_cat=0
split_feature=10 11 11 10 11 19 10 1 1 19 2 3 0 0 19 20 0 16 14 11 8 10 8 0 15 1 0 12 3 8
split_gain=1858.94 380.593 203.196 86.8398 79.5141 62.4925 60.5629 59.6456 56.3395 88.9854 66.7763 53.5918 51.0039 49.9334 39.8461 39.3801 38.9457 45.488 37.0273 29.6133 27.5482 25.6575 25.0058 24.5208 23.8125 25.6414 23.7505 22.7541 23.0638 27.5064
threshold=0.28114724304192451 0.023629974489157799 0.013363303369764096 0.43448574899021219 0.01495544840998895 1.0000000180025095e-35 0.1721012183138019 0.012264678971309674 -0.029843274878215805 1.0000000180025095e-35 -0.072416264395265259 -0.34446840077022362 0.042474889388894217 -0.027609261150807637 1.0000000180025095e-35 1.0000000180025095e-35 -0.03000226143250306 1.0000000180025095e-35 0.12688823182082479 0.01656789677046502 0.91581248109851454 0.43982130456435059 1.833599056062861 -0.015708858404228417 0.89258139105115386 -0.0089413562079716496 0.054129821259567341 0.095957858540668781 0.059964307632620624 -0.75538405449014001
decision_type=2 2 2 2 2 2 2 2 2 2 2 2 2 2 2 2 2 2 2 2 2 2 2 2 2 2 2 2 2 2
left_child=2 4 5 15 27 6 -1 18 10 12 -6 -5 -10 -4 19 20 22 -18 -8 -15 23 -12 -13 -3 25 -16 -17 28 29 -2
right_child=1 3 13 11 8 -7 7 -9 9 -11 21 16 -14 14 24 26 17 -19 -20 -21 -22 -23 -24 -25 -26 -27 -28 -29 -30 -31
leaf_value=-0.057079647082081492 -0.046792825749344409 0.012596296098216192 0.012061529989289848 0.057363191453107046 -0.0061964440017327101 -0.067222850757733779 0.010084181149336225 -0.051051767760734737 0.00065910181514173367 -0.019657434480029559 0.015798355338064052 0.027463707934295336 0.033543263567289781 -0.024844269813625811 -0.02345309023889074 0.022633935212231966 0.015891844446746045 0.029401486242702415 -0.028247117581996668 -0.011930404414257773 0.020179130768959452 0.039951787274341392 0.055157326876648198 -0.0051264617390178293 0.008152332023474658 -0.050166288083293521 0.11677418631377233 -0.03482747173299805 -0.035075504439942062 0.0097865925207257596
leaf_weight=1446.2340135201812 103.7832540422678 1105.0214890092611 440.72633241862059 415.12708714604378 1411.4770934656262 1000.1994250155985 287.00938457250595 1188.9413455724716 9834.0517108291388 2263.1769205182791 2312.6105353981256 3423.1313746273518 495.42236738651991 4094.9697654396296 585.68235715478659 1035.8476557508111 11800.890433460474 3159.675610139966 2066.4940090924501 3135.2860711887479 832.31596955657005 543.08143765479326 360.37230686843395 2659.723809659481 110.94518013298512 929.73665611445904 27.51099419593811 721.81315199285746 270.88269254565239 499.3351328894496
leaf_count=14670 758 4161 2524 1040 6842 10271 2335 10734 49868 12560 11039 9647 2281 29458 4177 4290 38873 9490 17533 18505 3235 2296 889 11083 729 6837 100 5538 1963 3443
internal_value=-6.6543e-05 0.0105225 -0.0300441 0.0186093 -0.000352843 -0.0444094 -0.0398355 -0.0327954 0.00166656 -0.00169849 0.011597 0.0218245 0.00223629 -0.0207908 -0.0224256 0.0077269 0.0210374 0.0187451 -0.0235726 -0.0192444 0.00371533 0.0203917 0.0301015 7.54913e-05 -0.0365681 -0.0398421 0.0250695 -0.0216879 -0.0108362 5.05336e-05
internal_weight=58561.5 43275.3 15286.2 24819.6 18455.6 5988.88 4988.68 3542.44 16859.8 12592.7 4267.17 19159.2 10329.5 9297.35 8856.62 5660.42 18744.1 14960.6 2353.5 7230.26 4597.06 2855.69 3783.5 3764.75 1626.36 1515.42 1063.36 1595.81 874.001 603.118
internal_count=297169 179396 117773 82808 96588 55543 45272 30602 84886 64709 20177 59939 52149 62230 59706 22869 58899 48363 19868 47963 18479 13335 10536 15244 11743 11014 4390 11702 6164 4201
is_linear=0
shrinkage=0.1


Tree=45
num_leaves=31
num_cat=0
split_feature=10 10 10 13 10 12 3 18 4 12 16 8 1 9 4 14 5 14 13 10 6 18 4 8 10 5 15 9 9 9
split_gain=1268.2 320.512 139.447 96.5757 56.0621 98.1801 74.5366 48.8411 68.0721 43.7391 41.4008 40.4186 40.3278 37.7913 36.2427 34.8993 34.1106 32.9651 32.7032 31.7517 29.8197 28.3271 44.3336 28.1518 27.7939 30.496 27.1151 26.8576 25.4282 24.577
threshold=0.27365278592065756 0.39672852857508106 0.20778883084655961 -0.047277480326505313 0.58966527557972692 0.24270644853033566 -0.016067861270983027 1.0000000180025095e-35 0.01107765084282031 0.081780127731980526 1.0000000180025095e-35 -0.89747663523756993 0.1563494501823626 0.22649572109565846 -0.031236517272373417 0.28307594953265891 0.0085470215603123973 0.20745218853245953 -0.25140323174616991 0.76666889194691812 -0.098436085002455806 1.0000000180025095e-35 0.0019257383395347996 0.28248991961196018 0.33415852269205093 0.014053941361205526 0.053391183234804483 0.30270002853852612 0.1235556365881622 0.28075339881443956
decision_type=2 2 2 2 2 2 2 2 2 2 2 2 2 2 2 2 2 2 2 2 2 2 2 2 2 2 2 2 2 2
left_child=2 9 21 4 6 19 16 13 14 18 -8 20 -10 -5 -9 -11 -3 -7 -2 -6 29 -1 -23 -17 27 -26 -15 -20 -24 -4
right_child=1 3 11 7 5 17 10 8 12 15 -12 -13 -14 26 -16 23 -18 -19 24 -21 -22 22 28 -25 25 -27 -28 -29 -30 -31
leaf_value=-0.043510927658109884 -0.012501314749437937 -0.0028252259407716353 0.025348785031869242 -0.060696249212266899 0.020658070441950446 -0.029220445506737289 0.006052979852512152 0.083822257375119988 0.063703818812295324 -0.020910423546982044 0.02961838251696457 -0.020939602277692638 -0.011778240656705716 0.029437747485628992 0.019966130916935245 0.0018333568368206106 -0.026797276850516194 0.0050152318583812014 0.0060322286251904174 0.042055616788765425 -0.0022402761883789091 -0.040138565049166866 0.068825911658385669 -0.01529036605231578 0.016211773411841345 -0.0014411916395661532 0.015672744653710307 -0.0079756521362847888 -0.0080527105779664137 0.16223450488895394
leaf_weight=4037.947053682059 1555.8189623430371 2131.9941652268171 38.082703553140163 61.714156471192837 2285.0230070799589 330.5010204911232 3649.4183300994337 92.732283681631088 733.8752381131053 1882.7532817795873 936.91812016814947 8181.9586982354522 78.336489215493202 1689.0513920858502 2140.8490240648389 2604.1704521551728 822.60576383769512 1887.4498431384563 2538.6190278679132 995.66336051374674 659.85992984473705 726.28900039196014 49.215298410505056 1520.7361071556807 2514.3366777524352 1602.1957143470645 9369.1885657310486 2970.1747217923403 341.96436290442944 20.007093630731106
leaf_count=37998 8637 8835 206 360 7097 1278 15187 231 2082 10182 3649 58535 217 4937 7231 14099 3772 6763 14633 2324 4316 6696 426 8225 11353 7481 31930 16103 2893 75
internal_value=-0.000345702 0.00794252 -0.0265243 0.0146964 0.00848639 0.0161651 0.00288729 0.0204128 0.0316323 -0.00274713 0.010867 -0.0189433 0.0564237 0.0173397 0.0226173 -0.00962894 -0.00949941 -8.62907e-05 0.00095048 0.0271521 0.00380657 -0.0396114 -0.0255208 -0.00447967 0.0031248 0.00934106 0.0177752 -0.0015204 0.00161958 0.0724945
internal_weight=58449.4 44394.1 14055.3 27205.3 13039.6 5498.64 7540.94 14165.7 3045.79 17188.8 4586.34 8899.91 812.212 11120 2233.58 6007.66 2954.6 2217.95 11181.1 3280.69 717.95 5155.42 1117.47 4124.91 9625.33 4116.53 11058.2 5508.79 391.18 58.0898
internal_count=297751 186606 111145 95893 48905 17462 31443 46988 9761 90713 18836 63132 2299 37227 7462 32506 12607 8041 58207 9421 4597 48013 10015 22324 49570 18834 36867 30736 3319 281
is_linear=0
shrinkage=0.1


Tree=46
num_leaves=31
num_cat=0
split_feature=11 11 19 1 10 10 8 5 14 13 4 4 14 3 13 4 11 10 4 20 12 14 6 13 6 12 1 13 4 13
split_gain=381.69 60.3262 56.6976 57.415 41.9962 24.3652 24.3468 21.1663 20.1977 26.8754 23.1696 20.5959 20.1974 18.6072 16.9606 21.4183 14.8617 14.6289 15.6797 14.6148 12.3662 12.3344 12.0571 11.2712 10.6246 10.193 10.3237 9.73157 9.51464 9.0931
threshold=0.025934826547365685 0.041854799366944563 1.0000000180025095e-35 -0.016365017650971755 0.36460603033091382 0.5187039987117944 0.89668051294232232 0.032812375502733866 0.47751676839636437 0.061661990196260126 -0.00095952798102105763 0.016561029304803302 0.61189521182687845 0.031017188519027353 0.23384139551018493 -0.0027765119039309112 0.013631100929994438 0.25778934217764848 0.0064458048564703949 1.0000000180025095e-35 0.1631790432607361 0.61189521182687845 0.010116073151391404 0.20616005026736708 -0.034236754708625798 0.049790742394580062 0.030603923342637177 0.63209507074571791 0.022030830858696063 0.53372288326177342
decision_type=2 2 2 2 2 2 2 2 2 2 2 2 2 2 2 2 2 2 2 2 2 2 2 2 2 2 2 2 2 2
left_child=2 5 4 17 8 29 14 -8 10 13 19 -12 25 -10 15 -5 -16 18 22 -1 -7 27 -4 28 -11 -6 -27 -3 -14 -2
right_child=1 21 3 6 12 20 7 -9 9 24 11 -13 23 -15 16 -17 -18 -19 -20 -21 -22 -23 -24 -25 -26 26 -28 -29 -30 -31
leaf_value=-0.0060814671060293738 -0.0071580371185445569 -0.024642674391760083 0.020253127333258954 0.012082488509712672 -0.020465449443265268 -0.019315763420243087 -0.016195847131488954 0.016509303272999987 0.0072900599834984569 0.010708104627419357 0.0066132391820076207 -0.021432258031439253 0.0020348703391633665 0.016443082393635854 -0.030010774243047357 0.026433996383273747 0.011402468667729834 -0.0050567364570937414 -0.022626814147592746 0.0068216697356398752 -0.010433878661363312 -0.03738697257768079 -0.034959421076445146 0.01687393932294216 -0.0010833948348029912 -0.0081079203095867549 0.0016492272751193378 0.01251116703449321 -0.024673810501935067 0.014540222269327292
leaf_weight=3785.3047048896551 5577.4632276818156 1130.2049547359347 645.06992843002081 1534.7078390941024 474.33528707921505 3537.8666272461414 373.69724798947573 420.61361830681562 5690.6207781434059 974.6265809237957 7621.8688752278686 271.16662947833538 3061.1821862235665 3642.7662468403578 108.16728668659925 3225.3288266062737 435.6964516043663 1851.7224277108908 117.74552518874407 1142.8427522033453 2814.7146924585104 990.47064299881458 42.13554360717535 510.30267315357924 3538.3104939162731 3568.7799683511257 1557.727015517652 75.187698498368263 139.45527659356594 200.06338316947222
leaf_count=20459 25604 4961 3687 7980 2095 15581 1843 2088 31421 5172 40573 1366 14544 19609 638 16709 2105 9229 712 6205 12727 4082 241 2503 19433 16774 7496 350 594 970
internal_value=0.000338615 -0.0138672 0.00488798 0.0121051 0.00313183 -0.0111062 0.0174502 0.0011226 0.00515068 0.00779891 0.00229069 0.00564973 -0.00264985 0.0108624 0.0198954 0.0218069 0.00316592 -0.000164201 0.0110907 -0.00308922 -0.0153804 -0.029119 0.0168678 0.00307174 0.00146313 -0.00644079 -0.00514314 -0.0223252 0.000871144 -0.00640667
internal_weight=59060.1 14326 44734.2 8754.88 35979.3 12130.1 6098.21 794.311 26667.5 13846.3 12821.2 7893.04 9311.78 9333.39 5303.9 4760.04 543.864 2656.67 804.951 4928.15 6352.58 2195.86 687.205 3710.94 4512.94 5600.84 5126.51 1205.39 3200.64 5777.53
internal_count=297751 64275 233476 45232 188244 54882 31363 3931 144238 75635 68603 41939 44006 51030 27432 24689 2743 13869 4640 26664 28308 9393 3928 17641 24605 26365 24270 5311 15138 26574
is_linear=0
shrinkage=0.1


Tree=47
num_leaves=31
num_cat=0
split_feature=11 11 11 10 11 10 10 0 20 7 10 19 12 1 19 0 9 12 12 12 10 9 7 16 4 4 6 9 16 0
split_gain=1426.98 316.774 203.882 68.1993 55.7598 51.9395 37.448 27.4166 36.5684 27.233 23.8608 21.8224 21.1923 20.9827 19.9877 23.2195 16.8404 20.16 16.0039 15.7865 23.8146 22.2258 15.5202 14.0264 13.3341 14.915 15.6863 13.0876 13.0167 12.8092
threshold=0.019068229330385992 0.028033746015665811 0.014355760093643503 0.63532543258819485 0.0099548219185728679 0.37003944436786118 0.27987047685635791 -0.00092383810752005846 1.0000000180025095e-35 0.15165490995702094 0.23977942527139837 1.0000000180025095e-35 0.020076797725911921 -0.0080916538602218129 1.0000000180025095e-35 -0.030901092451899533 0.43023132546922133 0.075098357262119109 0.28937012262500367 0.1396212959574252 0.49344781937102611 0.56439954116491842 0.14540487356732404 1.0000000180025095e-35 0.016561029304803302 -0.0074151939820201731 0.056914349513868874 0.17998620373028903 1.0000000180025095e-35 -0.027609261150807637
decision_type=2 2 2 2 2 2 2 2 2 2 2 2 2 2 2 2 2 2 2 2 2 2 2 2 2 2 2 2 2 2
left_child=2 5 4 -3 9 10 14 8 11 12 -2 -6 13 -1 15 -4 29 -18 -5 20 28 -21 -17 -9 25 -8 -27 -10 -7 -12
right_child=1 3 6 18 7 19 24 23 27 -11 16 -13 -14 -15 -16 22 17 -19 -20 21 -22 -23 -24 -25 -26 26 -28 -29 -30 -31
leaf_value=0.018358529921087611 0.018754577263059513 -0.024486010943355899 -0.026373439697748816 -0.045320285159854291 0.007586866228295696 -0.011212500073878875 -0.0081209705497354307 0.025978557860328894 0.016007963138135638 0.13612224158276787 -0.019541808053751442 0.024052252564533819 0.030162048018961357 0.065320508981277933 0.022029238790461453 0.011037586057810496 -0.02051422254422745 0.022752129700723631 -0.030835846427800725 -0.01187148103156751 -0.029083104472711854 0.010597869875210632 -0.012104995673945873 0.014692193444415098 -0.018798251083513066 0.0019634260710812302 0.015531806009321986 0.038669381137835329 -0.022973502542782485 -0.0042373357430594743
leaf_weight=128.63137491047382 483.55200350284576 5702.5502506494522 182.43945857137442 2937.3534013703465 3919.2822712734342 4604.1795644909143 1181.1311654672027 5785.1166269183159 387.74102441966534 26.573347717523575 601.85031237453222 1012.9724337309599 2186.791878208518 365.42463530600071 1395.3781934678555 5628.4607266485691 142.76843322813511 438.35890784859657 1030.4194154962897 2157.4052204787731 1202.3372878432274 553.08629365265369 305.51295273005962 1359.9824188053608 314.85797654092312 5386.8692302629352 1012.1418658345938 743.5971882045269 1182.7988271042705 5986.5660484433174
leaf_count=602 2579 30061 897 14616 18885 24132 5968 28752 1941 136 3065 5190 10461 1762 7474 28510 689 2516 5494 11330 6021 3142 1473 6673 1564 27470 5344 3812 5951 31241
internal_value=-0.000150488 -0.0169875 0.0143754 -0.031491 0.0223131 -0.00890513 0.00617522 0.0196333 0.0146878 0.0353866 -0.00274591 0.0109685 0.0343881 0.0530936 0.0112295 0.00876573 -0.00419602 0.0121227 -0.0415587 -0.0137647 -0.016277 -0.00728652 0.00984608 0.0238303 0.00136623 0.00220381 0.00410956 0.0309027 -0.0136163 -0.0056354
internal_weight=58346.1 27023.2 31322.9 9670.32 15916.1 17352.9 15406.8 13208.7 6063.59 2707.42 7653.1 4932.25 2680.85 494.056 7511.79 6116.41 7169.54 581.127 3967.77 9699.81 6989.32 2710.49 5933.97 7145.1 7895 7580.14 6399.01 1131.34 5786.98 6588.42
internal_count=297751 140837 156914 50171 78214 90666 78700 65253 29828 12961 40090 24075 12825 2364 38354 30880 37511 3205 20110 50576 36104 14472 29983 35425 40346 38782 32814 5753 30083 34306
is_linear=0
shrinkage=0.1


Tree=48
num_leaves=31
num_cat=0
split_feature=11 11 11 4 10 10 15 5 9 13 13 12 4 4 9 10 11 15 20 6 4 6 2 3 15 10 11 11 17 7
split_gain=429.833 110.335 46.147 32.8903 25.7573 24.3643 19.5652 28.2532 17.8094 17.699 15.7411 14.5115 14.0818 13.3822 12.9492 14.5799 13.7254 12.2642 11.2727 15.7598 14.2366 13.5206 11.9261 10.4679 10.4312 9.68665 9.58184 9.42021 24.7255 23.8224
threshold=0.021856782620109701 0.035199580242784891 0.0167740961499892 -0.0035617267134337989 0.80098473305364026 0.42683608252877897 0.34474657082278626 -0.013827756556771984 0.37575333078685907 0.021457293689220554 0.22900198847230588 0.28937012262500367 -0.00049594668743146986 0.0099010876646212793 0.62518344929805736 0.47203590693127612 0.028231075647129105 0.10533379246395601 1.0000000180025095e-35 -0.043476840655386921 0.00053538514016571181 -0.070884869257589342 -0.081851179099748914 -0.047473655485400716 0.99001341831751133 0.38219576340507549 0.020117460629596833 0.013766281123373216 1.0000000180025095e-35 -0.0077694862849115856
decision_type=2 2 2 2 2 2 2 2 2 2 2 2 2 2 2 2 2 2 2 2 2 2 2 2 2 2 2 2 2 2
left_child=2 5 3 27 25 18 12 9 26 -8 -9 -6 -5 -14 16 -16 23 -17 21 20 -20 -2 -23 -7 -10 -3 -4 28 -1 -30
right_child=1 4 8 6 11 14 7 10 24 -11 -12 -13 13 -15 15 17 -18 -19 19 -21 -22 22 -24 -25 -26 -27 -28 -29 29 -31
leaf_value=0.015852442585777737 -0.016930758818595716 0.015452211959870375 0.0025302477191641278 0.010306022186399776 -0.04219853464200593 -0.0017358556055602594 0.03029377856716375 0.0066523138176494689 0.0097224269125202167 0.0098437264178432987 0.020371349374814416 -0.022849263614351606 -0.0033154928069175104 0.02556216572432712 0.04971358309123567 -0.018690298170888211 -0.016811607034833458 -0.00039891538676051935 0.0068786723429551805 -0.00080971210349344469 0.047100951836186081 0.018462130254144778 -0.0037488756619917137 -0.011766928494663192 -0.04657887059387146 -0.019807819365028428 -0.0040527377211816498 0.012768539801377194 0.011863107957914567 0.054507326858450014
leaf_weight=1896.1361468136311 761.07556844502687 79.983065761625767 8763.3784431442618 1429.8318717256188 971.04015073925257 1547.6333612129092 1001.6001296788454 9462.8012653812766 3293.2651931345463 732.88827721774578 917.43773286789656 645.09593380987644 2892.5902125090361 169.89983159303665 50.766507685184479 473.1965783983469 3400.2793688103557 1626.6042929440737 214.10996803641319 1029.7761838287115 149.40106631815434 254.3565706834197 4876.6904916539788 3173.6153014078736 33.239828556776047 3009.8808385431767 2957.198964998126 2639.0788853317499 201.93063755333424 372.9264599531889
leaf_count=10635 3554 397 43446 7800 4159 7279 5433 53791 16637 4055 5359 2965 16042 886 287 2141 15027 8038 990 4870 750 1268 23275 14548 129 13489 14064 13381 1078 1978
internal_value=0.000317856 -0.0106479 0.00695844 0.0099075 -0.0242456 -0.00700324 0.00774876 0.0098389 0.00270212 0.0216528 0.00786484 -0.0344751 0.00211216 -0.00171343 -0.0101404 -0.00324067 -0.0119675 -0.00452093 -0.00257993 0.0055092 0.0234098 -0.00449273 -0.00264783 -0.00847873 0.00915984 -0.0188951 0.000869306 0.0169231 0.0213603 0.0395276
internal_weight=59027.7 22263.5 36764.2 21717.1 4706 17557.5 16607 12114.7 15047.1 1734.49 10380.2 1616.14 4492.32 3062.49 10272.1 2150.57 8121.53 2099.8 7285.41 1393.29 363.511 5892.12 5131.05 4721.25 3326.51 3089.86 11720.6 5110.07 2470.99 574.857
internal_count=297751 103037 194714 120438 21010 82027 93366 68638 74276 9488 59150 7124 24728 16928 47320 10466 36854 10179 34707 6610 1740 28097 24543 21827 16766 13886 57510 27072 13691 3056
is_linear=0
shrinkage=0.1


Tree=49
num_leaves=31
num_cat=0
split_feature=11 11 11 11 13 13 1 11 0 20 9 0 3 15 0 2 13 1 4 8 6 19 16 16 4 0 0 4 1 8
split_gain=1483.95 317.72 190.088 94.3752 71.6656 69.754 61.4599 59.9405 59.4273 52.1078 52.084 46.3308 42.7498 42.2251 39.1435 60.341 38.0878 41.9705 49.6617 40.0365 36.5504 35.4667 34.6486 34.4729 37.4228 42.0493 33.2395 32.236 30.6807 29.8832
threshold=0.0167740961499892 0.022696044936609951 0.013363303369764096 0.03098084147686651 -0.25514793816374159 -0.39847290364200755 0.0070446798870307257 0.010938408949677425 -0.016018897201792944 1.0000000180025095e-35 0.27934726802016008 0.042474889388894217 -0.21395341807880716 0.15709971558768782 -0.021908234910771093 -0.032408920706542103 0.56105850263967871 -0.11880151949374416 -0.023710803537381638 2.9709471395737443 0.033210723319613618 1.0000000180025095e-35 1.0000000180025095e-35 1.0000000180025095e-35 -0.006482737413712302 -0.028403957723018399 -0.0068801705259129422 0.0097183813756205346 -0.0005086043903268499 0.12522617400930283
decision_type=2 2 2 2 2 2 2 2 2 2 2 2 2 2 2 2 2 2 2 2 2 2 2 2 2 2 2 2 2 2
left_child=2 8 5 12 6 9 10 -7 -2 26 -4 13 -3 -10 -14 -16 17 18 -5 -19 -13 -9 -15 24 -6 -26 -1 -25 29 -11
right_child=1 3 4 16 23 7 -8 21 11 28 -12 20 14 22 15 -17 -18 19 -20 -21 -22 -23 -24 27 25 -27 -28 -29 -30 -31
leaf_value=0.013801023249389067 0.0097376882261160716 0.033283728412126339 0.0042747926870047772 0.082809108672198595 -0.0061472060379986482 -0.058164108022164152 -0.022055386625760495 -0.032196546655731406 -0.036164410058915207 0.030064210497285984 0.058575846837876214 0.063984549440392974 0.019549297017355347 -0.0081195832697721054 -0.0049056490878979717 0.011169415541150196 -0.0011236460195983044 0.020554476137651639 0.031311744735528113 0.059035768239980718 0.0060447555468576674 -0.057797119770108873 0.0049765491903054912 -0.013531964196411728 0.025396970644622176 -0.03064235290567266 -0.043986752159496816 0.033818262257219033 -0.0074298184555650348 0.15106314464223386
leaf_weight=148.71961030364037 3404.9241263866425 780.33065262436867 706.71441242098808 233.35765774548054 843.61883466690779 1929.4147223420441 653.88962749391794 3180.483500495553 457.84755775332451 45.754162363708019 235.50192129611969 160.75529606640339 2941.6597816497087 9081.5173269659281 3255.6881122514606 8258.2749667316675 657.16268204152584 10065.215276613832 948.0265032351017 277.83222609758377 337.38255920261145 652.11131393164396 2598.2054293081164 1295.9470786005259 137.91683121025562 4594.6630478352308 300.97940097376704 161.72180429846048 65.939003705978394 36.849674597382545
leaf_count=1052 16070 2725 4454 505 5693 21282 4528 28186 2544 288 1255 691 10321 50173 13205 32432 2023 29360 2442 694 1644 6602 12484 8482 807 33661 2555 964 451 178
internal_value=-0.000167232 0.00919094 -0.0272975 0.015731 -0.0176302 -0.0404147 0.0014999 -0.0437891 -0.00198773 -0.00791377 0.0178471 -0.00514736 0.010485 -0.00637408 0.00925427 0.00662403 0.0222924 0.0236277 0.041484 0.0215882 0.0247426 -0.0365525 -0.00520629 -0.0219711 -0.0255505 -0.0290093 -0.0248758 -0.00827867 0.0434371 0.084042
internal_weight=58448.4 43458.2 14990.2 27417.5 8629.97 6360.25 1596.11 5762.01 16040.6 598.242 942.216 12635.7 15236 12137.6 14455.6 11514 12181.6 11524.4 1181.38 10343 498.138 3832.59 11679.7 7033.87 5576.2 4732.58 449.699 1457.67 148.543 82.6038
internal_count=297751 177313 120438 93707 59844 60594 10237 56070 83606 4524 5709 67536 58683 65201 55958 45637 35024 33001 2947 30054 2335 34788 62657 49607 40161 34468 3607 9446 917 466
is_linear=0
shrinkage=0.1


Tree=50
num_leaves=31
num_cat=0
split_feature=10 10 10 12 13 20 4 18 1 10 12 6 9 3 10 12 7 7 0 4 3 13 4 9 7 9 9 7 18 4
split_gain=1084.03 333.811 85.5665 72.0393 68.6294 52.3032 61.5316 101.126 55.4185 48.2147 46.2916 42.6414 42.2368 40.8028 40.2092 37.4682 34.7661 34.2056 33.9783 31.8995 45.1314 30.5094 30.2537 30.1637 29.5324 27.6915 27.5135 32.0112 27.0762 54.8878
threshold=0.38004261077044349 0.23128040674584552 0.64399125352065023 0.19703409015575044 -0.15088770306483931 1.0000000180025095e-35 0.0053374400664087948 1.0000000180025095e-35 0.055868287315100636 0.94592159475879167 0.41829568279696122 -0.04643163605070038 0.77014220658851174 -0.013302038180745599 0.19703903992301738 0.23574600295936013 -0.08434661477968762 0.33895076176700972 0.024399699040855486 0.017291526681357808 -0.016067861270983027 -0.59470843254943417 -0.012206152816339076 0.24764933950465415 0.070503742001618921 1.0058024416920059 0.27934726802016008 0.20771270077255635 1.0000000180025095e-35 0.0039581233813097425
decision_type=2 2 2 2 2 2 2 2 2 2 2 2 2 2 2 2 2 2 2 2 2 2 2 2 2 2 2 2 2 2
left_child=1 14 4 25 13 6 11 24 -9 17 -11 22 19 -2 28 -14 -15 -5 -13 23 -21 -18 -3 -6 -8 -4 27 -7 -1 -30
right_child=2 5 3 9 12 26 7 8 -10 10 -12 18 15 16 -16 -17 21 -19 -20 20 -22 -23 -24 -25 -26 -27 -28 -29 29 -31
leaf_value=-0.043349770284043632 -0.0086505842284566193 -0.024448965165117662 0.028725970913264561 0.0034742280244223866 -0.019077029066980354 -0.0098024872631665878 -0.010846755038964812 0.038288546706233967 -0.019971143785400727 0.043131879085962235 0.0077987432576312066 -0.012695202190089414 -0.00085670583859291996 0.048650080982589827 -0.024538165674563951 -0.067492723446677921 -0.045948606238971422 0.039271653252538175 0.0085358349866794577 0.0029076317649818148 0.040144361489814602 0.0070667457497019864 0.010720475696486664 0.01366049506907166 0.010059830307605228 0.056095603388589189 -0.024882273057312502 0.091467006608019638 -0.036064911014883023 0.026486086504053531
leaf_weight=3046.7071755491197 2573.7070077434182 289.41951896250248 3478.0586417540908 3033.4036052562296 288.11046021431684 1539.8619515374303 2200.5676689594984 1049.1836096569896 193.3663389608264 873.49063625559211 644.3081438280642 9965.7031167671084 410.88349612057209 196.15617880225182 3865.5707949139178 106.1883107945323 112.02436085790396 292.68287674337626 815.48976104706526 476.7883784994483 1025.70324203372 3500.0717110969126 1579.2700642049313 12165.250403240323 975.04862048476934 413.62783949077129 2322.3743540048599 31.859479866921902 686.49391438439488 176.31284557282925
leaf_count=30565 11107 1583 8835 10155 1557 10430 12403 5159 997 2005 2014 60190 1318 723 31560 468 529 754 4319 1615 3280 14670 8401 45439 5107 851 13329 150 6649 1420
internal_value=-0.000239882 -0.0140735 0.0131949 0.0215036 0.00971458 -0.00750962 -0.00512369 0.00503597 0.0292221 0.0133639 0.0281329 -0.00867211 0.0135239 0.0010758 -0.0317703 -0.0145414 0.00764912 0.00662426 -0.0110893 0.0145638 0.028328 0.00542255 0.00527349 0.0129031 -0.00442755 0.031635 -0.0179673 -0.00774971 -0.0389211 -0.0232827
internal_weight=58327.7 28737.2 29590.5 8735.57 20854.9 20962.1 17068 4418.17 1242.55 4843.89 1517.8 12649.9 14472.9 6381.96 7775.08 517.072 3808.25 3326.09 10781.2 13955.9 1502.49 3612.1 1868.69 12453.4 3175.62 3891.69 3894.1 1571.72 3909.51 862.807
internal_count=297582 192262 105320 24614 80706 122068 98159 23666 6156 14928 4019 74493 53677 27029 70194 1786 15922 10909 64509 51891 4895 15199 9984 46996 17510 9686 23909 10580 38634 8069
is_linear=0
shrinkage=0.1


Tree=51
num_leaves=31
num_cat=0
split_feature=11 11 19 1 9 14 14 9 18 11 13 13 11 9 11 8 3 8 12 3 2 2 1 15 15 12 8 5 8 3
split_gain=312.022 70.9322 50.2476 49.0697 29.3832 26.2861 24.5513 19.5959 18.3464 18.2624 16.4921 14.8662 14.0568 15.1929 13.3252 13.2885 13.7704 36.739 13.3169 13.1787 13.0803 13.0275 18.689 14.5702 12.7342 12.4709 11.4586 11.3501 10.8687 10.7022
threshold=0.023150662686846141 0.031545266168085083 1.0000000180025095e-35 -0.01104986313499534 0.17998620373028903 0.69408989241433816 0.48941903657199087 0.55254159705331907 1.0000000180025095e-35 0.0087660319821341783 0.17312160846154365 0.15164972167849686 0.042979910437058046 0.75160709962775685 0.019639922584613379 0.93391237007432892 0.017155617759259115 -0.022260571525903227 0.022196147382001746 0.05672518060853405 0.20224199643384647 0.014492993655754073 -0.042524977717422578 0.28868751155002464 0.10533379246395601 0.15812565907954115 -0.34623394867187091 -0.00057871177978197064 -0.23194529701084768 0.12230256826880571
decision_type=2 2 2 2 2 2 2 2 2 2 2 2 2 2 2 2 2 2 2 2 2 2 2 2 2 2 2 2 2 2
left_child=2 7 4 21 8 12 11 -2 9 27 -11 19 13 -3 -8 16 17 -5 -18 -6 -15 22 26 -24 -10 -9 -4 -1 -26 -17
right_child=1 5 3 15 6 -7 14 25 24 10 -12 -13 -14 20 -16 29 18 -19 -20 -21 -22 -23 23 -25 28 -27 -28 -29 -30 -31
leaf_value=-0.023014384586437786 -0.0070039989900463678 -0.013843185586217138 0.0021978395677181746 0.02094197072440316 -0.0046329923754152248 -0.026228363961443527 0.007352156007112246 -0.0021917446217253329 0.059797123061938032 0.018162389958105481 -0.0018383948842524711 0.0064109105334670905 -0.022864140257317155 -0.0025538100128015893 8.9783126547684516e-06 -0.021646136255362637 -0.0060728136207720378 -0.013113539010527931 0.027380195006797888 0.0032733836653881378 0.041610342922075223 -0.014415567535320729 0.026136449638207437 0.0047119831829129785 -0.012636978670828395 0.012854332748338901 -0.022133230146238091 0.0095814320537250079 0.0056544480730711319 0.011600795663608044
leaf_weight=204.13603280484676 9744.3649890869856 2986.016102604568 509.38921703398228 1696.5861365646124 7148.9088894501328 2323.9839641675353 10036.331564202905 1586.3996580243111 35.592549741268158 3472.0078597515821 467.81971376389265 2427.4632970020175 1193.4837641343474 802.1142842322588 3278.3960643485188 124.41868247836828 125.46422376483679 389.50133535265923 2308.1738952174783 2989.9733701124787 73.18072996288538 410.21266800165176 477.38424012809992 947.3465795814991 500.24254850298166 843.9224578589201 312.18043722212315 224.09778215736151 926.52392335981131 436.50743694603443
leaf_count=1342 44516 13315 2672 8737 37223 10022 53898 7397 199 19383 2712 12840 5274 3754 15650 653 721 2088 11713 15207 380 2088 2577 5234 2974 4355 1601 1476 5421 2160
internal_value=0.000639777 -0.00968933 0.0057596 0.0129849 0.00399671 -0.0174259 0.00255194 -0.00500041 0.01041 0.0136557 0.0157875 -0.000618418 -0.0133788 -0.0104471 0.00554409 0.0187435 0.0205452 0.0145833 0.0256556 -0.00230139 0.00113862 0.00197159 0.00496416 0.0118907 0.000715118 0.00303296 -0.00704749 -0.00595676 -0.00075876 0.00422631
internal_weight=59002.1 19553.5 39448.7 7737.16 31711.5 7378.78 25881.1 12174.7 5830.42 4368.06 3939.83 12566.3 5054.79 3861.31 13314.7 5080.65 4519.73 2086.09 2433.64 10138.9 875.295 2656.51 2246.3 1424.73 1462.36 2430.32 821.57 428.234 1426.77 560.926
internal_count=297582 89013 208569 40244 168325 32745 134818 56268 33507 24913 22095 65270 22723 17449 69548 26072 23259 10825 12434 52430 4134 14172 12084 7811 8594 11752 4273 2818 8395 2813
is_linear=0
shrinkage=0.1


Tree=52
num_leaves=31
num_cat=0
split_feature=10 10 10 9 12 10 19 0 0 20 0 12 10 10 19 7 0 12 9 10 9 15 2 10 9 9 13 17 20 13
split_gain=1114.39 240.846 153.795 58.7574 58.1773 40.0239 39.8765 30.8203 28.8381 27.0534 26.45 24.4717 31.4232 27.1482 22.3644 22.1502 21.5276 19.5706 19.1394 16.9331 16.3094 16.1587 15.0199 14.9643 14.8772 14.1188 13.9065 29.0636 21.149 13.7172
threshold=0.36635681588992713 0.23010243822178808 0.50579995909119213 0.36934304057085943 0.12933709945473296 0.15479104667754939 1.0000000180025095e-35 -0.029208171509816024 -0.036321153835240365 1.0000000180025095e-35 0.01058915843794961 0.25035064514349364 0.69554075245410696 0.68418748401758311 1.0000000180025095e-35 -0.064835335865402841 -0.008447574082426355 0.019268190608784947 0.151446810897328 0.43448574899021219 0.12979984016138285 0.34071836935592054 0.0061821561695696312 0.27738014471984218 0.55836967378293101 0.46946110346342146 -0.33098332871928543 1.0000000180025095e-35 1.0000000180025095e-35 -0.10461571761869294
decision_type=2 2 2 2 2 2 2 2 2 2 2 2 2 2 2 2 2 2 2 2 2 2 2 2 2 2 2 2 2 2
left_child=1 5 4 18 19 15 7 -3 -5 16 -11 13 -13 -10 26 -1 -9 20 -4 25 -17 -6 -19 -8 29 -2 27 -7 -28 -23
right_child=2 6 3 8 21 14 23 9 11 10 -12 12 -14 -15 -16 17 -18 22 -20 -21 -22 24 -24 -25 -26 -27 28 -29 -30 -31
leaf_value=-0.019035102623645554 -0.013852465373754877 -0.015485416980615835 0.07361794739280518 -0.044025775190320235 -0.0085425451980099057 -0.006639206790027114 0.019755836669799215 -0.0064571879184571112 -0.027111615705080711 0.01483692393815227 -0.0030215939180678227 0.0099607615453158761 -0.024505502957480416 -0.04292179247856142 0.027315683106663727 0.069359113938302103 0.0028359063283283654 0.037952956604244997 -0.0093156144675425098 -0.020387561931512359 0.033628469598116544 0.012117041319047971 0.018603717507820014 0.0076291900964243643 0.026760353167534331 -0.0012073464615895823 0.014491106618481584 0.035843873574324843 0.025936749680851297 -0.0070687548698051654
leaf_weight=79.607276901602745 4621.8451153635979 986.99274069070816 28.485324688255787 1373.8876601234078 993.74356395751238 647.07123263925314 1691.7698837891221 3341.1197417601943 4040.2584453001618 2933.4774550944567 1156.2315086200833 333.97753658890724 1271.9659660533071 1485.3936503976583 2158.7518975287676 259.26774477958679 9816.9045250639319 898.71484480053186 1204.3343753218651 3354.3650970906019 251.83589114248753 793.70100233703852 724.66845831274986 2553.5434102639556 323.45415902882814 1091.5134532302618 6712.9154425263405 214.38788989186287 2125.5697405785322 702.47331765294075
leaf_count=344 23764 5047 143 6925 5271 3049 8884 16635 21370 15331 5766 1963 6923 7665 11045 1242 49503 4375 6271 17453 1229 4265 3431 13658 1966 6052 32675 1077 10593 3667
internal_value=-0.00048907 0.0101553 -0.018486 -0.0278021 -0.0108501 0.0204146 0.00373289 0.0017007 -0.0307594 0.00268416 0.00978801 -0.0282037 -0.0173378 -0.0313617 0.0181103 0.0327567 0.00047618 0.0346884 -0.00739937 -0.0147478 0.0517536 0.00171266 0.0293156 0.0124617 0.00731328 -0.0114367 0.0160616 0.00393339 0.0172437 0.00310906
internal_weight=58172.2 36552.8 21619.4 9738.3 11881.1 14072.8 22480 18234.7 8505.48 17247.7 4089.71 7131.6 1605.94 5525.65 11858.7 2214.09 13158 2134.49 1232.82 9067.72 511.104 2813.37 1623.38 4245.31 1819.63 5713.36 9699.94 861.459 8838.49 1496.17
internal_count=297582 183884 113698 51260 62438 69060 114824 92282 44846 87235 21097 37921 8886 29035 58439 10621 66138 10277 6414 47269 2471 15169 7806 22542 9898 29816 47394 4126 43268 7932
is_linear=0
shrinkage=0.1


Tree=53
num_leaves=31
num_cat=0
split_feature=11 11 10 4 11 3 17 5 4 4 10 10 15 0 4 15 15 0 0 0 14 11 10 0 4 7 20 0 4 4
split_gain=390.61 72.4849 58.8823 18.6238 18.4576 16.5039 24.624 23.6376 18.6429 15.8948 19.0193 14.3531 13.2884 41.8706 16.8006 13.0491 12.7539 38.3507 12.6406 12.6405 11.4126 11.3391 10.1291 9.87399 11.6461 9.73413 10.4459 9.9892 8.97326 8.83179
threshold=0.023872542445391793 0.038556907547868433 0.25416203302148616 -0.0034766223446052176 0.027655069437185664 -0.016067861270983027 1.0000000180025095e-35 -0.027926138721211188 0.0039581233813097425 0.00091415864701072113 0.36635681588992713 0.80098473305364026 0.20920073230235484 -0.021400636650246826 -0.00069785551807610691 0.81094705421500091 0.37697218255771192 -0.018091941824836418 -0.020046659205335878 -0.0062957495773796604 0.50923732753212414 0.014022889009921382 0.49750355156184262 -0.032843101165030301 0.0082668644043053536 0.20771270077255635 1.0000000180025095e-35 0.033649931706204901 -0.028130004571967456 0.004776065804104058
decision_type=2 2 2 2 2 2 2 2 2 2 2 2 2 2 2 2 2 2 2 2 2 2 2 2 2 2 2 2 2 2
left_child=2 4 3 15 -2 6 12 29 -9 10 18 -3 14 -14 -4 20 23 -18 -7 -19 21 -1 -12 -5 -25 26 27 -6 -13 -8
right_child=1 11 5 16 25 9 7 8 -10 -11 22 28 13 -15 -16 -17 17 19 -20 -21 -22 -23 -24 24 -26 -27 -28 -29 -30 -31
leaf_value=0.030913371008547921 -0.0051220768473635575 -0.020106277845119164 0.0085067010878044844 0.039184341613674296 -0.014504722506632282 0.018321188745965951 -0.015388094953529172 -0.0049736525305442572 0.02076794563459643 -0.0028725617253594384 -0.0066287443575346848 -0.054623184352666138 0.05337966624822349 0.0091031506138313789 -0.010647622070378344 -0.0062437246181566621 0.093737047097175272 0.023205178221710664 0.0048687189277387376 0.0088876613808025525 0.012103553257804642 0.015066115561140637 0.0090313190843580356 0.0014938356578548069 0.022698299878523783 -0.020789912298051147 -0.0032586253404391662 -0.0023613104716756557 -0.03061293335797995 -0.047822859434192511
leaf_weight=957.9316932708025 6246.6424480602145 1764.2497072741389 1213.7839924544096 76.911765456199646 4938.5348493531346 820.71605346351862 491.69104286283255 890.07867123186588 411.38104944676161 7349.786583557725 2076.8124292343855 179.57245970517397 222.50184956938028 5327.0316492021084 735.34451165050268 239.1302811652422 55.043755680322647 668.58047370612621 4690.3484125584364 7936.4845109209418 1739.1943715959787 854.07124356925488 515.56469297409058 3637.0701676234603 278.87576439976692 1165.5891631245613 1420.5559354573488 785.09634347259998 1168.5368664860725 101.23638259619474
leaf_count=5288 29391 7980 5819 367 22888 3909 2290 4408 2270 37285 10024 759 1142 26561 3485 1245 278 3662 23729 45425 9339 4352 2560 20368 1469 5191 6567 3706 5356 469
internal_value=0.000251916 -0.0121908 0.00557646 0.0102185 -0.00922914 0.00250435 0.00581009 -0.00437662 0.00316306 0.000494999 0.00354936 -0.0260425 0.00838356 0.0108784 0.00128038 0.0163674 0.00837652 0.0105323 0.00687208 0.0100001 0.01789 0.0234439 -0.00351431 0.00370084 0.00300392 -0.0123165 -0.0109341 -0.012839 -0.0338112 -0.020926
internal_weight=58958.3 17668.8 41289.6 16443.3 14556.4 24846.3 9393.05 1894.39 1301.46 15453.2 8103.44 3112.36 7498.66 5549.53 1949.13 3790.33 12653 8660.11 5511.06 8605.06 3551.2 1812 2592.38 3992.86 3915.95 8309.78 7144.19 5723.63 1348.11 592.927
internal_count=297582 81838 215744 91793 67743 123951 46444 9437 6678 77507 40222 14095 37007 27703 9304 20224 71569 49365 27638 49087 18979 9640 12584 22204 21837 38352 33161 26594 6115 2759
is_linear=0
shrinkage=0.1


Tree=54
num_leaves=31
num_cat=0
split_feature=10 11 10 10 0 10 19 4 4 6 0 1 19 20 2 0 9 15 19 14 4 14 1 5 20 14 4 7 15 10
split_gain=1328.29 252.001 177.952 64.219 56.6446 52.898 45.4319 46.2585 44.4166 59.4741 49.9032 45.8754 54.5837 44.3031 60.4427 41.7747 43.7864 43.1734 40.47 38.8169 38.7983 48.2821 38.6708 36.385 33.824 33.2547 33.1975 32.5659 33.1818 30.6731
threshold=0.28114724304192451 0.023629974489157799 0.21523131621757577 0.43448574899021219 -0.049328071058011728 0.16416784915814156 1.0000000180025095e-35 0.011956668368616976 -0.0032103349937364629 -0.015171353275235498 0.042474889388894217 -0.027361638022523446 1.0000000180025095e-35 1.0000000180025095e-35 0.050141083708787899 0.044320313784533834 0.92606643305744973 0.95303588871033817 1.0000000180025095e-35 0.69408989241433816 -0.013415938512349122 0.28307594953265891 0.0058196066128961563 0.027902852394777081 1.0000000180025095e-35 0.52484890308147525 0.023400271604090864 -0.014115848992177936 0.53156482283322515 0.23977942527139837
decision_type=2 2 2 2 2 2 2 2 2 2 2 2 2 2 2 2 2 2 2 2 2 2 2 2 2 2 2 2 2 2
left_child=2 8 5 -3 26 -1 19 -8 9 27 11 25 -13 -12 -15 16 -6 -17 20 29 21 -7 -22 24 -11 -10 -5 -2 -29 -4
right_child=1 3 6 4 15 18 7 -9 10 23 13 12 -14 14 -16 17 -18 -19 -20 -21 22 -23 -24 -25 -26 -27 -28 28 -30 -31
leaf_value=-0.05730601360537757 -0.011988895298829169 0.0056820793528240239 -0.020105160295192267 0.031583045111200518 0.01583710023210045 0.16845955498021556 -0.037484801091044892 0.031144782740026872 0.016587593750832533 0.026928258106077376 0.0081317501341265346 -0.0051591366125510324 -0.026082346895460268 0.14808075291923278 0.021662874941884624 0.057022296303693445 -0.0017989433488654766 0.021930300411232673 -0.055992517258910635 -0.025551549361740158 -0.022928159816574471 -0.012400840463876074 -0.043909843613296168 -0.0016788897948380257 -0.0039002461907311453 -0.0052254887059889777 0.11238679577380449 0.024724668461891454 -0.033517056387260095 -0.0038716884257677803
leaf_weight=1348.9986296333373 1798.4351237639785 5698.9776882827282 1767.1916089579463 1947.1246984004974 13685.078821673989 21.456536345183849 1456.5745967775583 105.31406509876251 1449.0793896690011 2068.4670072048903 463.53517692536116 7667.0870084166527 1488.962929777801 60.418263986706734 101.1181361079216 429.55314683914185 1569.210489153862 1907.1890350431204 741.03863662853837 2092.8915320783854 2079.151268735528 47.297485172748566 1521.0508427247405 915.60607617348433 429.85273039340973 1350.051757030189 52.207507371902466 534.50775872170925 119.7335117161274 3409.7826979458332
leaf_count=15288 9083 22756 13053 4847 43821 136 11565 701 6841 10402 2192 41483 9014 238 485 1315 4609 5296 7449 15342 17734 368 14010 4866 2306 6864 105 2497 654 22262
internal_value=-0.000174169 0.0085421 -0.0263015 0.0150251 0.017743 -0.0399776 -0.0173836 -0.0328573 -0.000345579 0.00684001 -0.00369647 -0.00513661 -0.00856168 0.0238479 0.068946 0.0159302 0.0140229 0.0283811 -0.0346769 -0.0140591 -0.0303716 0.0440415 -0.0317927 0.0153742 0.021624 0.0060669 0.033693 -0.00503892 0.0140658 -0.00941308
internal_weight=58326.9 43736.2 14590.7 25289.3 19590.4 5758.99 8831.75 1561.89 18446.9 5866.6 12580.3 11955.2 9156.05 625.072 161.536 17591 15254.3 2336.74 4409.99 7269.87 3668.96 68.754 3600.2 3413.93 2498.32 2799.13 1999.33 2452.68 654.241 5176.97
internal_count=297582 179674 117908 82749 59993 54985 62923 12266 96925 29808 67117 64202 50497 2915 723 55041 48430 6611 39697 50657 32248 504 31744 17574 12708 13705 4952 12234 3151 35315
is_linear=0
shrinkage=0.1


Tree=55
num_leaves=31
num_cat=0
split_feature=11 11 11 14 14 19 9 14 11 9 20 13 19 5 20 11 9 10 18 5 6 9 9 3 13 10 9 12 1 9
split_gain=1270.79 260.002 141.925 81.5281 47.8596 47.9433 40.2889 37.5273 36.1314 37.6929 34.0655 30.3887 30.1883 27.6393 27.2809 26.9417 34.6509 26.5736 27.8871 26.1886 30.9803 25.6021 25.4363 26.6275 25.4162 23.5054 34.9503 29.541 21.9268 20.5431
threshold=0.016705398694568562 0.023872542445391793 0.01309333025127787 0.5171371045140265 0.92672268079629194 1.0000000180025095e-35 0.31188685225385188 0.014438795967916895 0.038556907547868433 0.57128407680397331 1.0000000180025095e-35 -0.27500643894108384 1.0000000180025095e-35 0.0091664914241221824 1.0000000180025095e-35 0.0093398260533518133 0.21812396410486276 0.20387102899445755 1.0000000180025095e-35 0.0064768702911622853 -0.051866095687097595 0.96108161927054836 0.25651321087808682 0.00098795965573206268 -0.09097662933565151 0.907564821683845 0.58440587207463712 0.27893032455606803 0.019195728653791825 0.1963918832771118
decision_type=2 2 2 2 2 2 2 2 2 2 2 2 2 2 2 2 2 2 2 2 2 2 2 2 2 2 2 2 2 2
left_child=2 4 12 14 7 19 17 -2 -5 24 11 -9 15 -12 25 -1 -17 18 -4 20 -6 -11 -16 -24 -10 26 -3 -27 -21 -20
right_child=1 3 6 8 5 -7 -8 10 9 21 13 -13 -14 -15 22 16 -18 -19 29 28 -22 -23 23 -25 -26 27 -28 -29 -30 -31
leaf_value=-0.055576996998859512 -0.03986485337639966 0.014354971834458578 -0.038270863876628418 0.017291729343845503 0.0051001223420266487 -0.023444138198879 -0.0358193992741185 -0.010605444855875563 0.02397417478664941 0.019829289788169321 -0.0028152945982298483 0.0025197834015176853 -0.05474167503374925 -0.021619604059676289 0.077864071875535484 -0.027391414522489263 -0.049265548052155238 -0.013046384200129794 0.02866378648296334 -0.033297663694151609 0.060021646819282619 0.038918872620289743 -0.012256874170340647 0.0089185002911909596 0.090422317526754767 0.064348959479150758 0.0017028001203910029 0.016916950904421298 0.022471786976802105 -0.029336048800767869
leaf_weight=572.46244645118713 258.86352077871561 6680.2638033181429 862.8017720580101 8866.5304762199521 143.67523977160454 214.89500226825476 1124.1607086360455 2065.9499261006713 89.411926999688148 2021.5902013033628 1833.8925361782312 12069.366308629513 958.57685603946447 1362.2887223511934 40.897683337330818 3152.9610976278782 940.12456056475639 6401.3905894011259 123.5706814751029 89.729118004441261 360.19529759883881 1076.763988673687 1188.4074840843678 1186.9475629851222 161.6028169542551 178.93088582158089 3243.3812375515699 493.31853161752224 328.94863837957382 120.73390262573957
leaf_count=6868 1572 24036 7764 29656 683 1115 7693 10539 215 4703 10058 61248 10267 7513 166 30388 8503 45965 967 454 1683 2282 4250 4209 361 377 10247 1413 1518 1022
internal_value=-0.00027378 0.00814076 -0.0262171 0.0147672 -0.000785689 0.0190942 -0.0181638 -0.00207118 0.0206343 0.0294829 -0.00150669 0.000601463 -0.0385784 -0.0108301 0.00925915 -0.0352575 -0.0324156 -0.0155204 -0.0298255 0.0290029 0.0443611 0.0264634 -0.000329398 -0.00167569 0.0667534 0.0114457 0.0102198 0.0295418 0.0105195 6.05678e-07
internal_weight=58212.6 43955.9 14256.8 25228 18727.8 1137.44 8632.66 17590.4 12215.9 3349.37 17331.5 14135.3 5624.12 3196.18 13012.1 4665.55 4093.09 7508.5 1107.11 922.548 503.871 3098.35 2416.25 2375.36 251.015 10595.9 9923.65 672.249 418.678 244.305
internal_count=297735 178298 119437 81915 96383 5453 63411 90930 37217 7561 89358 71787 56026 17571 44698 45759 38891 55718 9753 4338 2366 6985 8625 8459 576 36073 34283 1790 1972 1989
is_linear=0
shrinkage=0.1


Tree=56
num_leaves=31
num_cat=0
split_feature=10 10 10 12 19 3 10 12 4 4 12 5 9 4 3 6 16 9 12 14 15 1 8 8 20 10 8 8 12 17
split_gain=255.98 41.7276 30.6971 29.4325 28.8311 25.3707 24.7614 20.8738 20.7774 19.672 19.3775 17.7243 16.8021 14.4404 20.7028 16.0397 14.6455 14.0374 22.3365 13.896 13.631 20.369 13.2165 13.0469 12.7977 12.7763 12.7676 12.7351 12.6677 11.2121
threshold=0.43982130456435059 0.26746524642227404 0.75054777163695297 0.17172651725652313 1.0000000180025095e-35 0.081136971709519182 0.5187039987117944 0.26887310981515705 0.0038734883423212634 -0.0022784069653751788 0.12237369864039277 0.010463902743318656 0.15721720342185494 -0.0075835840120881395 -0.086141181122744367 -0.067389649257137238 1.0000000180025095e-35 0.41917474461820264 0.092772114837250966 0.47364901776248897 0.38489927701422327 -0.039997741949742142 -0.6627266015130181 -1.5742929243091177 1.0000000180025095e-35 0.36635681588992713 -0.095065239377256347 0.42114928065778939 0.022196147382001746 1.0000000180025095e-35
decision_type=2 2 2 2 2 2 2 2 2 2 2 2 2 2 2 2 2 2 2 2 2 2 2 2 2 2 2 2 2 2
left_child=1 4 3 6 5 12 10 -4 9 26 -2 22 27 15 16 20 24 25 -19 -14 -3 -22 -10 -18 -15 -16 -6 -1 -11 -7
right_child=2 13 7 -5 8 29 -8 -9 11 28 -12 -13 19 14 17 -17 23 18 -20 -21 21 -23 -24 -25 -26 -27 -28 -29 -30 -31
leaf_value=0.0088574917002221861 -0.0098341453329438659 0.0034847787804591942 -0.02752297897735741 -0.0004169888188204892 0.02201896037230024 0.021565427525432782 -0.016385797682719125 -0.011139880816415844 0.028273917500764224 0.0011056607850501918 0.0044947588210029615 0.018429330908591574 -0.0012112251358693746 0.0032935762303278287 0.0044601145032632768 -0.0064703434445805138 0.010362177887613597 0.0026126512996302682 0.020463922542040745 0.0061063879838672546 0.071546542465802873 -0.013663632727675118 -0.015242233460350779 -0.025083418551529874 -0.013901214051337173 -0.002636275785786331 0.001190464295924042 0.029322952043406281 0.031302242064779079 0.0039766788335057436
leaf_weight=2509.7352537065744 3698.6989026740193 415.3080505952239 1532.5733148604631 3570.8291083201766 551.36991768330336 1385.3875509798527 4557.0049256160855 1578.8913440033793 82.338005445897579 155.02092551440001 1267.0997511968017 439.49492953717709 4881.3348241224885 1664.8622912615538 11086.767563901842 3331.7157864049077 129.18117754906416 1580.4391899034381 1259.5564371049404 5540.6935110241175 79.337013699114323 43.399479821324348 458.09653859585524 529.46510132402182 584.9283104762435 3289.8971647918224 631.2367337718606 345.97444549947977 1338.0358650162816 490.82760859280825
leaf_count=14895 16648 2060 6650 17351 3073 7515 20494 7404 467 924 6102 2253 27211 8112 55330 16056 594 7599 6612 31106 429 219 2596 2478 2986 15280 3440 1957 7174 2720
internal_value=0.000423196 0.0044757 -0.0102811 -0.00815949 0.00800214 0.00607924 -0.0110628 -0.0192095 0.0159734 0.0205358 -0.00617791 0.00351576 0.00454115 0.00171132 0.00278705 -0.00388313 -0.00501646 0.00410531 0.0105298 0.00267906 0.0121376 0.0414163 -0.00861232 -0.0181314 -0.00117694 0.00283621 0.0109014 0.0113369 0.028167 0.0169641
internal_weight=59009.5 42804.4 16205.1 13093.6 18809.5 15154 9522.8 3111.46 3655.59 2675.66 4965.8 979.929 13277.7 23994.9 20125.1 3869.76 2908.44 17216.7 2840 10422 538.045 122.736 540.435 658.646 2249.79 14376.7 1182.61 2855.71 1493.06 1876.22
internal_count=297735 223086 74649 60595 105331 85404 43244 14054 19927 14611 22750 5316 75169 117755 98991 18764 14170 84821 14211 58317 2708 648 3063 3072 11098 70610 6513 16852 8098 10235
is_linear=0
shrinkage=0.1


Tree=57
num_leaves=31
num_cat=0
split_feature=11 11 11 11 1 11 19 4 0 4 0 11 1 9 17 4 9 1 15 14 12 7 9 19 12 19 12 2 7 4
split_gain=1009.59 211.488 134.548 66.3175 31.7648 31.6731 25.1564 25.0219 26.6889 24.6972 24.4204 19.4959 20.89 19.7556 19.0792 17.1948 16.5885 15.6865 15.5849 15.4569 14.1634 13.4459 13.3269 12.8565 11.7351 11.6456 11.6895 11.6237 11.384 11.2807
threshold=0.021856782620109701 0.016230311593012286 0.033168360041676039 0.011392241334221951 0.014792911993183557 0.027469384173316718 1.0000000180025095e-35 0.015421366868544341 -0.026879743159859523 0.014165993238395515 -0.03929121397739755 0.0091692111114888095 -0.0093458881947829902 0.1785392869713848 1.0000000180025095e-35 0.017291526681357808 0.42738260194287953 0.0050340119567395822 0.68189454015336504 0.76444895083418407 0.12106939574369953 0.035352057265005461 0.70315310071714898 1.0000000180025095e-35 0.024491122724269131 1.0000000180025095e-35 0.042509123954736945 -0.055702236014102173 0.16188894532824186 0.018003236940270288
decision_type=2 2 2 2 2 2 2 2 2 2 2 2 2 2 2 2 2 2 2 2 2 2 2 2 2 2 2 2 2 2
left_child=1 3 5 6 24 15 11 8 25 10 -4 12 -1 -13 -9 17 21 -2 23 -12 -18 -10 -7 -6 -5 -3 -27 -19 -20 -26
right_child=2 7 9 4 18 22 -8 14 16 -11 19 13 -14 -15 -16 -17 20 27 28 -21 -22 -23 -24 -25 29 26 -28 -29 -30 -31
leaf_value=0.01150913656092354 -0.013755750718227131 -0.017926576164930132 -0.045990458181055481 0.019325451223802092 0.019023433993546862 -0.022660797268072807 0.037800262110831706 -0.024024511915259131 0.0038471079792975894 -0.047566620418936084 -0.022409342076895086 0.012020480005989057 0.039912729381098223 0.02705536154449166 0.019314837161871958 -0.026646677568995015 0.0061190691432971046 0.017367158375338282 0.013030726439087925 -0.039487826465274802 0.031221385445770678 -0.0026511632177944498 -0.0056232696422523869 0.034950228847828162 0.0077486202718666953 0.053883528793455399 -0.0037071169823025651 -0.0065071276075961181 -0.016582642541433854 -0.029598907500179572
leaf_weight=364.92229247093201 4664.5958621129394 1006.5098007023335 768.32076719403267 906.7660775333643 2837.1964211687446 4433.5012728646398 1058.0346534699202 669.06732607632875 7533.9197868257761 1009.152819044888 2455.5744507908821 2484.3708389997482 891.54525591433048 1348.2455434948206 119.75874193012714 652.72465945035219 686.457739174366 215.54885946214199 2176.9940472841263 675.77519083023071 334.20045376569033 5515.0323718413711 512.14585271477699 617.06830812245607 9886.3588841110468 42.903345793485641 197.43058434128761 3783.6404162943363 138.04500824213028 81.541758961975574
leaf_count=1672 24569 5141 4041 4504 14169 23787 5226 3287 39139 5305 13923 11619 4202 6507 649 3373 3660 1260 10771 3572 1944 28080 3010 3275 48321 254 1076 20371 635 393
internal_value=-0.000561521 0.00869556 -0.0193434 0.0148941 0.0116159 -0.0144285 0.0237702 -7.61892e-05 0.000818326 -0.0336232 -0.0300149 0.0208534 0.0316633 0.0173095 -0.0174448 -0.010995 0.00206098 -0.00981582 0.0176137 -0.026095 0.0143385 0.00110067 -0.0208965 0.0218686 0.00843389 -0.0132041 0.00657371 -0.00522035 0.0112649 0.0074431
internal_weight=58067.3 38896.4 19171 22791.1 16644 14262.2 6147.12 16105.3 15316.5 4908.82 3899.67 5089.08 1256.47 3832.62 788.826 9316.51 14069.6 8663.79 5769.3 3131.35 1020.66 13049 4945.65 3454.26 10874.7 1246.84 240.334 3999.19 2315.04 9967.9
internal_count=297735 194524 103211 111294 82068 76370 29226 83230 79294 26841 21536 24000 5874 18126 3936 49573 72823 46200 28850 17495 5604 67219 26797 17444 53218 6471 1330 21631 11406 48714
is_linear=0
shrinkage=0.1


Tree=58
num_leaves=31
num_cat=0
split_feature=11 11 11 11 18 3 8 4 18 5 4 7 0 15 6 9 3 8 8 3 20 3 8 10 3 10 9 15 15 9
split_gain=282.803 72.5919 47.108 23.22 26.5496 23.7218 18.4453 17.203 15.3792 14.4234 23.8429 16.256 13.6152 15.0194 13.7388 13.4967 12.4404 41.2627 20.0834 32.7866 19.3004 12.4269 16.2846 13.9805 11.7685 11.7444 16.0422 14.6654 15.5522 14.5943
threshold=0.027279909702980273 0.020117460629596833 0.040886424068772374 0.013698875777788137 1.0000000180025095e-35 -0.072081072351923389 -0.57111273559678466 -0.0046624932977783464 1.0000000180025095e-35 0.0098060337424747974 0.0082668644043053536 0.17856861098951463 -0.0042771271786787848 0.46053086481046029 -0.032771677501153056 0.36719880242944219 -0.11118059931162282 -1.0863066386091782 -0.16282928675459354 0.0094977538190295103 1.0000000180025095e-35 -1.0000000180025095e-35 -0.18531721999998543 0.33415852269205093 -0.056076583400516126 0.59650365257766114 1.0058024416920059 0.24890978983520815 0.96041596334157087 0.61637627387874161
decision_type=2 2 2 2 2 2 2 2 2 2 2 2 2 2 2 2 2 2 2 2 2 2 2 2 2 2 2 2 2 2
left_child=1 3 25 4 5 6 -1 -7 15 10 -10 -11 14 -14 -6 -3 17 -5 24 -20 -19 22 -17 -23 -18 29 -27 -28 -29 -2
right_child=2 8 -4 16 12 7 -8 -9 9 11 -12 -13 13 -15 -16 21 18 20 19 -21 -22 23 -24 -25 -26 26 27 28 -30 -31
leaf_value=0.016295108945425345 -0.010068453934395092 -0.0042239067642978476 -0.026300337545302269 -0.00032158273669735367 0.0012310858516024715 0.01656584789663881 0.055465761439286769 0.0042130307211986498 -0.0088585903645896028 0.0049070551525502992 -0.039911002665371322 -0.025161958788274832 -0.003792566713564502 0.019005665581619639 0.033303735215959723 0.004467178475002824 0.0049582662232637575 0.0232274636070334 0.016942362381908764 0.0037977479462761249 0.064586648813743472 0.018506509478398395 0.025858771617547606 -0.0032785090567883286 -0.0035500836960849231 -0.017086454900627816 -0.020935471251285379 0.045673841386613574 -0.02999019462818972 0.002405943540680439
leaf_weight=472.48568993806839 4987.0132050290704 4941.5335268676281 2289.1500818878412 923.25712013989687 158.60885055363178 1342.8354912400246 161.24210041761398 7026.6995670124888 1486.9898068159819 1072.1073705181479 296.5875757932663 216.02170796692371 386.35141956806183 1146.4307732880116 845.74149825423956 2737.5318771600723 2574.7727192863822 486.39081485569477 2343.4858689382672 9972.8944626525044 146.90839225053787 323.38632632791996 409.04339226335287 3307.2741444855928 4410.1664377823472 3078.1465930491686 98.974680550396442 118.93344757705927 35.20676539093256 1155.1093103736639
leaf_count=2612 22940 23386 10600 4531 794 7276 877 41778 6985 5271 1244 1002 2273 6540 4365 13153 12880 2481 11649 51150 770 1611 2029 15932 22339 14239 488 677 164 5699
internal_value=0.000446425 0.00390444 -0.0134264 0.00655449 0.0101536 0.00760741 0.0262615 0.00619496 -0.00190046 -0.00819882 -0.0140222 -0.000135576 0.019189 0.0132592 0.0282388 -0.000249544 0.00456315 0.0131631 0.00386961 0.00629883 0.0328217 0.00264831 0.00724801 -0.0013381 -0.000413755 -0.0103155 -0.0150965 0.00910341 0.0283916 -0.00772247
internal_weight=58951.3 47188.7 11762.5 32398.3 11540.4 9003.26 633.728 8369.54 14790.5 3071.71 1783.58 1288.13 2537.13 1532.78 1004.35 11718.8 20857.9 1556.56 19301.3 12316.4 633.299 6777.24 3146.58 3630.66 6984.94 9473.38 3331.26 253.115 154.14 6142.12
internal_count=297735 242928 54807 172315 66515 52543 3489 49054 70613 14502 8229 6273 13972 8813 5159 56111 105800 7782 98018 62799 3251 32725 15182 17543 35219 44207 15568 1329 841 28639
is_linear=0
shrinkage=0.1


Tree=59
num_leaves=31
num_cat=0
split_feature=11 11 11 14 13 4 4 0 0 0 13 1 18 11 16 17 1 7 13 3 19 15 1 16 0 3 12 1 13 0
split_gain=948.445 263.308 116.36 75.4638 74.517 66.4042 65.8547 53.0793 57.7044 52.6123 50.4006 65.5598 55.9651 49.679 47.748 45.84 57.8972 45.4484 43.2113 42.3373 40.8242 38.7691 49.3388 37.4869 35.9063 31.4518 30.2646 29.7987 36.2194 29.7265
threshold=0.015682764076062217 0.027469384173316718 0.013026886122852693 0.49361558851438236 -0.39847290364200755 -0.015191757822034189 0.018844138822648796 -0.012847210374094862 0.038190135918058539 -0.012597746661249241 -0.32565182961804223 -0.0057120657056117788 1.0000000180025095e-35 0.010331770530745439 1.0000000180025095e-35 1.0000000180025095e-35 -0.012348753067303429 0.054793771102657492 0.56105850263967871 -0.27601710670721624 1.0000000180025095e-35 0.91876467698243502 -0.043411647623529774 1.0000000180025095e-35 0.02866279696660046 -0.11383328474806208 0.028152366112379135 -0.096283490129344548 0.26625925763673486 -0.020470531353239615
decision_type=2 2 2 2 2 2 2 2 2 2 2 2 2 2 2 2 2 2 2 2 2 2 2 2 2 2 2 2 2 2
left_child=2 3 4 6 15 -5 9 17 18 -2 11 12 -4 -6 -8 16 -1 27 19 -9 -11 22 -10 29 -13 -25 -15 28 -3 -7
right_child=1 7 10 5 13 23 14 8 21 20 -12 24 -14 26 -16 -17 -18 -19 -20 -21 -22 -23 -24 25 -26 -27 -28 -29 -30 -31
leaf_value=0.065652091645541616 0.013352245428883695 0.041706633690876592 0.014692584203660873 0.019707609368185493 -0.058507486149781851 0.0029399938049343255 0.01898905664051774 0.041746827670618117 0.13597325551172612 0.0030631810941609246 -0.019807231500551952 -0.026415064003473661 0.1056221520794377 -0.052215667041512787 0.080464724814395844 -0.059411522652456417 -0.012416086779212923 0.034485003059085757 -0.026733306885254909 0.0076169016667202022 -0.012922581067712234 0.020348472015524078 0.036595066291786847 0.031113090598809845 0.088248707957667025 -0.00084193362651465873 -0.029963684092813161 0.010891802962146927 0.0091061668313388629 -0.012306050612044629
leaf_weight=141.30840017646551 4172.1083041727543 853.27416718006134 227.47486673295498 1000.1993957832456 1175.7411752715707 1512.4074489995837 413.56991048157215 380.77978482842445 64.956982925534248 8572.9163865968585 5439.9836875647306 385.44626261293888 96.360156461596489 781.78106471151114 181.91595915704966 109.01707204803824 289.86021845042706 2257.9366453588009 349.2124961540103 7989.0487404987216 1963.4135435819626 2453.8699054718018 216.35887236893177 354.16976827383041 29.392302565276623 2363.3860495910048 2801.5635348707438 2787.7889297157526 567.4227486550808 8282.5125492289662
leaf_count=887 18479 2126 1413 4238 14703 6808 1762 1033 167 43561 42232 2797 464 8345 637 991 2358 6136 1209 25613 10841 6781 704 1409 184 10792 27566 8333 1536 43630
internal_value=-4.71776e-05 0.00627823 -0.0258037 0.000359121 -0.0366757 -0.00508689 0.0051677 0.0157962 0.011707 0.00384779 -0.0164791 0.00803089 0.0417495 -0.0406708 0.0377694 -0.0014784 0.0131695 0.0230395 0.00773165 0.00916962 8.42822e-05 0.0243795 0.0595419 -0.00706887 -0.0182909 0.00332266 -0.0348184 0.0168988 0.0286861 -0.00995195
internal_weight=58215.2 46737.2 11477.9 28816.6 5299.27 13512.7 15303.9 17920.6 11454.2 14708.4 6178.66 738.674 323.835 4759.09 595.486 540.186 431.169 6466.42 8719.04 8369.83 10536.3 2735.19 281.316 12512.5 414.839 2717.56 3583.34 4208.49 1420.7 9794.92
internal_count=297735 195795 101940 142157 54850 66877 75280 53638 35507 72881 47090 4858 1877 50614 2399 4236 3245 18131 27855 26646 54402 7652 871 62639 2981 12201 35911 11995 3662 50438
is_linear=0
shrinkage=0.1


Tree=60
num_leaves=31
num_cat=0
split_feature=10 10 10 12 14 5 13 12 15 0 15 14 3 13 4 3 10 7 4 15 0 16 20 19 1 4 14 7 7 0
split_gain=828.252 206.46 74.0866 68.0436 52.2828 54.5645 50.1832 41.9187 39.8322 56.3202 36.8626 34.9682 35.5071 40.1109 34.9403 34.3814 34.8269 34.017 32.3266 30.8847 30.4038 30.2136 30.1602 36.4754 50.4773 35.4867 30.0068 27.1984 26.4716 25.4845
threshold=0.33574743476719465 0.23128040674584552 0.50974440895150763 0.18145218769281876 0.17119840801222388 -0.063636810359333704 0.14474929865494349 0.1027632372141942 0.708864935860399 0.010810951977585416 0.16504530538938331 0.27510911117831055 0.15735297218286728 0.028844216162098233 0.0095107383992150147 0.037344046949814309 0.67311357212037892 0.33895076176700972 0.0041320500619220777 0.16504530538938331 0.021531246711241184 1.0000000180025095e-35 1.0000000180025095e-35 1.0000000180025095e-35 0.0050340119567395822 -0.01058948710099483 0.70617856432475157 0.041739218560405196 -0.17962147963575423 0.015802383794112366
decision_type=2 2 2 2 2 2 2 2 2 2 2 2 2 2 2 2 2 2 2 2 2 2 2 2 2 2 2 2 2 2
left_child=1 18 7 6 5 -5 15 22 11 -10 -9 19 20 -14 -12 16 -4 -6 29 -3 -13 -17 23 24 -2 -25 -8 -20 -28 -1
right_child=2 8 3 4 17 -7 26 10 9 -11 14 12 13 -15 -16 21 -18 -19 27 -21 -22 -23 -24 25 -26 -27 28 -29 -30 -31
leaf_value=-0.035132251394410972 0.021112475126162263 -0.0012260250472074538 0.0013420994505812126 0.031759890069303076 0.0069000595189572288 -0.029581617905631814 0.022834862118371348 0.012852230862964515 -0.020503680708284611 0.0061463991292632202 -0.0093083588244310452 -0.0088433311436564455 0.067602296146595658 -0.023134165386594963 0.010853332286514838 0.01712612557364129 0.023225312680742377 0.031479070744741565 -0.026591663841960812 -0.025844754675909212 -0.056419703118987134 0.041788288720316126 -0.0026131809587670719 -0.025804779729120677 0.0051334955839058291 0.0052359585719431688 -0.0051318171589053831 0.00060227938942713577 0.050109227057047005 -0.0095828640276362023
leaf_weight=5279.7183524593711 4129.9653137028217 633.1217764467001 2514.0081402733922 183.47182328999043 5556.7457004748285 691.75927920639515 1827.1999566033483 1376.3812510222197 1072.5902725532651 3042.0260077640414 4473.2775995954871 7009.1821114309132 125.6879685074091 79.55666509270668 1064.0059127286077 2443.6331136003137 1023.2874892205 626.56664935126901 1075.2056123837829 2611.4612906910479 136.94586051255465 623.50095349550247 2244.3085946366191 452.35700695961714 3792.2692472860217 1982.0340090319514 96.335022240877151 559.00535537302494 871.6327895373106 421.57751678675413
leaf_count=51542 16439 3653 8276 529 18372 2602 5096 5678 7050 17897 21744 44833 681 439 4269 7098 2477 1502 9788 16989 973 1731 10247 2057 15788 8692 266 4938 2212 3770
internal_value=-0.000722526 -0.0159848 0.00863101 0.0135727 0.00615273 -0.0167228 0.0191446 0.00446333 -0.0091511 -0.000800693 -0.00179374 -0.0123937 -0.00857726 0.0324311 -0.00543423 0.0143911 0.00767259 0.0093907 -0.0296889 -0.0210409 -0.00975507 0.0221396 0.00789636 0.0101738 0.0134635 -0.000532012 0.0303761 -0.0172896 0.0446115 -0.033243
internal_weight=58018.8 22046.1 35972.7 16458.1 7058.54 875.231 9399.6 19514.6 14710.6 4114.62 6913.66 10596 7351.37 205.245 5537.28 6604.43 3537.3 6183.31 7335.51 3244.58 7146.13 3067.13 12600.9 10356.6 7922.23 2434.39 2795.17 1634.21 967.968 5701.3
internal_count=297628 162553 135075 50161 23005 3131 27156 84914 92515 24947 31691 67568 46926 1120 26013 19582 10753 19874 70038 20642 45806 8829 53223 42976 32227 10749 7574 14726 2478 55312
is_linear=0
shrinkage=0.1


Tree=61
num_leaves=31
num_cat=0
split_feature=11 11 0 19 0 15 11 0 0 15 16 4 15 14 15 8 0 10 13 5 13 2 12 4 20 11 14 10 8 6
split_gain=226.299 51.9099 34.2884 33.6276 33.5914 51.2063 23.5346 21.4289 18.9476 22.2024 20.9666 20.6958 17.846 17.4513 16.0443 15.9896 13.939 13.512 12.6233 13.4052 12.4581 12.9509 12.3959 15.4575 12.2812 11.9581 11.6071 11.5844 11.3083 11.1778
threshold=0.026754119712079218 0.019315247832425959 -0.03509131028849332 1.0000000180025095e-35 0.010810951977585416 0.5792478530706503 0.040886424068772374 0.021531246711241184 -0.016018897201792944 0.20114161769541258 1.0000000180025095e-35 -0.00049594668743146986 0.45649995712280483 0.47751676839636437 0.040980857831986545 -0.6888394638208003 -0.040848103621259242 0.37798465335617565 0.080647065263197051 0.010134236701737078 0.35761457545110226 -0.04178493975318797 0.092772114837250966 0.029608063803824528 1.0000000180025095e-35 0.011959253349460819 0.18340613423167748 0.54858983499071534 2.1423077883233446 -0.069166697639471295
decision_type=2 2 2 2 2 2 2 2 2 2 2 2 2 2 2 2 2 2 2 2 2 2 2 2 2 2 2 2 2 2
left_child=1 3 -2 8 18 15 14 -7 10 24 12 -12 -1 -11 -4 -6 -3 26 25 -20 28 -22 -19 -24 -10 -5 -18 -8 -16 -28
right_child=2 16 6 4 5 7 27 -9 9 13 11 -13 -14 -15 20 -17 17 22 19 -21 21 -23 23 -25 -26 -27 29 -29 -30 -31
leaf_value=-0.0057706954580723831 -0.023613937892359334 -0.014122552747446386 0.024709836177157933 0.02297019205664293 0.14621130491298681 0.0069890636360836677 0.0062477614309173106 0.032258782441280047 0.012333548548357101 0.0015766278998340479 0.00046438673696610626 0.037607521789306729 -0.063346098196064016 0.0076227942709614837 -0.0078501585596704362 0.061311710266354819 -0.0040429807367489438 -0.007268406674334202 -0.0078810880393995995 0.015623341242083082 0.01606290907894314 -0.0060144748130073877 0.001496832952852383 -0.037743972369872203 0.03343908408632771 0.0084496668159098481 0.01864815884454039 -0.021950950512323528 -0.022630096698312653 0.0037570539091149138
leaf_weight=2292.8873764201999 1888.9766247868538 726.59983069449663 157.58546639233828 741.50648037344217 25.159603402018547 732.35565830767155 159.8899629637599 619.4119418784976 1057.0398075729609 8619.297732591629 448.49320960789919 225.40455999970436 55.129536978900433 10700.185385338962 7135.957934178412 187.52342019975185 1786.9356496632099 3526.9725573584437 770.23556331545115 354.2413432225585 426.81765802204609 703.91814158111811 4480.7830219045281 102.68390899151564 372.99560432881117 2411.9752255156636 555.88453468680382 1639.8753285929561 558.15886913985014 5409.610062725842
leaf_count=12293 8697 3483 776 4313 136 3748 723 3012 5875 46896 2453 1187 371 58367 32893 924 8688 16016 4250 1889 2061 3238 21237 456 2104 12515 2741 7530 2449 26307
internal_value=0.000652941 0.0038997 -0.0111858 0.00640845 0.0132057 0.0257445 -0.00900848 0.0185682 0.00473786 0.00581529 -0.00266011 0.012888 -0.00712252 0.00492533 -0.00691721 0.071355 -0.000578666 4.1713e-05 0.00862025 -0.000476542 -0.00748198 0.00231905 -0.00281171 0.000617717 0.0178385 0.011864 0.00302691 -0.0194458 -0.00892235 0.00514466
internal_weight=58874.5 46203.3 12671.2 29613.8 5842.41 1564.45 10782.2 1351.77 23771.4 20749.5 3021.91 673.898 2348.02 19319.5 8982.44 212.683 16589.5 15862.9 4277.96 1124.48 8824.85 1130.74 8110.44 4583.47 1430.04 3153.48 7752.43 1799.77 7694.12 5965.49
internal_count=297628 239261 58367 160333 30787 7820 49670 6760 129546 113242 16304 3640 12664 105263 41417 1060 78928 75445 22967 6139 40641 5299 37709 21693 7979 16828 37736 8253 35342 29048
is_linear=0
shrinkage=0.1


Tree=62
num_leaves=31
num_cat=0
split_feature=11 10 11 11 11 10 12 11 9 13 11 10 9 10 6 13 9 11 12 4 10 9 12 10 4 9 12 4 10 4
split_gain=870.749 165.929 155.66 36.101 35.2721 34.3762 30.1272 29.8622 26.8207 22.8503 19.8195 19.6866 19.2688 23.4562 17.2162 14.3215 14.6438 20.1619 16.1539 14.0442 14.0311 20.1752 16.0521 13.3923 13.3724 13.3132 12.6821 17.4757 12.6137 12.2883
threshold=0.020894626766601674 0.23495570779839917 0.031253021251281189 0.017486781025667936 0.0091692111114888095 0.45096928768189742 0.12933709945473296 0.042979910437058046 0.58440587207463712 0.32545899778110643 0.011483887055393173 0.48629911572734302 0.46946110346342146 0.33895913285959539 0.034424783059015869 0.075014041416972502 0.181471766678624 0.01203277362719909 0.037739869322939538 0.0054486031739715566 0.35064859130510218 0.35324317123248111 0.14153283220103294 0.40311028713601865 0.023400271604090864 0.46570189362758024 0.089805794022740762 0.014940304833051423 1.0643848539704777 -0.0074151939820201731
decision_type=2 2 2 2 2 2 2 2 2 2 2 2 2 2 2 2 2 2 2 2 2 2 2 2 2 2 2 2 2 2
left_child=1 4 5 9 19 12 -7 23 28 10 11 -3 13 -2 -12 16 18 -18 -6 -1 21 -5 -22 -4 29 -24 -14 -28 -8 -17
right_child=2 3 7 20 15 6 8 -9 -10 -11 14 -13 26 -15 -16 24 17 -19 -20 -21 22 -23 25 -25 -26 -27 27 -29 -30 -31
leaf_value=0.034953051100910841 -0.002058319246738102 0.017864113764338919 -0.0041524159082457907 -0.0014239212922802324 0.015645094210896618 -0.023945625738629166 -0.017040360181983186 -0.042153442466530987 0.0052584081035176944 0.027007747497242159 0.0026834569702614869 0.092644439695426309 -0.0084805869934738536 -0.013498789826836492 0.011661972268419097 0.0035484343190022105 0.027058499682299387 0.01308756918996232 0.0030034588649958181 -0.0029822664317283656 -0.010241357260672573 0.013109554478791589 0.00068463911852031196 -0.027298236162748547 -0.043722671501489056 0.03765303633194992 0.014297814303286414 -0.036652737475465533 0.043687121538106791 0.022492527323475411
leaf_weight=1313.5621094852686 2862.3144208937883 748.07913158833981 265.5863361209631 4354.4392978996038 1882.6965820193291 3016.4454890042543 1941.759946346283 1516.8527911603451 851.50364671647549 541.8987328261137 8453.3221422061324 36.942926809191704 581.7487918138504 4793.2647433206439 2857.5736943632364 375.43918338418007 1414.1831365227699 3831.7529858872294 2182.684677541256 105.42354540526867 2617.7626572102308 1223.5570639595389 767.06972566246986 4255.1076025441289 32.338209688663483 111.5850065946579 862.6875409334898 73.016433112323284 34.816954605281353 3892.0175913348794
leaf_count=6177 15249 3559 1537 22241 9037 16149 10408 8289 4996 2841 41899 191 3228 25466 14377 1823 6852 18882 10317 445 13299 6704 4081 24104 134 652 5028 410 215 19038
internal_value=-0.00023738 0.00905416 -0.0164516 0.00346293 0.0171311 -0.0109998 -0.0169937 -0.0300122 -0.00957882 0.00691819 0.00601818 0.0213833 -0.00718084 -0.00922136 0.00495178 0.015567 0.0133627 0.0168538 0.00885786 0.0321346 -0.00134916 0.00176406 -0.00631583 -0.0259384 0.0203404 0.00537945 0.00311359 0.010322 -0.0159707 0.0208259
internal_weight=57797.4 36742.3 21055.1 21712.2 15030.1 15017.6 5844.53 6037.55 2828.08 12637.8 12095.9 785.022 9173.03 7655.58 11310.9 13611.1 9311.32 5245.94 4065.38 1418.99 9074.41 5578 3496.42 4520.69 4299.79 878.655 1517.45 935.704 1976.58 4267.46
internal_count=297628 182549 115079 109844 72705 81149 31768 33930 15619 62867 60026 3750 49381 40715 56276 66083 45088 25734 19354 6622 46977 28945 18032 25641 20995 4733 8666 5438 10623 20861
is_linear=0
shrinkage=0.1


Tree=63
num_leaves=31
num_cat=0
split_feature=11 11 3 8 3 17 16 1 8 2 3 8 17 17 3 3 11 12 11 11 18 9 1 15 0 1 15 17 18 10
split_gain=246.122 64.5785 30.883 28.3123 53.4008 51.1975 28.1363 23.9599 23.2498 23.1331 19.5358 55.1392 75.0889 31.1921 26.8501 17.7165 16.6706 14.7465 14.0611 12.5886 17.9942 12.8701 11.48 11.233 11.1056 12.768 11.9585 11.1042 10.876 10.0663
threshold=0.021856782620109701 0.036222166364699195 0.083759021212709076 -0.17800624648644212 -0.016067861270983027 1.0000000180025095e-35 1.0000000180025095e-35 -0.015891322999599385 0.55074661552519255 -0.067822596382716357 -0.067353187862545724 -0.6627266015130181 1.0000000180025095e-35 1.0000000180025095e-35 -0.025757938315973169 -0.010716472089800087 0.028231075647129105 0.14549451562092588 0.044266078902156177 0.015751073431551996 1.0000000180025095e-35 0.36520598257927511 0.040700829156250957 0.040980857831986545 -0.031828301360166573 -0.031132685663873168 0.10943270786663724 1.0000000180025095e-35 1.0000000180025095e-35 0.42683608252877897
decision_type=2 2 2 2 2 2 2 2 2 2 2 2 2 2 2 2 2 2 2 2 2 2 2 2 2 2 2 2 2 2
left_child=2 16 3 10 5 9 -4 -7 -8 -5 11 27 -13 15 -15 -12 23 22 -3 20 -6 -21 -10 -2 26 -26 -25 -1 29 -18
right_child=1 18 6 4 19 7 8 -9 17 -11 13 12 -14 14 -16 -17 28 -19 -20 21 -22 -23 -24 24 25 -27 -28 -29 -30 -31
leaf_value=0.0052720817295144034 -0.015676359407598674 -0.014767690082553755 0.0024205351202242383 -0.0035501121244693639 0.0076233352928760899 -0.040566979141490558 -0.041250972198967964 0.012706240291146632 -0.020505173642706844 0.036517289145983747 0.0011979816763106393 0.036977643196764325 -0.023540828592213039 0.0006219734855157558 0.023921578181223303 -0.0093714800615097692 0.0024288702082776682 0.024990031754666041 -0.027053184267665755 0.0018097162715098678 0.01897512593475029 0.013044211173927334 0.0041185929106662637 0.0011499654299154643 -0.0092496020572593891 -0.00098619263799132654 0.030704155733896316 -0.0075639095635126876 -0.017361014489715595 -0.0092953796432033529
leaf_weight=3201.4166411980987 658.71588091552258 2449.0276678353548 4934.1877827048302 159.82728891074657 6220.4036587029696 146.1377480328083 257.05268929153681 199.91713173687458 556.16583266854286 1464.0065341889858 5034.3088370189071 1111.8067186921835 251.37648865580559 1011.7895418405533 967.57312384992838 2315.2259013131261 886.18401220440865 122.63680462539196 1503.5600486174226 4871.8466243669391 1800.5785366073251 1289.631167024374 287.06026154756546 423.51426554471254 2482.410073466599 7577.5014815703034 202.31287509202957 853.65691293776035 1347.2560593336821 4217.8350004553795
leaf_count=15921 2952 11677 25998 780 35260 727 1296 1096 2805 7474 26580 5632 1304 5327 5137 12764 4244 677 7125 23858 9572 6477 1490 1927 11660 36523 982 4315 6296 19752
internal_value=0.000566117 -0.00787867 0.00552232 0.00681098 0.00970331 0.0251314 -0.000944859 -0.00979085 -0.0145235 0.0325736 0.00364305 0.00841886 0.0258178 0.000869245 0.0120115 -0.00213157 -0.00531056 -0.00741026 -0.0194411 0.00756042 0.0101716 0.00416116 -0.0121225 -0.00300249 -0.00222121 -0.00302529 0.010704 0.0025699 -0.00936926 -0.00725976
internal_weight=58804.9 21748.3 37056.6 30899.5 16152.3 1969.89 6157.1 346.055 1222.92 1623.83 14747.2 5418.26 1363.18 9328.9 1979.36 7349.53 17795.7 965.863 3952.59 14182.5 8020.98 6161.48 843.226 11344.5 10685.7 10059.9 625.827 4055.07 6451.28 5104.02
internal_count=297628 103138 194490 162224 85244 10077 32266 1823 6268 8254 76980 27172 6936 49808 10464 39344 84336 4972 18802 75167 44832 30335 4295 54044 51092 48183 2909 20236 30292 23996
is_linear=0
shrinkage=0.1


Tree=64
num_leaves=31
num_cat=0
split_feature=10 10 10 11 16 1 3 8 17 8 4 2 3 10 14 13 1 5 3 11 7 14 10 8 7 14 13 1 18 8
split_gain=915.633 200.893 146.537 56.1923 48.8421 65.9681 62.5752 68.6516 60.7003 48.2596 44.3129 68.4068 44.7558 43.4233 42.6587 39.3973 44.2751 35.6524 31.6648 29.6024 29.3275 28.4361 27.3895 26.6844 38.2665 48.2166 25.3112 32.7104 25.7942 24.7174
threshold=0.28114724304192451 0.43185213582941068 0.2090194502756729 0.044266078902156177 1.0000000180025095e-35 -0.01104986313499534 -0.094387995645079034 -0.87983859935746256 1.0000000180025095e-35 2.4002236179480856 -0.01058948710099483 -0.012406157736686295 -0.17444647782003583 0.16416784915814156 0.49764784840003568 -0.52032785156325312 0.0054200556624768312 0.00029089425494066573 0.038239396996905713 0.011725685668741534 0.29689393141084203 0.69408989241433816 0.23977942527139837 -0.28813529862011761 0.02833448562790775 0.19536759502571435 0.023914464272930539 -0.0073090109704259101 1.0000000180025095e-35 -1.8444065845452562
decision_type=2 2 2 2 2 2 2 2 2 2 2 2 2 2 2 2 2 2 2 2 2 2 2 2 2 2 2 2 2 2
left_child=2 10 13 4 5 8 7 -6 -3 -7 11 -2 29 -1 18 16 -4 -8 -14 -17 -16 22 -21 24 -15 -26 27 -13 -28 -12
right_child=1 3 15 -5 6 9 17 -9 -10 -11 12 26 14 23 20 19 -18 -19 -20 21 -22 -23 -24 -25 25 -27 28 -29 -30 -31
leaf_value=-0.05316624436669979 -0.0047121888744399232 0.021238280010770084 0.058174079414476804 0.025972468829460939 0.030808829740358163 0.001155272618956315 -0.00033696462429726008 0.10094060788210393 -0.00034755781713161326 0.027501490350121172 -0.0012356331659977545 0.046824592340186932 0.0062894221978723429 -0.024168493811448213 -0.0092269889638317542 -0.037531736151791326 -0.044891261302733562 0.021693980385041518 -0.0054040969205479692 -0.019964908881587629 0.054577749042242135 -0.02406255077356555 -0.0060722439887227458 -0.037221851819767081 0.16193218561239675 7.3184631749529706e-05 0.055141762389055785 0.00027436888569503677 -0.0087885448652469424 0.03956250944319626
leaf_weight=1217.7431908063591 1172.4305448830128 5394.6877867653966 144.02106206864119 2946.5888836234808 964.89421977102757 8668.7331290654838 1169.5131129473448 163.18524257838726 1717.4657733589411 755.8845614567399 240.10676195472479 231.67676523327827 5482.4545627310872 1020.4848393462598 7725.7068114131689 608.7767120115459 58.656145989894867 1975.045607406646 4009.1355715729296 2229.1838752254844 72.71725606918335 2347.5350743681192 3905.0593019202352 2381.2030791305006 24.801295429468155 71.355898484587669 442.07344881445169 433.23527527600527 73.621916994452477 389.21531453728676
leaf_count=15200 5380 17785 759 7042 2976 31761 3844 507 5850 2293 942 1021 26564 9642 41346 6454 438 6270 19977 17188 268 17868 26060 23453 178 648 1821 2130 314 1649
internal_value=-0.000277271 0.00680776 -0.0225449 0.0130477 0.0112176 0.00875501 0.0207487 0.0409539 0.0160257 0.00326832 -0.000504475 0.0123976 -0.00219868 -0.0369027 -0.00315214 -0.0152594 0.0283463 0.0135003 0.00135022 -0.0162316 -0.00863203 -0.0147028 -0.0111208 -0.0312407 -0.018486 0.0418206 0.0293889 0.016494 0.0460149 0.0239967
internal_weight=58037.2 44028.4 14008.8 23756 20809.4 16536.8 4272.64 1128.08 7112.15 9424.62 20272.4 2353.04 17919.3 4715.59 17290 9293.23 202.677 3144.56 9491.59 9090.55 7798.42 8481.78 6134.24 3497.85 1116.64 96.1572 1180.61 664.912 515.695 629.322
internal_count=297628 179740 117888 78328 71286 57689 13597 3483 23635 34054 101412 10666 90746 49121 88155 68767 1197 10114 46541 67570 41614 61116 43248 33921 10468 826 5286 3151 2135 2591
is_linear=0
shrinkage=0.1


Tree=65
num_leaves=31
num_cat=0
split_feature=11 11 11 11 14 9 4 18 1 17 4 6 1 14 13 15 7 5 17 4 18 4 17 0 18 8 17 4 9 14
split_gain=929.168 134.666 129.344 48.2081 46.7357 38.6477 38.4292 100.672 72.4591 49.4908 37.7982 35.8918 33.1796 32.6718 32.0975 30.4646 43.4924 30.4672 29.3985 28.3175 28.9854 47.0595 31.0663 27.9155 26.2723 25.6054 24.2591 27.5027 24.0762 25.7128
threshold=0.017778643014366474 0.02692617505467489 0.011483887055393173 0.0152759851278279 0.75310295779149172 0.21933009348838553 0.0028986977719234201 1.0000000180025095e-35 0.053717907963958596 1.0000000180025095e-35 0.012595952066837725 0.041047138616688301 0.011046758462594621 0.93416190053221848 0.11858476823455354 0.21685131681548359 0.079200107711620907 -0.028544686449981978 1.0000000180025095e-35 0.038310204041673408 1.0000000180025095e-35 -0.031236517272373417 1.0000000180025095e-35 0.062786286820670736 1.0000000180025095e-35 0.073797029262393399 1.0000000180025095e-35 0.0027430347701715711 0.13789749695334111 0.19536759502571435
decision_type=2 2 2 2 2 2 2 2 2 2 2 2 2 2 2 2 2 2 2 2 2 2 2 2 2 2 2 2 2 2
left_child=2 6 -1 5 10 28 9 15 14 12 18 13 -2 -11 -9 17 -17 -8 23 20 22 -22 -6 -3 -21 -13 27 -7 -4 -30
right_child=1 4 3 -5 19 26 7 8 -10 11 -12 25 -14 -15 -16 16 -18 -19 -20 24 21 -23 -24 -25 -26 -27 -28 -29 29 -31
leaf_value=-0.040650514364892573 0.00055195312037142007 0.0070215931441791864 0.0091273862833384737 -0.0099885242339446192 0.010908533369226021 -0.040763913728607173 -0.0039534899058261382 0.044835264694181275 -0.0097906900622056151 0.014056210679917212 0.022045350196540886 0.052329733056635547 -0.011009297261063403 0.067738860685523136 0.01226028162825489 -0.0072429855659944271 0.011320740510666824 0.032033002863676156 0.018351272272107071 0.068962190113580263 0.12712978243671688 0.030783978853189592 0.032000157160965825 -0.030741863825614474 -0.0098006352595422248 -0.014466243045164888 -0.013702256836316418 -0.02032762998765332 -0.033994483243036389 -0.012850033451858658
leaf_weight=2577.7281979992986 6370.5854659900069 9033.2849293127656 381.35229259729385 6517.5174566283822 2592.4004159867764 1829.3296847417951 385.07728978991508 1224.2333942428231 420.34230836480856 2126.700073339045 2648.9006874859333 62.837375178933144 4067.1205719634891 119.7559842094779 401.74921380728483 3744.7498902752995 1903.6430816575885 604.71180698275566 2540.1681685745716 221.32423733174801 53.695669263601303 907.78942103683949 955.82378214597702 200.08557395637035 52.371518224477768 661.91787315905094 799.54196838289499 1028.9110318832099 731.04745776206255 2696.3357576392591
leaf_count=30434 30739 28717 3326 42182 7012 15584 1635 4989 1801 9642 7497 257 20442 491 1669 17748 8366 2675 7784 419 102 2379 2479 581 119 3110 6375 8513 6594 23745
internal_value=-5.59616e-05 0.00796887 -0.0200671 -0.0162729 0.0140934 -0.0217585 0.00264482 0.00782713 0.027219 -0.000711586 0.0112525 0.0106752 -0.00395296 0.016918 0.0367866 0.00184927 -0.000986567 0.0180325 0.00882423 0.022659 0.0207635 0.0361646 0.0165902 0.00620327 0.053891 -0.00867493 -0.0291 -0.0334072 -0.014708 -0.0173601
internal_weight=57861 41299.3 16561.8 13984 19205.8 7466.52 22093.4 8684.51 2046.32 13408.9 14422.4 2971.21 10437.7 2246.46 1625.98 6638.18 5648.39 989.789 11773.5 4783.41 4509.71 961.485 3548.22 9233.37 273.696 724.755 3657.78 2858.24 3808.74 3427.38
internal_count=297406 160653 136753 106319 57089 64137 103564 38883 8459 64681 44579 13500 51181 10133 6658 30424 26114 4310 37082 12510 11972 2481 9491 29298 538 3367 30472 24097 33665 30339
is_linear=0
shrinkage=0.1


Tree=66
num_leaves=31
num_cat=0
split_feature=11 11 0 19 1 11 9 9 15 0 0 4 0 13 6 9 0 10 13 13 13 20 10 0 4 7 10 7 7 10
split_gain=190.492 46.6061 41.4307 30.0713 29.6487 24.4118 22.3942 21.9907 19.8507 34.9577 30.3664 17.6357 18.0468 16.9876 17.184 15.6848 15.452 15.2736 14.6209 14.4755 12.4711 11.9113 11.9013 11.6492 11.1081 10.7433 13.1813 10.6195 10.4352 10.2621
threshold=0.026754119712079218 0.019877776716660349 -0.069838767791325626 1.0000000180025095e-35 0.0082633052920035883 0.03673086094195193 0.17261719043548038 0.55254159705331907 0.66208060991874695 0.0092911030205824491 0.014917644242520957 0.00084882970776423161 0.046398833649391062 0.1767915614634834 0.01635360460533997 0.63391571853787998 -0.03509131028849332 0.5015974752304605 0.63209507074571791 -0.16122031324476541 -0.16375563194504772 1.0000000180025095e-35 0.43982130456435059 0.030993003063356287 0.049347325350854516 0.01980134400393652 0.69554075245410696 -0.14054215542977491 0.2149139030047397 0.5431182507352208
decision_type=2 2 2 2 2 2 2 2 2 2 2 2 2 2 2 2 2 2 2 2 2 2 2 2 2 2 2 2 2 2
left_child=1 3 -2 6 8 15 13 16 9 -5 -10 21 -13 14 -1 17 -3 -4 25 23 -19 -8 27 -6 -17 26 -7 -18 -21 -9
right_child=2 7 5 4 19 18 11 29 10 -11 -12 12 -14 -15 -16 24 22 20 -20 28 -22 -23 -24 -25 -26 -27 -28 -29 -30 -31
leaf_value=0.0079796927237871639 -0.04183363241654426 -0.014731611584617521 -0.0045782019051691008 0.0062693309629028018 0.028345532588390527 -0.00090806880365550927 -0.0018550649633161033 0.021778920690678421 -0.023829219969074694 0.045337500270006353 0.016814555517783086 0.0064599944482107777 -0.025978204548263106 -0.0063274840077547391 0.021307430636503085 0.0026583246337808408 -0.013027181696240245 -0.0063937686405225033 0.016329910857215246 0.016275028339797212 -0.019913130895073038 0.0060953752810149163 -0.006420297784344671 0.080950082399669943 -0.049355099033625664 -0.022468722312039044 -0.019634919354158304 0.0013552636072682756 -0.035093409947101382 0.00052416521645852899
leaf_weight=3002.2518089488149 404.44594645500183 899.73732708394527 3799.6404704302549 2447.9648917913437 729.26407066732645 683.04427305608988 8297.5513925924897 590.000124797225 478.45281673967838 252.67256361991167 298.51773598790169 9336.0315245166421 174.71903800219297 552.12653529644012 1427.3417429178953 1890.8016580715775 543.5207517594099 1166.5227168351412 132.70431455224752 1898.2572988122702 1643.8677951171994 2438.130483135581 3256.3903283625841 44.675786152482033 41.97058954834938 1919.9641716331244 835.76431527733803 9256.8260298222303 40.387851163744926 369.36726348847151
leaf_count=17307 1848 4309 17762 13158 3718 3240 44601 3004 2621 1271 1526 49039 857 3225 8029 9244 2514 5457 650 9602 7292 13285 14902 216 177 8694 3900 43947 179 1832
internal_value=0.000596294 0.00355352 -0.0103489 0.00573877 0.0119844 -0.0092978 0.0042063 -0.00104946 0.00587212 0.00992456 -0.00821359 0.00272841 0.00586408 0.0102126 0.0122743 -0.00639528 -0.00205616 -0.0087123 -0.0162405 0.0198205 -0.0143016 -4.94777e-05 -0.00118269 0.0313821 0.00152884 -0.0174974 -0.011213 0.000557623 0.0152049 0.0135956
internal_weight=58852.9 46334.2 12518.7 31418.3 6190.19 12114.3 25228.2 14915.8 3477.61 2700.64 776.971 20246.4 9510.75 4981.72 4429.59 8542.8 13956.5 6610.03 3571.48 2712.59 2810.39 10735.7 13056.7 773.94 1932.77 3438.77 1518.81 9800.35 1938.65 959.367
internal_count=297406 239142 58264 168634 32291 56416 136343 70508 18576 14429 4147 107782 49896 28561 25336 39932 65672 30511 16484 13715 12749 57886 61363 3934 9421 15834 7140 46461 9781 4836
is_linear=0
shrinkage=0.1


Tree=67
num_leaves=31
num_cat=0
split_feature=11 11 11 11 1 11 4 7 13 19 2 0 4 9 10 19 12 20 0 0 12 0 8 4 12 1 10 4 0 9
split_gain=714.547 131.312 120.821 40.9286 28.0559 26.6106 26.229 24.5759 22.3696 21.2902 19.5237 18.1914 20.3304 19.2711 21.8039 17.4158 17.3968 16.2939 21.4524 18.6452 15.2142 12.4972 11.8691 11.4816 11.0621 10.8737 10.5449 10.5632 9.94278 10.9398
threshold=0.021366969608080915 0.01508424810658728 0.031253021251281189 0.011392241334221951 -0.010179783705391408 0.042979910437058046 0.010815978726114618 0.1893468096452863 0.17312160846154365 1.0000000180025095e-35 -0.0034297734208017512 -0.020046659205335878 0.013320135070652441 0.59214850453130807 0.45096928768189742 1.0000000180025095e-35 0.019268190608784947 1.0000000180025095e-35 -0.0014183118059707398 0.01104152902584943 0.1535137398676287 -0.023377743626764143 -1.3871710905357089 0.014165993238395515 0.15590768915332603 0.023803938458950128 0.25537386035252235 -0.0023557503722415603 -0.033927907848386056 0.66523928932457943
decision_type=2 2 2 2 2 2 2 2 2 2 2 2 2 2 2 2 2 2 2 2 2 2 2 2 2 2 2 2 2 2
left_child=1 3 11 7 8 23 10 9 26 16 21 -2 13 14 -13 17 -1 18 -5 -19 -15 -6 -8 28 -17 -12 27 -3 -4 -30
right_child=2 4 5 15 6 -7 22 -9 -10 -11 25 12 -14 20 -16 24 -18 19 -20 -21 -22 -23 -24 -25 -26 -27 -28 -29 29 -31
leaf_value=0.032941911810525873 -0.018034922842841361 0.015436420075653238 -0.032468605590128451 0.00045975556829297822 -0.013988520916639588 -0.039768421627377898 0.061228365555533293 0.1203598286695024 0.0078356527366597577 0.032394514630310942 -0.00038508896561083105 -0.0051800918976297426 -0.019628814750445901 -0.0077572639920475365 -0.015961391898223064 0.019364100111341882 0.014813247588685789 0.01996599630543322 0.010904925218487078 -0.00083247106181245565 0.02015191275324961 0.015472206391653654 -0.010252402784506641 -0.035193465903263998 -0.013928884127382836 0.0070490265412103577 -0.0083212829845027217 -0.004585600920597465 -0.023897237780556437 -0.011291119351338551
leaf_weight=599.42568035423756 2813.3967097997665 403.02930123358965 706.38541167229414 3608.3522902280092 152.96868384629488 1444.8047780245543 23.66718628257513 24.310428082942963 1431.4699669256806 1077.7689808160067 3517.627931676805 5843.2173503935337 1550.3884914293885 353.20169887691736 2762.7303905263543 2253.8775720447302 4527.5553122162819 1960.1696462780237 4320.7482369616628 552.52394530177116 436.97700233757496 2452.5209864974022 1256.0689113140106 776.45102972909808 104.42462894320488 4464.8391925394535 4542.8691859617829 761.1089424341917 1873.5768367499113 1088.270894549787
leaf_count=2823 15194 2116 4049 17159 808 8175 140 127 7410 5224 17657 31590 8427 2034 15095 11348 21054 9623 20673 2554 2672 12915 6380 4391 503 23097 23102 3752 10618 6696
internal_value=-0.000508167 0.00749139 -0.0159929 0.0133635 0.00161215 -0.0279787 0.00459193 0.0200117 -0.00334172 0.0196185 0.00622635 -0.0108628 -0.00901946 -0.00726889 -0.00864117 0.0101283 0.0169328 0.0083753 0.00615157 0.0153926 0.0076768 0.0137426 -0.00893045 -0.0241463 0.0178899 0.00377304 -0.00614531 0.0023461 -0.0218079 -0.0192654
internal_weight=57684.7 38035.3 19649.4 19029.2 19006.2 5889.49 11867.7 6229.06 7138.48 6204.75 10588 13759.9 10946.5 9396.13 8605.95 12800.1 5126.98 10441.8 7929.1 2512.69 790.179 2605.49 1279.74 4444.68 2358.3 7982.47 5707.01 1164.14 3668.23 2961.85
internal_count=297406 188465 108941 91088 97377 33929 60997 29228 36380 29101 54477 75012 59818 51391 46685 61860 23877 50009 37832 12177 4706 13723 6520 25754 11851 40754 28970 5868 21363 17314
is_linear=0
shrinkage=0.1


Tree=68
num_leaves=31
num_cat=0
split_feature=9 9 7 15 20 0 12 3 5 8 8 3 17 4 20 0 4 1 13 1 3 5 9 3 17 8 17 8 4 13
split_gain=111.288 28.9604 26.3008 27.8193 22.3195 19.4892 17.204 19.3052 23.8177 20.9678 15.805 31.1314 40.6161 20.3121 19.4493 19.2186 16.7797 13.7115 12.821 12.2096 14.025 11.7884 11.7059 11.6629 13.2263 14.4678 11.7685 19.5317 12.5167 11.5805
threshold=0.42193221713824131 0.27237971947611078 0.24175363429089816 0.19322377216318046 1.0000000180025095e-35 -0.030901092451899533 0.092000183338938363 0.0086676862836911912 0.018241065617852218 -0.015105889728525045 -0.54964225635204211 -0.056076583400516126 1.0000000180025095e-35 0.018003236940270288 1.0000000180025095e-35 0.0069295638338719998 0.0011144387333021923 -0.02453946337885515 -0.028574141955333563 -0.029212240248231321 0.051687072426354515 -0.050931144615391603 0.59214850453130807 -0.10615290884535698 1.0000000180025095e-35 -0.9155982926599725 1.0000000180025095e-35 -0.81416886843705882 -0.0018880676962245155 0.040862792077921629
decision_type=2 2 2 2 2 2 2 2 2 2 2 2 2 2 2 2 2 2 2 2 2 2 2 2 2 2 2 2 2 2
left_child=1 10 3 22 18 -5 7 9 -9 -6 23 12 13 -12 16 -16 -13 -14 21 20 -7 -3 -2 24 25 -1 28 -28 -25 -21
right_child=2 4 -4 5 6 19 -8 8 -10 -11 11 14 17 -15 15 -17 -18 -19 -20 29 -22 -23 -24 26 -26 -27 27 -29 -30 -31
leaf_value=0.0062192381721558124 -0.0076146960761130731 -0.016321816728955465 -0.018995011729261605 0.058531205670860002 0.015426873414594458 -0.0051235767008698113 -0.0034079810252784387 -0.0097785932170067619 0.016287284211845617 0.055109790825186904 0.028020845824539578 0.010107414977453447 -0.051866450112625431 0.10570141226019691 -0.0064909029477731271 0.0095663264541251299 0.0031926174623868259 0.0033493150790290223 -0.0044669152673254189 0.0028288135903227255 -0.023652236215201062 0.0020778822908863732 -0.018034915335552449 0.0034353879793491229 -0.013260860921594415 0.03419527948853731 0.028206995785042502 -0.0059738294014259844 -0.011425856685817774 -0.0054031003277329997
leaf_weight=688.68693178892136 2539.525810778141 364.56318381428719 1588.12179145962 52.05594377219677 1178.4373597577214 2339.9379804730415 1128.0189466699958 710.11242838203907 692.327836163342 150.11230946332216 926.68949417024851 8372.5300079658628 79.239595800638199 34.929963074624538 2270.3435767143965 1109.724138468504 6041.697801195085 104.00142931938171 7574.8340832591057 4119.7386340349913 494.93133969604969 7759.1774346157908 1873.3693830445409 862.91381100565195 224.96853831410408 252.67613838613033 289.34470167011023 395.94424483180046 1651.1861750483513 2920.330370478332
leaf_count=3387 11759 1679 7515 289 5655 11440 5380 3478 3616 731 4753 44691 395 151 12611 5996 32777 587 36836 20404 2344 37967 9004 4528 1146 1280 1582 2071 8963 14391
internal_value=0.000352743 0.00300499 -0.00678448 -0.00543218 0.000167527 -0.00249552 0.00698113 0.0112723 0.00308907 0.0199106 0.0053862 0.00663652 0.0226204 0.0308425 0.00560814 -0.00121909 0.00720909 -0.0205278 -0.00150739 -0.00281723 -0.00835844 0.00125217 -0.0120383 -3.78789e-05 0.00852259 0.0137284 -0.00315858 0.0084581 -0.00632504 -0.000585913
internal_weight=58790.5 42862.5 15928 14339.9 19557.6 9926.99 3859.01 2730.99 1402.44 1328.55 23304.9 18939.2 1144.86 961.619 17794.3 3380.07 14414.2 183.241 15698.6 9874.94 2834.87 8123.74 4412.9 4365.72 1166.33 941.363 3199.39 685.289 2514.1 7040.07
internal_count=297406 220260 77146 69631 95342 48868 18860 13480 7094 6386 124918 101961 5886 4904 96075 18607 77468 982 76482 48579 13784 39646 20763 22957 5813 4667 17144 3653 13491 34795
is_linear=0
shrinkage=0.1


Tree=69
num_leaves=31
num_cat=0
split_feature=10 11 10 1 16 3 13 13 8 11 17 8 20 8 0 12 0 19 14 0 15 0 4 15 3 20 5 5 5 0
split_gain=767.565 146.532 137.216 73.7333 91.9857 85.4806 65.5599 64.2124 53.8083 52.0198 54.5263 50.3677 48.7463 46.3898 49.8407 41.1679 40.8382 37.6042 33.2049 32.5381 33.8877 32.5323 31.0956 30.7858 30.6922 30.1993 30.1499 27.985 26.9498 42.5881
threshold=0.28380152115357421 0.012400374859539176 0.36282882928156551 -0.029843274878215805 1.0000000180025095e-35 -0.038305243458602416 0.18500917930643379 -0.34257878079664467 -0.38029456784165888 0.042979910437058046 1.0000000180025095e-35 -0.051051351143223379 1.0000000180025095e-35 2.4002236179480856 0.068711952630088349 0.042167285267134418 0.039454554237061464 1.0000000180025095e-35 0.55678766005628377 -0.022845881529121478 0.12948676398435358 -0.042639506594801528 0.0099010876646212793 0.0328969489905842 -0.21395341807880716 1.0000000180025095e-35 -0.043357723845891032 -0.01096860783990433 0.013383728733084356 0.011272256912797653
decision_type=2 2 2 2 2 2 2 2 2 2 2 2 2 2 2 2 2 2 2 2 2 2 2 2 2 2 2 2 2 2
left_child=1 7 16 6 13 8 9 12 -6 10 -4 -7 27 14 -5 26 19 18 21 23 -21 -3 -19 -2 -22 -8 -9 -1 29 -14
right_child=2 17 3 4 5 11 25 15 -10 -11 -12 -13 28 -15 -16 -17 -18 22 -20 20 24 -23 -24 -25 -26 -27 -28 -29 -30 -31
leaf_value=0.025630008572178453 -0.022120539603589399 0.083497894988071433 0.022324465257371161 0.0003722863341521029 0.033403734611166337 -0.018778026011403239 -0.0014023539418219402 0.11059512114044606 0.09694122422455792 0.043173433533602153 -0.00044380002658673509 0.015669460655047967 0.038458940694372487 0.02244545002429723 0.032356739043674164 -0.029230216877254262 0.027658204460834519 -0.031831642238943095 -0.019538251655569997 -0.033000718753833751 0.059902344742182437 -0.0075959063645200629 0.011882187763205279 0.015628423631229033 -0.0057879784419515145 0.02382700406172987 -0.053568906282345001 -0.038956547455142536 -0.057487989874858397 0.19762193492463223
leaf_weight=90.370762590318918 260.84009811282158 39.502416454255581 5576.3300274908543 15469.639560785145 1089.3447785526514 503.01634437590837 2389.1335019767284 11.254907459020613 151.86944469809532 934.74874572455883 1296.3565482646227 2717.9402731098235 78.686122752726078 1118.5624323785305 503.04168106615543 1262.733552929014 411.14321661740541 1679.18591921404 3454.4741111472249 463.17331346124411 71.696217931807041 5200.0822848081589 180.18920601904392 1257.9498805180192 8934.9684771262109 592.0076165497303 1865.2245617024601 260.38975106179714 18.986230384558439 21.379070434719324
leaf_count=717 1207 189 18897 60633 3655 1825 7848 108 506 2065 4552 9188 574 3207 1493 14003 1976 14083 26029 2446 298 36942 1273 5739 49617 1942 23435 2687 161 111
internal_value=-0.000402045 -0.020636 0.0061492 0.0094744 0.0060963 0.0188818 0.0162232 -0.03803 0.0411779 0.0210401 0.0180298 0.0102898 -0.00355037 0.00275829 0.0013796 -0.0431902 -0.00328466 -0.0146877 -0.0119272 -0.0044424 -0.00662162 -0.00690913 -0.0275954 0.00914534 -0.00526506 0.0036078 -0.0525843 -0.0223163 0.0517396 0.0724643
internal_weight=57904.2 14162.5 43741.8 32342 21553.4 4462.17 10788.6 3609.02 1241.21 7807.44 6872.69 3220.96 469.812 17091.2 15972.7 3139.21 11399.8 10553.4 8694.06 10988.6 9469.84 5239.58 1859.38 1518.79 9006.66 2981.14 1876.48 350.761 119.051 100.065
internal_count=297406 120312 177094 115811 80507 15174 35304 41796 4161 25514 23449 11013 4250 65333 62126 37546 61283 78516 63160 59307 52361 37131 15356 6946 49915 9790 23543 3404 846 685
is_linear=0
shrinkage=0.1


Tree=70
num_leaves=31
num_cat=0
split_feature=11 11 11 14 11 3 17 2 0 1 4 19 4 14 9 7 9 11 9 11 15 9 9 3 4 0 14 14 9 9
split_gain=761.624 165.11 78.2834 47.2394 35.5312 28.0826 32.5803 36.5387 36.5555 30.112 54.8876 45.152 41.6355 25.1856 32.4139 43.4092 24.3481 28.6122 23.9318 33.4868 23.2121 22.515 23.627 21.3213 20.9141 20.8765 20.6811 31.487 19.925 19.6007
threshold=0.016230311593012286 0.024128711570558393 0.012476804603291055 0.5171371045140265 0.038556907547868433 -0.096624569889797382 1.0000000180025095e-35 -0.05690035249671687 0.017035237350506275 0.011046758462594621 0.038310204041673408 1.0000000180025095e-35 0.010571657428210203 0.27123198759583705 0.1590170516189213 0.016301836945150642 0.20544683970652328 0.010752338002471164 0.46570189362758024 0.033168360041676039 0.99001341831751133 0.57128407680397331 0.96108161927054836 -0.3021758342499769 -0.00028602727782911502 0.015494373895054149 0.038345110291888161 0.018163473296157549 0.40854879062018118 0.31188685225385188
decision_type=2 2 2 2 2 2 2 2 2 2 2 2 2 2 2 2 2 2 2 2 2 2 2 2 2 2 2 2 2 2
left_child=2 5 16 18 23 6 -2 8 -8 10 11 -7 25 14 15 -4 17 26 -3 20 -20 -6 -23 -5 -21 -11 27 -1 -25 -15
right_child=1 3 13 4 21 9 7 -9 -10 12 -12 -13 -14 29 -16 -17 -18 -19 19 24 -22 22 -24 28 -26 -27 -28 -29 -30 -31
leaf_value=-0.088544506667985495 -0.015681002469066917 0.012623118465645908 -0.031580642541639087 -0.022385815803008528 0.05301671327513037 0.0073557381347034035 0.041013633691405711 -0.017620774721704407 -0.081727726309041515 -0.010729034554141991 0.15899810269374237 -0.010232376044805716 0.012001348428439033 -0.011486349470204691 -0.029980227276853472 0.058512942326221451 -0.048433865753276732 -0.020375537154609935 -0.0038499523597245069 0.0024479464657786963 0.051864669735816132 0.015580407669942656 0.033660654577900594 0.023080862687305005 0.016522006676423517 0.0012604382628358911 -0.04096390977020057 0.15752208926559741 0.010600412304958213 -0.03002387598142291
leaf_weight=8.751979589462282 2268.205239161849 4655.3788838088512 113.36408841609955 174.9385055154562 251.03498560190201 7594.9564833119512 320.14752903580666 265.00285806506872 26.254338279366493 4790.6370188817382 22.895032845437527 1806.860274091363 1369.2143129706383 5275.4755950719118 1993.8095957413316 101.24202224612236 901.86458867043257 1586.8119231685996 3996.6170506179333 1996.570699095726 76.204203277826309 2065.2157748043537 1111.9083807021379 1565.0414739996195 2240.9065715223551 2084.1171617433429 1500.5283893719316 12.814258914440869 7003.803773984313 639.53063195943832
leaf_count=112 11837 17077 982 553 561 38973 1433 1360 147 26491 75 9779 6225 42471 16507 785 9562 16437 14357 5667 225 4692 2298 5602 6200 10803 19189 135 22268 4673
internal_value=-0.000266916 0.00564795 -0.0225367 0.0110832 0.0155573 -0.00100124 -0.0101585 0.0103289 0.0317109 0.000491192 0.00435221 0.00397562 -0.00392282 -0.0168929 -0.0260055 0.0109217 -0.0339677 -0.0297713 0.00688299 0.00366741 -0.00280751 0.024186 0.021908 0.0121743 0.00989074 -0.00709436 -0.0395665 0.0576637 0.0128799 -0.0134906
internal_weight=57820.1 45685.9 12134.2 25137.6 12171.9 20548.3 2879.61 611.405 346.402 17668.7 9424.71 9401.82 8243.97 8123.42 2208.42 214.606 4010.77 3108.91 12965.7 8310.3 4072.82 3428.16 3177.12 8743.78 4237.48 6874.75 1522.09 21.5662 8568.85 5915.01
internal_count=297476 186623 110853 79500 35974 107123 14777 2940 1580 92346 48827 48752 43519 65418 18274 1767 45435 35873 43526 26449 14582 7551 6990 28423 11867 37294 19436 247 27870 47144
is_linear=0
shrinkage=0.1


Tree=71
num_leaves=31
num_cat=0
split_feature=10 10 12 0 10 9 19 0 4 4 14 5 20 0 0 12 10 0 1 10 4 5 1 9 9 5 14 0 12 16
split_gain=138.323 37.0979 33.3427 20.9297 20.0882 23.6554 16.9758 27.2078 24.7598 23.2746 18.7467 18.6299 23.7231 18.5953 15.2877 15.1213 14.7954 14.3531 14.2526 13.7856 13.3778 11.8644 11.5362 10.527 9.88809 9.52075 9.49169 9.02891 10.1149 8.39719
threshold=0.38004261077044349 0.75054777163695297 0.12106939574369953 -0.022368967149958282 0.50579995909119213 0.54646667289788142 1.0000000180025095e-35 0.016096761015016007 0.0037024251288670933 0.010571657428210203 0.63138446794086933 0.013712892844517934 1.0000000180025095e-35 0.018359943020352935 -0.06214612482645742 0.2227329242575449 0.63532543258819485 -0.052864747372110214 0.012668728616882509 0.23128040674584552 -0.0075835840120881395 0.021731618156835334 0.073274203252690087 0.71840484229644319 0.15537847446370925 -0.031708220411094827 0.80275073258342011 -0.01771693951979136 0.043172896375594266 1.0000000180025095e-35
decision_type=2 2 2 2 2 2 2 2 2 2 2 2 2 2 2 2 2 2 2 2 2 2 2 2 2 2 2 2 2 2
left_child=3 2 16 29 5 24 7 8 10 13 -5 12 -9 18 -3 -6 27 -7 -8 -13 -15 26 -23 -17 -4 -10 -11 -2 -29 -1
right_child=1 14 4 6 15 17 9 11 25 21 -12 19 -14 20 -16 23 -18 -19 -20 -21 -22 22 -24 -25 -26 -27 -28 28 -30 -31
leaf_value=-0.0063720941663399262 -0.012044194896197289 -0.039879783876381858 0.046517255921846308 0.00069854612677833043 -0.0071722281172005497 -0.060324795383161739 0.004996904275747352 -0.0050230889154291624 -0.0018830846540490642 -0.027905050625757079 0.0076045251654585982 0.015883288400612136 -0.033333335028966224 -0.018328004987855206 -0.013970997245170881 -0.00079474740027637438 -0.023559337286193714 0.024228230920400384 0.015874693673176146 -0.0018544875577561526 0.028000809503955268 0.021604851236105491 -0.03157305884190139 0.017079644264783866 0.0011507349580494298 0.012218152976606077 0.013496340060293897 -0.0207091858478331 -0.0044123788451780376 0.0080626611070784889
leaf_weight=2405.2919619008899 2582.5340677648783 248.24920118227601 48.975129380822182 10515.937514200807 3375.0489259809256 20.62765546888113 3300.1735138073564 1199.4704885780811 527.71843817085028 304.57587388902903 6276.9975117594004 539.38535419106483 392.9684676527977 67.369352549314499 2757.2943889200687 1050.6561546102166 562.18467629700899 751.33796373009682 1896.828378200531 2334.5973351970315 832.92504226416349 169.27140988409519 53.747464492917061 480.02859906107187 2527.7104689925909 5165.4585884660482 67.679882660508156 401.13701290637255 7530.9297058954835 484.12523671984673
leaf_count=12410 12045 1145 286 56448 15896 97 17454 6158 2594 1472 34341 3033 1921 310 13009 5092 2535 3990 9690 11712 3942 787 231 2540 12202 26694 366 1765 34772 2539
internal_value=0.000423772 -0.00577546 -0.00416853 0.0042139 0.000642475 0.00661345 0.00491531 0.003796 0.00521202 0.00942304 0.00327992 -0.00333293 -0.0120092 0.0112657 -0.016111 -0.00343331 -0.00775367 0.0219689 0.00896714 0.00147452 0.024534 -0.00945053 0.00878899 0.00481073 0.00201302 0.0109111 -0.0203779 -0.00690859 -0.00523653 -0.00395353
internal_weight=58871.2 22336.7 19331.2 36534.5 8254.38 3348.65 33645.1 26952.5 22486.1 6692.57 16792.9 4466.42 1592.44 6097.3 3005.54 4905.73 11076.8 771.966 5197 2873.98 900.294 595.275 223.019 1530.68 2576.69 5693.18 372.256 10514.6 7932.07 2889.42
internal_count=297476 105374 91220 192102 40103 16575 177153 142901 120077 34252 90789 22824 8079 31396 14154 23528 51117 4087 27144 14745 4252 2856 1018 7632 12488 29288 1838 48582 36537 14949
is_linear=0
shrinkage=0.1


Tree=72
num_leaves=31
num_cat=0
split_feature=11 11 11 11 1 4 16 12 8 1 2 11 12 15 2 11 16 16 9 18 9 3 4 15 9 7 5 4 7 7
split_gain=582.846 145.078 79.8887 31.1229 28.0821 23.1516 21.26 18.2245 17.5517 17.4869 18.6496 15.6126 17.2984 15.2903 14.4148 13.8848 13.508 12.8399 12.6076 12.2744 11.9066 11.6434 9.43075 9.12177 8.76226 8.56601 8.29565 8.08052 7.88045 7.82068
threshold=0.023505750731522747 0.015751073431551996 0.03475737378010578 0.010094667515642775 0.009067796012390163 0.020891224617577645 1.0000000180025095e-35 0.25863224090647341 0.11786691187671712 -0.010614566742694896 -0.042789147601694159 0.027469384173316718 0.34337588400313862 0.68189454015336504 -0.04178493975318797 0.045714886918954756 1.0000000180025095e-35 1.0000000180025095e-35 0.20935243393916111 1.0000000180025095e-35 0.66523928932457943 0.16966869725072045 0.0054486031739715566 0.18517278165638126 0.45888640380535822 -0.16666149371997599 0.0038094920943981818 0.033011688055433648 0.032762156404877792 0.00087686883403359517
decision_type=2 2 2 2 2 2 2 2 2 2 2 2 2 2 2 2 2 2 2 2 2 2 2 2 2 2 2 2 2 2
left_child=1 3 11 7 14 9 13 8 22 18 24 12 21 -6 16 -4 -5 -12 28 -16 23 25 -1 -13 -11 -2 -20 -22 -3 -8
right_child=2 5 15 4 6 -7 29 -9 -10 10 17 20 -14 -15 19 -17 -18 -19 26 -21 27 -23 -24 -25 -26 -27 -28 -29 -30 -31
leaf_value=0.027008805356209888 -0.024424244159715676 0.015455474440366488 -0.026333988277649684 0.018518447820099079 0.020952960662131277 -0.02096908733612781 -0.008080491858434154 0.097020025033116297 0.0086978018869846383 0.012814784932304349 0.0030061922770851196 -0.026344251467570176 0.022980993834226419 0.010604053591286709 0.0067355391911914217 -0.040068485664455589 -0.0020028933353203205 -0.0053816505172442856 -0.0039829260821747595 -0.0022729487519505755 -0.0043615468277162072 -0.024090623360525365 0.0015365942718356721 -0.016334381212789472 0.04409846112937188 -0.0078844000075467234 -0.019881156140174976 -0.048098438937715517 -0.012184271361406955 0.0081759787890958585
leaf_weight=1904.5184323191643 335.16323391348124 512.18927878141403 2763.4257533960044 1548.9458943605423 3780.0445635765791 532.87095926702023 409.71942993998528 30.926864296197891 960.39672465622425 800.70752689242363 9451.5037897080183 1254.5611411258578 158.80397424846888 2294.1250411570072 6981.3614181429148 1003.2998594716191 404.53232442587614 2261.7012056410313 6901.1347191631794 1930.8055059686303 858.38605608791113 565.96257852017879 157.35863023996353 3318.3817363604903 100.80402813106775 4761.782992310822 344.59943871945143 44.428277909755707 129.16699953377247 1065.5758918523788
leaf_count=8848 1798 2683 16376 7712 18489 2721 1931 159 4372 4313 49081 7039 931 11042 33310 5907 1958 11653 35967 8914 5228 2974 695 18878 608 26148 1695 259 641 5146
internal_value=-0.000478916 0.00551144 -0.0173805 0.0112945 0.00974417 -0.000390864 0.014429 0.0206454 0.0198638 0.000143994 0.00245329 -0.0131755 -0.00957018 0.0170443 0.00648912 -0.0299923 0.0142688 0.00138658 -0.00354952 0.00478387 -0.0170086 -0.010483 0.0250648 -0.0190805 0.0163128 -0.00897202 -0.00473903 -0.00651388 0.00988892 0.00366123
internal_weight=57567.2 42503 15064.2 21468.3 18415.1 21034.7 7549.46 3053.2 3022.27 20501.8 12614.7 11297.5 5821.71 6074.17 10865.6 3766.73 1953.48 11713.2 7887.09 8912.17 5475.76 5662.91 2061.88 4572.94 901.512 5096.95 7245.73 902.814 641.356 1475.3
internal_count=297476 211938 85538 102576 88502 109362 36608 14074 13915 106641 65655 63255 31851 29531 51894 22283 9670 60734 40986 42224 31404 30920 9543 25917 4921 27946 37662 5487 3324 7077
is_linear=0
shrinkage=0.1


Tree=73
num_leaves=31
num_cat=0
split_feature=11 11 11 15 5 9 18 3 6 9 3 11 13 12 6 15 9 15 3 17 8 8 3 17 6 1 20 8 3 5
split_gain=189.736 59.2007 20.7263 16.9746 15.9442 18.8956 15.9109 18.7846 17.3708 13.7626 13.3223 11.7154 11.1518 10.5808 10.2192 10.1748 10.0334 9.73261 8.99822 20.7144 28.452 13.8686 14.3295 9.73779 8.54481 9.5593 11.0597 8.21603 7.7603 7.59915
threshold=0.020988450746279769 0.03475737378010578 0.014419356437114334 0.10943270786663724 -0.013102540572280939 0.14046985776992663 1.0000000180025095e-35 0.044013142773382315 0.0285074614123948 0.37575333078685907 0.25027142212025716 0.042979910437058046 0.49169714397589159 0.16058155719331726 -0.017817068608823369 0.10130829721055641 0.77014220658851174 0.59133650862380038 -0.11118059931162282 1.0000000180025095e-35 -1.1608083499837274 -0.67535382288187418 -0.05874466381311904 1.0000000180025095e-35 0.10959640170371444 -0.0080916538602218129 1.0000000180025095e-35 -1.3129198599468104 -0.011580952827018985 0.015062222924296821
decision_type=2 2 2 2 2 2 2 2 2 2 2 2 2 2 2 2 2 2 2 2 2 2 2 2 2 2 2 2 2 2
left_child=2 3 4 -2 14 29 7 -7 -8 18 12 -3 16 -12 -1 -13 -5 28 19 20 -4 23 -23 -20 25 -11 -27 -21 -16 -6
right_child=1 11 9 10 5 6 8 -9 -10 24 13 15 -14 -15 17 -17 -18 -19 21 27 -22 22 -24 -25 -26 26 -28 -29 -30 -31
leaf_value=0.010435760059669738 -0.011015615511902537 -0.013064530523626492 9.1479033103146942e-05 -0.0033019315468374223 -0.0064527290747480289 0.0095130293352045925 0.010043509868971654 -0.0012093210598400472 0.031143858306439044 0.0037056480007906008 -0.028350981004212412 -0.035800747483358895 0.011583841974536154 -0.0016023015689149136 0.040213682331205258 -0.018617497228859952 0.01406811760019591 0.047555092320727292 -0.010518850331565403 0.0046056172642346283 0.030879622936938356 0.013421216321607041 0.0013881604248700598 0.0068866669570482389 -0.015777617194478063 0.011647573229156083 0.033124021038251371 -0.02999249656920909 0.014080568710387013 0.0092412095910648865
leaf_weight=2156.4857316017151 3126.3057090267539 2915.5649378970265 617.41760299354792 14562.90321226418 1465.5300343483686 4660.514547303319 1385.7081110402942 2515.9150170087814 543.06318944692612 1099.4950982555747 362.22816283255816 482.75664450600743 550.83501505851746 249.90907149016857 138.09123210608959 1204.1175534948707 340.3112061470747 137.61733916401863 1503.1149500980973 120.27988940477371 584.12339992821217 1066.0975256711245 13800.32500103116 408.862529091537 127.23658023029566 1178.9663864597678 301.00350163131952 159.85940800607204 641.50527090579271 390.80784668773413
leaf_count=11494 14501 14047 2967 69662 9147 26286 7347 14524 3011 5372 1646 2299 2765 1210 741 5937 1836 770 7423 625 2868 5311 68850 2039 629 6123 1571 789 3302 2384
internal_value=0.000173298 -0.00671642 0.00485704 -0.00427383 0.00783124 0.00604645 0.00792113 0.00575398 0.0159845 0.0028661 -0.00296196 -0.0169022 -0.00238885 -0.0174307 0.0141962 -0.0235351 -0.00290529 0.0230375 0.0018797 0.00934977 0.015059 0.00122002 0.00225107 -0.00679681 0.00952059 0.0107685 0.0160156 -0.0151375 0.0187096 -0.00314874
internal_weight=58797 23794.9 35002 19192.5 14035.2 10961.5 9105.2 7176.43 1928.77 20966.8 16066.2 4602.44 15454 612.137 3073.7 1686.87 14903.2 917.214 18260.1 1481.68 1201.54 16778.4 14866.4 1911.98 2706.7 2579.46 1479.97 280.139 779.597 1856.34
internal_count=297476 113903 183573 91620 79006 62699 51168 40810 10358 104567 77119 22283 74263 2856 16307 8236 71498 4813 90872 7249 5835 83623 74161 9462 13695 13066 7694 1414 4043 11531
is_linear=0
shrinkage=0.1


Tree=74
num_leaves=31
num_cat=0
split_feature=10 10 10 0 0 14 20 2 16 3 4 7 4 19 14 13 7 6 0 18 13 1 4 7 15 19 4 4 19 4
split_gain=641.154 193.766 75.0904 56.6885 55.8592 44.5709 42.4179 65.4767 60.0658 41.5331 39.0768 38.0609 37.2866 39.1563 43.1184 40.5943 35.3364 33.9851 33.5166 34.6372 32.3383 53.7704 30.4675 39.7974 30.5802 28.4974 25.3981 24.7588 43.2959 22.3402
threshold=0.25052066226784186 0.36282882928156551 0.16622088353042588 -0.016018897201792944 0.032732511897740409 0.66297050371181998 1.0000000180025095e-35 0.070862842919367411 1.0000000180025095e-35 -0.22537886637226354 -0.011867503749977198 0.077911574427663624 0.011668296437742144 1.0000000180025095e-35 0.33893181623285479 -0.3367076295357167 0.021504231300825908 0.021388488414748056 0.039454554237061464 1.0000000180025095e-35 -0.42538733923960176 -0.0061042591275639593 -0.0026945939247169366 -0.011388795607351008 0.95668271002387339 1.0000000180025095e-35 -0.01058948710099483 0.019792372349360047 1.0000000180025095e-35 0.015930841475333971
decision_type=2 2 2 2 2 2 2 2 2 2 2 2 2 2 2 2 2 2 2 2 2 2 2 2 2 2 2 2 2 2
left_child=2 5 -1 11 22 18 8 -8 -6 -7 16 27 13 14 26 -16 -11 29 20 -20 21 -2 23 -5 -24 -22 -4 -3 -29 -13
right_child=1 3 12 4 6 9 7 -9 -10 10 -12 17 -14 -15 15 -17 -18 -19 19 -21 25 -23 24 -25 -26 -27 -28 28 -30 -31
leaf_value=-0.046963696121944148 0.061326144784618335 0.010836741233699031 0.038266575846309284 0.00041677532211479673 0.0039844447989713797 0.11059590024430706 0.059222969563148459 0.0064671668140722149 0.031841105471395445 -0.0084657866461624043 -0.015752461868261122 0.037541434121881566 0.012099175428363411 -0.037841350291985799 0.0069872241955451862 -0.027934984754228145 0.053460873915065758 0.017631341255068881 0.046596633577295835 -0.025455290810577388 -0.00051186349630182417 -0.0079931824289576243 0.0002347019721313918 0.016952004834467391 0.033393890193042806 -0.014163601325007892 -0.010235962708347375 0.008252525530474222 0.10570260280557198 0.10066687401729515
leaf_weight=1223.6854894794524 210.19031526893377 6895.0803941041231 113.38319268077612 2574.5968320891261 2917.5303521230817 27.307004474103451 510.86805213987827 436.07484655082226 1053.574418194592 217.32188554480672 4368.8121604919434 832.01833978295326 338.53918006271124 1272.8694023229182 365.21845810860395 3756.9027869664133 159.97121755033731 1674.6491335406899 274.39027138054371 88.154471516609192 8464.9517952091992 239.29955437779427 11831.85837405175 3348.9196654595435 284.81486689299345 1866.1723960265517 2258.2114993706346 113.2944198101759 76.292580872774124 60.113983824849129
leaf_count=16365 983 22162 772 9863 9739 106 1609 1398 2912 1223 27762 2360 2573 13193 2866 34345 802 5155 1304 420 47011 1445 46598 12663 1033 11585 18640 272 185 132
internal_value=0.000135953 0.00475163 -0.0238737 0.00916634 0.00646299 -0.00429318 0.0159102 0.0349285 0.0113751 -0.0123784 -0.0130859 0.0155969 -0.0203876 -0.0218037 -0.0186601 -0.0248409 0.0177909 0.0260299 -0.000829707 0.0290769 -0.00183545 0.0244219 0.00388754 0.00976513 0.00101414 -0.00297786 -0.00791711 0.011817 0.0474679 0.041795
internal_weight=57855.1 48526.3 9328.81 32609.7 22958.2 15916.6 4918.05 946.943 3971.1 4773.41 4746.11 9651.45 8105.12 7766.59 6493.72 4122.12 377.293 2566.78 11143.2 362.545 10780.6 449.49 18040.2 5923.52 12116.7 10331.1 2371.59 7084.67 189.587 892.132
internal_count=297476 208722 88754 116081 85815 92641 15658 3007 12651 29893 29787 30266 72389 69816 56623 37211 2025 7647 62748 1724 61024 2428 70157 22526 47631 58596 19412 22619 457 2492
is_linear=0
shrinkage=0.1


Tree=75
num_leaves=31
num_cat=0
split_feature=11 11 11 20 9 7 4 14 8 4 4 0 17 15 0 3 9 9 7 0 11 9 9 13 0 13 7 4 14 17
split_gain=614.773 167.523 54.7194 42.6464 47.5238 36.7048 36.309 33.735 31.801 29.8759 28.7079 61.8893 56.2204 41.4506 46.9098 42.3527 38.1096 28.0312 32.0767 36.3979 26.4212 31.6631 24.9765 26.0467 23.116 32.7424 22.0965 30.6371 19.7807 19.0146
threshold=0.015483943623093674 0.023150662686846141 0.011725685668741534 1.0000000180025095e-35 0.32477805897980921 0.36593598671117206 0.0028986977719234201 0.046355396564050355 0.23333202325578975 -0.00063519048086702046 -0.00082660340033369184 0.030187670720696062 1.0000000180025095e-35 0.20920073230235484 -0.0034038367526667552 -0.018904160105711384 0.40115307587479426 0.21933009348838553 0.15834165706870221 -0.0070762486314117625 0.032162200127802389 0.48444797784317278 0.10919692947200235 -0.014409902978324717 0.068711952630088349 0.12502415827552982 -0.041348385490050203 -0.00056726575838528237 0.81818179772145194 1.0000000180025095e-35
decision_type=2 2 2 2 2 2 2 2 2 2 2 2 2 2 2 2 2 2 2 2 2 2 2 2 2 2 2 2 2 2
left_child=2 7 -1 6 26 9 20 8 -2 -6 11 16 -13 14 -12 -15 -9 18 22 -20 21 -3 23 -4 -8 -26 27 -5 -22 -19
right_child=1 3 17 4 5 -7 24 10 -10 -11 13 12 -14 15 -16 -17 -18 29 19 -21 28 -23 -24 -25 25 -27 -28 -29 -30 -31
leaf_value=-0.035001380722645824 -0.033988998693487503 0.0093530415181854575 0.098592530017023672 0.12350283383608139 0.0053576043514350635 0.04427963662883045 0.01712351331669399 -0.004567981439649621 0.0026113124758229476 -0.010936078662743374 0.019418206737093834 0.013955299087908761 0.13078275744112586 -0.010740625535020878 -0.059148352026070432 0.0034876307539178767 -0.023242726938006594 -0.028120549231132382 0.20945202158388049 0.021971841340918091 0.010194368065923574 -0.0036939271635467851 -0.01456044411725313 -0.047330992601693933 -0.032572472835811064 0.017817252994702229 0.018426877141628016 0.02267176784165733 0.025530730775217281 -0.011142746260650241
leaf_weight=2715.2166716866195 639.55017403513193 4590.6593995094299 38.671624548733234 57.948851615190506 2111.9947847574949 167.99067004024982 8963.6261319965124 6150.2214605808258 377.5306600779295 2408.8473847806454 1641.3998425453901 137.20667457580566 58.862425334751606 3078.4043707624078 79.684953995049 6529.5416577085853 1328.87171972543 2972.9609956368804 12.186352260410784 68.921640835702419 4216.3228754997253 3127.2026305422187 3431.18190279603 17.891263104975224 231.57549415528774 290.98470409214497 234.82251166552305 62.781228221952915 1050.5505750924349 847.77867935597897
leaf_count=33901 3961 17493 294 209 7045 385 27827 35322 2194 8399 8312 687 226 17125 509 35126 6859 25695 82 555 11740 11134 30830 167 621 710 933 257 2413 6818
internal_value=-0.000461909 0.00429955 -0.0228615 0.00936341 0.00105418 -0.00161864 0.0112287 -0.00265973 -0.0204033 -0.00332418 -0.00171011 -0.00643214 0.0490284 0.00148896 0.0157806 -0.00107113 -0.00788608 -0.0184008 -0.0120282 0.0501405 0.00779292 0.00406654 -0.0134739 0.0524358 0.0159316 -0.00451324 0.036302 0.0710694 0.0132534 -0.0243534
internal_weight=57641.4 47536.6 10104.8 27515.3 5044.39 4688.83 22470.9 20021.3 1017.08 4520.84 19004.2 7675.16 196.069 11329 1721.08 9607.95 7479.09 7389.59 3568.85 81.108 12984.7 7717.86 3487.74 56.5629 9486.19 522.56 355.553 120.73 5266.87 3820.74
internal_count=297829 199487 98342 89166 17228 15829 71938 110321 6155 15444 104166 43094 913 61072 8821 52251 42181 64441 31928 637 42780 28627 31291 461 29158 1331 1399 466 14153 32513
is_linear=0
shrinkage=0.1


Tree=76
num_leaves=31
num_cat=0
split_feature=11 11 19 14 9 18 1 8 13 4 4 4 3 11 1 7 9 11 14 7 4 13 12 13 12 2 13 12 3 4
split_gain=146.241 32.585 28.273 18.3897 24.1566 25.5615 16.7353 19.9813 17.9865 14.1713 23.152 13.5663 13.5376 11.6815 12.7714 11.5318 11.4518 15.0489 10.4616 10.3015 10.1949 9.92052 9.73282 9.68482 17.7628 13.6452 8.43419 8.3058 7.96039 16.4166
threshold=0.022588360403792539 0.03673086094195193 1.0000000180025095e-35 0.48941903657199087 0.15721720342185494 1.0000000180025095e-35 -0.03456022781273526 -0.32959673971244846 0.045923051024769561 0.0034561066347365004 0.016561029304803302 0.038310204041673408 0.067671871303820033 0.020894626766601674 0.028399976987802947 -0.24537785248312896 0.43595944970115569 0.028231075647129105 0.54499666233672517 0.24175363429089816 0.0059804320881426962 -0.28332960505894417 0.18489958665002257 -0.028574141955333563 0.029393441051667312 -0.053371312566161004 0.63209507074571791 0.13419426661128694 -0.10615290884535698 -0.0024366648306322065
decision_type=2 2 2 2 2 2 2 2 2 2 2 2 2 2 2 2 2 2 2 2 2 2 2 2 2 2 2 2 2 2
left_child=2 11 3 4 5 20 7 28 13 12 -11 15 -6 14 -8 22 27 -18 26 23 -1 -7 -2 24 -5 -25 -3 -17 -4 -30
right_child=1 18 6 19 9 21 8 -9 -10 10 -12 -13 -14 -15 -16 16 17 -19 -20 -21 -22 -23 -24 25 -26 -27 -28 -29 29 -31
leaf_value=0.016086722206124567 -0.044575679612187433 -0.011305982540671861 -0.0046031630285655375 0.020131899271143658 -0.0056524959475848739 -0.040533542153787537 0.013413929623534847 -0.017379238067192989 0.0038096050886069505 0.0058439860566450522 -0.021307129469018509 -0.029273248293207883 0.0034614798921759242 -0.0012990534719918541 0.026533998068307814 -0.0051850391818609835 0.0027603912325585901 -0.00533282545096668 -0.020432065381051166 -0.019483471685766866 0.045760349789327276 -0.0017915361590038409 -0.0058236516558311888 0.012431192539388519 0.005863812833940823 0.00066703979590576232 0.019616000289124146 -0.013589424566628256 -0.0048163566383203011 0.036206534172127901
leaf_weight=1015.9534066393971 129.63199102133512 1781.2137426659465 242.72389391064644 982.70655456185341 6933.9441661462188 84.318291492760181 3035.499965749681 476.91010592877865 2129.456945233047 3757.4668146446347 342.70414979755878 220.09602036327124 2130.5289952531457 399.99612961709499 981.94021534919739 5232.8610043823719 4207.8306184783578 5060.8255567327142 1811.372264046222 170.61790194362402 130.67398197948933 305.82319235056639 129.61268684267998 1172.9797931537032 7782.5190436989069 6183.8121998682618 92.803959682583809 1516.727646023035 172.48199818283319 224.5506374835968
leaf_count=5782 568 8474 1245 5718 36892 476 15717 2525 10833 19185 1703 982 11075 1850 4765 24118 20390 23987 8658 782 710 1792 619 6086 40483 32968 452 6854 930 1210
internal_value=0.000388061 -0.0065115 0.00399029 0.00264553 8.12622e-05 0.0119455 0.00942896 -0.00188612 0.0113589 -0.0013037 0.00357462 -0.0046124 -0.00351033 0.0149981 0.0166207 -0.00427895 -0.00394034 -0.00165863 -0.0150128 0.00495937 0.0194684 -0.0101645 -0.0252011 0.00521804 0.00746347 0.00254274 -0.00977468 -0.00707362 0.00966331 0.0183851
internal_weight=58840.6 20183 38657.6 30994 14701.4 1536.77 7663.56 1116.67 6546.89 13164.6 4100.17 16497.6 9064.47 4417.44 4017.44 16277.5 16018.2 9268.66 3685.39 16292.6 1146.63 390.141 259.245 16122 8765.23 7356.79 1874.02 6749.59 639.757 397.033
internal_count=297829 95102 202727 163652 77615 8760 39075 5910 33165 68855 20888 77518 47967 22332 20482 76536 75349 44377 17584 86037 6492 2268 1187 85255 46201 39054 8926 30972 3385 2140
is_linear=0
shrinkage=0.1


Tree=77
num_leaves=31
num_cat=0
split_feature=11 11 10 19 1 11 13 12 9 12 10 4 10 9 20 10 10 9 12 15 9 18 19 4 13 10 6 4 1 11
split_gain=503.992 110.328 63.3929 29.9625 25.3605 29.0317 25.6737 22.1049 27.7696 21.9334 18.9616 18.7742 18.372 21.604 17.9406 16.7792 15.8474 25.1504 15.7268 14.7855 16.3603 13.9105 13.6034 17.4464 16.4097 13.4046 12.6146 12.0624 11.9174 11.1188
threshold=0.023629974489157799 0.016299821547737164 0.57066096005227329 1.0000000180025095e-35 -0.01104986313499534 0.0085175125003365878 -0.30557180932641714 0.15812565907954115 0.57128407680397331 0.25035064514349364 0.18553322691177229 -0.0067674444623038168 0.36460603033091382 0.40854879062018118 1.0000000180025095e-35 0.45957753337051227 0.87678387836278859 0.77014220658851174 0.12500967077828154 0.95303588871033817 0.42193221713824131 1.0000000180025095e-35 1.0000000180025095e-35 -0.0023557503722415603 0.33311583550949159 0.68418748401758311 0.071334445537663008 0.010571657428210203 -0.016828793633706814 0.031253021251281189
decision_type=2 2 2 2 2 2 2 2 2 2 2 2 2 2 2 2 2 2 2 2 2 2 2 2 2 2 2 2 2 2
left_child=1 3 7 4 6 -6 21 15 -9 25 -5 -7 13 22 -8 27 17 -11 -15 20 -14 -1 24 -24 -3 -4 -12 -2 -22 -10
right_child=2 12 9 10 5 11 14 8 29 16 26 -13 19 18 -16 -17 -18 -19 -20 -21 28 -23 23 -25 -26 -27 -28 -29 -30 -31
leaf_value=-0.0048414315206785803 -0.0073774563000157112 -0.0019320181601094116 -0.023783492971016451 0.029002247647422808 0.035203161796221898 -0.0035828611979185267 0.0020123121747488487 -0.010095609033007748 0.037964300035746718 -0.022241829526049667 0.012374736238081533 0.010833553963863112 -0.0068141673003281169 0.012603603462731301 0.015874040621695479 -0.018828532230476605 -0.02550217921524317 0.01277858625070768 0.055028074093835012 -0.024359200989001323 -0.0057005361770723845 -0.033243974814952247 0.019199952926001296 0.0011533966396050355 0.013964675640741728 -0.035858202761767287 0.044793124880290996 -0.020868112368508343 0.01082205758159023 0.005597337480954416
leaf_weight=530.7352264970541 4236.3308022245765 8971.5521476492286 2085.8446042537689 1067.7206810414791 463.91835960745811 977.36417415738106 3888.9211463406682 731.63823752850294 215.8890209197998 427.08195593953133 3102.6339308023453 11925.579431176186 4341.832250520587 671.63989546149969 1228.6869947314262 3116.9059861674905 754.09515699371696 394.49025960639119 100.44718752801418 358.28954293578863 711.61135203391314 255.42220529913902 845.28477332741022 1462.632932536304 700.03217656910419 1644.060603491962 124.86015521734953 785.7010535672307 1129.3295479044318 208.76620952039957
leaf_count=2499 23653 45815 12210 5159 2165 4592 18312 4115 1401 2422 15452 56555 22818 3736 5980 17885 4536 2643 608 1835 3859 1147 4596 7663 3714 9772 647 4336 6358 1346
internal_value=-0.000159368 0.00530704 -0.0162052 0.00989774 0.00821433 0.0106252 0.00275573 -0.011227 0.00171088 -0.0249268 0.0174505 0.00974155 -0.000300481 0.00190968 0.00534038 -0.0130651 -0.0150343 -0.00542625 0.018123 -0.00460912 -0.00346461 -0.0140694 0.000864722 0.00776303 -0.000781411 -0.0291058 0.0136289 -0.00948808 0.00443529 0.0220523
internal_weight=57459.3 42858.5 14600.8 23565.8 19270.6 13366.9 5903.77 9295.23 1156.29 5305.57 4295.21 12902.9 19292.7 12751.6 5117.61 8138.94 1575.67 821.572 772.087 6541.06 6182.77 786.157 11979.5 2307.92 9671.58 3729.91 3227.49 5022.03 1840.94 424.655
internal_count=297829 213510 84319 112508 91250 63312 27938 52736 6862 31583 21258 61147 101002 66132 24292 45874 9601 5065 4344 34870 33035 3646 61788 12259 49529 21982 16099 27989 10217 2747
is_linear=0
shrinkage=0.1


Tree=78
num_leaves=31
num_cat=0
split_feature=11 11 11 0 15 11 14 20 20 3 3 3 4 1 15 14 1 15 0 10 6 1 6 0 0 4 14 8 10 8
split_gain=138.841 41.1289 24.2703 20.2301 46.4407 14.942 14.1375 12.4564 12.4199 15.9148 13.5006 12.2564 17.3484 11.7063 11.168 10.5512 10.5164 10.0943 16.0686 13.9523 9.8934 18.849 12.9042 9.77096 9.76013 9.5592 9.60564 8.91908 8.76778 7.99916
threshold=0.027655069437185664 0.019475829374113265 0.041854799366944563 -0.019640077992295165 0.23296410815781055 0.01309333025127787 0.010665994020859111 1.0000000180025095e-35 1.0000000180025095e-35 -0.019882179407260111 -0.025757938315973169 0.053647680928107906 -0.0062031190823059737 0.027318911660664028 0.38489927701422327 0.96773108879102776 0.010673441944017538 0.03692514682616594 -0.042639506594801528 0.44530366712559949 -0.01304494043083476 0.028399976987802947 -0.0013824791158731917 0.046398833649391062 0.019098141710790276 0.0097183813756205346 0.086606253465007374 -1.4296711863653941 0.48978713622143316 -2.1231935738374808
decision_type=2 2 2 2 2 2 2 2 2 2 2 2 2 2 2 2 2 2 2 2 2 2 2 2 2 2 2 2 2 2
left_child=1 3 15 4 25 11 13 17 10 -10 -6 16 -13 -7 -8 28 -5 -3 19 -19 21 27 -22 -20 -23 26 -1 -9 29 -2
right_child=2 7 -4 5 8 6 14 20 9 -11 -12 12 -14 -15 -16 -17 -18 18 23 -21 22 24 -24 -25 -26 -27 -28 -29 -30 -31
leaf_value=0.028588310785869226 -0.031953884435594673 -0.015126852797048979 -0.020135216267238951 0.0068380340412834617 0.0034510112047350127 0.012422120581690425 -0.0016462021749836843 -0.011150730790226764 0.078122915745611962 0.014894033791452876 0.04676195292676287 0.032075482893492775 -0.0022838538201811662 0.057605445289285864 0.0037477252799488856 -0.023678720609271051 0.015161797732668758 0.041623409505121563 -0.0029080009811362911 -0.011614167736613111 -0.021642727211973849 0.069222961202761224 0.0028343473034930567 0.011667640734569188 -0.0099878448712231536 -0.039012646036252506 0.0060770342989282097 0.011328351254418265 -0.0091676206030768901 -0.0014643627717866974
leaf_weight=207.78540588915348 88.772023439407349 604.35708473622799 1871.3610092736781 5096.1629880294204 127.49045351147652 224.0074697509408 5466.2811084836721 211.59212651103735 141.7839732170105 55.347501017153263 165.26946729421616 159.74002470076084 1835.3016309067607 77.068303853273392 12890.664488598704 390.85358918458223 2161.6752040684223 153.3526913896203 12483.296009741724 72.501201704144478 246.2220910564065 77.528766244649887 1719.6926732063293 477.51260419934988 19.460128031671047 43.955232910811901 2159.9779995009303 1064.4955409392715 5655.9109577015042 2804.7199144810438
leaf_count=982 389 2785 9397 29001 604 1139 27870 941 666 276 815 867 10890 435 66262 1805 12867 714 60250 326 1138 410 8354 2293 88 189 10271 4960 27290 13555
internal_value=0.000457263 0.00276573 -0.00977931 0.00494961 0.0128966 0.00412344 0.00249406 -0.00116251 0.0409667 0.0603705 0.027901 0.00740902 0.000467247 0.023988 0.00214154 -0.00761163 0.00931718 -0.00248937 -0.00191019 0.0245337 0.00431785 0.0108311 -0.000231298 -0.00237099 0.0533299 0.00719474 0.00805253 0.00760102 -0.00687709 -0.00239978
internal_weight=58754.1 47942.5 10811.6 30812.5 2901.61 27910.9 18658 17130 489.891 197.131 292.76 9252.88 1995.04 301.076 18356.9 8940.26 7257.84 13791 13186.7 225.854 3338.99 1373.08 1965.91 12960.8 96.9889 2411.72 2367.76 1276.09 8549.4 2893.49
internal_count=297829 245393 52436 163134 13803 149331 95706 82259 2361 942 1419 53625 11757 1574 94132 43039 41868 66368 63583 1040 15891 6399 9492 62543 498 11442 11253 5901 41234 13944
is_linear=0
shrinkage=0.1


Tree=79
num_leaves=31
num_cat=0
split_feature=10 10 11 13 20 12 16 13 1 11 8 4 1 7 16 8 9 11 13 7 8 7 2 12 1 16 7 2 14 4
split_gain=585.172 116.751 87.8772 54.4988 51.0648 45.6114 56.1366 44.1367 68.3457 43.5129 33.5287 32.4834 32.2712 55.3773 37.9059 38.7737 31.4077 31.3081 28.9669 27.8181 27.3588 26.52 45.5338 25.4962 23.9297 22.5405 56.6539 35.9647 30.2204 31.7458
threshold=0.28114724304192451 0.44530366712559949 0.013026886122852693 -0.34257878079664467 1.0000000180025095e-35 0.11058089340279714 1.0000000180025095e-35 -0.5650589821330666 -0.014997703172266784 0.010331770530745439 1.6218983955716502 -0.0034766223446052176 -0.029843274878215805 -0.034994612037956278 1.0000000180025095e-35 2.0305704697380977 0.18433972073938007 0.014355760093643503 0.14112510123048266 -0.22966234612194666 -2.7452724534946809 -0.070753115044176237 0.0044950257787514944 0.12500967077828154 0.012668728616882509 1.0000000180025095e-35 1.0000000180025095e-35 0.030152459443522964 0.42593221960746086 -0.014324022258075607
decision_type=2 2 2 2 2 2 2 2 2 2 2 2 2 2 2 2 2 2 2 2 2 2 2 2 2 2 2 2 2 2
left_child=2 5 3 4 -1 6 7 8 -2 -5 17 -9 13 18 15 23 -6 -7 20 -16 -3 22 -8 -14 -11 28 27 -27 29 -4
right_child=1 12 25 9 16 10 21 11 -10 24 -12 -13 14 -15 19 -17 -18 -19 -20 -21 -22 -23 -24 -25 -26 26 -28 -29 -30 -31
leaf_value=-0.018844628484447661 0.12541014983926177 0.057426367351847363 0.039645704679317766 -0.05369644702810375 0.081000458402256004 -0.042764420057399312 0.018573921441984852 0.0059371005893924618 -0.0048310704963785934 -0.022015840248851667 0.031050287596293153 -0.0045945400761630891 0.0083609157205787963 0.024694449137370816 0.07931049708142654 0.019115469286572258 -0.025533056790482303 -0.0087110298077353026 -0.0018608794251918994 0.016036065896071244 0.012186778124011883 0.0088775999184949727 0.082728032342371943 -0.0018380706019272696 -0.041521372868979112 0.00818597906222286 -0.019559283948933165 0.073841650829210098 -0.022005070713803886 -0.010856812085019128
leaf_weight=400.21354258432984 70.351020857691765 141.1902062818408 129.23730581253767 915.4438489601016 100.2843131609261 290.56390279531479 639.27847952395678 4279.4376027882099 94.298404201865196 1864.1518902853131 197.59246230125427 9278.3694742210209 4321.4027451276779 3561.3665442764759 71.173460692167282 1651.91649132967 38.220409072935581 3811.5703253298998 1792.5270400643349 2923.1788878962398 2512.5106875896454 2961.8221184387803 133.78598149865866 5663.3561471216381 949.22420202940702 792.69162078946829 1008.9165460392833 93.246151633560658 3640.0421017743647 3373.2130154669285
leaf_count=3924 247 330 799 13807 686 2609 2554 20420 500 20686 841 47804 14528 10281 190 4792 283 18460 5422 8936 7624 13430 501 20256 11264 5260 7055 551 28815 24974
internal_value=-0.000241203 0.00527178 -0.0186369 -0.0304636 -0.000732635 4.07783e-05 0.00231309 -0.000645309 0.0508181 -0.034759 -0.00918505 -0.00127029 0.0102991 0.0154026 0.00750593 0.00492395 0.0516025 -0.0111231 0.00795995 0.0175401 0.0145938 0.0131826 0.0296764 0.00257605 -0.0285969 -0.0130522 -0.00335608 0.0150963 -0.0156245 -0.00899331
internal_weight=57700.6 44395.7 13304.9 4267.54 538.718 21757.1 17457.3 13722.5 164.649 3728.82 4299.73 13557.8 22638.6 8007.59 14631 11636.7 138.505 4102.13 4446.23 2994.35 2653.7 3734.89 773.064 9984.76 2813.38 9037.35 1894.85 885.938 7142.49 3502.45
internal_count=297829 179725 118104 50650 4893 107366 85456 68971 747 45757 21910 68224 72359 23657 48702 39576 969 21069 13376 9126 7954 16485 3055 34784 31950 67454 12866 5811 54588 25773
is_linear=0
shrinkage=0.1


Tree=80
num_leaves=31
num_cat=0
split_feature=11 11 11 18 15 3 8 17 9 19 14 14 7 1 13 11 0 9 7 15 0 8 7 14 15 0 13 9 5 7
split_gain=483.1 112.91 56.4579 45.896 43.3837 42.9449 93.9653 53.9375 42.3922 37.0374 33.6637 32.9434 32.23 35.1333 57.4377 31.1509 30.4428 28.6455 29.1975 28.331 29.9257 27.9315 26.5513 25.6244 25.2468 23.1913 21.247 20.8684 25.9154 20.0411
threshold=0.015550416947860012 0.021856782620109701 0.010844551906911559 1.0000000180025095e-35 0.049361625931333357 0.017995976683858664 0.11046009356692764 1.0000000180025095e-35 0.35916037886355551 1.0000000180025095e-35 0.30298962102009724 0.29113506413960116 0.33895076176700972 0.050675028861280065 0.16940482541877414 0.019148526861709297 -0.026879743159859523 0.21933009348838553 0.1893468096452863 0.8188527135970185 0.015802383794112366 -1.3487279063893516 0.36593598671117206 0.39079296143022385 0.79537065795218753 -0.042639506594801528 -0.63147078040166804 0.16434072680329578 -0.018555293994396423 0.025721929737106523
decision_type=2 2 2 2 2 2 2 2 2 2 2 2 2 2 2 2 2 2 2 2 2 2 2 2 2 2 2 2 2 2
left_child=2 8 -1 4 16 7 -7 -6 11 10 27 19 13 24 -15 26 -3 18 -12 -2 -21 -11 -14 -17 -5 -19 -13 28 -4 -18
right_child=1 3 9 12 5 6 -8 -9 -10 21 17 15 22 14 -16 23 29 25 -20 20 -22 -23 -24 -25 -26 -27 -28 -29 -30 -31
leaf_value=-0.037077659031542774 -0.010555993388572519 0.020163208489084001 -0.069600344790845578 0.013703303658168903 -0.0048113429289321739 0.038105864672757978 0.0056098929524516193 0.011139859419658983 -0.011030084484371976 0.067842692376573629 -0.0028989829496377266 -0.080312996054985056 0.097290827673982436 -0.014976817355799955 0.026209737168343836 0.032271982864235889 -0.047751380574069698 0.084933473568886586 0.10555928453744817 -0.023009805955129529 0.02553592324948837 -0.033088270980189065 0.029235550871751712 0.0079697450034594466 0.030819886930688656 -0.01795879700959482 0.00014400273611614919 -0.029475127816005725 0.0077832274616783633 0.016272815779749324
leaf_weight=1631.2469191476703 3424.1890585049987 2625.8715930506587 50.245949234813452 3711.2974452599883 7670.1000198349357 978.79746448248625 9790.0172551721334 2929.4861411973834 4343.0948524549603 27.949725616723299 2497.9712640345097 33.018963292241096 78.550499245524406 931.58663832396269 531.94128679484129 534.50671573728323 114.19149902462959 22.106455996632576 25.070201009511948 174.37472261488438 467.21505150943995 1442.8722473308444 212.17981630563736 2304.4310218319297 1122.3279081732035 2413.4520206004381 5512.153385348618 1635.3632243685424 312.04069656506181 85.497349590063095
leaf_count=22178 20900 7430 490 12300 27691 3418 32857 9888 22981 219 23231 227 171 3163 1662 2528 430 155 169 1056 2437 14600 488 11498 3502 20602 33730 14903 2899 274
internal_value=-0.000137396 0.00407235 -0.0200491 0.00767063 0.00565571 0.00411587 0.00856351 -0.000402791 -0.00252336 -0.0167528 -0.0137044 0.000444177 0.0150704 0.0135675 -6.94323e-06 0.00402633 0.0173008 -0.00928897 -0.00182129 -0.00694265 0.0123419 -0.0311703 0.047623 0.0125453 0.0176776 -0.0170249 -0.000335082 -0.0246645 -0.00294919 -0.0203392
internal_weight=57633.1 47574.8 10058.3 30781.8 24194 21368.4 10768.8 10599.6 16793 8427.07 6956.25 12449.9 6587.88 6297.15 1463.53 8384.11 2825.56 4958.6 2523.04 4065.78 641.59 1470.82 290.73 2838.94 4833.63 2435.56 5545.17 1997.65 362.287 199.689
internal_count=298077 198631 99446 103274 81988 73854 36275 37579 95357 77268 62449 72376 21286 20627 4825 47983 8134 44157 23400 24393 3493 14819 659 14026 15802 20757 33957 18292 3389 704
is_linear=0
shrinkage=0.1


Tree=81
num_leaves=31
num_cat=0
split_feature=11 11 18 3 17 4 8 17 13 4 6 0 0 9 0 15 8 11 9 12 10 10 0 9 16 15 4 15 4 13
split_gain=120.108 36.2409 29.1642 35.319 62.4066 46.4775 31.4015 30.9177 27.7362 27.734 26.9489 26.9004 20.5706 18.4694 16.031 16.586 14.8332 14.4299 18.9504 13.524 14.3064 13.2328 12.7104 11.9659 11.2554 11.2047 13.2841 11.037 10.5111 12.8488
threshold=0.02863870797595516 0.016366216341589163 1.0000000180025095e-35 -0.038305243458602416 1.0000000180025095e-35 0.0036214458277732402 -0.38029456784165888 1.0000000180025095e-35 0.16197531503982207 0.006565854413823847 -0.04844552541850438 -0.036321153835240365 -0.003579679293649551 0.55254159705331907 -0.028403957723018399 0.0328969489905842 -0.30468094656655959 0.040886424068772374 0.77014220658851174 0.15812565907954115 0.57679475457766072 0.43713881704171159 0.026668173740852289 0.60796057998972763 1.0000000180025095e-35 0.68580056882462459 0.001575759972688662 0.045011761881034403 0.020891224617577645 -0.065385237393707454
decision_type=2 2 2 2 2 2 2 2 2 2 2 2 2 2 2 2 2 2 2 2 2 2 2 2 2 2 2 2 2 2
left_child=1 2 3 6 8 -6 24 -8 -5 10 16 -2 -12 14 15 -3 -4 18 21 22 -21 -13 -15 -23 -1 26 -16 -20 -11 -30
right_child=11 13 9 4 5 -7 7 -9 -10 28 12 17 -14 19 25 -17 -18 -19 27 20 -22 23 -24 -25 -26 -27 -28 -29 29 -31
leaf_value=0.0079722369674476486 -0.021952140692581668 0.0059006334653933425 0.022839282538531649 0.016635361455137814 -0.0080362204741053472 0.019287945378835269 -0.028470537951410843 0.018917304961291639 0.0013399108966431698 0.025612288120419619 -0.01542123694189141 0.0023491917483848979 0.00011308380733300991 0.010347036842992284 -0.00020563503378577915 -0.013166154526266682 0.11675906322761337 -0.015386128639115699 0.077694293406597836 0.038481625786733129 0.0072563666525624869 -0.013660519767202881 -0.015205974580905042 -0.0030773660759545857 -0.0068777316740123128 -0.0022752054438932513 0.0057568524051102828 0.0062949106233746027 -0.070741916051022438 0.030037521117788263
leaf_weight=1978.3554102852941 1453.6338446252048 620.67785246670246 172.97820242494345 8105.0026054158807 2566.9889480173588 821.80912315100431 640.29501911997795 175.3952119499445 1388.6883730962873 443.81050134450197 1493.0558472424746 1140.3346021473408 1986.7252400591969 770.60719583183527 9413.5949894040823 1722.0066179260612 18.626717403531075 1717.5037275254726 22.166553787887096 294.18863545358181 292.73243112117052 2851.2676636949182 260.44903421401978 1708.5380946397781 687.86435435712337 8961.7934728115797 6196.0569853708148 929.55467217415571 26.403070852160454 24.28851268440485
leaf_count=10866 7082 3072 980 43825 14476 4444 3651 1015 7830 2350 8310 5425 11673 3747 45862 8385 104 8319 118 1650 1504 13046 1221 8224 3712 42776 29556 4568 150 136
internal_value=0.000697922 0.00271875 0.00592277 0.00782442 0.0102397 -0.0014099 -0.00111162 -0.0182809 0.014398 -0.00154728 -0.00454176 -0.00939542 -0.00655217 0.000413304 -0.000210511 -0.00811454 0.0319696 -0.0072145 -0.00510459 0.0107901 0.0229077 -0.00728556 0.00389224 -0.00969506 0.00414106 0.000543073 0.0021611 0.00795787 0.020685 -0.0224542
internal_weight=58885.4 49062.4 20530.3 16364.4 12882.5 3388.8 3481.91 815.69 9493.69 4165.89 3671.39 9823 3479.78 28532.1 26914.1 2342.68 191.605 8369.37 6651.86 1617.98 586.921 5700.14 1031.06 4559.81 2666.22 24571.4 15609.7 951.721 494.502 50.6916
internal_count=298077 251295 113522 89819 70575 18920 19244 4666 51655 23703 21067 46782 19983 137773 129651 11457 1084 39700 31381 8122 3154 26695 4968 21270 14578 118194 75418 4686 2636 286
is_linear=0
shrinkage=0.1


Tree=82
num_leaves=31
num_cat=0
split_feature=10 10 10 12 12 19 10 19 10 4 0 15 6 12 12 9 4 1 17 4 9 9 12 13 4 0 16 12 8 17
split_gain=375.235 77.4904 53.3211 38.455 33.5561 30.5171 28.5429 26.0717 25.4549 23.5388 26.2764 22.2686 18.2899 17.5313 16.1074 19.0241 14.8042 17.8514 14.4528 14.2912 15.14 14.2403 13.1417 13.1269 13.1262 12.594 17.0654 11.9494 11.0722 10.7977
threshold=0.37798465335617565 0.26264342457184148 0.51407239752620992 0.14153283220103294 0.2227329242575449 1.0000000180025095e-35 0.68418748401758311 1.0000000180025095e-35 0.87678387836278859 0.0054486031739715566 -0.0074558624467575543 0.21296609725802843 0.071334445537663008 0.38334848867708132 0.086228108990155775 0.41116119461649475 -0.0062031190823059737 -0.011913014531763631 1.0000000180025095e-35 0.014165993238395515 0.71840484229644319 0.23504103498888101 0.1396212959574252 -0.39847290364200755 0.010323481722558371 -0.011356578226892509 1.0000000180025095e-35 0.042167285267134418 -0.044060023174913164 1.0000000180025095e-35
decision_type=2 2 2 2 2 2 2 2 2 2 2 2 2 2 2 2 2 2 2 2 2 2 2 2 2 2 2 2 2 2
left_child=1 7 3 25 6 14 22 9 19 10 23 -12 27 -10 16 -16 18 -18 -3 20 -6 28 -4 -1 -17 -2 -27 -9 -11 -23
right_child=2 5 4 -5 8 -7 -8 12 13 21 11 -13 -14 -15 15 24 17 -19 -20 -21 -22 29 -24 -25 -26 26 -28 -29 -30 -31
leaf_value=-0.019953949665424759 -0.016276716482774876 -0.0061084667944559141 -0.023161574485874793 0.0045449056529496381 -0.006584201318258852 0.0087386778443326232 -0.03526928069433171 0.020655670529289866 -0.037739520627620531 -0.014813815337868366 0.036656020846233026 0.010933238497742756 0.058641196041170074 -0.0097951812282202951 0.00046904344698831207 0.0239828166850822 -0.008630422416456604 0.001018907843378127 -0.025524565994306692 -0.02859857984323106 0.013309306522617062 0.0027047154970112645 -0.011546632140157914 0.0038177041351197382 -0.021593766794350266 -0.0051255916305277477 -0.018781670180443723 0.0093502406008202001 0.00093571938477421369 0.027253046806420433
leaf_weight=246.75883491337299 2617.5264173820615 1212.824211679399 2480.1061086282134 2123.0558214262128 1134.9993466213346 3352.4701078385115 1372.2628758735955 2022.3575545325875 431.38606929779053 820.75096920132637 348.39537036418915 9904.2115342691541 100.56898870319128 468.13858997449279 3280.0489233061671 588.29925488680601 2882.4313555732369 5725.7073116973042 560.57773116230965 192.77310407161713 577.07064059749246 713.02394787967205 1604.2444297559559 3963.6694967225194 70.795232176780701 4520.3123644739389 1147.3619853630662 1738.6876782476902 978.58932089060545 239.31853546202183
leaf_count=1127 14311 6297 14526 11784 6336 17835 8420 9955 2571 3652 1772 46779 545 2867 16796 3398 14519 28944 2650 1139 3810 3441 9393 19003 395 25169 6285 8538 4588 1232
internal_value=-0.000577443 0.00503375 -0.0122239 -0.00746276 -0.0182227 0.000150248 -0.0227917 0.00912872 -0.00933241 0.00746292 0.00907584 0.0118073 0.0165547 -0.0231965 -0.0018603 0.00358424 -0.00392616 -0.00221217 -0.012246 -0.00278537 0.000121108 -0.00101468 -0.0185995 0.00242453 0.0190873 -0.0105397 -0.00789012 0.0154293 -0.00624827 0.00887358
internal_weight=57418.7 38749.5 18669.2 10408.3 8260.98 17673.2 5456.61 21076.3 2804.37 17214.7 14463 10252.6 3861.61 899.525 14320.7 3939.14 10381.5 8608.14 1773.4 1904.84 1712.07 2751.68 4084.35 4210.43 659.094 8285.2 5667.67 3761.05 1799.34 952.342
internal_count=298077 191466 106611 57549 49062 90834 32339 100632 16723 81594 68681 48551 19038 5438 72999 20589 52410 43463 8947 11285 10146 12913 23919 20130 3793 45765 31454 18493 8240 4673
is_linear=0
shrinkage=0.1


Tree=83
num_leaves=31
num_cat=0
split_feature=10 10 12 12 10 9 19 10 9 13 8 3 2 17 4 3 8 15 4 15 1 14 18 13 4 3 0 0 1 3
split_gain=105.371 25.9584 29.867 28.5502 21.1418 18.1381 15.4878 14.1966 13.5658 13.286 12.4606 29.8348 30.7453 17.7508 16.3763 15.5402 23.1882 12.2324 11.7917 11.5399 11.0902 10.8587 10.7483 25.4228 13.1808 10.5237 10.5204 10.4518 10.0564 14.6044
threshold=0.42683608252877897 0.76666889194691812 0.31495642993404471 0.15590768915332603 0.26025231611098049 0.45888640380535822 1.0000000180025095e-35 0.36282882928156551 0.35324317123248111 -0.044959370508585485 -0.23979463210567789 -0.01707114114880914 -0.059426844627811219 1.0000000180025095e-35 -0.0034766223446052176 -0.073628591117099504 -0.75538405449014001 0.89647057653788031 -0.005555680822206365 0.85392899878535966 -0.030477744756136845 0.96033612997230489 1.0000000180025095e-35 -0.36764411435588157 -0.010881374658808117 -0.016067861270983027 -0.042639506594801528 0.038190135918058539 -0.062800893833895852 -0.048700097591698015
decision_type=2 2 2 2 2 2 2 2 2 2 2 2 2 2 2 2 2 2 2 2 2 2 2 2 2 2 2 2 2 2
left_child=4 3 -3 6 10 7 28 8 26 27 14 12 -12 -14 19 16 -16 -10 -8 25 -17 -20 24 -24 -13 -1 -6 -9 -2 -30
right_child=1 2 -4 -5 5 -7 18 9 17 -11 11 22 13 -15 15 20 -18 -19 21 -21 -22 -23 23 -25 -26 -27 -28 -29 29 -31
leaf_value=0.0076067247993808736 -0.017734949041448525 -0.02508902108178376 -0.0033046135920406492 0.0017987018309859151 0.026265009954681996 0.010672437139879547 0.011102345010354474 -0.00077021170499376533 0.0088942970684431077 -0.0093270275756450385 -0.019861876769190157 0.023713088641621628 0.031662707606586057 0.0012627449684652695 -0.0015973375056616502 0.008777559234784852 0.029166072330826048 -0.0082687341507206545 -0.0077463386686360686 -0.045352713159218738 -0.0065377446818471845 0.036823993086099516 0.04650882708333106 0.0084702314097077919 0.0030673759467118263 0.027367965865567653 -0.00015883323906010628 0.029934298206132273 5.8384694173067941e-05 -0.011009383786049355
leaf_weight=1193.1626573652029 1334.5001895539463 1455.3361837938428 1108.9134458750486 4534.4909489154816 152.51107178628445 1815.8346128985286 657.71333679556847 3022.9882625862956 3499.6606862321496 2583.8339047804475 164.00261721014977 322.04221717268229 1051.9410362616181 234.981305077672 670.96148818731308 559.92464645951986 385.96236960589886 471.17220743000507 1129.5998780727386 35.810449384152889 3039.0815088823438 57.441497057676315 191.46374949812889 2134.1892254501581 7773.5575438588858 348.11166934669018 12517.777747765183 115.08397580683231 1603.0982884541154 4651.8918175920844
leaf_count=6024 6244 7254 5736 22950 652 9285 3277 14543 17649 12188 805 1585 5428 1318 3415 3024 1918 2295 5488 179 17282 293 916 11147 43415 1871 61891 587 7581 21837
internal_value=0.000348921 -0.00642003 -0.0156683 -0.00472232 0.00299557 0.00106064 -0.00785659 0.000280177 0.0017576 -0.00401665 0.00557961 0.00748047 0.0209154 0.0261119 0.00195898 -0.00102422 0.0096367 0.00685776 0.000361632 0.0107661 -0.00415503 -0.00558956 0.00560997 0.0116018 0.00388866 0.01207 0.000159228 0.000355829 -0.00985417 -0.00817281
internal_weight=58817 16533 2564.25 13968.7 42284.1 24178.9 9434.25 22363 16641.1 5721.91 18105.2 11872.2 1450.92 1286.92 6233.01 4655.93 1056.92 3970.83 1844.75 1577.08 3599.01 1187.04 10421.3 2325.65 8095.6 1541.27 12670.3 3138.07 7589.49 6254.99
internal_count=298077 80660 12990 67670 217417 119090 44720 109805 82487 27318 98327 64614 7551 6746 33713 25639 5333 19944 9058 8074 20306 5781 57063 12063 45000 7895 62543 15130 35662 29418
is_linear=0
shrinkage=0.1


Tree=84
num_leaves=31
num_cat=0
split_feature=11 12 11 13 1 2 11 18 17 0 15 7 11 18 13 6 6 14 4 16 20 20 19 7 1 15 13 11 12 15
split_gain=484.621 108.92 85.7173 56.3312 76.3048 68.8319 57.538 49.2281 45.9417 39.8974 41.4053 39.6423 41.8477 32.4893 57.0238 40.4181 32.3574 31.7065 41.2006 31.2407 38.9609 29.9337 41.1772 27.7766 26.7379 26.5603 25.9271 22.024 21.7543 21.012
threshold=0.016366216341589163 0.02981833394602838 0.023034634106685565 -0.25140323174616991 0.0082633052920035883 0.039209730379382142 0.010655722792168058 1.0000000180025095e-35 1.0000000180025095e-35 -0.016018897201792944 0.15709971558768782 -0.21463552980399833 0.044266078902156177 1.0000000180025095e-35 -0.14096816666273312 0.031416480954392097 -0.0027869940876227846 0.41806577902864983 0.016561029304803302 1.0000000180025095e-35 1.0000000180025095e-35 1.0000000180025095e-35 1.0000000180025095e-35 0.40970438595410147 -0.064520920026622783 0.22490771248664707 0.56105850263967871 0.011129715954791735 0.060595174308451349 0.96809978905037497
decision_type=2 2 2 2 2 2 2 2 2 2 2 2 2 2 2 2 2 2 2 2 2 2 2 2 2 2 2 2 2 2
left_child=1 27 9 4 5 8 -5 -7 -3 13 -11 26 19 24 16 -16 -15 18 -12 20 -13 22 -8 -21 -2 -23 -4 -1 -26 -19
right_child=2 3 11 6 -6 7 21 -9 -10 10 17 12 -14 14 15 -17 -18 29 -20 23 -22 25 -24 -25 28 -27 -28 -29 -30 -31
leaf_value=-0.054767757378293841 0.022151210671439863 0.01643408692138534 0.027955342446882216 -0.047258468365853991 -0.024849222516726201 0.044929698756035863 -0.0078166017393116235 0.18337188128613327 -0.029911579586998745 -0.031769431920658807 0.00086613916184161014 0.0011494883877018705 0.018855969410213086 0.034017581028567091 -0.0046539328585149618 0.06750152324923285 0.10104423457600401 -0.0080349865750972468 0.037720536630122287 0.011904585328929296 0.011812388990961724 -0.059960687982445984 -0.028618962120709281 0.085047118543576911 0.010440794552054863 -0.022398611323743392 -0.012458047067475272 -0.032244013158541043 -0.0092933043290412028 0.020503363467025366
leaf_weight=611.57129433006048 579.17985457926989 1059.6699321083724 1382.3597561642528 610.78131398931146 788.72151929140091 90.023693948984146 4590.0751648209989 35.938503608107567 267.97956236451864 501.397735029459 5821.7032677605748 14210.904212206602 2640.0527990907431 187.15601916611195 500.20584828406572 91.89307152479887 117.08105824887753 6978.27773501724 320.01096153259277 4850.1112528964877 4515.5735617280006 224.79336022958159 1200.399448774755 52.482275396585464 899.57775573432446 1157.9777230992913 179.34127147495747 1496.2198268920183 1473.8021941035986 267.89858864247799
leaf_count=9603 2581 7803 3762 8936 6919 615 37899 176 2187 2894 31845 49244 6143 732 2316 386 427 38914 1368 15099 15527 1929 12029 131 4559 10403 471 15023 6882 1274
internal_value=-0.000356052 -0.0181156 0.00437297 -0.0137716 0.000193882 0.0137821 -0.0177946 0.0844289 0.00707944 -0.00105963 -0.00355621 0.00783548 0.00691526 0.00794963 0.0246246 0.00654451 0.0598118 -0.00249958 0.00278642 0.00558113 0.00372067 -0.0152858 -0.0121291 0.0126876 0.00288744 -0.028505 0.0233144 -0.0387792 -0.00181353 -0.00697989
internal_weight=57703.2 12134.2 45569 10026.4 2242.33 1453.61 7784.03 125.962 1327.65 17738.2 13889.3 27830.8 26269.1 3848.9 896.336 592.099 304.237 13387.9 6141.71 23629.1 18726.5 7173.25 5790.47 4902.59 2952.56 1382.77 1561.7 2107.79 2373.38 7246.18
internal_count=298077 113522 184555 88896 17700 10781 71196 791 9990 94178 76295 90377 86144 17883 3861 2702 1159 73401 33213 80001 64771 62260 49928 15230 14022 12332 4233 24626 11441 40188
is_linear=0
shrinkage=0.1


Tree=85
num_leaves=31
num_cat=0
split_feature=11 11 11 18 17 5 19 20 12 1 1 1 1 11 2 2 19 8 14 12 14 7 6 13 13 11 9 13 1 8
split_gain=471.845 105.431 67.8528 33.0432 35.6507 49.9538 33.0088 37.2415 45.0225 30.7331 30.6732 28.4704 28.3576 28.2216 34.6033 33.4556 27.5211 44.4236 29.4564 28.6826 25.8803 25.8542 28.5903 41.2291 40.8531 24.8668 23.6609 22.6771 21.6787 21.8614
threshold=0.018137898619162301 0.012544226264606542 0.025630978737169876 1.0000000180025095e-35 1.0000000180025095e-35 -0.036904825482603314 1.0000000180025095e-35 1.0000000180025095e-35 0.048759838585013586 0.011437998868097711 0.025805791952385086 -0.046308192567186206 -0.1795652321955101 0.038556907547868433 -0.24870785746770327 -0.00064206142012279688 1.0000000180025095e-35 0.46894993227547227 0.91143910442520915 0.15812565907954115 0.29516462144307226 0.33895076176700972 -0.050710840493168645 0.053719598381654722 -0.50260694315957644 0.024386932680710582 0.35916037886355551 0.23384139551018493 -0.016365017650971755 -0.22408581917713619
decision_type=2 2 2 2 2 2 2 2 2 2 2 2 2 2 2 2 2 2 2 2 2 2 2 2 2 2 2 2 2 2
left_child=1 -1 9 4 13 12 7 8 11 16 -7 -3 -6 15 -15 -4 18 25 19 -2 -10 22 24 -24 -5 -18 -11 -9 29 -8
right_child=2 6 3 21 5 10 28 27 20 26 -12 -13 -14 14 -16 -17 17 -19 -20 -21 -22 -23 23 -25 -26 -27 -28 -29 -30 -31
leaf_value=-0.029378507870377601 0.0072941544869985983 0.036676668368239317 -0.0049924985461368291 0.12043323345919091 -0.021416332256466029 -0.0019231144962912662 -0.020326283804893958 -0.015737839335193109 -0.022492348461141919 0.0017050192053002997 0.017029961970738323 0.001491698501040588 0.035689997999332347 -0.031950398950592006 0.014265610254621862 0.0070319355390642754 -0.004064480465485857 -0.035938141062138017 0.027212049381701017 -0.010799365455566229 -0.0063344639765023306 0.045284866703214965 -0.0006320514193337832 0.022701430387732657 0.02346665357313343 0.029865483528373284 -0.0092161324756920328 -0.047879993436221305 -0.014873224821860856 -0.055956508237645176
leaf_weight=3817.8652117326856 7081.778964728117 248.67202936112881 4412.2845007404685 44.973609983921051 93.977065116167068 1610.6759370788932 390.56105426698923 2175.0207350775599 1395.521433390677 3825.6738869845867 1817.3277577608824 3058.522318765521 1163.9320800155401 170.53882497549057 3238.1685143262148 4865.316784568131 1435.9656677395105 402.20491511374712 648.1675451695919 999.83541280776262 3422.2230140790343 290.03379701077938 1794.2932032346725 1310.2237951755524 1281.800470277667 254.24363124370575 4120.392465852201 244.13996628671885 1576.1947750598192 308.00805239379406
leaf_count=46571 32939 1655 15038 101 228 5101 3031 16851 10099 19253 5180 23522 3206 437 7734 15881 7352 1948 2743 4642 23346 628 5524 3761 3677 974 19022 2052 13150 2430
internal_value=-0.000594569 -0.0147916 0.00518568 0.0089415 0.0069254 0.0143792 -0.0104471 -0.00809014 -0.00484725 0.000764423 0.0081247 0.0041373 0.0314236 0.00417221 0.0119534 0.0013133 0.00423187 -0.00606851 0.00670074 0.00505567 -0.0110148 0.0163598 0.0144666 0.00921556 0.0267535 0.00103931 -0.00395809 -0.0189816 -0.0213722 -0.0360361
internal_weight=57498.5 16636.7 40861.8 22093.5 17372.2 4685.91 12818.9 10544.1 8124.94 18768.3 3428 3307.19 1257.91 12686.3 3408.71 9277.6 10822.2 2092.41 8729.78 8081.61 4817.74 4721.32 4431.29 3104.52 1326.77 1690.21 7946.07 2419.16 2274.76 698.569
internal_count=298076 142707 155369 66496 52805 13715 96136 77525 58622 88873 10281 25177 3434 39090 8171 30919 50598 10274 40324 37581 33445 13691 13063 9285 3778 8326 38275 18903 18611 5461
is_linear=0
shrinkage=0.1


Tree=86
num_leaves=31
num_cat=0
split_feature=11 9 0 13 19 1 14 14 0 18 13 4 4 0 15 0 11 9 9 10 12 1 13 14 13 15 11 8 13 3
split_gain=87.1006 27.0391 25.8328 24.1246 23.2611 30.4137 18.4469 17.8996 17.5682 28.7548 16.0656 15.6528 15.1869 14.1993 12.6952 15.4787 12.5045 13.6263 11.6855 16.8298 13.0702 11.1919 14.5419 11.4339 10.3325 10.2866 10.0433 9.70325 9.56706 10.2257
threshold=0.026754119712079218 0.17261719043548038 -0.069838767791325626 0.09463834888851401 1.0000000180025095e-35 -0.0061042591275639593 0.32292719315246937 0.59993275050437134 0.0028913790284077483 1.0000000180025095e-35 -0.50260694315957644 0.016561029304803302 0.0034561066347365004 0.0078740403832482393 0.74034270162436877 0.018359943020352935 0.041854799366944563 0.29214527437066079 0.77014220658851174 0.55379435312000902 0.20621354183310939 0.0012670388632063381 -0.22447930847347358 0.56476512984330884 -0.34818237387378709 0.92981899466739926 0.010550030072219942 0.29870583603069112 -0.50260694315957644 0.034658000340867197
decision_type=2 2 2 2 2 2 2 2 2 2 2 2 2 2 2 2 2 2 2 2 2 2 2 2 2 2 2 2 2 2
left_child=1 3 -2 8 6 14 11 25 9 10 -1 12 -3 -9 15 -6 17 -4 19 -19 -20 22 -10 -23 -11 -7 -5 -16 -8 -30
right_child=2 4 16 26 5 7 28 13 21 24 -12 -13 -14 -15 27 -17 -18 18 20 -21 -22 23 -24 -25 -26 -27 -28 -29 29 -31
leaf_value=0.051860076007409488 -0.033359507087565674 -0.0049845840150576776 -0.028746477774923607 -0.017202102099440102 0.0002641917889147303 0.017939610273373381 -0.010516102504646671 -0.003997092656862075 -0.030601355379642054 -0.025348050664998342 0.019069253318704432 -0.024311178140628224 0.0034101202970713723 0.01323367739365839 -0.008244572034759581 0.052208226565741846 -0.014139878046326611 -0.0022841553796084748 -0.0064980220099684505 -0.011467599836726997 0.014084814165304264 -0.00015505145586179131 0.003210672346667197 0.018625120051474334 0.0044845356572709065 -0.0036622523216244211 0.0021539041782662593 -0.041715500708009862 0.00049189581885817734 0.0049879973312236875
leaf_weight=159.77720329910517 363.42168746143579 7177.9395339414477 234.73653641343117 392.08838953077793 2765.6506825834513 2695.8375777453184 600.82261036336422 1059.9005837291479 185.69582901895046 149.365836545825 2303.8040134832263 338.78355515003204 3079.665847748518 871.49039786309004 354.46302651613951 58.582107484340668 1730.7690375968814 5393.2823156788945 567.48188888281584 3167.6185962110758 676.04786840826273 652.37398190051317 403.77710493654013 644.42582654207945 521.25241682678461 240.07055626064539 847.48233416676521 114.62006114423275 12712.835987351835 8401.5347434058785
leaf_count=897 1819 37231 1031 2502 14153 13099 2936 5247 954 842 12762 1620 15355 4146 1816 278 8637 25614 2724 14974 3408 3548 2292 3599 3056 1089 4668 555 65211 42013
internal_value=0.000448562 0.00240859 -0.00710058 0.00852473 0.00146257 0.00623297 0.000257761 0.0112546 0.0116094 0.0161985 0.0211959 -0.0031627 -0.00246422 0.00377785 -0.00118868 0.00134165 -0.00628978 -0.00493641 -0.00436635 -0.00568212 0.00469189 0.00398416 -0.0074408 0.00917748 -0.00216003 0.0161732 -0.00396859 -0.0164232 0.00192685 0.00228092
internal_weight=58865.6 46732.2 12133.4 6260.04 40472.2 8160.61 32311.6 4867.3 5020.47 3134.2 2463.58 10596.4 10257.6 1931.39 3293.32 2824.23 11769.9 10039.2 9804.43 8560.9 1243.53 1886.27 589.473 1296.8 670.618 2935.91 1239.57 469.083 21715.2 21114.4
internal_count=298076 239869 58207 35120 204749 40383 164366 23581 27950 17557 13659 54206 52586 9393 16802 14431 56388 47751 46720 40588 6132 10393 3246 7147 3898 14188 7170 2371 110160 107224
is_linear=0
shrinkage=0.1


Tree=87
num_leaves=31
num_cat=0
split_feature=11 11 11 11 0 10 9 9 12 1 19 12 2 11 1 1 6 2 0 9 10 12 20 9 14 9 0 15 11 19
split_gain=362.506 78.9159 50.2708 32.0285 25.9863 17.6864 19.2252 16.6019 17.5402 16.2889 17.7463 15.0623 14.9598 18.8205 22.0736 15.0233 13.7468 12.9113 12.8011 13.0541 20.3421 13.0704 12.7857 16.5047 12.6607 12.1982 12.0622 10.9381 9.7837 9.5862
threshold=0.024128711570558393 0.013026886122852693 0.038556907547868433 0.01836067813537717 -0.0037672095030745196 0.50579995909119213 0.64422567706478451 0.51976088268662191 0.12364821702333526 0.015225588136095871 1.0000000180025095e-35 0.15812565907954115 0.0061821561695696312 0.0098192980532930806 -0.0057120657056117788 1.0000000180025095e-35 -0.12890502623849373 -0.077782026220458919 -0.027609261150807637 0.42193221713824131 0.31461233695331842 0.1396212959574252 1.0000000180025095e-35 0.17998620373028903 0.95639046808817119 0.22282018830124209 -0.06214612482645742 0.32471470833519395 0.028033746015665811 1.0000000180025095e-35
decision_type=2 2 2 2 2 2 2 2 2 2 2 2 2 2 2 2 2 2 2 2 2 2 2 2 2 2 2 2 2 2
left_child=1 4 5 9 22 7 28 -2 -9 17 25 -8 13 14 -6 -14 -10 -3 -5 20 -20 -21 29 -24 -13 -11 -4 -17 -7 -1
right_child=2 3 26 18 12 6 11 8 16 10 -12 24 15 -15 -16 27 -18 -19 19 21 -22 -23 23 -25 -26 -27 -28 -29 -30 -31
leaf_value=-0.00047489938632051256 -0.011157249657350472 0.01460600169135795 -0.051605174355317057 -0.011723346166098415 0.014003521614716749 -0.013632963703367555 -0.018235418306017114 -0.0079550530617385502 -0.058860529169202383 -0.0016644370757881626 0.018914213187514475 0.0034986641717537573 -0.0021376189384624284 0.015237393004951073 0.046560933026925294 0.034381893687554614 0.018668222668233668 0.0011641345064294856 0.0029278839946081259 0.0017760963943293483 -0.0063100939490659431 0.020338551595155047 0.0020269146062013915 0.032462348072275507 -0.038833227863809744 0.0087426348517111018 -0.026167326386797612 0.011898816068850151 -0.025375783938758043 0.012800206728101941
leaf_weight=2724.1925922930241 4927.5629397630692 763.76738051325083 205.83344129472971 1261.6152419373393 367.95996634662151 1096.2754404768348 817.86349975690246 813.48131106048822 23.924519568681717 1584.9592671394348 1255.0426187887788 898.03868372738361 758.28435690701008 2558.9808428958058 479.76508624851704 231.78007678687572 519.14460089057684 11096.180816136301 3909.5115995928645 1812.5099698752165 6107.2570067197084 479.73311184346676 364.55200622975826 348.51196412742138 76.684907361865044 3891.5968518927693 1975.3227629289031 3258.0125057697296 2011.0806220434606 679.68273612856865
leaf_count=12550 27660 3959 1250 6866 1678 6237 5145 4875 124 7446 6518 5779 3382 11973 2293 1119 3221 54256 20377 10048 32333 2798 1699 1693 457 19363 12747 15090 11914 3226
internal_value=-0.000259299 0.00412774 -0.0146803 0.00156367 0.0111332 -0.0119719 -0.0164754 -0.00846039 0.00133575 0.00425978 0.00818868 -0.00822837 0.0145788 0.0195154 0.0324292 0.01062 0.0152527 0.00202978 -0.00212996 -0.00114668 -0.00270454 0.00566095 0.00472652 0.0169023 0.000168266 0.00573074 -0.0285679 0.0133921 -0.0212329 0.00217586
internal_weight=57299.1 43933.9 13365.2 32162.2 11771.7 11184.1 4899.94 6284.11 1356.55 18591.5 6731.6 1792.59 7654.78 3406.71 847.725 4248.08 543.069 11859.9 13570.6 12309 10016.8 2292.24 4116.94 713.064 974.724 5476.56 2181.16 3489.79 3107.36 3403.88
internal_count=298076 218667 79409 163964 54703 65412 29532 35880 8220 91542 33327 11381 35535 15944 3971 19591 3345 58215 72422 65556 52710 12846 19168 3392 6236 26809 13997 16209 18151 15776
is_linear=0
shrinkage=0.1


Tree=88
num_leaves=31
num_cat=0
split_feature=11 10 0 15 8 9 11 9 5 13 14 12 8 3 4 10 10 12 0 14 9 12 3 15 8 5 13 2 15 13
split_gain=119.4 28.0993 18.7318 40.5422 16.7127 17.0491 14.6459 15.4393 16.8855 21.9399 14.348 13.7556 13.7348 36.787 14.4781 13.2689 13.0408 12.756 12.3749 12.4746 12.2712 13.2948 11.7399 15.3968 12.6763 11.4607 10.8809 10.8474 10.131 10.0837
threshold=0.020894626766601674 0.52821622538975133 -0.026204398539954706 0.11741027822415478 -1.9285829273607684 0.40115307587479426 0.014889579020769176 0.12021439585457898 -0.0069696518793489473 -0.37451545787820395 0.73026543240523023 0.02397153912935069 -0.17029695357592348 0.0043263684185026472 0.00066591891405787262 0.39033240424172699 0.33102282885559614 0.094336956930607369 -0.044633843522165144 0.20745218853245953 0.37575333078685907 0.1396212959574252 -0.16334771188684491 0.057420740538275616 -1.6942934226311739 0.0058982162348492082 -0.3367076295357167 0.037780347262157184 0.34071836935592054 -0.014409902978324717
decision_type=2 2 2 2 2 2 2 2 2 2 2 2 2 2 2 2 2 2 2 2 2 2 2 2 2 2 2 2 2 2
left_child=2 4 3 18 25 16 7 8 9 -4 22 -10 14 -14 -9 17 27 -7 19 -1 -8 -22 23 -3 -25 -2 -23 -6 -5 -17
right_child=1 10 6 28 5 15 20 12 11 -11 -12 -13 13 -15 -16 29 -18 -19 -20 -21 21 26 -24 24 -26 -27 -28 -29 -30 -31
leaf_value=0.067951159225728391 -0.02633811105427325 -0.020560001709611041 0.070966248187333561 0.031530823377268161 -0.0043955316242503496 0.0021960742932134055 0.00046969607438080346 0.0071588834642197551 -0.042267498399459646 0.0014760470307562581 -0.0160873123788501 -0.0076022608152455018 0.022148307420622473 0.0058252840892253008 -0.0031102975886634293 0.0033218019627131983 -0.0091250732254862625 0.019215066529782665 -0.0015412020013972033 0.012306609402205928 0.005339908962471958 0.075259574798460849 -0.0093256261402535866 0.00030497613268230654 0.026179380579209679 0.043717338152678344 0.02028337099546627 0.0097968380701534234 0.084759929805969025 -0.0048772175373841889
leaf_weight=49.685431249439716 398.45339155942202 242.21377808600664 54.679835468530655 572.96749810874462 1773.4848182052374 1223.1894618049264 15496.022765532136 3138.1288424953818 140.89801762253046 268.72094617784023 2554.7377053909004 610.28121314942837 1715.3307746499777 7077.0372849553823 2440.6682187840343 2702.1083822697401 4275.216925136745 688.17324743419886 1006.6597240641713 213.01884071528912 1944.6427868977189 41.752380706369877 4749.8106515295804 656.27806456387043 266.12359625846148 24.805869348347187 261.34714053571224 773.37850684672594 38.136290609836578 3371.8257397636771
leaf_count=230 1797 1176 292 2665 8441 5867 77086 17012 1102 1541 12552 3716 9129 39443 13474 13234 20015 3665 4641 999 9727 233 23231 3308 1373 120 1468 3860 173 16506
internal_value=0.000275954 -0.00520708 0.00398131 0.0136906 -0.00263943 -0.00207938 0.0034312 0.00568272 -0.00587937 0.0132253 -0.00982466 -0.0141044 0.00654726 0.00900979 0.00266622 0.00105697 -0.00575051 0.00832365 0.00350274 0.0228307 0.00147127 0.00837617 -0.0071195 0.00187803 0.00777004 -0.0222324 0.0278564 -8.58878e-05 0.0348526 -0.00122972
internal_weight=58769.8 23699.8 35070 1880.47 15230.6 14807.4 33189.5 15445.7 1074.58 323.401 8469.16 751.179 14371.2 8792.37 5578.8 7985.3 6822.08 1911.36 1269.36 262.704 17743.8 2247.74 5914.43 1164.62 922.402 423.259 303.1 2546.86 611.104 6073.93
internal_count=298076 115145 182931 8708 73505 71588 174223 85709 6651 1833 41640 4818 79058 48572 30486 39272 32316 9532 5870 1229 88514 11428 29088 5857 4681 1917 1701 12301 2838 29740
is_linear=0
shrinkage=0.1


Tree=89
num_leaves=31
num_cat=0
split_feature=11 13 17 11 11 1 0 1 0 4 2 7 1 4 1 13 0 7 2 1 15 13 12 5 18 1 6 15 9 19
split_gain=367.863 80.3951 76.1202 71.555 70.0465 50.1637 40.7436 40.2465 32.7933 35.306 39.2863 32.9545 32.3685 30.5535 31.8218 45.4649 31.7827 38.3229 34.3655 30.8438 28.6457 26.5549 26.5275 25.6388 25.037 29.9767 28.2585 23.5177 23.431 22.6786
threshold=0.01581546138131687 -0.40712804628560922 1.0000000180025095e-35 0.01203277362719909 0.021654040992880205 0.0082633052920035883 0.020677279135230323 0.012264678971309674 -0.016018897201792944 0.015421366868544341 -0.039058852984872543 -0.034994612037956278 -0.019236026444767736 -0.023710803537381638 -0.15564257615625296 0.38717821913681488 0.046398833649391062 0.12391119242969341 0.089329481543286807 -0.041622504653481045 0.81094705421500091 -0.63147078040166804 0.041817418406233743 0.031050442178817365 1.0000000180025095e-35 -0.018752822710897728 0.051287805801156112 0.97180261515092792 0.29515018798928061 1.0000000180025095e-35
decision_type=2 2 2 2 2 2 2 2 2 2 2 2 2 2 2 2 2 2 2 2 2 2 2 2 2 2 2 2 2 2
left_child=1 2 5 22 8 21 -7 -5 23 10 11 -10 -12 14 15 -6 17 19 27 -15 -8 -1 -3 -2 25 -11 -26 -18 -23 -9
right_child=4 3 -4 7 13 6 20 29 9 24 12 -13 -14 16 -16 -17 18 -19 -20 -21 -22 28 -24 -25 26 -27 -28 -29 -30 -31
leaf_value=0.082565001182830888 0.0057377833731091649 -0.042804724917983004 -0.047384227577766308 -0.008463825892753081 0.090942055010976477 -0.035473189838011128 -0.016182237282085121 -0.019992046580841152 -0.026670286482028072 0.067742843694054297 0.010970179096275401 -0.0022392345270090233 -0.0049774754710604141 0.0080086393792129871 0.014409404776800874 -0.008471702923035852 0.041064417696181285 0.011646215492299824 0.0031919173311890526 -0.00013961215241266786 0.17273535381053026 0.022939435579933276 -0.02235590181459142 0.054780546192287297 -0.050154557347316976 0.014367014468541384 0.031747821337987044 0.015563509337667595 0.11505053553143033 -0.045224698617175124
leaf_weight=122.2556663043797 3141.9588026106358 1430.8126902766526 177.4843646325171 4448.4233218692243 131.92462646961212 174.44376919046044 14.738787621259688 2195.0190921872854 1389.4827336892486 133.5933384001255 1519.1337278261781 916.15146639198065 7845.7954664006829 7140.5351005271077 1750.2446245029569 70.632669255137444 628.35789456218481 6267.145860388875 1123.4239359647036 13295.56158323586 17.623549893498421 385.41523613035679 1139.7290495373309 110.34116660803556 104.26916049420834 495.40140113979578 70.684252254664898 852.01279689371586 29.747913785278797 425.19565148279071
leaf_count=656 15447 21266 1537 38001 249 1553 128 19364 8257 610 8300 5282 46714 22990 4970 163 1904 20516 3180 49221 101 2574 14112 507 551 2416 338 2394 124 4651
internal_value=0.000111592 -0.0167526 0.0114629 -0.0194506 0.00390206 0.0254968 -0.0163553 -0.0142549 -0.00154145 -0.00387306 -0.00526937 -0.0169625 -0.00239052 0.00664068 0.0187521 0.056276 0.00583367 0.00480534 0.0163797 0.00270745 0.0866966 0.0416021 -0.0337381 0.00740166 0.0163965 0.0257036 -0.0170646 0.0263876 0.0295395 -0.0240867
internal_weight=57547.5 10560.9 921.709 9639.18 46986.7 744.225 206.806 7068.64 15726.8 12474.5 11670.6 2305.63 9364.93 31259.8 1952.8 202.557 29307 26703.2 2603.79 20436.1 32.3623 537.419 2570.54 3252.3 803.948 628.995 174.953 1480.37 415.163 2620.21
internal_count=298076 104067 6673 97394 194009 5136 1782 62016 88422 72468 68553 13539 55014 105587 5382 412 100205 92727 7478 72211 229 3354 35378 15954 3915 3026 889 4298 2698 24015
is_linear=0
shrinkage=0.1


Tree=90
num_leaves=31
num_cat=0
split_feature=11 11 9 11 15 4 3 10 9 0 0 13 11 9 6 14 10 14 6 5 14 7 9 3 13 17 7 7 14 18
split_gain=410.414 104.281 51.7586 38.2114 35.7703 47.1282 33.5182 35.3348 31.3578 30.6931 29.8304 29.6294 26.9231 29.1879 22.3647 20.8132 20.3053 21.0573 19.8441 19.3417 19.0685 25.9134 20.7619 17.9005 17.0958 16.9371 19.4781 16.7749 32.1856 16.3729
threshold=0.015344554712661381 0.021856782620109701 0.38478076719695914 0.01103438147415213 0.093257306703757231 0.012595952066837725 0.036469119298478077 0.82316390495842473 0.24511348149292644 -0.011129414694602378 0.080735958481393685 0.2550983345912799 0.017778643014366474 0.30270002853852612 -0.067389649257137238 0.76444895083418407 0.20387102899445755 0.42593221960746086 0.060109419917207536 0.039439817027189246 0.53290800678357519 0.14540487356732404 0.4035333404757262 0.072487712451185141 -0.25140323174616991 1.0000000180025095e-35 0.20091931349358019 -0.091865253263468213 0.68235295712750399 1.0000000180025095e-35
decision_type=2 2 2 2 2 2 2 2 2 2 2 2 2 2 2 2 2 2 2 2 2 2 2 2 2 2 2 2 2 2
left_child=3 2 11 -1 9 20 7 -7 16 -3 24 12 13 -2 -10 -14 17 29 19 -13 21 -6 -22 -8 -4 26 -18 28 -16 -5
right_child=1 4 10 8 5 6 23 -9 14 -11 -12 18 15 -15 27 -17 25 -19 -20 -21 22 -23 -24 -25 -26 -27 -28 -29 -30 -31
leaf_value=-0.032946852085204203 0.0002065658129203644 0.014893803972707129 -0.035350737238146683 -0.040632361872920061 0.0026858158573834796 -0.00023812649640067866 0.038640456431257353 0.033927116660531491 0.039840407631866345 -0.052508183099921835 0.086915602882846763 -0.012017060362268836 0.0025066550193127003 -0.016535741344190048 0.070739144377523891 0.015922548106744996 -0.012202426485169882 -0.011648379170652992 -0.042994913511449614 0.052075927753641886 0.015382875289787316 -0.0097345399199879924 0.0039293532212284089 0.017519974700709273 -0.012856426513438554 0.0057224805598117207 0.077321404735495716 -0.029836877406011531 -0.055252892286960356 -0.0067912487109275735
leaf_weight=1723.6620228625834 3919.5321356356144 5657.7006947547197 390.67930653691292 619.45018267259002 9499.1823929548264 1989.7772623226047 482.71604741364717 357.03144444525242 49.635008066892624 68.377376079559326 28.498782843351364 1087.4725467413664 6136.1272355467081 1418.0075096637011 46.782709784805775 1424.9091711938381 2620.5135871767998 1127.0126004368067 205.70669713616371 49.214870512485504 2089.3370021507144 2040.6534689813852 6526.3022587224841 2378.9156993255019 2499.3408567383885 742.22657551988959 24.531096339225769 2054.0285444445908 35.784857124090195 185.86335318163037
leaf_count=24555 26015 16563 2075 7084 35334 6488 1386 794 373 288 93 6759 32586 9144 362 7239 23932 12354 1258 282 8178 7053 20886 6494 13333 6328 163 18506 325 1839
internal_value=-0.000199477 0.00349624 -0.00276144 -0.0195198 0.00695004 0.00533839 0.013818 0.0049596 -0.0164364 0.0140889 -0.0148933 -0.000275155 0.00119635 -0.00424131 -0.0265188 0.00503494 -0.0122927 -0.0204727 -0.0144143 -0.00924204 0.00314715 0.000489455 0.00670689 0.0210827 -0.0158973 -0.00762634 -0.0113722 -0.0280604 0.0161341 -0.032822
internal_weight=57479 48249.5 17159.5 9229.49 31090 25363.9 5208.44 2346.81 7505.83 5726.08 2918.52 14241 12898.6 5337.54 2186.23 7561.04 5319.6 1932.33 1342.39 1136.69 20155.5 11539.8 8615.64 2861.63 2890.02 3387.27 2645.04 2136.6 82.5676 805.314
internal_count=298069 202248 98784 95821 103464 86613 15162 7282 71266 16851 15501 83283 74984 35159 19566 39825 51700 21277 8299 7041 71451 42387 29064 7880 15408 30423 24095 19193 687 8923
is_linear=0
shrinkage=0.1


Tree=91
num_leaves=31
num_cat=0
split_feature=11 0 11 3 6 0 15 9 20 10 16 9 10 0 10 4 10 0 1 9 2 9 7 12 10 14 14 7 16 12
split_gain=86.4512 25.0337 23.2669 20.364 38.8629 25.6924 21.4137 18.1311 17.6998 18.793 17.9403 15.5899 14.7198 14.6625 14.2538 13.6724 13.1851 12.8222 11.9226 11.7715 11.7418 13.0834 10.9283 10.4102 9.84736 8.79438 8.77349 8.20734 8.11353 7.83375
threshold=0.028430220791073772 -0.069838767791325626 0.019877776716660349 0.012864186280521219 0.006888796914054752 -0.010671878687074974 0.26469603255414259 0.1047492214521716 1.0000000180025095e-35 0.18986993728503818 1.0000000180025095e-35 0.55254159705331907 0.43982130456435059 0.023863624567922685 0.35064859130510218 0.016561029304803302 0.52821622538975133 0.062786286820670736 0.013926768321175233 0.27518555614366469 0.087581043359948665 0.38019710018347558 0.23171419650276318 0.082392151117354678 0.52821622538975133 0.12294257349595963 0.1190716582748106 0.1893468096452863 1.0000000180025095e-35 0.16058155719331726
decision_type=2 2 2 2 2 2 2 2 2 2 2 2 2 2 2 2 2 2 2 2 2 2 2 2 2 2 2 2 2 2
left_child=2 -2 3 4 13 8 27 -8 10 -10 -5 12 20 28 25 24 26 19 -15 -16 23 -22 -21 -4 29 -3 -6 -7 -1 -13
right_child=1 14 11 5 16 6 7 -9 9 -11 -12 15 -14 18 17 -17 -18 -19 -20 22 21 -23 -24 -25 -26 -27 -28 -29 -30 -31
leaf_value=0.0051120856964873068 -0.035502442568212333 -0.020971441689120667 -0.0038299701062400604 -0.011859417899947676 -0.025796094833849849 0.024065306887674654 0.04250213130397041 0.0063117569480425368 -0.047204051961845052 0.02134710474020492 0.0094056007452492513 0.014411931226692083 -0.0069135637786921656 -0.026653509584607285 -0.058390161020441256 -0.016632055968667472 0.034823982367700533 -0.023921382210220582 0.0080184233317638649 -0.0054912784967969279 -0.00023455021653864426 0.018637350764340813 -0.01541497215981354 0.0029604171230462497 0.0028922399064493093 0.022277149306035401 -0.0087145071973022698 -0.030682588642812682 -0.0011832908141490898 0.039042836086085025
leaf_weight=10202.470354616642 327.6627961397171 58.211994886398315 6174.8731398433447 1652.3445382639766 344.99207809567451 907.90326601266861 140.02822419255972 12146.577194597572 44.220405101776123 418.17390470951796 522.08667372912169 528.5471849963069 4389.2286974787712 288.34202064573765 44.730431012809277 185.53405272215605 64.558671176433563 484.90812523663044 151.1762655749917 7496.5808440856636 822.39324702322483 663.93403074145317 1302.5133682861924 3558.9812790080905 590.53264642506838 244.49887620657682 2341.4262608811259 28.23367290943861 2561.1512531936169 170.86782520264387
leaf_count=55584 1676 282 29173 8561 1807 4949 800 63460 246 2262 2635 2593 20408 1431 184 845 346 2355 769 36108 3825 3249 6212 17304 2936 1204 12170 139 13618 938
internal_value=0.00017197 -0.00832026 0.00190157 0.0035001 0.000977588 0.00603765 0.00783502 0.00672421 -0.0029755 0.0147913 -0.00675363 -0.00107504 -0.00200377 0.00323046 -0.00739552 0.00875016 -0.00983492 -0.00808851 -0.0147278 -0.00722039 -8.31031e-05 0.00819542 -0.00696026 -0.00134721 0.0124009 0.0139603 -0.0109081 0.0224141 0.00384885 0.0204293
internal_weight=58857.7 9959.11 48898.6 31813.7 15954.1 15859.6 13222.7 12286.6 2636.83 462.394 2174.43 17084.9 15609.4 13203.1 9631.44 1475.48 2750.98 9328.73 439.518 8843.82 11220.2 1486.33 8799.09 9733.85 1289.95 302.711 2686.42 936.137 12763.6 699.415
internal_count=298069 48021 250048 168777 85725 83052 69348 64260 13704 2508 11196 81271 73959 71402 46345 7312 14323 44859 2200 42504 53551 7074 42320 46477 6467 1486 13977 5088 69202 3531
is_linear=0
shrinkage=0.1


Tree=92
num_leaves=31
num_cat=0
split_feature=11 11 11 4 13 4 15 16 15 13 1 11 1 14 15 4 13 17 4 16 16 10 2 20 13 4 11 4 19 6
split_gain=290.99 58.9977 57.0088 25.0601 21.4139 19.0112 21.2081 18.6437 15.6593 15.4004 18.4012 16.2013 15.0375 13.47 11.7359 11.222 11.0338 17.9395 10.8359 10.0606 9.87674 9.55603 8.68779 8.16223 7.86667 7.4829 9.66579 7.02936 7.06429 6.81309
threshold=0.021754471184189796 0.033928560950551613 0.014217954142410352 0.025040920242205281 0.32545899778110643 0.027226260699225409 0.18919827690978086 1.0000000180025095e-35 0.92981899466739926 0.16940482541877414 -0.0077033770860182029 0.0085175125003365878 -0.0077033770860182029 0.9526531527204023 0.10943270786663724 0.018003236940270288 -0.41576571473448004 1.0000000180025095e-35 0.023400271604090864 1.0000000180025095e-35 1.0000000180025095e-35 0.20387102899445755 0.013952694427567193 1.0000000180025095e-35 0.59331758712532112 -0.0030311209754683151 0.010550030072219942 -0.031236517272373417 1.0000000180025095e-35 0.041786760486292047
decision_type=2 2 2 2 2 2 2 2 2 2 2 2 2 2 2 2 2 2 2 2 2 2 2 2 2 2 2 2 2 2
left_child=2 5 9 4 7 6 27 12 19 10 16 22 -4 14 -3 25 17 -1 24 -8 -13 -9 -12 -18 -16 -11 -27 28 -2 -10
right_child=1 13 3 -5 -6 -7 8 21 29 15 11 20 -14 -15 18 -17 23 -19 -20 -21 -22 -23 -24 -25 -26 26 -28 -29 -30 -31
leaf_value=-0.024574038361133935 -0.043382400481542009 -0.03031497639561305 -0.001514539969250069 -0.027711030859674676 0.012974904886711179 -0.029225451842631742 -0.0018897468501047152 0.015175427274085477 -0.022550935515515361 0.0072662145010812017 0.038606001530649352 0.010948778405368648 0.0045269007186683223 -0.041373735206087933 -0.015853796615512197 -0.035514591954079446 0.0019512631537425169 0.028193858169594545 -0.034956656730940436 -0.010504353597451735 0.0025364607578750192 -0.0065233023804898461 0.010272118145251787 0.012897895856689729 0.012264147369842819 0.036119203118042321 0.017088669080587465 -0.013085304933208692 0.0044126040422493729 -0.0083403636861379953
leaf_weight=307.44081125408411 144.68611492216587 872.74564942717552 6788.2128926962614 296.73570699244738 1527.6232206001878 412.11685737222433 7049.2093506418169 214.2652925029397 644.3373716250062 519.50376765429974 299.63115663826466 7128.8456417918205 10481.476765446365 332.29098702222109 2178.2167925015092 40.369216978549957 3538.4610864967108 81.508314982056618 294.31945545971394 1678.4526350535452 1735.4255020171404 3846.3847391679883 169.39904123544693 843.53981524705887 104.262825448066 337.35750012099743 1277.759480252862 3303.9285581372678 39.331007391214371 708.20321664959192
leaf_count=1403 768 5671 34417 1459 7918 2327 40400 1077 3636 2402 1430 33257 53079 2156 14070 172 16353 395 1892 9610 8127 19600 755 3966 750 1569 6019 18988 244 4159
internal_value=-0.000436073 -0.0110639 0.00435098 0.00116287 0.0015377 -0.00806636 -0.00742368 0.000718602 -0.00509805 0.00888557 0.00767775 0.0102602 0.00215219 -0.0221448 -0.0202925 0.016718 0.00262575 -0.013516 -0.016898 -0.00354646 0.00930184 -0.00537834 0.0283727 0.0040585 -0.0145694 0.0177058 0.0210637 -0.0141448 -0.0331669 -0.0151101
internal_weight=57196 17762.1 39433.9 23154.7 22858 13980.3 13568.1 21330.3 10080.2 16279.2 14104.3 9333.3 17269.7 3781.84 3449.54 2174.99 4770.95 388.949 2576.8 8727.66 8864.27 4060.65 469.03 4382 2282.48 2134.62 1615.12 3487.95 184.017 1352.54
internal_count=298069 104671 193398 117550 116091 80132 77805 108173 57805 75848 65686 43569 87496 24539 22383 10162 22117 1798 16712 50010 41384 20677 2185 20319 14820 9990 7588 20000 1012 7795
is_linear=0
shrinkage=0.1


Tree=93
num_leaves=31
num_cat=0
split_feature=10 3 16 13 15 4 12 15 0 1 4 17 4 7 1 10 1 7 0 1 19 9 1 10 3 9 4 17 7 12
split_gain=83.795 26.3128 24.1363 19.5151 18.6351 16.5842 15.6944 15.411 32.257 20.9601 27.1506 20.8521 15.9645 13.921 10.794 10.0266 14.551 11.8324 9.96454 10.9123 9.64962 8.74048 8.70451 8.62576 10.5176 8.34347 8.18731 10.1835 8.02884 7.68327
threshold=0.47544494321349212 0.090658420814610188 1.0000000180025095e-35 -0.081712042004045457 0.093257306703757231 0.0097183813756205346 0.17804314815624714 0.85392899878535966 0.030993003063356287 0.011046758462594621 0.0079535206920300378 1.0000000180025095e-35 0.027226260699225409 -0.0008277499957201061 0.024791394775215195 0.25416203302148616 -0.0040642794506746674 0.1893468096452863 -0.031828301360166573 -0.022373515301699062 1.0000000180025095e-35 0.59214850453130807 0.034117929108277163 0.68418748401758311 -0.15326277018750287 0.70315310071714898 -0.014825518955194903 1.0000000180025095e-35 0.28093564429614687 0.16058155719331726
decision_type=2 2 2 2 2 2 2 2 2 2 2 2 2 2 2 2 2 2 2 2 2 2 2 2 2 2 2 2 2 2
left_child=1 7 15 -4 26 6 18 8 9 11 -11 -1 14 -7 -10 16 20 -18 -6 -20 -3 -9 -5 25 -25 -8 -2 -28 29 -17
right_child=4 2 3 22 5 13 23 21 12 10 -12 -13 -14 -15 -16 28 17 -19 19 -21 -22 -23 -24 24 -26 -27 27 -29 -30 -31
leaf_value=0.0037248602536102682 -0.023332579947096733 0.024574140766504896 -0.028084936428355585 -0.015462843850086267 0.018078844090240777 -0.0020763389342414989 0.0038814129448739246 -0.0027876118383337633 0.044575856210034702 0.0094517300050938474 -0.0060341274125120256 -0.003508944571583671 0.091480071713541167 -0.017193322091135946 0.0080835447697816948 -0.0023387417186631256 0.00098323556213387184 0.040184870376412073 -0.015217466164438719 -0.0040001415353030515 0.088636990542090274 0.046524147667097775 0.0043231748204934943 0.0089938057727097093 -0.0078935255303955124 0.020918966949391216 -0.014707655423294139 0.0060128369802058606 -0.02066298188418484 0.014469860158919372
leaf_weight=19001.520693778992 775.13644356280565 100.1834135055542 612.07042153924704 416.71958802640438 157.2504498064518 950.0765942633152 1177.2136475741863 4037.5801689624786 160.3345367833972 9249.3203201964498 1290.0763935297728 5042.340705126524 42.249806053936481 1697.732100687921 163.92431247234344 4244.1508716568351 938.54801874607801 83.876078106462955 1274.656449355185 2713.2558629065752 30.722924597561359 36.26750723272562 476.68610777705908 550.98510707914829 1115.4029038399458 380.27953572571278 1228.5364435762167 293.94172183796763 223.82946747541428 290.56412533670664
leaf_count=96109 3714 518 2952 2094 778 4741 5945 20053 829 49135 6571 25446 210 8202 897 21285 5278 446 6124 13101 177 205 2406 2835 5768 2152 6059 1501 1016 1522
internal_value=0.000489635 0.00243429 -0.00302546 -0.0143296 -0.00684414 -0.00498106 -0.00254202 0.00347204 0.00415051 0.00383776 0.00755618 0.00220783 0.0336613 -0.0117691 0.0261277 -0.000146834 0.00821835 0.0041992 -0.00661193 -0.00758554 0.0396093 -0.00234861 -0.0049058 0.00269095 -0.00230979 0.00804132 -0.0149666 -0.0107072 -0.00217431 -0.00126172
internal_weight=58755.4 46441 7417.35 1505.48 12314.5 10016.9 7369.04 39023.6 34949.8 34583.3 10539.4 24043.9 366.509 2647.81 324.259 5911.87 1153.33 1022.42 4145.16 3987.91 130.906 4073.85 893.406 3223.88 1666.39 1557.49 2297.61 1522.48 4758.54 4534.71
internal_count=298069 237149 37694 7452 60920 49646 36703 199455 179197 177261 55706 121555 1936 12943 1726 30242 6419 5724 20003 19225 695 20258 4500 16700 8603 8097 11274 7560 23823 22807
is_linear=0
shrinkage=0.1


Tree=94
num_leaves=31
num_cat=0
split_feature=10 10 10 12 11 19 9 1 11 0 20 14 14 13 14 12 13 17 10 15 14 8 2 4 8 8 14 12 17 2
split_gain=325.645 69.6026 68.1816 44.7269 51.0775 41.5277 40.7024 28.7302 38.123 28.5107 31.9307 28.2983 26.4395 26.0305 25.8356 25.8008 25.0286 34.2198 24.6141 23.48 22.2663 21.8811 28.5586 21.8651 20.7433 20.6265 19.9365 17.8163 17.6435 23.6649
threshold=0.26619018715444276 0.36113231843293753 0.16416784915814156 0.060989227653393568 0.03673086094195193 1.0000000180025095e-35 0.43317681314766771 0.013080538341643468 0.014151847668048431 0.032732511897740409 1.0000000180025095e-35 0.91143910442520915 0.98993626186650119 0.29697680263920551 0.57661304163241722 0.070940885578950369 -0.3367076295357167 1.0000000180025095e-35 0.72115156564645089 0.85392899878535966 0.81818179772145194 0.82651182572226323 0.058493658866487948 0.020891224617577645 1.6871647001345798 -0.066032070585393107 0.19926201504327984 0.043835605623638994 1.0000000180025095e-35 0.10971680406189589
decision_type=2 2 2 2 2 2 2 2 2 2 2 2 2 2 2 2 2 2 2 2 2 2 2 2 2 2 2 2 2 2
left_child=2 6 -1 28 9 7 14 16 27 13 -11 20 19 -5 21 -8 17 -4 -13 -7 -6 23 -23 -2 -10 -21 -18 -9 -3 -30
right_child=1 3 5 4 11 12 15 8 24 10 -12 18 -14 -15 -16 -17 26 -19 -20 25 -22 22 -24 -25 -26 -27 -28 -29 29 -31
leaf_value=-0.040965606212857837 -0.00071073350015361119 0.019776278430530758 0.025854962956572105 0.0023732488653985667 0.011809724489114354 -0.032978323013561704 0.021315475208922272 -0.043440691747540977 -0.0099204569728365485 0.0062917668634125653 0.031904272631197848 0.055134791168937415 0.13327562497006482 -0.0089369272644549188 -0.0070714381406416105 -0.037999216773461644 0.0031453201444546805 -0.032489387270890929 0.018701184685136107 -0.051766578362099872 -0.0079935147824252845 0.035182199239604667 0.0014052406141426572 0.036957180386841731 0.083623297465086316 0.032181122250301203 -0.012070827897146336 -0.018659131969904649 -0.0045710406026479361 0.049034901753242238
leaf_weight=976.3829346653074 6834.1738683693111 2977.0320794060826 464.87862416729331 17493.183585684747 5262.4174006283283 1431.0771091245115 86.710059516131878 647.69291308522224 1534.523374915123 2378.4367771595716 611.99226262420416 250.20133736729622 10.095375467091797 2302.7731935754418 4913.5937537290156 475.41083269193769 1122.2089410945773 128.26214049756527 716.28849200904369 40.406129881739616 636.44019661843777 436.05104627460241 587.69200499728322 157.65725204348564 24.07744088023901 106.18943070992827 3700.3324448466301 525.47570867463946 632.86241836845875 94.672602877020836
leaf_count=15266 37844 11177 3117 67792 13420 15496 363 7798 11489 8054 2005 606 99 8568 29849 2556 9003 1129 1532 408 1473 2301 3019 692 148 1018 33249 5778 2488 332
internal_value=-4.31391e-05 0.00355351 -0.0157732 0.00600487 0.00471056 -0.0132466 -0.0025073 -0.0103634 -0.0187245 0.0024324 0.0115334 0.0122719 -0.0280415 0.00105759 -0.00136202 -0.0288496 -0.00614588 0.0132384 0.028133 -0.0290738 0.00967311 0.00213788 0.0157921 0.000138632 -0.00847538 0.00904262 -0.00853002 -0.0323407 0.0163647 0.00240459
internal_weight=57559.2 46847.6 10711.6 33356.3 29651.7 9735.22 13491.3 8147.45 2731.77 22786.4 2990.43 6865.35 1587.77 19796 12929.2 562.121 5415.68 593.141 966.49 1577.67 5898.86 8015.57 1023.74 6991.83 1558.6 146.596 4822.54 1173.17 3704.57 727.535
internal_count=298069 194071 103998 117447 103450 88732 76624 71711 25213 86419 10059 17031 17021 76360 73705 2919 46498 4246 2138 16922 14893 43856 5320 38536 11637 1426 42252 13576 13997 2820
is_linear=0
shrinkage=0.1


Tree=95
num_leaves=31
num_cat=0
split_feature=11 11 14 19 10 0 4 20 2 4 1 0 3 13 13 9 13 0 10 7 1 4 7 6 6 18 4 3 3 10
split_gain=313.292 79.1296 42.1511 34.5274 30.9611 33.4923 30.5575 64.9604 33.794 36.7888 30.3724 27.2562 43.088 28.4297 26.7629 26.5594 28.5927 24.9727 24.1519 24.307 23.9095 26.6964 23.4936 22.0711 27.299 21.9659 40.1169 25.1341 21.1951 20.9133
threshold=0.018212003880299588 0.013026886122852693 0.71423767893169388 1.0000000180025095e-35 0.42683608252877897 -0.014475844026694549 -1.0000000180025095e-35 1.0000000180025095e-35 0.013952694427567193 0.025040920242205281 -0.030477744756136845 0.030993003063356287 0.049732186009084696 -0.14853003605926629 0.14820534368935517 0.29666047810879331 -0.016784063006643302 0.039454554237061464 0.26025231611098049 -0.15477538320773757 0.12419567577900194 0.038310204041673408 0.016301836945150642 -0.018335161635719962 -0.16318866553616099 1.0000000180025095e-35 0.0046852512267863142 0.14365011432646704 -0.027800825460985164 0.30149423825137939
decision_type=2 2 2 2 2 2 2 2 2 2 2 2 2 2 2 2 2 2 2 2 2 2 2 2 2 2 2 2 2 2
left_child=1 -1 6 4 5 -4 -2 11 -9 -10 23 13 -13 -8 -7 18 -17 22 25 -20 21 -6 -18 24 -5 27 -27 -3 -12 -21
right_child=2 15 3 10 20 14 7 8 9 -11 28 12 -14 -15 -16 16 17 -19 19 29 -22 -23 -24 -25 -26 26 -28 -29 -30 -31
leaf_value=-0.02333472416780713 -0.0010471971264113358 -0.014806918438241393 -0.016345477844610566 -0.074464825668751441 0.01725351289664416 0.016394897831590535 0.002550798221192536 -0.01940077039650286 -0.0021887573960369328 0.057924904670497115 0.026232650941687009 -0.014412861357555673 0.010936489151875431 0.013859618539959912 -0.0086670705926384563 -0.024366697555398411 0.0032782313157998714 0.04196689482475599 -0.053374149457489008 0.0091339805772998814 -0.0030308459437100371 0.05597310680961759 -0.022622366139704211 -0.051881347016496049 -0.0010383915142258583 -0.0081201142906753409 0.038126089882089098 0.03883178453424431 -0.0009734794374500011 -0.0052745298965373088
leaf_weight=4452.5535375941545 13555.086795642972 3517.3935133889318 637.1646334156394 56.986971355974674 5253.1957770735025 1599.2165296003222 3140.7838447913527 1397.5918985381722 1383.3558840975165 109.89236564934254 392.74909932911396 1237.9380491301417 1462.9559610262513 7607.2772069275379 580.85225415974855 1704.1016928777099 741.54780638217926 103.39788188785315 81.425869144499302 1982.2384648546576 565.96777707338333 184.3182165324688 663.61728736758232 159.02737922221422 454.19535034149885 768.5208512544632 248.13877642899752 89.583821214735508 1057.049248687923 2048.2710915729403
leaf_count=54738 53602 30513 2899 160 15479 7437 12327 5984 5783 306 1490 4342 4716 28899 2763 11488 4988 559 535 13789 1441 376 4667 558 1617 6399 1808 667 3876 13484
internal_value=-0.000282072 -0.0119562 0.00440662 0.00971742 0.0124715 0.00382288 0.00246301 0.00537498 -0.00822484 0.00223518 -0.00174145 0.00829825 -0.000682229 0.010555 0.00971745 -0.007716 -0.0154905 -0.0054637 -0.0048568 0.000718889 0.01653 0.018566 -0.00895384 -0.0193458 -0.00922402 -0.00981543 0.00316732 -0.0134747 0.00639664 0.0018117
internal_weight=57236.4 16400.8 40835.6 10940.7 8820.72 2817.23 29894.9 16339.8 2890.84 1493.25 2120.01 13449 2700.89 10748.1 2180.07 11948.2 3212.66 1508.56 8735.57 4111.94 6003.48 5437.51 1405.17 670.21 511.182 4623.64 1016.66 3606.98 1449.8 4030.51
internal_count=297690 143635 154055 38096 30395 13099 115959 62357 12073 6089 7701 50284 9058 41226 10200 88897 21702 10214 67195 27808 17296 15855 9655 2335 1777 39387 8207 31180 5366 27273
is_linear=0
shrinkage=0.1


Tree=96
num_leaves=31
num_cat=0
split_feature=10 11 9 10 11 6 20 0 13 10 7 15 14 4 13 9 9 9 11 13 1 11 15 10 11 6 9 14 14 19
split_gain=66.492 24.3899 23.3026 15.4476 13.4599 13.4411 21.3971 19.0504 15.8117 27.3092 15.3114 15.2303 14.1725 13.9385 12.3778 11.7268 11.6845 11.3983 14.6817 10.9607 10.7898 12.3201 11.7806 10.3773 10.2258 13.0444 9.92375 9.1026 8.98322 8.64003
threshold=0.35413899044942709 0.029523172187401154 0.55254159705331907 0.5431182507352208 0.022696044936609951 -0.053054492019723114 1.0000000180025095e-35 -0.025578410741270981 -0.030837453227179654 0.19414344858775714 -0.026115187591720653 0.14098692424536086 0.45381268533103458 0.015930841475333971 0.32545899778110643 0.43023132546922133 0.55836967378293101 0.77014220658851174 0.044266078902156177 0.51133379455670924 0.011437998868097711 0.01836067813537717 0.84233476924184936 0.23010243822178808 0.0087660319821341783 0.023508890632738647 0.35716287319742329 0.96773108879102776 0.69811944971780926 1.0000000180025095e-35
decision_type=2 2 2 2 2 2 2 2 2 2 2 2 2 2 2 2 2 2 2 2 2 2 2 2 2 2 2 2 2 2
left_child=5 2 4 16 20 6 10 11 9 12 13 29 -9 27 -8 -6 -3 -5 28 -18 22 -22 -2 -12 25 -10 -11 -1 -19 -7
right_child=1 3 -4 17 15 7 14 8 24 26 23 -13 -14 -15 -16 -17 19 18 -20 -21 21 -23 -24 -25 -26 -27 -28 -29 -30 -31
leaf_value=0.014894958618141009 -0.0011803000874326408 -0.0064536406139078214 0.0090729386271185316 -0.014705024142121657 -0.0096221421809728602 -0.0073377243024099845 -0.013534896014228623 0.0060714432481574652 -0.028984531399716257 0.0026709894430346284 0.086788592507653708 -0.028612948305787159 0.019751206946969125 -0.033872279332074068 0.03276672712558263 -0.0015905370364610108 0.0039906229410396465 0.0067477546686467707 -0.014631064546093309 0.042550941575706637 0.013567313184277853 0.00056286321580768415 -0.018862986599693279 0.029964116343977595 0.0013564059394220664 0.04163127724478341 0.013141067059956055 -0.037845759338367577 -0.010013153899801662 0.018245007954626125
leaf_weight=1607.5101690366864 3933.6375890187919 1772.2448059618473 1972.6628543138504 3168.5291395410895 3608.7822125405073 756.07450421154499 447.69968099892139 1305.9949291720986 201.6452167853713 11283.437478855252 38.183777332305908 306.82168114185333 1802.7247882634401 63.653791464865208 66.284947268664837 3663.3171126395464 903.77138113975525 931.07688308507204 1044.7301543504 80.261988379061222 1063.6281674429774 2312.0975579544902 416.67390367388725 202.95901662111282 14073.472972474992 30.058315269649029 984.22994108498096 33.404539257287979 487.03754898905754 159.94086997956038
leaf_count=8243 18918 8293 9894 15302 16519 3879 2448 7489 1385 57958 219 1698 10363 312 360 17445 4425 4675 5400 418 5487 10883 1945 991 74121 185 5013 150 2446 826
internal_value=0.000534947 -0.00332481 -0.00114453 -0.0077362 -0.00248841 0.00346857 0.0105831 0.00290232 0.00340626 0.00563247 0.0153768 -0.00932979 0.0140042 0.0120403 -0.0075637 -0.00557622 -0.00160201 -0.0107386 -0.0056356 0.00713577 0.000417987 0.00466032 -0.00287395 0.038962 0.00101335 -0.0198237 0.003511 0.0138213 0.000991384 -0.00287085
internal_weight=58722.5 25358.5 16970.8 8387.65 14998.1 33364.1 2459.7 30904.4 29681.6 15376.4 1945.71 1222.84 3108.72 1704.57 513.985 7272.1 2756.28 5631.37 2462.84 984.033 7726.04 3375.73 4350.31 241.143 14305.2 231.704 12267.7 1640.91 1418.11 916.015
internal_count=297690 122050 81091 40959 71197 175640 12723 162917 156514 80823 9915 6403 17852 8705 2808 33964 13136 27823 12521 4843 37233 16370 20863 1210 75691 1570 62971 8393 7121 4705
is_linear=0
shrinkage=0.1


Tree=97
num_leaves=31
num_cat=0
split_feature=10 10 12 12 19 10 10 14 4 4 12 4 4 9 15 5 9 8 7 1 13 4 1 5 13 9 7 2 14 7
split_gain=212.675 40.5444 45.877 38.4164 36.964 27.6311 27.3417 24.3231 21.239 17.8 16.4532 15.0253 14.722 17.7583 14.447 13.8489 13.6138 12.7144 27.7315 12.13 13.6177 11.8662 11.0592 10.3499 10.1543 8.41225 8.37848 8.24672 8.14848 8.05413
threshold=0.35579357498977077 0.48978713622143316 0.12364821702333526 0.21683772929974721 1.0000000180025095e-35 0.21523131621757577 0.63532543258819485 0.9526531527204023 -0.012977216534452827 -0.019780248449019929 0.12933709945473296 0.014940304833051423 0.01008350981323103 0.43023132546922133 0.17712179114958207 0.065204512454802979 0.50603678545460118 -0.86133504944598427 -0.054031734658582957 -0.00091549430496051787 -0.19427115203920306 0.025040920242205281 0.0038732007608834888 0.034037699681389484 -0.12849046561579033 0.32646327662203029 0.33895076176700972 -0.044724481265379971 0.29516462144307226 -0.12863651990833977
decision_type=2 2 2 2 2 2 2 2 2 2 2 2 2 2 2 2 2 2 2 2 2 2 2 2 2 2 2 2 2 2
left_child=4 2 22 6 5 17 10 9 27 -5 -3 -11 13 -10 -4 16 -16 18 -1 20 -19 29 -2 -14 -24 -26 -8 -7 -21 -6
right_child=1 3 14 7 21 8 26 -9 12 11 -12 -13 23 -15 15 -17 -18 19 -20 28 -22 -23 24 -25 25 -27 -28 -29 -30 -31
leaf_value=-0.00051257058603310177 -0.011597942383245239 -0.018638029878400748 -0.0085173115187506653 -0.029752204575087211 -0.010116199604274333 0.0005769528538765098 -0.025876630655932834 -0.035303897967272867 0.0017638882415631552 0.0037081974087996381 -0.0061072838918742982 -0.021807020433300156 -0.011970870591632033 0.026542708231975506 0.0074319256692109356 -0.018158765050382369 0.025875107749336837 -0.0084592306277068551 0.04456373265880325 0.0029492952497560125 0.0053325335291374825 -0.032778929251535339 0.0024070659309163881 0.0065212879182718749 -0.02031281990343221 -0.0055659671004107221 -0.049496448224859532 -0.021207271759088042 0.011965600837349209 0.011921561701985448
leaf_weight=273.67697419971228 4451.4829752296209 2545.4600333794951 532.18702916800976 202.74287776276469 170.15056830644608 244.66947457939386 1701.1880902945995 227.66824893280864 16898.234908722341 2226.7238411940634 1780.991586253047 257.48185785859823 1285.3692261651158 294.26478278636932 1693.3346636071801 165.94752905517817 524.10059209167957 927.11867683380842 272.2570955529809 1375.3447816297412 3142.7726020738482 61.456626944243908 1426.9881595596671 395.88229937106371 459.10089438408613 2457.0962735004723 164.72145230323076 599.77441122382879 3695.9690417125821 6542.8519900739193
leaf_count=1259 24574 15327 2975 1244 864 1339 11052 1361 83584 13669 10572 1627 6394 1689 9089 913 3254 4211 1325 6296 14463 292 7981 2107 2266 13904 1077 2942 17218 32822
internal_value=-0.000330332 -0.00838326 -0.00449139 -0.0133876 0.00430318 0.00276899 -0.0178435 -0.00392072 0.000620414 -0.00126159 -0.0134797 0.00106361 0.00131462 0.002188 0.00637944 0.00970574 0.0117911 0.00714241 0.021967 0.00625705 0.00219078 0.0109625 -0.00809524 -0.00761654 -0.00450519 -0.00788758 -0.0279618 -0.0148955 0.00952037 0.011363
internal_weight=56997 20817.2 11710.2 9106.98 36179.8 29405.3 6192.36 2914.62 19718.2 2686.95 4326.45 2484.21 18873.8 17192.5 2915.57 2383.38 2217.44 9687.14 545.934 9141.21 4069.89 6774.46 8794.67 1681.25 4343.19 2916.2 1865.91 844.444 5071.31 6713
internal_count=297690 120885 64956 55929 176805 142827 38028 17901 98055 16540 25899 15296 93774 85273 16231 13256 12343 44772 2584 42188 18674 33978 48725 8501 24151 16170 12129 4281 23514 33686
is_linear=0
shrinkage=0.1


Tree=98
num_leaves=31
num_cat=0
split_feature=11 11 18 4 9 0 15 17 4 3 7 11 15 0 20 4 8 6 16 4 0 15 8 1 0 6 9 6 2 8
split_gain=75.365 20.5647 19.3173 13.9408 13.8143 10.1952 19.0806 10.541 10.8443 10.128 18.0895 10.0592 10.0577 24.1333 19.7567 18.9844 11.6567 10.0119 10.1534 9.93912 12.6734 11.7211 9.61532 8.45346 8.30808 8.25727 7.76941 7.57877 10.0215 8.73483
threshold=0.028231075647129105 0.020036169025985377 1.0000000180025095e-35 0.038310204041673408 0.46946110346342146 -0.030901092451899533 0.12151730137338244 1.0000000180025095e-35 -0.018824772264764974 -0.057362855134165606 -0.13614068245676306 0.042979910437058046 0.38864634438060514 -0.015394311846164575 1.0000000180025095e-35 -0.0024366648306322065 0.12522617400930283 -0.05948465419408782 1.0000000180025095e-35 0.0099010876646212793 0.023863624567922685 0.79537065795218753 -0.22408581917713619 -0.0013133014492763271 0.0020735303322532155 0.082812927625005708 0.24636445733158488 0.082812927625005708 0.099759596124126007 0.28248991961196018
decision_type=2 2 2 2 2 2 2 2 2 2 2 2 2 2 2 2 2 2 2 2 2 2 2 2 2 2 2 2 2 2
left_child=1 5 3 11 19 6 7 8 -1 10 -6 -2 15 14 -14 25 -15 -8 -19 -3 26 -22 -12 -9 -17 -7 -21 28 -11 -29
right_child=2 4 -4 -5 9 12 17 23 -10 27 22 -13 13 16 -16 24 -18 18 -20 20 21 -23 -24 -25 -26 -27 -28 29 -30 -31
leaf_value=0.042896852041766263 -0.0031655996207475981 -0.0013826815431974499 -0.016316964471162966 -0.031907207260530798 -0.0063402081355900114 0.0062742327416746681 0.0029211445556929123 -0.022422927302308156 0.0062320640992054857 -1.7789768542563918e-05 0.019142654790089933 -0.013278267176032294 0.0068543904382658994 0.0018223813383905529 0.060001539880154955 -0.003886397461302306 0.0066546127579904767 0.038560427727028987 0.1007949431105498 -0.041150440607583556 0.036863336426852182 -0.0029646943227559495 0.090521376585210422 0.042497105856693577 0.0073368411809823387 -0.031326679927044736 -0.012553436786648829 -0.044307811438907975 -0.026921710248796304 0.013396210816812274
leaf_weight=96.284776449203491 6429.9521667212248 10462.173021353781 2041.3621308915317 193.3043257035315 355.76014097034931 4341.1040558516979 62.122356668114662 169.72945476323366 497.35549517720938 1853.0165470838547 746.90533316135406 1161.275550801307 139.26289302110672 11204.815807431936 140.52085445076227 6052.2135595977306 9003.3193383291364 150.33062766492367 31.752018854022026 103.22574689984322 85.954120278358459 526.47750140726566 19.361575119197369 22.745407424867153 740.24798229336739 59.20007860660553 1192.9689698144794 27.486597985029221 149.63369856029749 575.02890052646399
leaf_count=461 31846 50063 10177 944 1723 21417 277 694 2281 9184 3840 6155 701 59125 654 31816 48068 660 144 459 444 2476 114 103 4266 276 5475 121 736 2990
internal_value=0.000331999 0.00194058 -0.00765844 -0.00538789 -0.000985403 0.00338054 0.0131701 0.00558525 0.0121789 0.00435147 0.0122945 -0.00471259 0.00306216 0.00437912 0.0335474 0.000651522 0.00397528 0.0375861 0.049413 -0.00259335 -0.00922964 0.00262513 0.0209462 -0.0147511 -0.00266328 0.00576836 -0.0148308 0.00093045 -0.00202799 0.0107638
internal_weight=58634.9 48809 9825.89 7784.53 16098 32711 1030.32 786.115 593.64 3727.19 1122.03 7591.23 31680.7 20487.9 279.784 11192.8 20208.1 244.205 182.083 12370.8 1908.63 612.432 766.267 192.475 6792.46 4400.3 1296.19 2605.17 2002.65 602.515
internal_count=297690 248568 49122 38945 77625 170943 4620 3539 2742 18708 5677 38001 166323 108548 1355 57775 107193 1081 804 58917 8854 2920 3954 797 36082 21693 5934 13031 9920 3111
is_linear=0
shrinkage=0.1


Tree=99
num_leaves=31
num_cat=0
split_feature=10 10 19 0 0 0 12 10 7 6 15 10 2 9 13 8 1 13 1 16 4 3 0 15 4 4 12 2 3 15
split_gain=287.838 96.9732 59.0902 50.4116 39.6581 45.6197 37.663 53.5069 36.5402 35.6922 41.1483 32.7678 30.4753 30.3491 30.2874 28.5324 25.7762 23.2665 43.7184 25.8742 36.9656 32.0366 22.5146 31.3274 29.0843 22.4083 22.1926 21.0209 20.7039 19.6964
threshold=0.24205076634831516 0.35579357498977077 1.0000000180025095e-35 -0.012847210374094862 -0.03000226143250306 0.032732511897740409 0.11165894423181498 0.49750355156184262 0.034541985600734855 0.016867180584365097 0.92981899466739926 0.16416784915814156 -0.083967819609072722 0.43023132546922133 -0.34818237387378709 1.0911990069133364 0.022414910763477906 -0.43592004889064789 -0.0065039203213250732 1.0000000180025095e-35 -0.006482737413712302 -0.064422453209133743 0.0027284864335912489 0.24488429458180858 0.019792372349360047 0.0051390975107912249 0.042852942891721243 0.019169916814814062 0.015394573013205017 0.91876467698243502
decision_type=2 2 2 2 2 2 2 2 2 2 2 2 2 2 2 2 2 2 2 2 2 2 2 2 2 2 2 2 2 2
left_child=2 13 3 14 8 6 26 -8 16 10 -7 -5 -10 17 28 -11 25 18 27 20 -19 -21 23 -13 -24 -3 -6 -2 -1 -4
right_child=1 4 29 11 5 9 7 -9 12 15 -12 22 -14 -15 -16 -17 -18 19 -20 21 -22 -23 24 -25 -26 -27 -28 -29 -30 -31
leaf_value=0.023227361039854073 0.03062369035722939 0.0063321216791449629 -0.041242682749614977 -0.038422062977340299 0.023672268483262773 0.04684100654925312 -0.01119718070094574 0.0028827210771580659 0.057297428061284697 -0.0024424823525429958 0.013746478359434301 -0.034715554458056838 0.019424536759952971 -0.028568159231223179 0.00064446860087512541 0.015996845300778034 -0.023058515438847828 0.005696401932691865 -0.0090694812204006499 0.023171927083259776 -0.008962180281054279 -0.0013170621273723131 -0.024177884499196459 -0.0035905738128240204 0.061144964853918599 0.029788551828145517 0.0051315420417016675 0.097618288805758069 0.12620563359589732 0.03609294626017754
leaf_weight=49.053814336657524 224.72497946023941 2990.8976855427027 1147.9513250999153 718.72086333483458 688.2521697729826 546.39531271904707 4030.4881209619343 8170.4659786149859 242.03685238957405 1736.0988040491939 1202.6024217456579 386.38138349354267 1739.0719366595149 488.37634370476007 934.63551200926304 1624.2853434830904 261.07347217202187 2109.9262883625925 326.51157563924789 681.57793245092034 9316.9468568228185 2470.5159338228405 2208.59844577685 1983.0725687034428 40.687015287578106 471.47330588847399 10414.007448092103 59.166059702634811 32.431469105184078 33.905330494046211
leaf_count=353 1073 9026 14797 11469 2723 1856 18784 27033 554 5948 3517 3759 4768 2629 8539 4598 789 12183 2077 3298 60380 14154 21782 19183 308 1212 40077 250 206 365
internal_value=-0.000277471 0.00247894 -0.0184921 -0.0146729 0.00547044 0.00394275 0.00206647 -0.00176846 0.0130794 0.0125002 0.0240854 -0.0185594 0.0240516 -0.00403101 0.0057422 0.00647041 0.00724149 -0.00324208 0.0158851 -0.00404291 -0.00625553 0.0039782 -0.0154686 -0.00866605 -0.0226345 0.0095262 0.00628092 0.0445861 0.0642131 -0.0390241
internal_weight=57330.3 49794.9 7535.44 6353.58 34117.1 28412.6 23303.2 12201 5704.55 5109.38 1749 5337.46 1981.11 15677.7 1016.12 3360.38 3723.44 15189.4 610.403 14579 11426.9 3152.09 4618.74 2369.45 2249.29 3462.37 11102.3 283.891 81.4853 1181.86
internal_count=297690 216929 80761 65599 120885 104536 88617 45817 16349 15919 5373 56501 5322 96044 9098 10546 11027 93415 3400 90015 72563 17452 45032 22942 22090 10238 42800 1323 559 15162
is_linear=0
shrinkage=0.1


Tree=100
num_leaves=31
num_cat=0
split_feature=11 11 11 14 9 13 15 0 11 14 4 0 15 4 18 11 9 15 3 8 0 14 1 4 15 4 9 6 11 7
split_gain=287.054 65.9449 53.4009 31.2718 30.2738 28.1241 27.8553 26.2245 22.3703 22.0827 29.4986 22.5961 35.5323 23.0195 21.7477 21.6202 21.8217 21.1252 20.8871 20.0389 20.5711 19.7671 25.7822 36.0394 23.2849 22.6327 18.0631 17.8974 33.4461 24.7321
threshold=0.017486781025667936 0.012544226264606542 0.030719957797546962 0.086606253465007374 0.31339018376747785 -0.234268395047385 0.71279816575872335 0.019098141710790276 0.014355760093643503 0.92672268079629194 0.033011688055433648 0.046398833649391062 0.96041596334157087 -0.0018149758734122832 1.0000000180025095e-35 0.022588360403792539 0.44834555122792191 0.16504530538938331 0.068833500805824746 0.9539343578384798 0.01058915843794961 0.71826723623516497 -0.038387127777631973 -0.011176271720545026 0.053391183234804483 0.038310204041673408 0.29073069032130922 0.010605797625287463 0.0093398260533518133 0.023197868044948836
decision_type=2 2 2 2 2 2 2 2 2 2 2 2 2 2 2 2 2 2 2 2 2 2 2 2 2 2 2 2 2 2
left_child=1 27 3 5 6 18 7 17 -6 11 14 13 -13 -5 -11 -7 -17 -3 -2 20 -8 -4 -23 24 -24 -25 -20 28 -1 -30
right_child=2 4 21 9 8 15 19 -9 -10 10 -12 12 -14 -15 -16 16 -18 -19 26 -21 -22 22 23 25 -26 -27 -28 -29 29 -31
leaf_value=-0.048310942582482995 -0.048499464344635104 0.0045092201335771151 0.0063171441489512994 -0.0018397820879648046 -0.06190466283854397 -0.015461954982156079 -0.0083751177611963677 -0.046058691690606446 -0.018031547324857108 0.0042185141637327873 0.074682458579489006 -0.03968447523503657 0.0001980024230798534 0.0045454538418189831 0.030220398346839608 0.01602362952206075 -0.013015112750382633 -0.011062062406523548 0.073898619191446011 -0.025315637995697311 0.013306401746006627 0.0034137317536635614 0.071545844129037625 0.010681053903899089 0.029055828103197748 0.046387400746329965 -0.020866473545854247 -0.032997849481775386 -0.019635661753693703 0.0085008013319802858
leaf_weight=320.33059799484909 280.71048744022846 1030.0050090737641 9404.1837798506021 9176.3984337672591 126.22155096381903 1009.0909171253443 645.65332650765777 192.93359506502748 1466.4881469607353 1408.995277620852 73.704487219452858 337.1792217195034 661.92633756995201 14675.494618229568 416.82188792526722 671.84247145801783 420.90828850865364 5653.3873063214123 27.252810172736645 222.45883765816689 1358.0133899748325 1381.1331032961607 179.18834641575813 1955.494751483202 460.23460209369659 195.24299201369286 76.784309178590775 1462.8035204485059 1364.9762301258743 405.13157568499446
leaf_count=5494 1440 7897 26325 41462 1209 5716 5311 1708 10223 5811 184 1424 2391 64781 1525 2643 1622 46795 139 1664 10471 3262 355 4783 1048 365 347 19175 17038 4915
internal_value=-0.000416196 -0.0127108 0.00367556 0.00126898 -0.00878953 -0.0094579 -0.00656402 -0.00971156 -0.0215085 0.0022661 0.0126584 0.00147175 -0.0132616 0.0020889 0.0101546 -0.00490776 0.00483842 -0.00866231 -0.0343149 0.00315847 0.00631984 0.00885852 0.0145881 0.0201194 0.040963 0.0139225 0.0039575 -0.0245137 -0.0185768 -0.013196
internal_weight=57061 14248.4 42812.6 29237.1 10695.2 2486.59 9102.45 6876.33 1592.71 26750.5 1899.52 24851 999.106 23851.9 1825.82 2101.84 1092.75 6683.39 384.748 2226.13 2003.67 13575.5 4171.29 2790.16 639.423 2150.74 104.037 3553.24 2090.44 1770.11
internal_count=297523 131900 165623 129485 85278 11907 73846 56400 11432 117578 7520 110058 3815 106243 7336 9981 4265 54692 1926 17446 15782 36138 9813 6551 1403 5148 486 46622 27447 21953
is_linear=0
shrinkage=0.1


Tree=101
num_leaves=31
num_cat=0
split_feature=10 12 3 17 18 0 4 2 15 13 20 0 3 10 1 19 20 12 14 4 13 1 0 4 0 2 9 2 14 10
split_gain=46.7436 22.9893 21.0303 36.2771 36.0346 41.137 33.2618 30.5954 30.448 22.5778 21.768 27.523 26.6291 18.9581 22.3052 18.9443 26.5232 17.9017 17.5569 15.0119 14.6945 13.4141 12.5753 12.4529 12.1693 11.7369 11.1455 11.0838 10.9955 10.8942
threshold=0.48629911572734302 0.17172651725652313 0.0266818862980891 1.0000000180025095e-35 1.0000000180025095e-35 -0.0053423034843393937 0.0018520424773373902 0.0033876746757739444 0.31262603642478054 -0.072339309802578869 1.0000000180025095e-35 0.0082610773758511353 -0.026788239429774038 0.2227970354531294 -0.0061042591275639593 1.0000000180025095e-35 1.0000000180025095e-35 0.043493436155048311 0.37063166200195746 0.027226260699225409 -0.5650589821330666 -0.0065039203213250732 -0.0088711016962674787 0.0054486031739715566 -0.06214612482645742 -0.11664783085757759 0.31188685225385188 0.034207014223505368 0.16728251803548608 0.63532543258819485
decision_type=2 2 2 2 2 2 2 2 2 2 2 2 2 2 2 2 2 2 2 2 2 2 2 2 2 2 2 2 2 2
left_child=2 29 7 4 13 20 9 10 -7 -5 19 12 -12 14 -4 16 27 -8 -15 25 -6 28 -18 -23 -3 -1 -19 -9 -17 -2
right_child=1 24 3 6 5 8 17 15 -10 -11 11 -13 -14 18 -16 21 22 26 -20 -21 -22 23 -24 -25 -26 -27 -28 -29 -30 -31
leaf_value=0.015071092296438326 -0.0065828642984647155 -0.025395388656909886 -0.0025289838686234321 -0.00042000020693038967 -0.069198459836564349 0.047529292516630683 0.023077724159139754 -0.0070311129584578053 0.0027269099797591241 -0.019623105428949763 -0.006935726731676692 -0.021476176136718712 0.013691946549046164 0.012747820975368921 0.022023818732011827 -0.047695654128046834 -0.012362640678684507 -0.0098313953944042607 0.0039409511049366503 -0.030975896682506405 -0.01422045098911558 0.014292166433068958 0.008837605563854066 -0.01029081224396535 0.00084752574234190714 0.0037548390421959428 0.0094928561836346084 -0.016589904133980916 -0.0037782081085446632 -0.015967239715975984
leaf_weight=982.80874135345221 4787.3381242677569 183.14604355022311 456.40936366468668 1093.7387074530125 50.646971426904202 160.72041427344084 491.88295020163059 3310.3752232342958 2699.6499929875135 1390.8479606285691 1841.9113834276795 752.58933403342962 947.89674124866724 3756.4913290888071 1954.3618170171976 69.371259652078152 359.86249935626984 562.56852711737156 5695.9337706267834 120.14170650392771 1212.1506225168705 1062.1922020614147 1257.5015363618731 255.66118433326483 5021.9585791639984 13590.629951395094 635.76130261272192 1914.6720419824123 319.89906293898821 1668.0731530860066
leaf_count=4770 22794 964 2471 5702 219 912 2572 17387 14002 7090 9915 3812 5195 18306 10602 347 1886 2751 27553 563 6151 5311 6593 1189 25036 71070 3086 9448 1575 8251
internal_value=0.000646007 -0.00502068 0.00205349 0.00449305 0.00666076 -0.00139247 -0.00380766 0.000217254 0.0052443 -0.0111697 0.00253137 -0.00450519 7.29647e-05 0.00945974 0.0173755 -0.0047187 -0.00706993 0.00701444 0.00744089 0.00422777 -0.0164255 0.00470541 0.00412056 0.00952311 -7.58536e-05 0.00451799 0.000420883 -0.0105338 -0.0116047 -0.00900778
internal_weight=58607.2 11660.5 46946.7 20161.2 15986.4 4123.17 4174.8 26785.5 2860.37 2484.59 18236 3542.4 2789.81 11863.2 2410.77 8549.54 6842.41 1690.21 9452.43 14693.6 1262.8 1707.12 1617.36 1317.85 5205.1 14573.4 1198.33 5225.05 389.27 6455.41
internal_count=297523 57045 240478 101417 80216 21284 21201 139061 14914 12792 95325 18922 15110 58932 13073 43736 35314 8409 45859 76403 6370 8422 8479 6500 26000 75840 5837 26835 1922 31045
is_linear=0
shrinkage=0.1


Tree=102
num_leaves=31
num_cat=0
split_feature=10 10 10 12 12 19 0 0 14 0 4 4 12 4 9 10 9 10 4 16 14 17 9 9 3 14 9 15 15 1
split_gain=189.577 46.3047 30.0351 26.1343 23.9482 21.8796 20.1026 22.0445 17.3551 17.2897 16.4796 16.1932 15.4406 13.8433 13.8354 15.2921 13.0801 13.0318 13.0903 12.3559 12.3355 12.1644 11.9217 12.3723 11.5529 11.3707 11.3382 10.7893 10.67 13.3148
threshold=0.40311028713601865 0.23010243822178808 0.50579995909119213 0.1631790432607361 0.14349472777160879 1.0000000180025095e-35 -0.046776717492256654 0.021952351412200869 0.44993277308647189 -0.031828301360166573 0.01008350981323103 -0.0070699278047268157 0.020076797725911921 -0.001027785274318793 0.12021439585457898 0.13177728677645942 0.20544683970652328 0.1721012183138019 0.0057677371764479632 1.0000000180025095e-35 0.034586582485272549 1.0000000180025095e-35 0.55836967378293101 0.29515018798928061 -0.057362855134165606 0.43802496450213174 0.12979984016138285 0.0328969489905842 0.97915966151087208 0.011866543043351998
decision_type=2 2 2 2 2 2 2 2 2 2 2 2 2 2 2 2 2 2 2 2 2 2 2 2 2 2 2 2 2 2
left_child=1 12 4 -4 19 9 -5 26 -7 27 11 -11 14 24 15 25 17 18 -14 28 -6 -12 23 -22 -10 -1 -8 -3 29 -2
right_child=2 5 3 6 20 8 7 -9 13 10 21 -13 16 -15 -16 -17 -18 -19 -20 -21 22 -23 -24 -25 -26 -27 -28 -29 -30 -31
leaf_value=0.05830870530060861 -0.0097168687448955793 0.0021743643788102716 -0.019795526792660868 -0.032740005390356756 0.058257179125097425 0.00057329247425747984 0.078881950891575653 -0.019824376104173851 0.03766177053878958 -0.0063536731076845225 -0.012428622201473043 0.0021686431992744924 0.011379665283939732 0.0061867346883016094 0.013683522838244186 0.068888863168686629 0.010966507037945331 0.0013311143282601192 -0.0092662029950541687 -0.017683082467596294 0.01090204227297812 0.0058703991088879595 0.019662602580304125 -0.0096147571617048264 0.014606878246627443 -0.011517124346750805 -0.0027866988569782737 -0.020573737013735067 -0.031148568946054153 0.0014080042920112763
leaf_weight=36.843855634331703 2479.6570240557194 300.96276746690273 3895.519819714129 315.82344502210617 43.442330986261368 2445.1531801223755 17.096916273236275 946.68456194549799 296.874098084867 2594.5265284478664 1637.9139448404312 15849.497165463865 3029.903744161129 1570.7782625257969 1165.6847569867969 103.50908380746841 4733.2179326787591 5287.5813110917807 341.74075964093208 1087.970902428031 521.27983091771603 466.80852128565311 380.25732965767384 673.89666015282273 811.41977744549513 63.542826890945435 2982.0467644482851 678.65373554080725 160.4175089597702 1900.2960159182549
leaf_count=183 14141 1702 24491 2077 269 12793 91 6039 1674 13261 8494 79898 13898 8119 5426 514 22670 24445 1514 6164 2714 2512 2289 3710 4270 277 18391 3593 916 10988
internal_value=-0.000242081 0.00328075 -0.00971319 -0.0138752 -0.00502855 0.000792243 -0.0084636 -0.00652052 0.00666499 -0.0006056 1.31623e-05 0.000969806 0.00777371 0.0122248 0.0178871 0.041919 0.00673946 0.00442892 0.00928706 -0.00811151 0.00568996 -0.00837006 0.00424043 -0.000666293 0.0207825 0.0141103 -0.00232114 -0.0135849 -0.00581795 -0.00489021
internal_weight=56819 41414.6 15404.4 8157.17 7247.22 26652.6 4261.65 3945.83 5124.23 21528.4 20548.7 18444 14762 2679.07 1369.58 203.896 13392.4 8659.23 3371.64 5628.34 1618.88 2104.72 1575.43 1195.18 1108.29 100.387 2999.14 979.617 4540.37 4379.95
internal_count=297523 205243 92280 51089 41191 136316 26598 24521 26856 109460 104165 93159 68927 14063 6400 974 62527 39857 15412 32209 8982 11006 8713 6424 5944 460 18482 5295 26045 25129
is_linear=0
shrinkage=0.1


Tree=103
num_leaves=31
num_cat=0
split_feature=10 8 7 17 6 3 8 16 8 12 15 14 3 8 15 3 10 6 0 13 13 12 3 9 10 13 10 7 0 1
split_gain=58.1257 21.9789 20.717 24.0103 36.4301 34.3632 53.4945 17.9844 20.5087 17.3043 14.5486 14.2722 13.9397 13.2995 11.2671 9.75813 10.1912 9.72492 10.3376 9.58836 10.8374 8.94429 8.88361 8.60434 8.58089 8.26352 7.22599 6.96007 6.46677 6.31173
threshold=0.48978713622143316 -1.0863066386091782 0.03096846807768661 1.0000000180025095e-35 -0.058067824544988982 0.0043263684185026472 -0.18531721999998543 1.0000000180025095e-35 -0.044060023174913164 0.1185193009066539 0.47665449556108203 0.52081935123042522 0.012864186280521219 -0.28813529862011761 0.0328969489905842 -0.073628591117099504 0.72115156564645089 -0.0032369029161311009 -0.031828301360166573 0.46074980168366148 0.035980174586702267 0.19703409015575044 0.25027142212025716 0.61637627387874161 0.82316390495842473 -0.10242261765525608 0.23010243822178808 0.0034236839315524574 -0.044633843522165144 -0.072255829585082573
decision_type=2 2 2 2 2 2 2 2 2 2 2 2 2 2 2 2 2 2 2 2 2 2 2 2 2 2 2 2 2 2
left_child=1 19 3 5 13 6 -3 17 -9 -7 -10 21 -6 -5 -13 27 23 18 -4 20 25 24 -19 -17 -2 -1 -22 -16 -21 -23
right_child=11 2 7 4 12 9 -8 8 10 -11 -12 14 -14 -15 15 16 -18 22 -20 28 26 29 -24 -25 -26 -27 -28 -29 -30 -31
leaf_value=-0.0070389339759141011 -0.0043384255623202849 0.0056121755491818012 0.017693801147716362 -0.023421471841465247 -0.0024370706160540181 0.0022138442031352191 0.020318321595196968 -0.023690078125392665 -0.011458377591368954 -0.014253751403552129 0.0026056216563731111 -0.022899724801473065 0.0093411381975786623 -0.078060469244407793 0.00083003107864943078 -0.011626761607048557 -0.019252808934098514 0.003184934888537657 -0.0069831910795829085 -0.035061267397205519 0.0071630995740562253 -0.0087058300819051575 -0.016387657253008652 0.00018772115416008283 -0.035774906326037158 0.0067520909156943273 -0.01529488656475244 -0.022257747660598983 0.02631914938340911 0.0059461464486087147
leaf_weight=1052.5183954611421 3271.2173168286681 9859.8569537326694 187.47653429210186 342.24786719679832 3320.5057635083795 5651.2207381352782 3301.8021957352757 550.46342843025923 1188.3834901824594 719.33058921247721 1930.2106607854366 543.28281706571579 1440.8633607849479 51.214479044079781 1452.5777568668127 1724.5262103229761 994.93922378495336 13334.407037205994 1796.3893163353205 19.605970479547977 160.52884725481272 358.95722838491201 236.0000904276967 959.36226182430983 89.196484114974737 739.92467462271452 1332.6066518872976 143.46804039552808 137.82892886549234 1624.8320412635803
leaf_count=5023 15916 50319 861 1697 17097 29613 16469 2695 5951 3566 9902 2780 7347 219 7329 8167 5265 69464 8574 88 874 1885 1147 4933 458 3629 6377 709 734 8435
internal_value=0.000730982 0.00226119 0.00286446 0.00478118 -0.00128943 0.00638331 0.00930144 0.000402964 -0.00589472 0.000354406 -0.00275366 -0.00576052 0.0011272 -0.0305335 -0.00918754 -0.00777526 -0.0106083 0.00188851 -0.0046512 -0.00543263 -0.00658781 -0.00202957 0.00284455 -0.00740365 -0.00517285 -0.00134597 -0.0128804 -0.00124532 0.0186752 0.00329494
internal_weight=58515.7 47353.4 43910.4 24687 5154.83 19532.2 13161.7 19223.3 3669.06 6370.55 3118.59 11162.4 4761.37 393.462 5818.16 5274.87 3678.83 15554.3 1983.87 3443.01 3285.58 5344.2 13570.4 2683.89 3360.41 1792.44 1493.14 1596.05 157.435 1983.79
internal_count=297523 241646 224921 126327 26360 99967 66788 98594 18548 33179 15853 55877 24444 1916 29183 26403 18365 80046 9435 16725 15903 26694 70611 13100 16374 8652 7251 8038 822 10320
is_linear=0
shrinkage=0.1


Tree=104
num_leaves=31
num_cat=0
split_feature=11 19 10 13 11 17 16 1 0 1 19 13 7 16 18 0 6 7 0 13 0 19 4 13 4 17 2 8 2 4
split_gain=269.288 75.3485 68.2141 63.0414 59.088 53.8966 58.3478 49.3312 31.4272 34.1541 56.7702 38.9442 33.4339 28.5108 28.3532 44.6388 70.5313 32.1869 30.6844 28.2765 27.9766 26.324 23.7925 23.2741 23.1951 19.8225 22.1781 19.7552 20.8047 19.0684
threshold=0.01501981157230258 1.0000000180025095e-35 0.36282882928156551 -0.3367076295357167 0.010655722792168058 1.0000000180025095e-35 1.0000000180025095e-35 0.0078466911898655862 0.068711952630088349 -0.0032943967993457331 1.0000000180025095e-35 0.18500917930643379 0.20771270077255635 1.0000000180025095e-35 1.0000000180025095e-35 -0.0049800528468986185 -0.017817068608823369 -0.18670575972682987 0.036842398366170544 0.1767915614634834 -0.06214612482645742 1.0000000180025095e-35 -0.015191757822034189 -0.50260694315957644 -0.0077650389753243223 1.0000000180025095e-35 0.087581043359948665 0.0072177793331617687 0.0072930454270837561 0.025040920242205281
decision_type=2 2 2 2 2 2 2 2 2 2 2 2 2 2 2 2 2 2 2 2 2 2 2 2 2 2 2 2 2 2
left_child=1 3 14 5 -5 6 7 -1 9 11 13 20 -12 -11 17 16 -16 -2 21 25 -4 -19 -13 -18 -7 26 -10 28 -6 -20
right_child=2 -3 8 4 27 24 -8 -9 19 10 12 22 -14 -15 15 -17 23 18 29 -21 -22 -23 -24 -25 -26 -27 -28 -29 -30 -31
leaf_value=0.053824671923752038 0.046821312080618516 -0.040200888553798941 0.029814273151339457 -0.04232896963559965 -0.013500632545358118 0.077265637871515649 -0.0225246343342459 -0.012080450269166673 0.073382779029919132 0.0010293628756853884 -0.016719420734568464 0.014555849807555943 0.0090026591867683123 0.011559010383262784 -0.022375156834921001 -0.021152966325361323 0.12902323752777509 -9.9438282044027055e-05 0.016626382513636431 0.0038105380369535683 0.0090697330470814082 -0.011232079989834977 -0.0056407517862480522 0.02007991921543123 -0.043946453127111207 -0.005779150486799123 0.025177514927548474 -0.02010694997490518 0.0054819465565985395 0.080948052811324528
leaf_weight=448.82140585035086 138.52393567562103 1244.2851002123207 689.82006530463696 824.25357159413397 1857.5269199311733 17.104231286793947 225.30871968343854 152.05224516987801 195.27126907557249 9760.5518957898021 2410.8618224859238 730.63025692850351 639.33751065284014 3491.2662828341126 629.54275052249432 1962.1748666390777 20.150098152458668 9545.189932487905 390.63558798283339 387.76689502596855 11293.642500214279 2731.9102512337267 2892.3858857601881 731.23892395198345 205.01906608045101 77.055094823241234 186.68613243103027 2376.7337116114795 837.76070610433817 52.254502475261688
leaf_count=2714 624 16740 1608 14049 18275 118 2071 1375 500 35923 9723 2078 1963 11327 3429 12010 79 54546 1977 1055 38307 17884 9711 3985 2034 223 515 24367 8107 206
internal_value=-0.000754759 -0.0175394 0.00205275 -0.0134791 -0.0174965 0.00911711 0.0208741 0.0371473 0.00467799 0.0041734 0.000972288 0.00751717 -0.0113279 0.00380346 -0.00325476 -0.0114591 0.00231505 -0.00112171 -0.00164382 0.0236923 0.0102639 -0.00257668 -0.00156783 0.0230015 -0.0346127 0.0404881 0.0498219 -0.0134609 -0.00760039 0.0242154
internal_weight=57145.8 8188.87 48956.9 6944.58 5896.27 1048.31 826.182 600.874 32755.3 31908.5 16302 15606.5 3050.2 13251.8 16201.6 3343.11 1380.93 12858.5 12720 846.779 11983.5 12277.1 3623.02 751.389 222.123 459.012 381.957 5072.02 2695.29 442.89
internal_count=297523 89850 207673 73110 64798 8312 6160 4089 112933 110640 58936 51704 11686 47250 94740 19503 7493 75237 74613 2293 39915 72430 11789 4064 2152 1238 1015 50749 26382 2183
is_linear=0
shrinkage=0.1


Tree=105
num_leaves=31
num_cat=0
split_feature=11 11 19 4 18 3 15 17 6 4 18 4 4 4 14 15 9 10 12 16 13 15 4 14 4 11 6 15 2 6
split_gain=212.851 71.7103 41.1033 38.7691 59.8918 31.7573 42.6605 31.2263 58.9455 52.1933 35.3769 36.8845 31.93 28.4418 27.4342 38.3702 24.715 23.8483 30.2892 26.4267 46.5305 22.3719 21.9472 20.4393 20.2636 19.8555 20.9929 18.0213 16.9771 16.8104
threshold=0.019231776806744465 0.011483887055393173 1.0000000180025095e-35 0.0028986977719234201 1.0000000180025095e-35 0.023193659153975203 0.19724926741658003 1.0000000180025095e-35 -0.07286834298737542 0.014633737760267442 1.0000000180025095e-35 -0.017920783621972355 0.0011797197451890453 -0.0036506080820137838 0.25554064129227289 0.8188527135970185 0.16091014304929144 0.29460304400362786 0.12933709945473296 1.0000000180025095e-35 0.12806247398289758 0.48439088834079752 0.0082668644043053536 0.9754791648048905 0.033011688055433648 0.033536039708676031 0.035068571205109207 0.98968112004260655 0.14729004903616352 0.080856220088859967
decision_type=2 2 2 2 2 2 2 2 2 2 2 2 2 2 2 2 2 2 2 2 2 2 2 2 2 2 2 2 2 2
left_child=1 -1 3 14 21 6 28 10 9 -9 11 -8 -12 -10 15 -3 -6 22 19 27 -21 -5 -7 -16 -4 26 -20 -19 -2 -24
right_child=5 2 24 4 16 17 7 8 13 -11 12 -13 -14 -15 23 -17 -18 18 25 20 -22 -23 29 -25 -26 -27 -28 -29 -30 -31
leaf_value=-0.026966568311964437 0.0079222968500897613 -0.022107483656798078 -0.018548603166775281 0.006224361601823299 0.076483784589351442 -0.014946819525971275 -0.034237513759340997 0.019678372620775108 0.016467200525960419 0.092228503076767124 -0.0073015328942246278 -0.0065459819999740768 0.013647175526534947 -0.0086429606767053791 -0.0063362973543728274 0.020426655263469332 0.017182050732712919 0.007627448840010269 0.0084784637989818914 0.03081085815890286 -0.0020569867034762571 -0.010508200013156851 0.037373746563218145 0.026308581296378222 0.072857440887169042 0.0080166214014457081 -0.0083507308182993109 0.032314213075982048 -0.061692986209130787 -0.043994445885214048
leaf_weight=2033.3549644313753 6632.7025396302342 2137.1493710689247 2930.6515398658812 1251.454000942409 74.441306442022324 833.55755461752415 516.63765984773636 634.39920619130135 633.46636445820332 117.5312397480011 1295.4261592552066 6974.0605788305402 1659.8558900728822 1566.7610345259309 6502.2891047000885 235.45596459880471 1256.883856151253 8093.7262954413891 1091.8698266819119 1463.12801579386 610.41637482494116 2210.4225075133145 149.4745556563139 197.62331237643957 24.455441810190678 3213.8823783248663 2308.0249399915338 306.91691117733717 35.217153370380402 30.585849784314632
leaf_count=30409 22564 17212 24801 9328 539 4525 1921 2049 2358 283 5116 28066 5768 6263 49354 1636 8331 29821 4099 5129 2205 16363 660 1370 119 7728 8718 839 100 157
internal_value=-0.000535766 -0.0092286 -0.00708438 -0.0048023 0.00247253 0.00375835 0.00101866 -0.00223412 0.00684707 0.0310184 -0.00480058 -0.00845588 0.00446446 -0.00141351 -0.00864574 -0.0178864 0.0204979 0.00679536 0.00767938 0.0110249 0.0211351 -0.00445945 -0.00810781 -0.00537339 -0.0177922 0.00238111 -0.00294607 0.00852938 0.00755462 0.0235522
internal_weight=57021.8 18854.2 16820.8 13865.7 4793.2 38167.6 20066.1 13398.1 2952.16 751.93 10446 7490.7 2955.28 2200.23 9072.52 2372.61 1331.33 18101.6 17088 10474.2 2073.54 3461.88 1013.62 6699.91 2955.11 6613.78 3399.89 8400.64 6667.92 180.06
internal_count=297831 159462 129053 104133 34561 138369 74488 51824 10953 2332 40871 29987 10884 8621 69572 18848 8870 63881 58539 37994 7334 25691 5342 50724 24920 20545 12817 30660 22664 817
is_linear=0
shrinkage=0.1


Tree=106
num_leaves=31
num_cat=0
split_feature=11 13 19 1 0 15 0 2 15 6 8 3 0 13 0 0 2 18 11 20 14 13 14 6 3 7 11 18 14 7
split_gain=47.0428 16.2683 15.9902 28.8973 17.2712 26.0696 19.5128 15.9961 20.7958 15.7612 22.1993 20.7535 15.7105 15.2797 12.4422 17.9089 12.28 12.6488 12.0136 10.8192 10.3452 10.1912 10.085 9.8498 9.57298 11.2705 10.5387 9.93806 9.06797 8.46058
threshold=0.028033746015665811 0.51133379455670924 1.0000000180025095e-35 -0.03456022781273526 -0.012351263564243984 0.4645617724981157 0.015802383794112366 0.039209730379382142 0.76393555234117116 -0.047428573683574997 -0.56067324284482023 -0.064422453209133743 -0.069838767791325626 0.2775770916255586 -0.014790763151695694 0.010810951977585416 -0.1088326649986011 1.0000000180025095e-35 0.011220472986397338 1.0000000180025095e-35 0.27510911117831055 0.30339376415221947 0.71826723623516497 0.0032310794854495399 -0.21395341807880716 -0.089958493418356086 0.039263326941393693 1.0000000180025095e-35 0.10711861394775289 0.24175363429089816
decision_type=2 2 2 2 2 2 2 2 2 2 2 2 2 2 2 2 2 2 2 2 2 2 2 2 2 2 2 2 2 2
left_child=2 12 4 21 5 16 9 8 -8 10 -6 -11 -2 14 23 -16 22 -18 -15 20 -7 28 -1 -5 27 -26 -27 -14 -4 -9
right_child=1 -3 3 13 6 19 7 29 -10 11 -12 -13 24 18 15 -17 17 -19 -20 -21 -22 -23 -24 -25 25 26 -28 -29 -30 -31
leaf_value=0.020517717484332492 -0.030718242526312591 0.0089736694537598284 -0.031974039727481328 0.029851191414118572 0.0058509297106073875 -0.051795066809124414 -0.018887417872680529 0.0042398980580724511 -0.0025033666632665271 -0.0074046203021649413 0.029298770759325122 0.0034407813540888892 -0.021562045140500662 -0.066492769778791733 0.0036917462712776484 0.014561811485962429 -0.00070852392459109538 -0.009933430785971151 -0.0037281617679084697 -0.051658418502811811 0.006833933186273314 0.013886771472900645 -0.0085856344021854793 0.0080469291391741787 0.002781231221910803 -0.0047095097192612467 -0.01410051068678159 0.0055731842869155982 -0.0069367478172220765 -0.016055768371039301
leaf_weight=404.41628853231668 267.2866925150156 700.48208278790116 163.53613146394491 484.88092088699341 1786.1720083430409 45.009953759610653 1062.4111021757126 2792.4109904393554 2860.6784402653575 1941.7014701366425 521.70138861238956 19324.6538948901 685.2021227478981 32.062577158212662 4160.5668484643102 2384.2385930418968 5417.4768059998751 2048.3573243990541 624.16796930134296 148.26290991902351 90.832901068031788 207.80964867025614 168.74987333267927 361.74260650575161 1491.9839960150421 5356.5127872079611 1538.1299383156002 168.07640175893903 1252.951432235539 221.70435304194689
leaf_count=2023 1494 3531 815 2443 8779 229 5677 13915 14168 9976 2699 100978 3359 199 21061 11219 27563 10404 3014 873 540 1096 805 1815 7338 25803 7784 852 6392 987
internal_value=0.000436674 -0.0057337 0.00173516 0.0053733 0.000829065 -0.0032087 0.00193051 -0.00273131 -0.00694033 0.00330235 0.0111514 0.00245055 -0.00681733 0.00782897 0.0091273 0.00765165 -0.00215658 -0.00323951 -0.00679476 -0.0329792 -0.0125921 -0.00679341 0.0119492 0.0205347 -0.00612593 -0.00509924 -0.00680455 -0.016217 -0.00982735 0.00274704
internal_weight=58714.2 10207.7 48506.5 9671.96 38834.5 8323.11 30511.4 6937.2 3923.09 23574.2 2307.87 21266.4 9507.19 8047.66 7391.43 6544.81 8039 7465.83 656.231 284.106 135.843 1624.3 573.166 846.624 9239.91 8386.63 6894.64 853.279 1416.49 3014.12
internal_count=297831 50161 247670 48054 199616 42437 157179 34747 19845 122432 11478 110954 46630 39751 36538 32280 40795 37967 3213 1642 769 8303 2828 4258 45136 40925 33587 4211 7207 14902
is_linear=0
shrinkage=0.1


Tree=107
num_leaves=31
num_cat=0
split_feature=10 10 12 12 19 10 9 8 3 20 0 0 0 15 16 0 4 13 10 13 12 13 9 12 9 10 9 4 9 12
split_gain=144.074 32.6615 36.5293 29.839 28.5858 20.9398 15.7111 15.2194 20.1738 15.0049 22.0187 22.0548 21.3334 16.6221 14.8503 14.2428 12.8936 12.8392 12.3936 11.9044 15.8062 11.8352 11.4995 15.4476 12.4277 10.8372 11.533 10.625 10.3957 9.89687
threshold=0.36460603033091382 0.6035282042775062 0.1535137398676287 0.28937012262500367 1.0000000180025095e-35 0.20778883084655961 0.1590170516189213 -0.86133504944598427 -0.072081072351923389 1.0000000180025095e-35 0.010810951977585416 -0.03509131028849332 -0.016991810356929978 0.073129830436759274 1.0000000180025095e-35 -0.0080446641025271309 0.0055597828684095249 -0.3008459439605296 0.70826650118782175 -0.18014433271231131 0.024491122724269131 -0.095476536734627263 0.64422567706478451 0.25035064514349364 0.27237971947611078 0.44530366712559949 0.40854879062018118 0.018003236940270288 0.44191617491191243 0.021526392990519606
decision_type=2 2 2 2 2 2 2 2 2 2 2 2 2 2 2 2 2 2 2 2 2 2 2 2 2 2 2 2 2 2
left_child=4 2 14 18 5 7 -5 8 -1 12 11 -11 -7 -14 15 -2 -10 -12 -3 20 -9 -17 24 -24 -4 26 -16 28 29 -6
right_child=1 3 22 6 27 9 -8 19 16 10 17 -13 13 -15 25 21 -18 -19 -20 -21 -22 -23 23 -25 -26 -27 -28 -29 -30 -31
leaf_value=0.00058367275241810593 -0.010948184625444097 -0.01431636446707236 0.013669190215279989 0.084761100402136996 0.025200466463643156 -0.010221126715992242 -0.0039657706188076054 0.016401262600993227 0.049261686097602453 -0.026689085378065892 -0.031502555746056163 0.010202760641447192 0.054513496191147176 -2.0424842907252541e-05 -0.01723354467265369 0.0023689911443835142 -0.029605370438940466 -0.0024154735524637531 -0.026742575688116523 0.0072129489628841347 -0.0063535384851122079 -0.0065818619169666767 0.012559508480229166 0.067763269186734795 -0.0022882043594643132 -0.022762310464396859 0.0017556754902489161 -0.016715726564554705 0.046176866830541688 0.0082200381636776832
leaf_weight=209.892119795084 3464.1402763538063 1744.0602509453893 682.18657292053103 20.242091573774815 362.56420677155256 2279.8476101011038 1417.1705261617899 381.20488327741623 235.59031631052494 169.28481399267912 174.42586034536362 3790.5776419267058 56.111875377595425 14280.185082420707 721.74401426315308 2499.0181188508868 22.729071587324142 1167.4800927788019 1486.9527485072613 6135.970307931304 1532.4672116562724 3612.9070487171412 405.34897846356034 57.935274481773376 1715.0262794755399 977.94918961822987 574.36483578383923 157.69126161187887 76.576151303946972 6440.6622698530555
leaf_count=961 20055 11215 3579 111 1749 11564 8921 1795 1133 901 733 19074 319 70339 3838 14289 91 5782 10073 28147 6985 20733 2620 400 9749 5836 3410 768 457 32204
internal_value=-0.000414787 -0.00741503 -0.00510232 -0.0147026 0.00320534 0.00187724 -0.00271629 0.00608478 0.0236115 0.000242085 0.00487411 0.00862563 -0.00123587 0.000193019 -0.00755062 -0.00582552 0.0423223 -0.00619632 -0.0200351 0.00506533 -0.00182077 -0.00292207 0.0050402 0.0194629 0.00225287 -0.014815 -0.00881856 0.00894912 0.00953738 0.00912498
internal_weight=56852.3 19379 14710.6 4668.43 37473.3 30435.8 1437.41 8517.85 468.212 21917.9 5301.77 3959.86 16616.1 14336.3 11850.1 9576.07 258.319 1341.91 3231.01 8049.64 1913.67 6111.93 2860.5 463.284 2397.21 2274.06 1296.11 7037.49 6879.8 6803.23
internal_count=297831 114829 84509 30320 183002 147824 9032 39112 2185 108712 26490 19975 82222 70658 68161 55077 1224 6515 21288 36927 8780 35022 16348 3020 13328 13084 7248 35178 34410 33953
is_linear=0
shrinkage=0.1


Tree=108
num_leaves=31
num_cat=0
split_feature=11 11 3 16 9 0 14 8 3 14 11 5 8 13 8 14 6 3 5 6 8 9 16 18 7 14 12 2 0 14
split_gain=52.1222 22.4447 15.9545 14.3387 14.1343 13.1456 12.8752 11.7201 11.1334 11.8592 10.9248 10.9173 10.6335 10.4551 10.1502 10.0597 9.89557 9.62354 9.32514 15.1717 14.3183 9.0865 8.4376 8.42941 6.90761 6.51802 6.65134 6.51289 6.51081 6.39904
threshold=0.027655069437185664 0.013698875777788137 0.081136971709519182 1.0000000180025095e-35 0.24141984584120721 -0.0062957495773796604 0.94151259843373769 0.70836266967338379 0.13189075947294973 0.1190716582748106 0.014419356437114334 -0.0057024512571568478 0.7495031640681179 -0.37451545787820395 0.56229808842960105 0.010658160135671503 0.0240223123128851 -0.11118059931162282 -0.018137704064141166 -0.029978607133086917 0.036407070516490801 0.54646667289788142 1.0000000180025095e-35 1.0000000180025095e-35 0.042734321670632187 0.68613630708985107 0.28937012262500367 0.042173659572620099 0.044320313784533834 0.99001344537967062
decision_type=2 2 2 2 2 2 2 2 2 2 2 2 2 2 2 2 2 2 2 2 2 2 2 2 2 2 2 2 2 2
left_child=1 2 15 5 13 7 23 -4 9 11 -11 -6 -10 24 -5 -1 17 -15 19 -17 -20 -14 -18 -2 27 -25 28 -3 -27 -8
right_child=6 4 3 14 8 -7 29 -9 12 10 -12 -13 21 16 -16 18 22 -19 20 -21 -22 -23 -24 25 -26 26 -28 -29 -30 -31
leaf_value=0.0539345795661125 -0.0034020491414377472 0.011823617028372403 0.049771585635227156 -0.055583149955423822 0.014889179131969283 -0.0054049459788733526 -0.020061731156076009 0.0011496303588479939 -0.028366926921891574 0.012908363408809062 0.0011420896085319555 0.0030587025162182035 -0.0042297997107007572 0.0057703390595256988 -0.012421832348008652 0.0053162317117480887 0.0045389413607020025 -0.0082032017628682809 0.0021365575437678943 0.024752916987854381 0.010279316127532048 0.015497747030978457 -0.011033114789570996 -0.0076001917864802057 -0.0042248897534866488 -0.029971245925090029 0.015146826951006446 0.047331611733157808 0.0090204026573477234 0.028940614529511619
leaf_weight=45.346654236316681 7642.7121998295188 334.66549269855022 90.889680460095406 81.08921417593956 1358.2369466573 802.90394685044885 746.48798947408795 109.06457418203354 168.36344692856073 819.29465886950493 21417.750797003508 1832.3077637180686 2714.9374930411577 554.52588338404894 166.07793201506138 934.59477216005325 1743.1290800645947 4431.8749307617545 5287.235792517662 704.18559449911118 3650.4166390970349 255.44860602915287 434.7393743917346 1522.4701323248446 239.04883352667093 358.40554962679744 45.138686545193195 61.084538392722607 48.635709166526794 27.635577104985714
leaf_count=245 38460 1624 505 462 6507 4696 3785 567 774 4287 104760 9014 13345 2757 964 4912 9034 21706 30034 3695 20482 1364 2127 7731 1188 1788 282 321 263 152
internal_value=0.000518491 0.00190239 0.00567769 -0.00500848 0.000669907 0.000308573 -0.00590555 0.0232509 0.00170003 0.00239363 0.0015756 0.00809502 -0.00391899 -0.0031032 -0.026582 0.0069353 -0.00419308 -0.00664924 0.00673379 0.0136682 0.00546231 -0.00253326 0.0014305 -0.00490689 0.00919698 -0.0107313 -0.0212735 0.0173043 -0.0253123 -0.0183124
internal_weight=58628.7 48237.2 11871.8 1250.03 36365.4 1002.86 10391.5 199.954 28566.3 25427.6 22237 3190.54 3138.75 7799.07 247.167 10621.8 7164.27 4986.4 10576.4 1638.78 8937.65 2970.39 2177.87 9617.36 634.799 1974.65 452.18 395.75 407.041 774.124
internal_count=297831 245370 66562 7194 178808 5768 52461 1072 140051 124568 109047 15521 15483 38757 1426 59368 35624 24463 59123 8607 50516 14709 11161 48524 3133 10064 2333 1945 2051 3937
is_linear=0
shrinkage=0.1


Tree=109
num_leaves=31
num_cat=0
split_feature=11 10 10 18 1 13 18 20 9 3 7 3 14 14 6 7 3 2 4 19 14 16 9 10 2 4 3 3 1 7
split_gain=223.639 58.6262 53.3896 40.4871 39.7122 48.4347 43.4646 48.137 37.9235 31.4916 60.7886 60.367 35.1861 32.8441 46.5855 28.8925 28.5127 31.814 25.616 32.6755 24.6615 23.3043 21.7557 20.7712 27.4681 20.0281 19.9559 19.049 19.0449 18.3711
threshold=0.01508424810658728 0.16416784915814156 0.36282882928156551 1.0000000180025095e-35 0.016500663037631428 -0.19146331453516707 1.0000000180025095e-35 1.0000000180025095e-35 0.26174075373762062 -0.18742152873783288 -0.043572259813439422 -0.025757938315973169 0.95639046808817119 0.18340613423167748 -0.05948465419408782 -0.18670575972682987 0.065403626326604916 -0.001183500406476856 0.015421366868544341 1.0000000180025095e-35 0.79495796002632135 1.0000000180025095e-35 0.29073069032130922 0.67311357212037892 -0.12560073207641273 0.0028986977719234201 0.051687072426354515 -0.16868665827896309 -0.013208257273341182 -0.011388795607351008
decision_type=2 2 2 2 2 2 2 2 2 2 2 2 2 2 2 2 2 2 2 2 2 2 2 2 2 2 2 2 2 2
left_child=1 -1 3 15 5 6 7 -3 -8 21 13 29 -13 14 -11 27 17 -7 19 -17 22 -4 -5 24 -23 -24 -15 -2 -20 -12
right_child=2 4 9 20 -6 16 8 -9 -10 10 11 12 -14 26 -16 18 -18 -19 28 -21 -22 23 25 -25 -26 -27 -28 -29 -30 -31
leaf_value=-0.040390842167376574 0.078343296771713311 -0.016097338963948053 0.0096791661829645943 0.0014123990119226861 -0.023969357021880217 -0.018934024415870328 0.020381066861671113 0.025525451937679744 0.10260972489017595 -0.011740993850125031 0.0091975597408991572 0.0028395545263943047 0.019629159250001551 -0.0053477248637979931 0.025260246870730887 0.0016259724520499412 -0.038226184593481226 0.0022898574727018956 0.046815124535567319 -0.011004581403638154 -0.03244674631582594 0.016366717021106557 -0.007451840399503174 0.011783253983607741 0.070293777816682917 -0.030868303097965618 -0.028445481593967776 0.0041816777286264551 0.0080243836770432977 0.023649693373884451
leaf_weight=834.92661484889686 78.180616818368435 926.80729809403419 2725.2711489200592 1252.8965649828315 2128.6336432918906 1932.811135314405 397.44321767240763 396.81941974535584 65.302382841706276 576.73771005868912 1425.5741981714964 16467.947992712259 1350.5877292603254 6033.4411153048277 829.88398274034262 9393.1912434399128 446.93852159567177 1112.9501652047038 185.14994025230408 2619.3910205066204 502.52468769997358 172.40962029993534 966.88300994038582 335.07201983779669 208.89290545880795 587.00667248666286 398.77450276911259 62.182122640311718 400.01518698781729 2296.5090145170689
leaf_count=14780 292 9112 8232 7880 23668 20493 2993 3091 360 1867 5172 57866 3941 22039 2959 53536 4699 11961 870 17480 3205 480 5144 870 587 3140 1319 315 1988 7492
internal_value=-3.33651e-05 -0.0152702 0.00253663 -0.0021904 -0.0124388 -0.0077895 0.00560401 -0.00361895 0.0319851 0.00484784 0.00378765 0.00653166 0.00411215 -0.00375271 0.0100891 0.000369789 -0.0146397 -0.0111786 -0.000132924 -0.00112817 -0.012045 0.0138981 -0.00839229 0.0299479 0.0459101 -0.0162978 -0.0067797 0.0454889 0.020298 0.0181145
internal_weight=57111.2 8242.63 48868.5 16047.4 7407.71 5279.07 1786.37 1323.63 462.746 32821.1 29379.5 21540.6 17818.5 7838.84 1406.62 12738.1 3492.7 3045.76 12597.7 12012.6 3309.31 3441.65 2806.79 716.375 381.303 1553.89 6432.22 140.363 585.165 3722.08
internal_count=297831 91157 206674 93850 76377 52709 15556 12203 3353 112824 102655 74471 61807 28184 4826 74481 37153 32454 73874 71016 19369 10169 16164 1937 1067 8284 23358 607 2858 12664
is_linear=0
shrinkage=0.1


Tree=110
num_leaves=31
num_cat=0
split_feature=9 7 20 4 6 4 17 17 19 5 4 5 13 6 4 19 4 20 2 4 7 8 5 13 9 3 3 4 8 8
split_gain=71.8664 32.9191 41.5412 43.6532 40.3818 38.5636 54.2823 45.9717 29.5853 45.9009 28.6777 27.3823 24.4057 23.933 23.695 19.9117 36.6281 65.3596 25.8537 39.7786 23.8593 19.4901 17.8047 20.5612 16.437 16.0741 23.6529 15.8535 15.7928 14.6232
threshold=0.27237971947611078 0.26620147341070161 1.0000000180025095e-35 -0.0054424487510633659 -0.058067824544988982 0.0030495846129334763 1.0000000180025095e-35 1.0000000180025095e-35 1.0000000180025095e-35 -0.026294755027221447 0.033011688055433648 -0.014578992971538083 0.26051558162474192 0.12342620385265858 0.029608063803824528 1.0000000180025095e-35 0.0028986977719234201 1.0000000180025095e-35 0.061628173656552716 0.0067025528000206345 -0.091865253263468213 -1.8444065845452562 0.023805941967729786 0.20170584575074155 0.22521489891805394 0.053647680928107906 0.07492811872979345 -0.020750240697376295 0.17879894929108239 -0.23194529701084768
decision_type=2 2 2 2 2 2 2 2 2 2 2 2 2 2 2 2 2 2 2 2 2 2 2 2 2 2 2 2 2 2
left_child=10 2 4 22 8 7 -7 -6 9 -2 12 -10 15 -5 -15 16 20 -18 19 -17 -1 -14 23 -4 -23 -3 -27 -26 -24 -20
right_child=1 25 3 13 5 6 -8 -9 11 -11 -12 -13 21 14 -16 18 17 -19 29 -21 -22 24 28 -25 27 26 -28 -29 -30 -31
leaf_value=0.011600543490442471 0.017395765341191412 -0.032423970368364419 0.016532545060207498 -0.012164884414781377 -0.0058091438753621744 0.0094978313155103106 -0.0074573455264407996 0.0064618906673307068 -0.0060196701957759384 -0.0075058818528231973 0.075711535005277095 0.037991374301843732 0.10108710028123671 0.0082177694715000037 0.10366963295257554 -0.011742643071203223 0.012554926802512086 -0.019614500205749612 0.10006593804775998 -0.050743981377835014 -0.0092753309126956326 -0.034247024466461239 -0.04659066858814994 -0.0094047666706826988 0.091701810049092336 0.090969797916688813 0.0123741167845217 -0.012608166056609905 0.00018381739345869183 0.0086223116740875832
leaf_weight=596.40657419711351 4368.7959838099778 78.49314770847559 1345.4373879879713 4893.7179947532713 10855.4882280007 8061.5427627414465 2465.7752360031009 4247.6142121814191 1545.6024986580014 891.23431874066591 42.533482491970062 155.59792147576809 12.960055425763128 229.80179261416197 29.325705416500568 1672.4931348953396 2656.4244523346424 828.56519611179829 18.765956908464432 309.97980442270637 6673.6916296388954 558.20996491611004 105.36976432055235 395.46627770364285 14.994961522519587 38.822677284479141 2791.1644794717431 514.74644842371345 229.19346905499697 256.77152540162206
leaf_count=3947 14300 172 5421 23138 49351 31738 10388 17881 5565 3143 178 502 62 830 73 17165 20514 7479 122 2679 61510 5588 421 1486 70 85 7344 3718 889 1987
internal_value=-0.000101971 0.00194393 0.00119378 -0.00566464 0.00271487 0.000880421 0.00552648 -0.00235802 0.00946907 0.0131765 -0.00627707 -0.00199426 -0.00652415 -0.0105966 0.0190201 -0.00531465 -0.00352231 0.00490656 -0.0138517 -0.0178409 -0.00756277 -0.0208208 0.00658026 0.0106406 -0.022273 0.0122142 0.0134523 -0.00965555 -0.0145477 0.0148502
internal_weight=56885 42728.4 39820 7228.31 32591.7 25630.4 10527.3 15103.1 6961.23 5260.03 14156.5 1701.2 14114 5152.85 259.127 13013.1 10755.1 3484.99 2258.01 1982.47 7270.1 1100.91 2075.47 1740.9 1087.95 2908.48 2829.99 529.741 334.563 275.537
internal_count=297746 172727 165126 32258 132868 109358 42126 67232 23510 17443 125019 6067 124841 24041 903 115403 93450 27993 21953 19844 65457 9438 8217 6907 9376 7601 7429 3788 1310 2109
is_linear=0
shrinkage=0.1


Tree=111
num_leaves=31
num_cat=0
split_feature=11 10 5 15 4 4 0 17 3 3 0 9 10 11 11 9 12 14 10 10 12 0 9 13 13 7 10 3 10 12
split_gain=43.5136 19.8561 13.7358 12.4934 18.1915 14.8175 13.6981 13.2355 33.2311 24.8699 12.0452 13.3415 16.3277 12.8061 12.003 11.1421 13.479 13.0992 16.0056 10.8626 10.7175 9.85471 10.0238 17.5984 9.7254 9.35567 9.29047 8.53282 12.4757 8.04612
threshold=0.019877776716660349 0.48978713622143316 0.044428959650926754 0.68580056882462459 0.0021502549931358144 0.017291526681357808 -0.033927907848386056 1.0000000180025095e-35 -0.012453569541575059 -0.0063030476466927601 -0.06214612482645742 0.57782043593120813 0.75054777163695297 0.036222166364699195 0.012544226264606542 0.43317681314766771 0.049790742394580062 0.16314201234106043 0.27365278592065756 0.30007376776427569 0.14940377981538122 -0.0088711016962674787 0.14285616795701425 -0.065385237393707454 0.15164972167849686 0.16590173414426604 0.72115156564645089 0.13758058831636413 0.28777203952493952 0.13596329290024076
decision_type=2 2 2 2 2 2 2 2 2 2 2 2 2 2 2 2 2 2 2 2 2 2 2 2 2 2 2 2 2 2
left_child=2 15 3 4 7 6 -6 9 -9 -1 -3 13 20 24 -4 17 -17 18 -2 -7 -13 -5 23 -23 -12 27 -24 28 -16 -18
right_child=1 10 14 21 5 19 -8 8 -10 -11 11 12 -14 -15 25 16 29 -19 -20 -21 -22 22 26 -25 -26 -27 -28 -29 -30 -31
leaf_value=-0.0021303168322715587 0.01299246265833056 -0.021755909537513947 0.053011435657661782 -0.065591787841013757 -0.034748986575945086 -0.037858662440445272 0.0088279182471334688 0.0086971725418517158 -0.011972872180920097 0.0070751339308781028 -0.0060610915126749782 -0.0029447977474638854 -0.0096928214370850495 -0.027409476921888134 0.022786888123491278 -0.015440177737122144 0.0027491593572407966 -0.00058772610014240858 -0.012613648217515455 0.01132776538067432 0.0079097302041224136 0.027714623873890849 -0.0022343045377908335 -0.0067958092919284856 -0.021211399884872893 -0.0057633384978016356 0.052711358484787099 0.032523297559400061 0.0015450962402107922 0.013258509953436802
leaf_weight=5195.8003008812666 280.54680677503347 467.66041435673833 66.773203752934933 23.669468715786934 72.893968395888805 121.76011820137501 6930.780066434294 1257.4172436743975 2039.0842034220695 6744.3952990472317 3687.5139705613256 2087.1316539533436 1863.284263651818 362.04240900278091 462.39848266541958 358.10038652271032 4013.303874053061 8704.6192464530468 1879.4633947834373 71.128504641354084 1612.382785692811 314.96937558799982 7168.9556088596582 278.35032032430172 478.71104058623314 314.41231939941645 30.905726909637451 198.77390871196985 687.71180273592472 890.07873652130365
leaf_count=28171 1467 2548 392 132 354 630 35948 6733 10928 36085 17431 10338 9484 1699 2424 1647 19620 40971 8789 360 8243 1818 37007 1662 2171 1497 160 987 3437 4613
internal_value=0.000286008 -0.00269546 0.0027738 0.00227818 0.0034778 0.00762134 0.00837437 0.00152074 -0.00408849 0.00306936 -0.00606658 -0.00533948 -0.00205888 -0.00936956 0.0114398 -0.000488192 0.00328903 -0.00231741 -0.00928787 -0.019721 0.001786 -0.00116459 -0.000968912 0.0115244 -0.0078019 0.00977091 -0.00199845 0.0133918 0.0100853 0.00465685
internal_weight=58665 26684.8 31980.2 30250.1 22433.3 7196.56 7003.67 15236.7 3296.5 11940.2 10558.7 10091.1 5562.8 4528.27 1730.07 16126.1 5261.48 10864.6 2160.01 192.889 3699.51 7816.85 7793.18 593.32 4166.23 1663.3 7199.86 1348.88 1150.11 4903.38
internal_count=297746 129021 168725 159988 119209 37292 36302 81917 17661 64256 51914 49366 28065 21301 8737 77107 25880 51227 10256 990 18581 40779 40647 3480 19602 8345 37167 6848 5861 24233
is_linear=0
shrinkage=0.1


Tree=112
num_leaves=31
num_cat=0
split_feature=11 11 10 10 0 16 9 4 9 10 9 10 15 4 9 11 2 0 15 9 4 10 15 17 13 13 10 15 4 17
split_gain=146.766 34.3434 32.0622 19.4935 17.1856 20.8251 16.8946 16.0098 16.7646 18.6212 15.6317 13.7742 12.4319 11.5617 13.7066 12.5466 11.2957 10.6766 10.4453 10.2504 13.3347 13.0256 10.0031 9.47901 17.2377 10.7011 9.479 9.08672 7.83723 7.58276
threshold=0.024639977946543372 0.013957491611901712 0.57066096005227329 0.69554075245410696 -0.0037672095030745196 1.0000000180025095e-35 0.71840484229644319 0.015421366868544341 0.46946110346342146 0.33102282885559614 0.31339018376747785 0.38004261077044349 0.077155325690158857 0.014633737760267442 0.70315310071714898 0.034333506867047191 0.16893480326022162 -0.0047923421512763289 0.35280297375651765 0.50603678545460118 0.0062017120863040462 0.50579995909119213 0.13705073766762713 1.0000000180025095e-35 -0.3008459439605296 -0.32011469559718703 0.30427593042782836 0.25688382706009655 -0.018824772264764974 1.0000000180025095e-35
decision_type=2 2 2 2 2 2 2 2 2 2 2 2 2 2 2 2 2 2 2 2 2 2 2 2 2 2 2 2 2 2
left_child=1 3 6 4 23 18 19 8 9 10 -3 -10 -4 14 28 -16 -13 -11 -6 20 26 22 -21 24 -1 -25 -2 -7 -14 -9
right_child=2 7 12 -5 5 27 -8 29 11 17 -12 16 13 -15 15 -17 -18 -19 -20 21 -22 -23 -24 25 -26 -27 -28 -29 -30 -31
leaf_value=-0.0109112368188732 0.013040315311411872 0.00084818699595800196 -0.027015751890618667 0.097490001231003237 0.021086789168417167 0.035065461234081184 0.030828492861730949 -0.0132969227032854 0.037136205487476474 -0.0069453174361897886 0.0079838102608441042 0.0060190188619373098 -0.037495994581348079 -0.024708825748772673 0.011726887710538952 -0.0096641402877018258 0.055873730538316159 -0.00018449688544125889 0.0096862325159058158 -0.010747587376547289 -0.018008797992718952 -0.0099568116580637037 0.0085497190838692127 0.019544394731643749 0.0066471596362222265 -0.0097096400350866908 -0.0074629664725436116 -0.0021066558008567319 -0.014938455889602562 0.0074326690542850906
leaf_weight=659.98008228093386 243.63988602906466 12946.340060584247 900.81131128966808 23.471506699919701 904.75404444336891 68.253529906272888 123.80350544303656 1132.1128618866205 183.95487663149834 3963.7778041884303 4024.3481010496616 1227.6705791056156 174.3287813141942 777.37930332124233 379.96785513684154 985.00557709857821 47.193736433982849 5687.0710300803185 7191.7889630123973 343.93774716928601 1270.1008539162576 1076.436074655503 1226.671718660742 142.27131499350071 3658.8436304777861 1032.5256558656693 3025.8429539129138 1801.2082456052303 1322.1484808139503 209.04298236221075
leaf_count=3083 1432 63442 6157 128 4268 330 863 6108 1066 21335 21192 7014 1070 5361 2480 7009 309 30198 32933 2138 7375 6919 7690 672 17029 4652 17797 8184 8359 1153
internal_value=1.9081e-06 0.00261423 -0.00989721 0.00642647 0.00628821 0.00876364 -0.00579824 0.000608038 0.00111784 0.000545859 0.00254029 0.0115557 -0.016498 -0.0138943 -0.0109563 -0.00370952 0.00786457 -0.00296129 0.0109602 -0.0064292 -0.0093131 -0.00148342 0.00432393 0.00179752 0.00396398 -0.00616689 -0.00593507 -0.000749512 -0.0175662 -0.0100658
internal_weight=56754.7 44904.6 11850.1 15483.1 15459.6 9966 7310.43 29421.5 28080.4 26621.5 16970.7 1458.82 4539.64 3638.83 2861.45 1364.97 1274.86 9650.85 8096.54 7186.63 4539.58 2647.05 1570.61 5493.62 4318.82 1174.8 3269.48 1869.46 1496.48 1341.16
internal_count=297746 223096 74650 71279 71151 45715 44214 151817 144556 136167 84634 8389 30436 24279 18918 9489 7323 51533 37201 43351 26604 16747 9828 25436 20112 5324 19229 8514 9429 7261
is_linear=0
shrinkage=0.1


Tree=113
num_leaves=31
num_cat=0
split_feature=11 15 0 10 9 0 18 19 14 7 9 11 0 10 15 12 12 13 10 7 1 6 5 10 3 1 10 0 14 10
split_gain=41.3805 15.1849 53.3186 12.9115 12.4543 11.7212 20.457 18.9892 11.2845 11.814 11.6067 15.671 10.7611 12.4466 11.4128 8.87485 8.72131 13.0737 9.00038 8.15073 8.93697 8.09628 12.2247 11.7584 9.85034 8.10469 7.95384 7.94361 7.2401 14.8566
threshold=0.031855388646642287 0.11741027822415478 -0.031828301360166573 0.59650365257766114 0.59214850453130807 -0.011129414694602378 1.0000000180025095e-35 1.0000000180025095e-35 0.082578055629425648 -0.027066963706435961 0.62518344929805736 0.023150662686846141 -0.044633843522165144 0.45096928768189742 0.045011761881034403 0.13244172699124504 0.28937012262500367 -0.42538733923960176 0.99800857587225367 0.20771270077255635 0.059377468529899342 -0.05948465419408782 -0.050931144615391603 0.31900846450345272 -0.082429666545251842 -0.058150516096196363 1.0643848539704777 -0.056865336636324752 0.44186825331516538 0.51407239752620992
decision_type=2 2 2 2 2 2 2 2 2 2 2 2 2 2 2 2 2 2 2 2 2 2 2 2 2 2 2 2 2 2
left_child=1 5 21 4 -2 12 7 -7 9 -4 11 -10 13 14 -1 -11 18 -18 -5 -14 -21 24 -23 -24 25 -3 27 -19 -6 -30
right_child=3 2 8 16 28 6 -8 -9 10 15 -12 -13 19 -15 -16 -17 17 26 -20 20 -22 22 23 -25 -26 -27 -28 -29 29 -31
leaf_value=0.0035990781931591088 -0.0078141867929658049 0.048299509272965412 0.015499696254956691 -0.012580084707077341 -0.0014431235901403898 0.042181700613968642 -0.030060974496419965 -0.033865838612108415 0.0015522839611688908 0.0015311392995022769 0.011740376608027974 -0.003385694086245711 -0.007911430465547948 -0.0083058801088721716 0.032499131733889165 0.02111994540002244 -0.03351682074081197 -0.039847918666332208 -0.037981016602604334 0.039779858444601003 -0.028391410665188258 0.11017723111431837 0.058511701913172336 0.020028484333275257 -0.024342304649620797 0.00016514398635877585 -0.013947035817157234 0.012708935588109069 0.051441925648095216 0.0069114589743914075
leaf_weight=403.7842078357935 1411.0601542294025 87.715556643903255 1051.6464007422328 2739.380936011672 496.37454538047314 197.08309026435018 76.222038723528385 39.399068757891655 33430.872877962887 2745.5516616776586 957.35889735817909 7956.419984921813 4089.4113258123398 467.37304043024778 206.54230839014053 252.55906611680984 114.77693194150925 30.604186803102493 146.98060494661331 71.122450828552246 26.356823801994324 24.518009893596172 141.57366070151329 180.78636415302753 45.157313726842403 58.183934882283211 201.46711569279432 476.73268748447299 93.961373120546341 369.72892805933952
leaf_count=1894 6873 423 5284 14215 2502 1143 451 211 172945 13838 5165 38522 19456 2230 937 1323 562 162 831 367 130 131 614 840 191 260 1102 2704 554 1886
internal_value=0.000209433 0.00111382 0.00170004 -0.00759988 -0.00183613 -0.00381918 0.0149909 0.0295118 0.0013371 0.00638015 0.000854794 0.000602992 -0.00493645 0.0039749 0.0133792 0.00318129 -0.0112836 -0.00220692 -0.0138736 -0.00723022 0.0213474 0.033002 0.0421068 0.0369295 0.0164715 0.0291038 0.00286311 0.00953854 0.00695015 0.015935
internal_weight=58590.7 52509.6 46932.3 6081.07 2371.13 5577.29 312.704 236.482 46394.4 4049.76 42344.7 41387.3 5264.59 1077.7 610.327 2998.11 3709.94 823.581 2886.36 4186.89 97.4793 537.935 346.878 322.36 191.057 145.899 708.804 507.337 960.065 463.69
internal_count=297746 266355 239536 31391 11815 26819 1805 1354 237077 20445 216632 211467 25014 5061 2831 15161 19576 4530 15046 19953 497 2459 1585 1454 874 683 3968 2866 4942 2440
is_linear=0
shrinkage=0.1


Tree=114
num_leaves=31
num_cat=0
split_feature=11 19 13 11 0 0 2 3 3 4 20 4 7 3 1 3 1 20 0 7 5 18 7 9 13 1 18 13 4 1
split_gain=169.506 53.1368 56.1117 52.0824 46.27 58.199 55.215 48.8478 43.7339 53.5333 42.746 36.386 36.9753 35.557 34.4064 34.0214 33.8861 34.6137 33.9867 32.6203 30.9147 33.6936 27.2897 27.008 26.3422 31.4807 80.4199 23.8445 23.7787 29.1132
threshold=0.01501981157230258 1.0000000180025095e-35 -0.3367076295357167 0.010655722792168058 -0.013105899021732091 0.038190135918058539 -0.039058852984872543 -0.18742152873783288 -0.00099010409258459809 -0.0075835840120881395 1.0000000180025095e-35 0.0039581233813097425 -0.038140445527827353 0.07492811872979345 0.0023998546516472712 -0.34446840077022362 0.059377468529899342 1.0000000180025095e-35 0.068711952630088349 0.0067946698435962247 -0.077999355954174496 1.0000000180025095e-35 -0.037126248767821717 0.34229109707123206 0.09463834888851401 -0.041622504653481045 1.0000000180025095e-35 -0.095476536734627263 -0.0019678831730789432 -0.018752822710897728
decision_type=2 2 2 2 2 2 2 2 2 2 2 2 2 2 2 2 2 2 2 2 2 2 2 2 2 2 2 2 2 2
left_child=1 2 14 -4 11 6 7 -6 19 -10 13 12 15 -5 28 -2 17 18 -7 -8 -14 -22 -9 -19 25 26 -13 -17 29 -1
right_child=4 -3 3 10 5 16 8 22 9 -11 -12 24 20 -15 -16 27 -18 23 -20 -21 21 -23 -24 -25 -26 -27 -28 -29 -30 -31
leaf_value=0.038128526567715065 0.037211239432871239 -0.033394048537611243 -0.038462022477322146 -0.0013894644157461339 0.0081941399211344409 0.0073256636644914337 0.00331574397494794 -0.018722147947020137 0.012255650023900395 -0.0047168898071672108 -0.027675921531681399 0.056798270780353093 0.036094209449331574 -0.027666266171639371 -0.012898231065910606 0.0054444876214633352 0.0011255918796531353 0.1162849096870221 0.047830504139177554 0.019297987037653331 0.0034142385441215217 0.020621362516878822 -0.0054850362195981855 0.034633863496762556 0.0033663478782159587 0.013152449450671439 -0.026970972098489188 -0.0090409880533534864 0.036913595291632663 -0.037971027295404428
leaf_weight=90.651850543916225 209.08099196851254 1190.8308883719146 777.57185793295503 3223.7010552808642 1335.0928521826863 1681.5455867350101 4960.8201577439904 3516.6052292063832 2169.3217337355018 12964.38288186118 1135.3452339097857 576.02239044010639 392.27914761006832 612.87069982662797 391.4525285307318 1749.7120241969824 2145.0148306265473 44.513975024223328 236.26082023233175 1719.7853116393089 5168.6745112389326 1459.2464633435011 2795.5406747385859 450.45097827911377 954.95413497835398 1085.140125580132 143.06643085181713 3241.8413444235921 464.88583922944963 112.85903964005411
leaf_count=527 473 16881 14025 32262 4353 5675 24185 16625 8846 63940 12464 1718 913 6253 3744 6333 6617 202 612 7945 20060 5368 12350 1403 3272 3955 437 12248 3155 905
internal_value=-0.000409779 -0.0139057 -0.0104975 -0.014395 0.00179371 -0.000245435 -0.00187227 -0.00918398 0.000690927 -0.00228398 -0.0106311 0.00642457 0.00408276 -0.00558704 0.0106455 -0.00230799 0.0102704 0.0184004 0.0123156 0.00743005 0.00881709 0.00720267 -0.0128597 0.041977 0.0167968 0.0239053 0.0401319 -0.00396333 0.0244341 -0.00407326
internal_weight=56999.5 8000.17 6809.34 5749.49 48999.4 34019.3 29461.5 7647.24 21814.3 15133.7 4971.92 14980 12220.8 3836.57 1059.85 5200.63 4557.79 2412.77 1917.81 6680.61 7020.2 6627.92 6312.15 494.965 2759.18 1804.23 719.089 4991.55 668.397 203.511
internal_count=297746 90216 73335 65004 207530 152753 138244 33328 104916 72786 50979 54777 45395 38515 8331 19054 14509 7892 6287 32130 26341 25428 28975 1605 9382 6110 2155 18581 4587 1432
is_linear=0
shrinkage=0.1


Tree=115
num_leaves=31
num_cat=0
split_feature=10 4 0 17 0 18 4 0 15 0 10 4 20 3 8 10 8 7 3 6 4 0 2 5 18 4 7 10 15 7
split_gain=160.836 34.1727 43.6213 41.7456 61.1398 35.7875 51.9655 46.7559 44.7371 32.0046 30.2208 29.7697 49.4092 29.2649 51.4051 27.5901 26.3091 26.2281 26.0276 24.4473 24.3653 24.3342 21.8471 23.3917 20.5205 43.9029 20.0928 19.8314 19.6665 22.6314
threshold=0.27236362312084411 0.012595952066837725 -0.081257705600218708 1.0000000180025095e-35 -0.011356578226892509 1.0000000180025095e-35 0.038310204041673408 0.022873554882133055 0.94929518830084303 0.051244752024266489 0.20387102899445755 -0.001027785274318793 1.0000000180025095e-35 0.038239396996905713 0.26584714585067015 0.32957052765147826 -0.89747663523756993 -0.0034285352732578707 -0.090135179681589891 0.050477263995268425 0.038310204041673408 0.054129821259567341 -0.14889415447304152 -0.004745456747272391 1.0000000180025095e-35 0.0012492133391714957 0.10743026710293947 0.30288793187909752 0.75184688043075776 0.10375595641957248
decision_type=2 2 2 2 2 2 2 2 2 2 2 2 2 2 2 2 2 2 2 2 2 2 2 2 2 2 2 2 2 2
left_child=10 2 22 11 26 6 13 19 20 -6 24 15 -13 14 -3 -4 17 -12 -18 27 -9 -10 -2 -24 -1 -26 -5 -7 29 -20
right_child=1 5 3 4 9 7 -8 8 21 -11 16 12 -14 -15 -16 -17 18 -19 28 -21 -22 -23 23 -25 25 -27 -28 -29 -30 -31
leaf_value=-0.022990848330169594 0.0037663159717418052 -0.0030849462944484785 -0.014272133315804318 0.022902801260842012 -0.00065653390541819002 0.11560321265057714 0.032642885202093151 -0.0073557418385392153 0.052895579736509268 0.041684688118729565 0.015963657459663282 0.0052286588378615646 -0.0079761099992751647 0.0089451256957435409 -0.064577870086711883 -0.0023448770909538486 -0.038916912871231071 -0.077044880308061517 -0.01321932214147184 0.0095484077915038504 -0.069422989503558852 0.0066681533131960312 0.058885646866094626 -0.023834079949801742 -0.025214681196784362 0.022079042148204511 0.0029107021117049763 0.043088889614908983 0.001974044526941888 0.0070639906331432765
leaf_weight=2660.2844171784818 180.38037843257189 2136.5754820555449 2319.9132446534932 2318.2824455089867 5342.0597268305719 40.24595282971859 586.87676587700844 334.31073288619518 196.39348117262125 184.69145011156797 631.51481199637055 11752.176108039916 3733.9739622287452 2324.2304332889616 145.18003503233194 11824.854917543009 285.20898380503058 31.848465003073215 4817.2270822860301 228.55515624582767 78.005903109908104 271.00520919263363 257.31336052715778 39.423259913921356 452.92901370488107 346.40559469163418 641.91594332829118 599.54259636253119 1516.8027794696391 621.0051100961864
leaf_count=35207 418 7830 15158 8544 23400 139 1401 1138 540 526 4371 50536 18200 7488 535 45960 2195 282 41959 648 297 715 627 76 5736 3630 2059 1739 11851 4673
internal_value=-0.000331472 0.00232444 0.0011627 0.00078658 0.00697013 0.00878424 0.00461812 0.0211603 0.00491175 0.000758413 -0.0109745 -0.000984526 0.00204476 0.00104731 -0.00699752 -0.00430109 -0.00756255 0.0114983 -0.00930893 0.0376217 -0.0190982 0.0260922 0.0312121 0.0478958 -0.0187692 -0.00471912 0.0185675 0.0476504 -0.00809478 -0.0109031
internal_weight=56899.1 45535.9 38595 38117.9 8486.95 6940.92 5192.86 1748.06 879.715 5526.75 11363.2 29630.9 15486.2 4605.99 2281.76 14144.8 7903.61 663.363 7240.24 868.344 412.317 467.399 477.117 296.737 3459.62 799.335 2960.2 639.789 6955.03 5438.23
internal_count=297878 187974 165504 164383 34529 22470 17254 5216 2690 23926 109904 129854 68736 15853 8365 61118 65331 4653 60678 2526 1435 1255 1121 703 44573 9366 10603 1878 58483 46632
is_linear=0
shrinkage=0.1


Tree=116
num_leaves=31
num_cat=0
split_feature=0 10 0 12 3 2 8 3 8 6 18 0 13 7 5 13 11 13 6 3 11 11 4 4 3 12 7 11 0 10
split_gain=37.2196 25.0461 14.2475 15.2555 12.1679 14.1096 12.166 16.6293 36.6499 40.323 17.184 26.4756 15.197 11.7946 10.6997 12.8774 11.0692 10.5155 14.5795 10.4674 9.66959 9.52608 10.8996 9.52046 8.61364 8.98657 8.26531 8.07821 7.42485 6.65378
threshold=-0.03509131028849332 0.36460603033091382 0.057944001108942496 0.092772114837250966 -0.21395341807880716 -0.042789147601694159 0.82651182572226323 0.0051681025060918992 -0.036930931901878628 -0.009476094305283676 1.0000000180025095e-35 -0.0029041361698034503 -0.07714448428953892 -0.030044832490359771 0.0017671890536501424 -0.12849046561579033 0.013766281123373216 -0.011922973822223159 1.0000000180025095e-35 -0.037209182626752206 0.054630542286436469 0.015344554712661381 0.0022211536712795081 -0.001387064255232495 0.16113386279787448 0.073551894490881578 -0.072353672018044921 0.032819740753238381 0.012490498378126881 0.5431182507352208
decision_type=2 2 2 2 2 2 2 2 2 2 2 2 2 2 2 2 2 2 2 2 2 2 2 2 2 2 2 2 2 2
left_child=13 6 3 21 20 -6 7 8 19 -10 12 -12 -9 17 24 28 -17 26 29 -2 -5 22 -3 -15 -8 -26 -1 -23 -16 -19
right_child=1 2 -4 4 5 -7 14 10 9 -11 11 -13 -14 23 15 16 -18 18 -20 -21 -22 27 -24 -25 25 -27 -28 -29 -30 -31
leaf_value=-0.0066105559541891753 0.00038150123574808638 0.00010884102406987185 -0.014402278043547424 -0.011860327311022876 0.0074150252057759757 -0.00042164016383437096 -0.021232871070931202 0.011197731154279968 0.0033203910461541346 -0.024295972950377484 -0.013418634526140101 0.0057381999963901633 0.0040999734768855543 -0.01131594392823806 0.01703157899509259 0.013505070522293203 -0.0082814634764151514 0.0060424026500966897 0.073901289579185514 0.0060463188903548716 0.046574760209044247 -0.0041984632724933364 0.084713991437125644 -0.028312344271498771 0.069919702488593971 -0.01989631565044573 -0.030887712936811806 -0.015096017093381573 -0.0026434268115735782 -0.011613626359953888
leaf_weight=448.62195947393775 7833.3447376936674 38.613694481551647 869.28709634765983 936.7434818521142 3079.3574111200869 9048.3667748123407 440.71681098639965 5247.2710918188095 992.13422379642725 1131.9173188284039 1129.4649079665542 1997.0199528485537 7095.9377365708351 1074.2291181385517 510.59645289927721 270.33984867483377 1697.7902512922883 634.75987615436316 27.542941886931658 5589.3456270396709 29.200600124895573 6418.9740147665143 25.141481705009937 475.42472763359547 22.226006403565407 22.334357209503651 204.00985424593091 760.86257720738649 307.20479497313499 321.57551916688681
leaf_count=2345 40803 204 4322 4566 15400 43977 2184 27034 5526 6187 6130 10866 36768 5572 2566 1469 8150 3270 162 29839 169 29856 127 2359 132 122 1020 3612 1423 1718
internal_value=0.000232742 0.000836204 -0.00186514 -0.00132926 0.000707845 0.00156817 0.00250696 0.00311869 0.000808956 -0.0113965 0.00543993 -0.00118234 0.00711733 -0.0102779 -0.0032933 -0.000906354 -0.00528889 -0.0043573 0.00217128 0.00274039 -0.0100938 -0.00501157 0.0334724 -0.0165303 -0.0169965 0.0249025 -0.0141995 -0.0053533 0.00964072 0.00010542
internal_weight=58680.4 55494.2 21206.5 20337.3 13093.7 12127.7 34287.6 31016.4 15546.7 2124.05 15469.7 3126.48 12343.2 3186.16 3271.21 2785.93 1968.13 1636.51 983.878 13422.7 965.944 7243.59 63.7552 1549.65 485.277 44.5604 652.632 7179.84 817.801 956.335
internal_count=297878 281432 102233 97911 64112 59377 179199 163153 82355 11713 80798 16996 63802 16446 16046 13608 9619 8515 5150 70642 4735 33799 331 7931 2438 254 3365 33468 3989 4988
is_linear=0
shrinkage=0.1


Tree=117
num_leaves=31
num_cat=0
split_feature=11 11 0 17 16 7 3 3 18 4 4 15 4 1 15 5 7 0 12 7 12 8 3 15 8 7 11 15 0 3
split_gain=140.752 41.8097 18.6146 27.1582 26.2477 19.2994 18.0687 17.4833 16.0676 16.0253 15.8045 15.354 13.8009 13.6578 12.8262 14.7974 12.7294 11.7517 11.5407 11.1488 11.092 9.93515 14.6201 9.74714 9.18759 8.80967 8.46634 8.39239 12.2064 8.08826
threshold=0.020894626766601674 0.038556907547868433 -0.012597746661249241 1.0000000180025095e-35 1.0000000180025095e-35 0.037259666955208444 0.047893195805017726 -0.037209182626752206 1.0000000180025095e-35 -0.0067674444623038168 0.027226260699225409 0.13705073766762713 -0.0025220970944337391 0.016500663037631428 0.42463923324895619 -0.0089116474078103063 -0.16056950993410693 -0.06214612482645742 0.024491122724269131 0.33895076176700972 0.02397153912935069 -0.58220913743013558 -0.088101835362122558 0.7799395928141557 -0.78405403677406216 0.33895076176700972 0.0089840320866713622 0.017125167503564315 -0.03929121397739755 -0.026788239429774038
decision_type=2 2 2 2 2 2 2 2 2 2 2 2 2 2 2 2 2 2 2 2 2 2 2 2 2 2 2 2 2 2
left_child=2 10 3 8 5 13 20 21 27 -8 11 -2 -5 18 15 -10 -13 -3 -4 -18 -7 22 -6 -15 29 -19 -26 -1 -29 -9
right_child=1 17 4 12 7 6 9 24 14 -11 -12 16 -14 23 -16 -17 19 25 -20 -21 -22 -23 -24 -25 26 -27 -28 28 -30 -31
leaf_value=0.038795404830132274 -0.01137633466984596 -0.045921350570714781 0.015442364086034744 -0.022994434482660343 -0.017351045520367491 0.015551670013989636 -0.011148977893947448 -0.0048251995622348538 -0.0015560000535471265 0.0068573435843170376 -0.02332747380292724 -0.014872347833345493 -0.0029643553855539192 0.016065959416935106 0.032230850376521132 -0.022544127095566843 -0.0024228255568142921 -0.016134806549034795 0.0050318002423272896 -0.025031596015411963 -0.0053556948865067892 -0.02135083330886953 0.0094932182077678093 0.005225325280419366 0.021966685549285783 -0.037933287830088751 -4.2217011294331212e-05 -0.019215382051851929 0.0060152161714045714 0.074908923827164409
leaf_weight=73.296294927597046 3213.9800004512072 174.01137573644519 1193.0612838342786 762.79056971520185 416.61201380193233 276.3371659591794 538.91960798949003 21.310465946793556 958.40896937996149 5964.2705973759294 493.68441595137119 944.055668823421 626.52684856206179 2876.3297123834491 79.87255485355854 517.19915071874857 12196.551667850465 1576.6786732450128 9907.6946602240205 222.08076307922602 3105.0332857444882 587.4246856123209 395.47341107577085 1165.480881460011 182.15865783393383 210.10470859706402 4316.5423322021961 202.95658854395151 3472.1282502934337 31.569036908447742
leaf_count=419 19592 1258 5574 3598 2041 1281 2593 89 4791 29159 3093 5590 3007 14246 409 2382 71334 11229 47468 1356 14473 2839 1937 5726 863 1535 21036 1108 17689 163
internal_value=-0.000274634 -0.00728434 0.00326659 -0.00151567 0.00429985 0.00571927 0.0022822 -0.00166947 0.00174449 0.00536516 -0.00569579 -0.00517069 -0.0139617 0.00796287 -0.00679965 -0.00891232 -0.00367811 -0.021114 0.00615068 -0.00282714 -0.00364707 -0.0114443 -0.00427829 0.01294 0.00133606 -0.0186981 0.000848954 0.00529009 0.00462186 0.042776
internal_weight=56702.5 19031.1 37671.4 6693.18 30978.2 25027.1 9884.56 5951.09 5303.86 6503.19 17070.4 16576.7 1389.32 15142.6 1555.48 1475.61 13362.7 1960.79 11100.8 12418.6 3381.37 1399.51 812.085 4041.81 4551.58 1786.78 4498.7 3748.38 3675.08 52.8795
internal_count=297878 114987 182891 33403 149488 120520 47506 28968 26798 31752 100965 97872 6605 73014 7582 7173 78280 14022 53042 72690 15754 6817 3978 19972 22151 12764 21899 19216 18797 252
is_linear=0
shrinkage=0.1


Tree=118
num_leaves=31
num_cat=0
split_feature=11 11 20 6 1 8 3 4 8 3 13 14 3 8 3 14 12 5 10 3 6 4 11 9 3 16 3 15 0 6
split_gain=53.3155 19.8237 11.7631 18.6654 17.6117 15.8419 11.6646 11.542 19.4309 57.4543 24.4847 26.4394 24.4577 19.534 20.9236 17.4448 14.5308 13.0533 15.1309 11.3683 11.0573 10.2298 10.0308 9.88051 9.54451 8.95354 10.6936 8.64073 18.3233 17.1815
threshold=0.020205363911821171 0.041854799366944563 1.0000000180025095e-35 -0.043476840655386921 0.019627291704173769 -1.9285829273607684 -0.25620963995050555 -0.0030311209754683151 0.12522617400930283 0.019707296561467972 -0.16905191806767325 0.29516462144307226 0.0060712423688209513 -0.095065239377256347 -0.016067861270983027 0.17937523018262966 0.088335772315128028 -0.014197697854393785 0.26499004397810005 0.066551792471419416 -0.02798188621541042 -0.019780248449019929 0.0089840320866713622 0.28075339881443956 -0.084246037664626336 1.0000000180025095e-35 0.08513555867681212 0.34071836935592054 -0.0070762486314117625 -0.015171353275235498
decision_type=2 2 2 2 2 2 2 2 2 2 2 2 2 2 2 2 2 2 2 2 2 2 2 2 2 2 2 2 2 2
left_child=7 2 27 5 -5 -4 -7 15 12 10 11 -10 13 24 -15 21 -12 18 -14 -19 -6 23 -17 -1 -9 -11 -27 -2 29 -29
right_child=1 -3 3 4 20 6 -8 8 9 25 16 -13 17 14 -16 22 -18 19 -20 -21 -22 -23 -24 -25 -26 26 -28 28 -30 -31
leaf_value=0.015174809740152518 -0.0059672562613367229 -0.01328939660974672 -0.011536902047949077 -0.0088459811867678088 0.049633686571445762 0.085876380655454526 0.016122337702873617 0.0063028420587080735 0.089395619176017183 0.0040787921294468035 0.010717309849581625 0.030143156330894802 0.025380069184480627 0.027844387159864894 0.0018876119817294583 0.029449974352846794 0.046110651067674306 -0.0081755201179498256 -0.0090619864248842313 -0.034935324093598917 0.0041592437924968806 0.01373378508683714 0.0035552799379853571 0.10378205176565497 -0.0013054862910817904 0.0028270613786472508 -0.013908514735649455 -0.0025467077287104917 -0.0026667271710265061 0.026217062033068346
leaf_weight=25.180752441287041 7225.1930477954447 1711.3845758810639 223.91915676742792 1666.1036635190248 55.282294318079948 24.542187839746475 1034.5109515562654 2177.699451752007 106.77764018625021 7129.591093018651 706.0776599124074 255.51872079074383 247.74860463291407 577.63826099038124 671.64338955283165 152.63081312924623 138.79917349666357 3118.1390425637364 262.90920715034008 167.27187796682119 1631.330551981926 1747.9151977151632 7517.5826498195529 25.157823517918587 6789.2503852769732 899.20940186828375 663.55392314493656 391.30518335103989 10809.559212267399 442.51377825438976
leaf_count=114 35078 9364 1030 7843 294 126 4947 10808 560 38194 3654 1339 1348 2818 3495 946 687 17193 1316 896 8046 8541 37164 132 36147 4737 3504 1963 53311 2283
internal_value=0.000572169 -0.00289842 -0.00214183 0.00237152 -0.00155377 0.0126293 0.0177388 0.00319387 0.00202375 0.00541522 0.0258579 0.0476063 -0.00037228 0.0021744 0.0138894 0.0061489 0.0165318 -0.00722608 0.00764778 -0.00953796 0.00564976 0.0150138 0.00407056 0.0594583 0.00054226 0.00257619 -0.00427891 -0.00325069 -0.00156495 0.0127184
internal_weight=58595.9 25215.6 23504.3 4635.69 3352.72 1282.97 1059.05 33380.3 23911.8 9899.53 1207.17 362.296 14012.3 10216.2 1249.28 9468.47 844.877 3796.07 510.658 3285.41 1686.61 1798.25 7670.21 50.3386 8966.95 8692.35 1562.76 18868.6 11643.4 833.819
internal_count=297878 124285 114921 22286 16183 6103 5073 173593 126696 52675 6240 1899 74021 53268 6313 46897 4341 20753 2664 18089 8340 8787 38110 246 46955 46435 8241 92635 57557 4246
is_linear=0
shrinkage=0.1


Tree=119
num_leaves=31
num_cat=0
split_feature=11 10 1 12 0 16 6 6 4 18 11 15 9 6 1 0 4 0 0 20 6 9 14 1 4 14 4 0 7 13
split_gain=157.38 63.1888 41.572 39.8092 35.3821 39.2824 46.5283 36.7671 49.1226 34.3052 33.3057 31.8086 31.6119 51.3252 44.4001 31.6432 36.1694 27.4098 27.2296 91.1384 47.6832 25.3745 25.2581 22.6316 21.6785 24.4262 21.0385 39.7042 25.8253 20.4041
threshold=0.013363303369764096 0.35932363605554907 0.012668728616882509 0.060989227653393568 -0.021400636650246826 1.0000000180025095e-35 0.044694883378791357 -0.04643163605070038 -0.0062031190823059737 1.0000000180025095e-35 0.03673086094195193 0.0328969489905842 0.23382734133960806 -0.017258630089791446 -0.017801763372707221 -0.0061104418338353552 -0.0017385888318810492 0.017035237350506275 0.011762810685447269 1.0000000180025095e-35 0.011069962365422794 0.21191314125164112 0.5132682352197796 0.019627291704173769 0.038310204041673408 0.94151259843373769 0.0032916789808696838 -0.03509131028849332 -0.022358851872015636 0.32545899778110643
decision_type=2 2 2 2 2 2 2 2 2 2 2 2 2 2 2 2 2 2 2 2 2 2 2 2 2 2 2 2 2 2
left_child=2 4 9 -3 11 7 17 -6 -9 18 22 -2 15 -14 -15 16 -11 -7 -1 -20 -21 -17 23 -5 25 -12 28 -28 -13 -24
right_child=1 3 -4 10 5 6 -8 8 -10 12 24 26 13 14 -16 21 -18 -19 19 20 -22 -23 29 -25 -26 -27 27 -29 -30 -31
leaf_value=-0.021345808412693703 -0.020944368978066938 0.013431818646111421 -0.03253641156264455 0.0074304860790101361 -0.022858199944086385 0.0056584629980509478 -0.018355960748479564 0.010039433947919313 -0.0084759190030504594 -0.017473703446730642 0.0077327806244106394 -0.0045273884054382613 -0.050351893059529564 0.18706474616949822 0.038311540678182904 -0.033178090048506741 0.052520274900387624 0.032291628821410338 -0.027241478401166148 0.150189758511551 -0.0027671424687294964 0.044733819489799709 -0.0010880169208545125 -0.001598422169415064 -0.017347076043807842 0.02656465719345287 0.09855035930297909 0.016481124977696195 0.019860164090167054 -0.014796214947450882
leaf_weight=2163.1990257892758 327.23536638170481 3891.0207265540957 1375.2140036299825 7403.0320048332214 1406.8295764774084 2431.5340568646789 730.48809559643269 1684.0779512822628 9607.3629067949951 131.36869134381413 5834.8531006872654 829.17774384841323 33.597891893237829 32.678068891167641 51.988500908017159 301.86121107824147 168.55230010673404 459.43459296226501 189.79659471102059 57.028382750228047 31.715800141915679 48.520286940038204 9810.2080960720778 4441.8706465288997 304.18442580103874 780.94450841844082 77.244923152029514 248.87918575853109 911.60432408377528 1220.9530585929751
leaf_count=28849 1653 14400 19755 26892 9084 14401 4198 10587 67285 1435 14572 4482 344 218 478 4128 1558 2409 2572 488 294 503 36967 17029 697 1670 309 1262 4774 4585
internal_value=-0.00022376 0.00133082 -0.0179887 0.00391904 -0.00332826 -0.0049937 0.00419329 -0.00761376 -0.00571442 -0.0117568 0.00267678 0.00802425 0.0066685 0.0542256 0.0957246 -0.00198026 0.0218621 0.00989102 -0.0175564 0.0118725 0.0955253 -0.022389 0.000837949 0.00404462 0.00875558 0.00995574 0.0126106 0.0359198 0.00824377 -0.00260527
internal_weight=56986.5 52400.9 4585.52 33687.1 18713.9 16319.7 3621.46 12698.3 11291.4 3210.31 29796 2394.14 768.567 118.264 84.6666 650.302 299.921 2890.97 2441.74 278.541 88.7442 350.381 22876.1 11844.9 6919.98 6615.8 2066.91 326.124 1740.78 11031.2
internal_count=297878 237256 60622 116812 120444 107964 21008 86956 77872 40867 102412 12480 8664 1040 696 7624 2993 16810 32203 3354 782 4631 85473 43921 16939 16242 10827 1571 9256 41552
is_linear=0
shrinkage=0.1


Tree=120
num_leaves=31
num_cat=0
split_feature=10 20 4 10 12 9 7 13 3 12 10 9 6 3 0 15 14 5 9 9 10 9 10 9 15 4 12 4 0 12
split_gain=109.88 40.2753 40.447 38.9116 40.0149 39.072 32.9306 30.9195 47.1715 52.8734 31.5922 41.0009 28.8918 27.002 25.5489 25.0199 23.9235 29.9753 24.3323 23.4022 23.1188 28.6796 20.6222 24.152 20.4692 19.4631 19.3385 18.2849 20.5782 17.6661
threshold=0.26499004397810005 1.0000000180025095e-35 0.033011688055433648 0.5187039987117944 0.18489958665002257 0.55254159705331907 -0.069221385600040139 -0.047277480326505313 0.13461584671026586 0.083656979921375288 0.38004261077044349 0.45190597744049904 -0.08890390085871612 0.14365011432646704 0.024985545830293002 0.22087951465106534 0.19536759502571435 -0.065888156486570773 0.19773714200283302 0.40601701191734968 0.72115156564645089 0.71840484229644319 0.19559712150177219 0.22168478131384792 0.91876467698243502 0.014633737760267442 0.2227329242575449 0.0016410306650591624 0.0027284864335912489 0.18489958665002257
decision_type=2 2 2 2 2 2 2 2 2 2 2 2 2 2 2 2 2 2 2 2 2 2 2 2 2 2 2 2 2 2
left_child=1 2 6 5 19 7 -1 8 15 -10 11 -9 -8 -12 -14 -2 17 26 -18 -5 21 -21 -3 27 -20 -22 -6 28 -24 -7
right_child=3 22 -4 4 16 29 12 10 9 -11 13 -13 14 -15 -16 -17 18 -19 24 20 25 -23 23 -25 -26 -27 -28 -29 -30 -31
leaf_value=0.011704915075319856 0.0034339815390244804 -0.039122760089004442 0.1254558878785198 0.02875548312168405 0.07033336438172029 -0.0097698470943663202 0.14875072897605657 0.0018392790807805204 0.03300449524817383 -0.005095993477378425 0.012379314577848431 -0.028375158650541316 -0.010402336221644496 -0.0054569635697412563 0.017025281115277902 -0.0073641883607809006 -0.071221151626516765 -0.023108899786389143 0.00023073303905049971 0.0094892146780894693 0.024087884799966174 -0.0062710200679569582 -0.0031571771407476129 -0.027098314346879589 0.014880089023943888 0.0027355970117345627 0.0015315640209514628 -0.021067056641636255 0.049368283897151005 -0.038603661398405237
leaf_weight=871.71825207769871 2846.1525172628462 532.81320601142943 23.229100227355957 636.51755591481924 54.687303110957146 1929.4085758328438 11.61563480645418 8171.6874131113291 745.19909266754985 712.45673432946205 5259.7521276324987 475.24217963963747 7070.8873351793736 1012.0838291011751 356.75757922232151 8719.9388292171061 44.239988170564175 786.3023269996047 4674.108654063195 5323.5214522406459 1512.1363332681358 1474.4398520290852 213.81907257065177 805.57231935858727 1198.3557941913605 594.82619149982929 161.49202106893063 241.8778377212584 114.5449578948319 238.78744798153639
leaf_count=6916 13717 7528 105 2089 144 7170 53 44542 3282 3361 19686 2401 72549 3693 2799 47944 378 2919 14899 15343 3247 3969 2165 7071 3127 1244 443 2421 1074 1135
internal_value=6.10867e-05 -0.00931627 -0.00631547 0.00212353 0.006033 -1.36604e-05 -0.00668376 0.000989774 -0.00257049 0.0143822 0.0040978 0.000178669 -0.00883851 0.00950108 -0.00908496 -0.004707 0.000243148 -0.0140421 0.00266352 0.0102316 0.00890756 0.00607091 -0.0224196 -0.0159509 0.00322013 0.0180598 0.0189365 -0.000203126 0.0151656 -0.0129454
internal_weight=56814.2 10242.8 8334.21 46571.3 16460.6 30110.7 8310.98 27942.5 13023.7 1457.66 14918.8 8646.93 7439.26 6271.84 7427.64 11566.1 6919.19 1002.48 5916.7 9541.44 8904.92 6797.96 1908.63 1375.81 5872.46 2106.96 216.179 570.242 328.364 2168.2
internal_count=297414 102681 82422 194733 47802 146931 82317 138626 68304 6643 70322 46943 75401 23379 75348 61661 21910 3506 18404 25892 23803 19312 20259 12731 18026 4491 587 5660 3239 8305
is_linear=0
shrinkage=0.1


Tree=121
num_leaves=31
num_cat=0
split_feature=10 12 9 10 9 4 3 8 8 2 17 0 18 9 9 10 15 8 1 1 12 9 0 15 9 12 1 5 15 2
split_gain=27.2969 17.7593 17.1775 15.1198 14.0416 13.1668 15.4528 40.376 34.5701 15.1145 27.1046 12.6327 16.9441 10.5412 14.7587 11.6767 10.0907 9.51825 8.26859 8.2077 7.98537 7.52509 7.26762 6.9857 6.8748 7.28229 7.73258 6.48631 10.4112 6.72623
threshold=0.48978713622143316 0.13596329290024076 0.59991866176830622 0.68418748401758311 0.17261719043548038 0.00040738997853218001 0.025797869418061174 -0.13251515402261596 0.22521388257789224 0.012803320231289385 1.0000000180025095e-35 0.0028913790284077483 1.0000000180025095e-35 0.27656555883892403 0.62518344929805736 0.54858983499071534 0.10533379246395601 0.60694052382882546 -0.0020681003792804016 0.00089664206621442599 0.14738772136126807 0.28646282696530723 -0.019640077992295165 0.18114728640298167 0.24387831574482341 0.36142235314421195 0.010673441944017538 -0.065888156486570773 0.23296410815781055 0.020319018409921567
decision_type=2 2 2 2 2 2 2 2 2 2 2 2 2 2 2 2 2 2 2 2 2 2 2 2 2 2 2 2 2 2
left_child=2 -2 4 13 11 9 7 -7 -8 22 -11 12 17 16 21 -16 -3 -1 -18 -13 -21 -15 -6 -14 -5 -26 -27 -4 -29 -30
right_child=1 3 27 24 5 6 8 -9 -10 10 -12 19 23 14 15 -17 18 -19 -20 20 -22 -23 -24 -25 25 26 -28 28 29 -31
leaf_value=0.010414445732886536 -0.0091783858295756606 0.081797603477763048 -0.01087817591114161 -0.036821529500989034 -0.0033006913488060397 0.0032810743489881211 0.016036724074090465 -0.010514424229140952 0.0017935919650242814 -0.0016603361730136625 -0.015248953810783509 -0.0091075814678513098 0.020816072091215929 -0.038918238052551873 0.026412555568804952 0.0044626311304237862 -0.0016451130163122774 0.028427332775397392 0.030351815999486338 0.0021144589497856477 0.035669653208299408 -0.0028740706493507145 0.002422858810345015 -0.0074567183419133294 -0.0079509744965191621 -0.0057598114756866577 0.013736975033821614 0.057809934014754177 0.033313498192716146 0.00050078529540409714
leaf_weight=2765.7075839564204 4431.1608055643737 24.567563660442829 51.207494057714939 70.296965382993221 2994.5986661463976 7900.2581772953272 2218.2369053661823 2900.3917683288455 7351.8746564388275 6836.7830020561814 1869.2153701409698 729.54688285291195 99.740354895591736 59.843131251633167 320.14768583327532 997.41335726156831 152.2737917676568 328.16025323420763 171.97738488391042 1599.9082621634007 74.210757292807102 1804.0280624330044 8560.269377104938 705.89231481403112 2448.5756487883627 456.97250993922353 366.62694405019283 83.961871460080147 126.50227386504412 123.42490769922733
leaf_count=15270 21477 128 246 382 15658 39346 11141 14926 35596 34311 9373 4061 565 274 1699 5118 779 1695 890 8742 401 8714 44136 4112 12288 2422 1914 448 686 616
internal_value=0.000172924 -0.00424205 0.00122758 -0.00105937 0.001055 0.000373749 0.00216904 -0.00042355 0.00509498 -0.00143127 -0.00457787 0.0054465 0.0089613 0.00350457 0.00169518 0.00979614 0.0200072 0.012325 0.0153255 -0.000255608 0.0036019 -0.00403134 0.000939524 -0.00395644 -0.0058797 -0.00521497 0.00291922 0.0222615 0.027344 0.0171092
internal_weight=58623.8 11303.9 47319.9 6872.72 46934.8 40631.6 20370.8 10800.6 9570.11 20260.9 8706 6303.17 3899.5 3530.25 3181.43 1317.56 348.819 3093.87 324.251 2403.67 1674.12 1863.87 11554.9 805.633 3342.47 3272.18 823.599 385.097 333.889 249.927
internal_count=297414 56085 241329 34608 239333 204487 101009 54272 46737 103478 43684 34846 21642 17602 15805 6817 1797 16965 1669 13204 9143 8988 59794 4677 17006 16624 4336 1996 1750 1302
is_linear=0
shrinkage=0.1


Tree=122
num_leaves=31
num_cat=0
split_feature=11 11 13 10 9 10 3 12 12 9 9 9 9 10 10 12 3 12 15 4 13 14 12 12 4 7 6 13 13 10
split_gain=114.769 33.2449 19.8561 18.0516 16.8616 15.3039 15.2631 15.0147 14.3802 13.8858 12.8005 12.4567 12.0277 21.8144 11.7499 18.6375 11.1285 10.9736 10.1348 10.0859 10.0807 9.69304 9.4215 9.69003 9.36847 9.29094 14.1095 8.94986 8.94602 13.9299
threshold=0.025934826547365685 0.016986968540710665 0.32545899778110643 0.58966527557972692 0.43023132546922133 0.3437769680295884 0.25027142212025716 0.020076797725911921 0.2227329242575449 0.35916037886355551 0.59991866176830622 0.12021439585457898 0.77014220658851174 0.69554075245410696 0.45096928768189742 0.17172651725652313 0.052679427696369359 0.12364821702333526 0.017125167503564315 0.0076598512989918275 0.37704048867149764 0.41028221754421468 0.078326822521989095 0.086228108990155775 0.014940304833051423 0.33895076176700972 0.10263705115864576 -0.18849337433113952 -0.044959370508585485 0.42936279289331108
decision_type=2 2 2 2 2 2 2 2 2 2 2 2 2 2 2 2 2 2 2 2 2 2 2 2 2 2 2 2 2 2
left_child=1 2 6 10 5 9 7 11 25 -3 28 -1 -10 20 17 -16 -9 -6 21 -17 -14 -7 -4 -24 -19 26 -5 -28 -2 -30
right_child=3 4 22 8 14 18 -8 16 12 -11 -12 -13 13 -15 15 19 -18 24 -20 -21 -22 -23 23 -25 -26 -27 27 -29 29 -31
leaf_value=0.037619878349904351 -0.003759668158213143 -0.0019791117085689982 0.012917545633560901 -0.022216760485229567 0.0056893409981930484 -0.012399523620140383 0.06557669444447857 0.0013429246815570809 -0.018362578234159124 0.0080822472860456011 0.0026154404631264019 0.0096318178262502184 0.053506238641588801 -0.0070830114434149829 -0.0093383670338468752 0.024136547591257666 0.0062974603409055585 0.026471121488962603 -0.0067188970368813414 -0.014959134920424697 -0.0089772447538739482 0.078457741547384885 0.081919787905584435 0.025196693665576166 -0.040594516056698643 -0.042649184830847446 0.03733257106210796 -0.0070830520800940645 -0.0052820913684752798 -0.01896984945746337
leaf_weight=183.66258244216442 1900.9815793819726 8040.241934299469 1020.0274004489183 1835.1729010492563 1767.8272512480617 20.584203258156776 39.293998189270496 17639.491540431976 644.17080837488174 1653.8465667515993 1147.4475570581853 1185.3309017643332 97.649068258702755 730.35726598277688 1050.6319555491209 317.41650579124689 6101.6396394893527 426.9022428393364 6937.2035806030035 83.304723829030991 35.101725198328495 27.334556899964809 39.324138909578323 128.62334167212248 21.89740913361311 175.77983368188143 53.901005279272795 286.55767985805869 1402.863900616765 1581.8933700583875
leaf_count=889 11753 41104 4786 12672 10103 128 218 82412 4119 8987 7652 5488 729 5319 6167 1888 29054 2485 37751 475 243 193 214 664 124 1297 404 2088 8292 9716
internal_value=-0.000521076 0.00155215 0.00389769 -0.0103057 -0.00148391 -0.00283387 0.00330093 0.00320347 -0.0156473 -0.000262607 -0.00688928 0.0133867 -0.00802244 -0.000305189 0.00465472 -0.0023399 0.00261628 0.0092345 -0.00640232 0.0160091 0.0369845 0.0394287 0.0165311 0.0384781 0.0231989 -0.0205349 -0.0187481 -5.12246e-05 -0.00912153 -0.0125365
internal_weight=56576.5 46684.6 26337.4 9891.88 20347.2 16679.2 25149.4 25110.1 3858.69 9694.09 6033.19 1368.99 1507.28 863.108 3667.98 1451.35 23741.1 2216.63 6985.12 400.721 132.751 47.9188 1187.97 167.947 448.8 2351.41 2175.63 340.459 4885.74 2984.76
internal_count=297414 233130 123725 64284 109405 88163 118061 117843 26871 50091 37413 6377 10410 6291 21242 8530 111466 12712 38072 2363 972 321 5664 878 2609 16461 15164 2492 29761 18008
is_linear=0
shrinkage=0.1


Tree=123
num_leaves=31
num_cat=0
split_feature=11 15 0 4 9 11 18 0 17 4 15 1 15 11 4 14 0 14 14 0 5 9 13 13 19 0 4 9 14 19
split_gain=32.9068 16.9934 51.1124 16.807 15.9135 16.6101 16.8979 14.2128 15.764 13.1586 12.9924 11.8207 11.7895 11.5041 11.0768 11.962 10.9035 10.9374 10.6296 14.2318 10.1936 9.67463 9.40415 9.37296 8.89404 15.9601 7.85774 7.8322 7.25806 7.24637
threshold=0.03098084147686651 0.34071836935592054 -0.015394311846164575 -0.00069785551807610691 0.54646667289788142 0.013297044675045855 1.0000000180025095e-35 -0.0022471362124580892 1.0000000180025095e-35 -0.00028602727782911502 0.35695090928772472 -0.0069081994393918036 0.4446308475432853 0.021856782620109701 0.027226260699225409 0.79134516269878785 -0.018091941824836418 0.17937523018262966 0.50923732753212414 -0.033927907848386056 0.012076754852543005 0.47682279958808599 -0.13352210201325543 0.56105850263967871 1.0000000180025095e-35 -0.0020930369594134297 -0.045678315877193836 0.37145491832115102 0.18731119935455084 1.0000000180025095e-35
decision_type=2 2 2 2 2 2 2 2 2 2 2 2 2 2 2 2 2 2 2 2 2 2 2 2 2 2 2 2 2 2
left_child=1 3 9 13 5 6 -4 18 21 16 -11 -10 -12 26 15 -2 22 -18 20 -20 -5 -9 -3 -7 25 -15 -1 -26 -28 -17
right_child=14 2 4 7 -6 23 -8 8 11 10 12 -13 -14 24 -16 29 17 -19 19 -21 -22 -23 -24 -25 27 -27 28 -29 -30 -31
leaf_value=-0.036899404270763672 -0.0028856438194119535 0.0572832570358957 0.0031927629357325574 -0.012803048158735973 0.012104622120226484 0.00017066392973836547 0.014671104232593874 -0.0019569770913605688 0.00061172287798443774 0.12256710138454888 0.016954765433637158 0.051799342882845351 0.068322842996466224 -0.0078200679891562638 -0.020960532558292985 -0.01777308301198087 0.053968218144449222 -0.0079354731215497097 0.01963473835819312 -0.0043160138931800053 0.0012225712667512632 0.044038037115323218 0.019103065720377978 0.021709336750070651 -0.01120089865233995 0.036271438714301267 0.011144316925172378 0.013442280701917941 0.0025975601072500349 0.0020747870776767065
leaf_weight=46.936659336090088 5097.5749128125608 104.51889081299305 5762.7389176264405 2859.1865075081587 1509.0497960671782 24448.290469013155 1649.7121702730656 906.61270009353757 73.781728699803352 22.7005984634161 90.71879855543375 116.11187827587128 88.040021948516369 2353.1304362341762 466.90284051001072 967.97946095094085 34.589462861418724 163.24369157105684 271.82339328527451 2842.4427334740758 632.88303306698799 48.160519003868103 168.54188548028469 203.72419585287571 176.27948365360498 85.064575418829918 1216.0181839838624 480.56161917001009 5432.6957643553615 227.10393607988954
leaf_count=201 26264 523 33483 13848 7995 121114 8822 5036 410 127 442 713 411 11179 2458 5122 179 784 1270 14478 3226 295 816 1037 797 446 5797 2447 26450 1244
internal_value=0.000462739 0.00131926 0.00261572 -0.00121177 0.00206901 0.0015967 0.00574738 -0.00469063 0.00559667 0.0299155 0.0513037 0.0319108 0.0422539 0.00154235 -0.00609938 -0.00499671 0.0207651 0.00288787 -0.00647309 -0.00222551 -0.0102611 0.000363096 0.0337172 0.000348659 -0.00349943 -0.00628179 0.00387289 0.00682868 0.00416072 -0.0140014
internal_weight=58547.1 51787.6 34245.9 17541.7 33573.5 32064.5 7412.45 7751 1144.67 672.353 201.459 189.894 178.759 9790.69 6759.56 6292.66 470.894 197.833 6606.34 3114.27 3492.07 954.773 273.061 24652 3095.04 2438.2 6695.65 656.841 6648.71 1195.08
internal_count=297414 262326 175733 86593 172451 164456 42305 39276 6454 3282 980 1123 853 47317 35088 32630 2302 963 32822 15748 17074 5331 1339 122151 14869 11625 32448 3244 32247 6366
is_linear=0
shrinkage=0.1


Tree=124
num_leaves=31
num_cat=0
split_feature=11 19 12 0 0 1 5 3 13 2 3 16 15 3 7 8 3 8 8 17 12 7 7 5 12 3 2 0 15 3
split_gain=110.966 43.5462 45.0128 37.8717 53.5828 33.882 41.1765 80.7725 33.4968 33.2043 41.7548 77.1426 33.0495 31.9306 34.4822 30.3888 29.7027 42.4166 39.7852 39.0841 28.0665 25.8744 33.2742 30.8572 25.6557 23.2611 22.5202 22.4312 22.3148 20.7525
threshold=0.013831484369135531 1.0000000180025095e-35 0.028152366112379135 -0.011607852761001512 0.038190135918058539 0.0086627112775488086 0.015062222924296821 0.022324287157505566 -0.59470843254943417 -0.04178493975318797 -0.036125488434274759 1.0000000180025095e-35 0.45649995712280483 -0.16868665827896309 -0.012268667351479466 1.563566950551871 -0.0018639687740773512 0.32392670157003017 -0.036930931901878628 1.0000000180025095e-35 0.039750788880711783 -0.041348385490050203 -0.18670575972682987 -0.077999355954174496 0.12500967077828154 -0.10870276763232221 -0.096295267528988746 -0.0032463029808404982 0.97180261515092792 0.038239396996905713
decision_type=2 2 2 2 2 2 2 2 2 2 2 2 2 2 2 2 2 2 2 2 2 2 2 2 2 2 2 2 2 2
left_child=1 2 25 8 9 6 15 -8 -2 13 11 -11 -12 26 -15 -4 18 -18 28 -20 -7 22 -10 -23 -24 -1 -5 -22 -6 -19
right_child=3 -3 5 4 16 20 7 -9 21 10 12 -13 -14 14 -16 -17 17 29 19 -21 27 23 24 -25 -26 -27 -28 -29 -30 -31
leaf_value=0.16045441737275074 0.046149386173696183 -0.035985919543539989 -0.0013218575126852648 -0.0034077671527506996 0.027369977438580297 -0.041327487632652316 0.23698622990975046 -0.010039952705385467 0.014021855629483991 0.0011707401927381362 -0.0095371380668434237 0.032066686882744874 7.0625647302664522e-05 -0.017331075660467214 -0.00079015210955392465 0.13093321304505393 -0.019318646929146196 0.052361032472607684 0.107110959064774 -0.019059157463401675 0.0188089980225296 0.032089009987234789 0.0010217993766840979 0.0066210064860971647 -0.014005661600696984 -0.031994146082072704 0.022516490436399403 -0.017558695006984995 0.00095217203784119658 0.0078122030754271864
leaf_weight=6.3262786194682112 197.07007031142712 764.77464492805302 2321.3290103450418 1115.2418026253581 750.87221794575453 376.86951089277864 21.769995532929897 33.768789228051901 1315.3380269557238 3543.6290259361267 4842.6028375737369 1046.9013194665313 13735.35822756961 3676.6011077687144 1917.6607576534152 17.504591209813952 626.31423866003752 109.21826998144388 95.020638562738895 33.106157951056957 221.2950336150825 501.35453098267317 3562.0270769745111 9310.2979403324425 1668.1338958889246 869.86842583119869 479.01560149341822 725.97944549843669 556.87204027175903 2455.7315137311816
leaf_count=74 606 12780 25000 3688 2418 5388 146 346 3661 17827 26167 4241 70005 18493 8303 121 2364 314 259 133 2478 1140 15301 37099 5622 13517 1789 8856 1600 7678
internal_value=-0.000197185 -0.0138918 -0.0102143 0.00122692 -0.000637784 -0.00540978 0.0016888 0.0867889 0.00516763 -0.00216571 -0.000323507 0.00821677 -0.00243377 -0.00810312 -0.011661 -0.000332018 0.00938643 0.00401218 0.0213309 0.0745104 -0.0182457 0.00467388 -0.000195579 0.00792237 -0.00377113 -0.0306046 0.00438152 -0.00906275 0.0161206 0.00970914
internal_weight=56897.9 5359.49 4594.71 51538.4 34984.1 3718.52 2394.37 55.5388 16554.2 30357 23168.5 4590.53 18578 7188.52 5594.26 2338.83 4627.14 3191.26 1435.87 128.127 1324.14 16357.2 6545.5 9811.65 5230.16 876.195 1594.26 947.274 1307.74 2564.95
internal_count=297414 68706 55926 228708 165279 42335 25613 492 63429 150513 118240 22068 96172 32273 26796 25121 14766 10356 4410 392 16722 62823 24584 38239 20923 13591 5477 11334 4018 7992
is_linear=0
shrinkage=0.1


Tree=125
num_leaves=31
num_cat=0
split_feature=11 15 11 0 9 18 8 6 2 20 4 0 17 7 4 1 15 0 9 7 15 11 11 2 4 8 9 8 18 4
split_gain=135.059 38.332 28.6368 28.0201 26.7263 26.9838 27.0897 50.7292 25.2118 23.8841 39.4381 47.8122 59.2075 39.0582 31.027 30.0096 38.421 37.1134 21.4441 24.5941 23.3819 23.1199 21.1006 20.0697 36.2301 27.734 26.0607 18.044 17.6088 54.2088
threshold=0.015344554712661381 0.0328969489905842 0.0093398260533518133 -0.023885666217523745 0.13274363732416741 1.0000000180025095e-35 -0.61565040274046401 -0.00092190383432610979 -0.012406157736686295 1.0000000180025095e-35 -0.0016644021783531746 0.022388971969405039 1.0000000180025095e-35 0.20771270077255635 -0.023710803537381638 0.028943559183419513 0.79537065795218753 0.023359683532891088 0.31021872670209616 -0.040302645629772586 0.38489927701422327 0.012958842223343739 0.023150662686846141 0.020319018409921567 0.0045020786110310249 0.16364940306615947 0.097428252426594822 -0.3629643570198795 1.0000000180025095e-35 0.0028986977719234201
decision_type=2 2 2 2 2 2 2 2 2 2 2 2 2 2 2 2 2 2 2 2 2 2 2 2 2 2 2 2 2 2
left_child=2 3 23 -2 5 8 -7 -8 -4 10 11 22 -13 15 -15 17 -17 -11 21 20 -20 -6 -3 -1 26 -26 -25 -23 -12 -30
right_child=1 9 4 -5 18 6 7 -9 -10 13 28 12 -14 14 -16 16 -18 -19 19 -21 -22 27 -24 24 25 -27 -28 -29 29 -31
leaf_value=-0.048704790873288224 0.014490790168330249 -0.0087789009931281605 -0.037092423797963271 -0.041420460079117677 -0.01723148772100503 -0.061868027339445034 0.14712200827937186 0.011486708972611469 0.015721609047241469 0.0014061523792526993 0.0030366478623926481 0.0020340157103203712 0.045959298111294865 0.080620565983610823 0.010860477629481179 -0.026829261196746668 7.1891051110625979e-05 -0.024350924132441863 0.069106321964512413 -0.048271543865870251 -0.041581948943433901 0.0048607095566698469 -0.00034710456792920322 0.1720034925797374 0.26661994334399475 0.018613293660028698 -0.042706969624514507 -0.009924978968250623 -0.0037485761243208314 0.015284743879475073
leaf_weight=330.16284630075097 2965.0791684687138 5327.04235714674 134.29286776855588 92.427772186696529 3081.039598736912 18.439757358282804 47.786987204104662 65.194202154874802 276.45960222557187 4447.0398012772202 16702.147951647639 1040.198755890131 435.27311959117651 69.354117542505264 789.95761271566153 1297.4430820047855 898.64479047805071 639.91851692646742 39.288426391780376 297.30723555758595 37.110828179866076 1149.9503255411983 6701.8465593755245 6.1229041405022135 8.1880395188927668 10.035509891808031 73.662145875394344 2924.2054372616112 2221.6204014420509 4583.7984406724572
leaf_count=6394 8767 31048 1763 418 39373 190 462 758 3639 22076 70171 3742 1359 150 2503 6612 3807 2529 317 2843 348 10235 22166 101 108 160 1363 27573 10113 16568
internal_value=-8.44135e-05 0.00196458 -0.0117073 0.0128006 -0.0103703 0.0110734 0.0505137 0.0688556 -0.0015456 0.00123085 0.00230957 -0.00199722 0.0149922 -0.00367259 0.0164907 -0.00605162 -0.0158212 -0.00183398 -0.0119146 -0.0352671 0.0153397 -0.0106949 -0.00408116 -0.0369089 0.00282794 0.130045 -0.0262296 -0.00575165 0.00478369 0.00907134
internal_weight=56711 48211.8 8499.25 3057.51 8071.08 542.173 131.421 112.981 410.752 45154.3 37011.9 13504.4 1475.47 8142.36 859.312 7283.05 2196.09 5086.96 7528.9 373.706 76.3993 7155.2 12028.9 428.171 98.0086 18.2235 79.7851 4074.16 23507.6 6805.42
internal_count=297656 202029 95627 9185 87501 6812 1410 1220 5402 192844 155167 58315 5101 37677 2653 35024 10419 24605 80689 3508 665 77181 53214 8126 1732 268 1464 37808 96852 26681
is_linear=0
shrinkage=0.1


Tree=126
num_leaves=31
num_cat=0
split_feature=11 2 3 16 20 8 8 3 17 8 8 3 3 18 6 4 18 3 10 2 5 10 3 2 8 14 13 2 1 2
split_gain=20.8602 18.6553 16.2248 41.0633 27.2929 31.5669 24.0471 26.0634 18.4121 50.2057 46.221 68.2016 43.2433 33.0667 18.3379 15.9229 15.0025 12.3372 12.0154 11.3812 23.3985 14.4855 13.4626 10.1344 10.5827 9.92199 9.89242 9.68818 9.56455 9.31601
threshold=0.02863870797595516 -0.11265152125501808 -0.048700097591698015 1.0000000180025095e-35 1.0000000180025095e-35 -0.53933693578105124 -0.86133504944598427 -0.12269893148719867 1.0000000180025095e-35 -0.46093407600145625 -0.19238900903223868 0.0051681025060918992 -0.019882179407260111 1.0000000180025095e-35 -0.039012877014559626 0.017291526681357808 1.0000000180025095e-35 -0.14021502726600851 0.19972706980040603 -0.039058852984872543 0.0055903858645841584 0.36460603033091382 -0.033953736699475094 -0.017341916764727957 -1.1101004309657005 0.69408989241433816 0.18918338318380998 -0.090907058899518875 0.1563494501823626 0.10971680406189589
decision_type=2 2 2 2 2 2 2 2 2 2 2 2 2 2 2 2 2 2 2 2 2 2 2 2 2 2 2 2 2 2
left_child=1 -1 3 4 14 -6 7 -5 10 18 13 -12 -11 -4 -3 -8 17 25 -10 20 -18 26 -22 24 27 -2 -21 -19 -23 -25
right_child=16 2 8 6 5 -7 15 -9 9 12 11 -13 -14 -15 -16 -17 19 23 -20 21 22 28 -24 29 -26 -27 -28 -29 -30 -31
leaf_value=0.012205804101563984 -0.0090184193478799746 0.0090984825552014609 0.014341757702044228 -0.021736924832517393 -0.0020424530889890415 -0.030644462303330268 -0.022142364397159085 0.011798826538387701 -0.051590969156349253 0.024317971705069125 -0.012366491243659542 0.0030460720813314402 -0.002511194379169239 -0.0015844242984765758 -0.0018185284116822534 -0.067090545905966512 0.0082910822436306989 0.042463956215536412 -0.020792085954763517 0.093949504711870357 0.041298042402890492 -0.0066459049310996473 0.14137574591278487 -0.010763330695236844 -0.00067850427058182411 -0.027048563909409257 0.002180929940048813 0.00025613863501300582 0.030223303264038538 -0.00073501003659974344
leaf_weight=1491.6102560907602 1095.0837943144143 3124.1867375597358 5010.7169118821621 432.58926424384117 1407.8078960329294 531.5656832754612 987.18242370337248 499.15734669566154 166.6765034943819 662.39275058358908 3359.9838542416692 19731.23363564536 6457.1136770248413 1762.135845310986 3031.818203702569 85.651316732168198 648.85911084711552 115.91112386062741 527.7107829451561 25.810885138809681 43.727045960724354 1077.7430951111019 19.40766192227602 2396.4071393683553 1760.9467681534588 423.14619990438223 21.557688266038895 102.44760426878929 75.276279486715794 1510.0760007016361
leaf_count=7348 5496 15643 25686 2086 7238 3074 5012 2523 936 3622 17769 98600 33183 9610 15570 465 3274 619 2636 135 257 5257 127 11702 8935 2138 100 481 419 7715
internal_value=0.000372463 0.001193 0.000849183 -0.00271008 0.000462855 -0.00988202 -0.0155238 -0.00377108 0.00180328 -0.00251836 0.00293403 0.000803403 -1.50319e-05 0.0101981 0.00372188 -0.0257309 -0.00396692 -0.00600636 -0.0281849 0.00392903 0.0139458 -0.0020123 0.072062 -0.00393316 0.00189636 -0.0140436 0.0521851 0.0226613 -0.00423885 -0.00688682
internal_weight=58585.9 49269.5 47777.9 10100 8095.38 1939.37 2004.58 931.747 37678 7813.89 29864.1 23091.2 7119.51 6772.85 6156 1072.83 9316.4 7404.02 694.387 1912.38 711.994 1200.39 63.1347 5885.79 1979.31 1518.23 47.3686 218.359 1153.02 3906.48
internal_count=297656 251001 243653 51611 41525 10312 10086 4609 192042 40377 151665 116369 36805 35296 31213 5477 46655 37086 3572 9569 3658 5911 384 29452 10035 7634 235 1100 5676 19417
is_linear=0
shrinkage=0.1


Tree=127
num_leaves=31
num_cat=0
split_feature=11 1 11 13 18 5 13 15 0 0 9 12 7 20 14 19 7 12 0 9 10 12 15 10 7 19 14 15 4 0
split_gain=89.0372 24.0548 20.4102 18.0615 18.1778 25.0912 18.6064 16.7031 15.7632 14.825 13.6766 13.9857 13.3717 11.548 12.517 11.0787 10.3325 10.2877 9.59677 8.95017 16.2489 9.17023 8.88243 7.42077 7.65582 7.40374 7.16431 7.82758 6.57301 6.41007
threshold=0.024904055229348989 -0.01104986313499534 0.045714886918954756 0.10953181868495265 1.0000000180025095e-35 0.0047054697113473329 -0.5650589821330666 0.87319689951791291 0.016713841238564123 -0.018460609938768521 0.55254159705331907 0.019268190608784947 -0.14964242389945323 1.0000000180025095e-35 0.086606253465007374 1.0000000180025095e-35 0.33895076176700972 0.21683772929974721 -0.036321153835240365 0.71840484229644319 0.5015974752304605 0.2227329242575449 0.31665559372825164 0.21270378742863361 -0.043572259813439422 1.0000000180025095e-35 0.97918764451616114 0.017125167503564315 0.016561029304803302 -0.014475844026694549
decision_type=2 2 2 2 2 2 2 2 2 2 2 2 2 2 2 2 2 2 2 2 2 2 2 2 2 2 2 2 2 2
left_child=1 3 16 4 12 6 -6 9 23 13 11 -11 -1 25 -15 -10 18 -12 28 20 -20 -21 -14 -9 -25 -3 27 -4 -2 -5
right_child=2 7 26 29 5 -7 -8 8 15 10 17 -13 22 14 -16 -17 -18 -19 19 21 -22 -23 -24 24 -26 -27 -28 -29 -30 -31
leaf_value=-0.019855358539388111 -0.013421762543998926 -0.012715530855753174 -0.050053063430848116 -0.0015511220424454125 -0.050301652195573136 -0.05472630861297232 -0.0067413858791523706 0.025682422018910751 -0.0093217427833908687 0.017356274716834735 0.01746420366082304 0.0043641806077569902 -0.0041304085435856118 0.068391137818179668 0.0053072624925645335 0.0065189218147356509 -0.024295910115646292 0.068706403805408364 -0.0026181313826669503 -0.0047115597744713973 -0.011961174004238437 0.012689997192039712 0.0024396262193234473 0.028864269149795199 -0.0020666451875044904 0.0053453705261956273 -0.058298668337777894 -0.017309037393555621 -0.054344086889580506 0.0069329080173657536
leaf_weight=368.95870942622423 1135.081174403429 1053.6990095153451 82.485498130321503 1289.2406974360347 102.36317201703787 123.78685955703259 2331.2221336141229 216.37067560851574 2288.5576346442103 858.83625826239586 148.95512981712818 23507.065736398101 3627.73771956563 35.116070285439491 301.53119730204344 547.05080637335777 331.20276740193367 53.163653694093227 4480.5214278846979 715.25346025452018 3184.3774097636342 525.19921183213592 4754.9013969376683 98.334441654384136 429.68649370223284 289.28557741641998 55.708573922514915 635.3211247548461 40.656250096857548 2879.7577841728926
leaf_count=1925 7595 5412 632 6674 454 511 11509 1007 11461 4026 867 115352 18586 208 1622 2910 2283 319 27007 5120 20618 3687 23863 509 2128 1569 437 4811 271 14283
internal_value=-9.08635e-05 0.0018818 -0.00808068 -0.00131693 -0.003391 -0.0108076 -0.00857365 0.00354166 -0.00286589 0.00441561 0.00503701 0.00482212 -0.00122374 -0.00467369 0.0118876 -0.00626573 -0.00691642 0.0309425 -0.00634543 -0.00522435 -0.00649969 0.00265614 -0.000403674 0.0100851 0.00369368 -0.00882512 -0.0237528 -0.0210718 -0.0148368 0.00430927
internal_weight=56491.4 45305.6 11185.8 15478 11309 2557.37 2433.59 29827.7 3580 26247.7 24568 24365.9 8751.6 1679.63 336.647 2835.61 10412.3 202.119 10081.1 8905.35 7664.9 1240.45 8382.64 744.392 528.021 1342.98 773.515 717.807 1175.74 4169
internal_count=297656 225195 72461 77805 56848 12474 11963 147390 18015 129375 120564 119378 44374 8811 1830 14371 66581 1186 64298 56432 47625 8807 42449 3644 2637 6981 5880 5443 7866 20957
is_linear=0
shrinkage=0.1


Tree=128
num_leaves=31
num_cat=0
split_feature=11 4 15 0 15 1 2 7 0 20 2 15 5 20 10 12 4 17 8 14 19 3 10 0 2 14 15 3 4 1
split_gain=38.1577 10.9882 9.88485 19.1941 21.4257 13.1407 13.4666 9.25763 13.1104 15.3519 18.1314 14.3134 10.7897 10.0888 9.1165 11.7233 12.4814 13.2063 12.055 9.92952 8.99869 8.76294 8.54569 8.40645 8.07121 8.04613 7.77244 7.65349 12.748 12.0144
threshold=0.020117460629596833 0.0054486031739715566 0.040980857831986545 -0.033927907848386056 0.12546126873095398 -0.012779368876877138 -0.029254450408370044 0.20771270077255635 0.032732511897740409 1.0000000180025095e-35 -0.07085024368570568 0.80328967236242521 0.035289646412678739 1.0000000180025095e-35 0.23128040674584552 0.098359580361539981 -0.017920783621972355 1.0000000180025095e-35 -1.0863066386091782 0.20322473197191224 1.0000000180025095e-35 -0.18008317635476231 0.87678387836278859 -0.052864747372110214 0.16052021897121074 0.40624995765856137 0.20530025792337922 -0.073628591117099504 0.0099010876646212793 -0.011913014531763631
decision_type=2 2 2 2 2 2 2 2 2 2 2 2 2 2 2 2 2 2 2 2 2 2 2 2 2 2 2 2 2 2
left_child=14 2 22 4 23 20 -7 8 9 -3 -11 12 -10 -13 27 16 17 19 -18 -16 -5 -20 -2 -4 -9 -19 -6 28 29 -1
right_child=1 7 3 5 26 6 -8 24 11 10 -12 13 -14 -15 15 -17 18 25 21 -21 -22 -23 -24 -25 -26 -27 -28 -29 -30 -31
leaf_value=0.0030082403084062638 -0.0058910089824321292 -0.0091891418417104822 0.024775996537877463 -0.006961058621159007 0.031190454576139205 0.0095124564036814969 -0.00067142489015492904 -0.020615356867755109 0.018121649548305419 0.030288351960694855 -0.0027174483407405841 0.005822035426227553 0.098361392526968738 -0.014993435261139857 0.082166701669708964 0.0057647222791432501 -0.011726291249284426 0.02837513153341352 0.065261320024954578 0.023970944707517192 0.0031656680851560059 0.00025549649711678325 -0.028620650280394073 0.00075899592016699441 -0.0025243873285862679 -0.025322856896501128 0.078431845022890301 0.0041342717103431429 0.059770902569130341 0.029850800845198991
leaf_weight=584.90122084319592 1449.8676259703934 4232.9338502697647 182.88766744360328 4619.7079770080745 166.60112817212939 1569.0959541276097 7528.3928848654032 695.54309839010239 46.167005255818367 217.34459660202265 710.59596058726311 1183.9082345180213 26.307805083692074 289.85277331620455 34.324963346123695 4728.4418152756989 876.29103684425354 41.620471306145191 20.76632171869278 201.02391853928566 1083.2437672875822 14671.075728774071 186.71131218224764 717.48559187725186 382.08450769633055 84.673028960824013 44.031029932200909 11650.636791117489 56.507015481591225 233.23726750910282
leaf_count=2917 7185 20885 933 22651 851 7968 37096 3449 247 1096 3481 6075 161 1341 170 24170 4227 174 100 964 5359 73054 1064 3407 2088 343 232 64453 286 1229
internal_value=0.000451737 -0.00247088 -0.00108371 -0.000322539 0.0123542 -0.00127413 0.00108505 -0.00559778 -0.00421551 -0.00663551 0.00501325 0.00386174 0.0472481 0.00172814 0.00268291 0.00139228 9.44099e-05 0.01846 -0.000332217 0.0324586 -0.00503754 0.00034738 -0.00848415 0.00563743 -0.014201 -0.00762649 0.0410659 0.00481157 0.0138334 0.0106606
internal_weight=58516.3 25332.8 17548 15911.4 1111.01 14800.4 9097.49 7784.74 6707.11 5160.87 927.941 1546.24 72.4748 1473.76 33183.5 20658.2 15929.8 361.642 15568.1 235.349 5702.95 14691.8 1636.58 900.373 1077.63 126.294 210.632 12525.3 874.646 818.138
internal_count=297656 125569 86746 78497 5423 73074 45064 38823 33286 25462 4577 7824 408 7416 172087 103202 79032 1651 77381 1134 28010 73154 8249 4340 5537 517 1083 68885 4432 4146
is_linear=0
shrinkage=0.1


Tree=129
num_leaves=31
num_cat=0
split_feature=11 13 11 17 1 8 1 19 13 4 18 5 8 0 8 7 18 5 13 7 16 4 1 4 8 7 2 13 11 2
split_gain=116.577 42.2751 57.0799 40.3111 41.6922 29.5089 35.0626 57.8731 49.0429 42.2463 59.0467 36.581 29.6081 28.4438 45.6352 28.1854 27.9118 25.0467 24.7879 24.3842 24.2114 21.4982 21.4135 21.1892 28.8166 41.2552 20.6505 21.1934 20.3238 26.9623
threshold=0.017061847928900486 -0.37451545787820395 0.010331770530745439 1.0000000180025095e-35 -0.008520865715569979 1.4205289608352953 -0.028589397037864114 1.0000000180025095e-35 0.18918338318380998 0.011956668368616976 1.0000000180025095e-35 -0.044379267805503268 -1.0163658680036252 0.013811862019096567 0.9971876693031646 -0.044677529403399412 1.0000000180025095e-35 0.0023430699562271289 -0.21825192839009014 -0.041348385490050203 1.0000000180025095e-35 -0.014825518955194903 -0.044278259961665782 0.019792372349360047 2.9709471395737443 0.31736883489966278 0.040704760913141243 -0.63147078040166804 0.051562943439210585 0.17739398360486106
decision_type=2 2 2 2 2 2 2 2 2 2 2 2 2 2 2 2 2 2 2 2 2 2 2 2 2 2 2 2 2 2
left_child=1 3 -3 4 26 6 8 11 9 12 -11 18 -2 16 -15 -9 -6 -17 -8 -7 -13 22 -10 28 25 -25 27 -1 29 -21
right_child=5 2 -4 -5 13 19 7 15 21 10 -12 20 -14 14 -16 17 -18 -19 -20 23 -22 -23 -24 24 -26 -27 -28 -29 -30 -31
leaf_value=0.075018981521557365 0.015206824844070458 -0.038651161652979965 -0.0092595661224799727 -0.028978092837088021 -0.029119040577904043 -0.048226860322199611 -0.081053676030367963 -0.024723070488003381 0.004901234399085113 0.036628148758825751 -0.01905721813416859 -0.00066420402555412289 0.0023567943732830153 0.011620848779682811 0.16489405643712202 0.007585540074681249 0.022940033889951639 -0.011995203508104095 -0.016938282673888357 0.0098827599371088693 0.0072141966183267283 -0.0084368264798432412 0.061581802221353524 0.035150226094709462 0.071656611481713803 -0.016179092080897971 0.12339095355000758 0.021860043625429568 0.038516778484815946 -0.0087696024276765656
leaf_weight=93.570211105048656 2536.8644640892744 704.22631344757974 10702.532261237502 246.3032322563231 331.71436232328415 74.079826936125755 78.003763899207115 1201.5011225938797 650.82666062563658 992.46470476686954 235.63001301884651 14798.083093136549 6115.8974740877748 105.2313077673316 23.822902522981167 883.00005549192429 149.36463504470885 2510.9107601940632 265.67727039009333 3241.3953476771712 5296.9781881943345 3073.0690334066749 74.257922545075417 440.07992623001337 111.78286877274513 243.07031974941492 26.34253441914916 377.84449437633157 194.02665328979492 1018.4857474192977
leaf_count=387 8261 14471 100589 2214 2954 254 215 5276 1932 2982 677 64526 23194 794 111 4171 1083 11830 870 10999 20071 11652 242 1217 259 594 110 2217 428 3076
internal_value=-0.000674946 -0.00909096 -0.0110741 0.00761385 0.0157489 0.00176388 0.000803999 -0.00142061 0.00487529 0.00858764 0.025944 0.000859245 0.00612424 -0.0017728 0.0399145 -0.0115606 -0.0129558 -0.00690085 -0.0314903 0.00874503 0.00141251 -0.00478237 0.010706 0.0095491 0.0245885 0.0168868 0.0372263 0.0324115 0.00686487 0.00542321
internal_weight=56797 12761 11406.8 1354.19 1107.89 44036.1 38713.2 25034.2 13679 9880.86 1228.09 20438.7 8652.76 610.133 129.054 4595.41 481.079 3393.91 343.681 5322.92 20095.1 3798.15 725.085 5248.84 794.933 683.15 497.757 471.415 4453.91 4259.88
internal_count=297656 124930 115060 9870 7656 172726 155899 106959 48940 35114 3659 85682 31455 4942 905 21277 4037 16001 1085 16827 84597 13826 2174 16573 2070 1811 2714 2604 14503 14075
is_linear=0
shrinkage=0.1


Tree=130
num_leaves=31
num_cat=0
split_feature=11 9 10 17 6 0 9 3 11 4 7 19 20 4 9 13 1 4 2 15 10 3 9 7 3 14 14 7 3 4
split_gain=126.204 30.849 31.2454 31.8677 48.1737 38.6419 33.1149 31.2177 35.9812 35.4024 29.3556 26.3771 31.7279 39.1402 33.9282 31.2876 27.8352 27.182 20.6722 19.8564 17.351 19.9435 17.0241 16.4977 16.3443 15.5434 31.2417 15.0201 15.7365 14.242
threshold=0.013831484369135531 0.14730878452792062 0.20387102899445755 1.0000000180025095e-35 -0.078861989162408039 -0.011356578226892509 0.43023132546922133 -0.023701646045114929 0.038556907547868433 0.0049530435006301951 0.01714151670900577 1.0000000180025095e-35 1.0000000180025095e-35 0.0011144387333021923 0.18564805802211118 -0.37451545787820395 0.00050550886488442981 0.020891224617577645 -0.016092316785489832 0.90789914925772475 0.20645367320542582 0.033729000294351337 0.12979984016138285 0.048639455739428412 -0.13654045298388559 0.50923732753212414 0.60799456587968226 -0.10296964007515012 -0.053617024429505993 0.0016410306650591624
decision_type=2 2 2 2 2 2 2 2 2 2 2 2 2 2 2 2 2 2 2 2 2 2 2 2 2 2 2 2 2 2
left_child=11 10 -3 7 6 -6 -5 8 -4 -9 25 12 13 16 15 -15 18 24 -1 -16 21 -12 -22 -24 -13 -2 -27 -14 -29 -30
right_child=1 2 3 4 5 -7 -8 9 -10 -11 20 17 27 14 19 -17 -18 -19 -20 -21 22 -23 23 -25 -26 26 -28 28 29 -31
leaf_value=-0.020133708731777462 -0.022287079631991349 -0.019229146042343735 -0.0054339142308225102 0.048727555873439306 0.01370999576488198 -0.00032795354290736487 0.014003568298792205 -0.00054951205813306189 0.0089794212653444838 0.0073561304598880467 0.094883724570654346 0.083147628573460433 0.060187611110241374 -0.042451895378094656 -0.013310205493832753 0.028855703660173562 -0.027990152519691704 0.16132750749358959 0.0075136461990602046 0.051908768092948226 0.037886362450057734 -0.041261974468675272 0.20519952281083179 0.089452015278201708 -0.033797126362307341 0.15258013103250367 -0.0048101678538939128 -0.063408445843603264 -0.013351835883618568 -0.039039445767626767
leaf_weight=490.2490833606571 93.034654084593058 741.65974147990346 12857.736456096172 385.56859048455954 2762.0594258531928 6760.0968662798405 954.60892391204834 15623.756686896086 2001.6194839328527 8886.1853094771504 18.290645830333233 12.119503404945133 19.299833070486784 68.387379728257656 709.44309123232961 613.81816898472607 996.17230091616511 7.3207604289054862 603.20144346170127 49.970335803925991 37.764149211347103 26.131448403000832 17.531070739030838 41.379761815071106 859.61230772174895 18.13900762796402 41.389707177877426 116.58161126077175 505.66319669410586 376.56836664862931
leaf_count=5873 791 7137 59718 1417 10566 30800 2594 75015 4836 34698 153 104 188 832 7559 7468 12598 65 7396 489 252 252 98 258 12570 124 326 1512 6893 5025
internal_value=-0.000202716 0.00133254 0.00114635 0.00144719 0.00624236 0.00374399 0.0239936 0.000124159 -0.00349238 0.00231671 0.033651 -0.0147019 -0.0116378 -0.00715365 0.0055216 0.0217075 -0.0158982 -0.0305598 -0.00488206 -0.00901872 0.0665277 0.0147956 0.0902986 0.123897 -0.0321713 0.00324514 0.0431483 -0.0271907 -0.0288791 -0.0243162
internal_weight=56695.4 51267 50973.3 50231.6 10862.3 9522.16 1340.18 39369.3 14859.4 24509.9 293.66 5428.41 4549.35 3531.24 1441.62 682.206 2089.62 879.053 1093.45 759.413 141.097 44.4221 96.675 58.9108 871.732 152.563 59.5287 1018.11 998.813 882.232
internal_count=297607 229035 226781 219644 45377 41366 4011 174267 64554 109713 2254 68572 55833 42215 16348 8300 25867 12739 13269 8048 1013 405 608 356 12674 1241 450 13618 13430 11918
is_linear=0
shrinkage=0.1


Tree=131
num_leaves=31
num_cat=0
split_feature=11 2 19 1 15 0 0 3 0 15 2 3 10 0 15 0 15 18 5 15 0 18 5 1 1 11 14 0 8 12
split_gain=22.1401 12.0857 10.3738 19.2349 11.543 27.1761 10.1838 10.0666 10.3068 15.0165 12.4595 13.6172 10.5548 10.0022 16.6899 18.0075 16.0891 17.0532 12.7129 9.74023 14.9886 8.73454 9.01938 7.78635 6.87356 6.59996 6.28881 6.27828 6.22419 8.88689
threshold=0.021654040992880205 -0.10212316189756464 1.0000000180025095e-35 -0.03759441633983495 0.89647057653788031 0.018359943020352935 0.0094987747131576334 -0.22537886637226354 -0.040848103621259242 0.010665099768463146 -0.066304961562501527 -0.043922598982273124 0.30877906597553428 -0.011129414694602378 0.31262603642478054 -0.0049800528468986185 0.56342284735950976 1.0000000180025095e-35 -0.00028997532885383087 0.36073819230583865 -0.0022471362124580892 1.0000000180025095e-35 -0.12978245264616758 -0.064520920026622783 -0.1795652321955101 0.031253021251281189 0.32694906374484006 -0.052864747372110214 -2.7452724534946809 0.28937012262500367
decision_type=2 2 2 2 2 2 2 2 2 2 2 2 2 2 2 2 2 2 2 2 2 2 2 2 2 2 2 2 2 2
left_child=1 23 13 19 5 -5 -6 21 24 -10 12 -12 -11 16 18 -16 17 -3 -15 20 -4 22 25 -1 -9 -2 -25 -27 29 -24
right_child=7 2 3 4 6 -7 -8 8 9 10 11 -13 -14 14 15 -17 -18 -19 -20 -21 -22 -23 28 26 -26 27 -28 -29 -30 -31
leaf_value=0.003436647281911176 -0.036714428696625528 0.00089737085722741512 -0.0049282791677163797 0.0053595961503859401 0.056648186903151057 0.02607362839388605 -0.011125905702940019 -0.050032568493732249 0.056555617063065444 0.025905492353683862 -0.0086965393680533236 -0.0010925994058779206 0.002600900043113156 0.0024786312767122749 -0.0078529093315229895 0.0015854533074479338 -0.047250982954419506 -0.011050207126476327 0.015348064723423439 -0.022609286810306148 0.070342655168121215 0.0062975637370052077 -0.061627115526020432 0.048873876170453495 -0.0085324478045336726 -0.0099052107117941404 0.017645983434359927 0.043610103715599147 -0.014997010970481776 -0.0094157095031744097
leaf_weight=327.71971417218447 23.029604032635689 4319.4343779236078 424.51554307341576 5250.820107460022 23.25396816432476 720.24958163499832 476.04847924411297 40.996393825858831 44.999255917966366 205.61384133249521 2918.4874698966742 12200.202722407877 3545.2298104017973 1668.6519136838615 2284.9193535745144 17529.469456050545 81.092917732894421 1651.4039437398314 1421.4503317028284 341.34337114542723 28.213157139718533 235.88486313447356 73.601523283869028 82.749939806759357 1506.1921533681452 35.547405116260052 292.22543401271105 57.193823292851448 765.0581984333694 58.520363584160805
leaf_count=1647 96 22708 2227 26528 117 3276 2201 226 250 1051 14033 58487 17319 8670 11915 92023 490 8733 7663 1779 142 1201 358 432 7924 200 1464 320 3813 314
internal_value=0.000217327 0.00170737 0.00145538 0.00483417 0.00663681 0.00785819 -0.00796947 -0.00231682 -0.00178485 -0.00114295 -0.00128055 -0.00256045 0.00387841 0.000607721 0.00156307 0.000497058 -0.00300796 -0.00240707 0.00839858 -0.00985436 -0.000237543 -0.0110329 -0.0150687 0.0146965 -0.00963209 0.0111998 0.0245374 0.0230979 -0.0184583 -0.0385013
internal_weight=58634.1 36923.6 36220.9 7264.44 6470.37 5971.07 499.302 21710.6 20461.7 18914.5 18869.5 15118.7 3750.84 28956.4 22904.5 19814.4 6051.93 5970.84 3090.1 794.072 452.729 1248.84 1012.95 702.695 1547.19 115.771 374.975 92.7412 897.18 132.122
internal_count=297607 192015 188472 36270 32122 29804 2318 105592 99290 91140 90890 72520 18370 152202 120271 103938 31931 31441 16333 4148 2369 6302 5101 3543 8150 616 1896 520 4485 672
is_linear=0
shrinkage=0.1


Tree=132
num_leaves=31
num_cat=0
split_feature=11 7 11 12 1 0 2 4 3 9 0 11 10 8 0 4 7 16 16 7 4 13 13 15 3 15 10 2 3 12
split_gain=73.8619 22.2868 19.0209 18.892 17.1246 17.2248 16.6256 13.9714 13.3079 13.2378 12.7854 12.6445 11.241 10.6631 9.72847 11.2186 9.70072 11.1194 8.24417 10.4107 7.90093 7.82878 7.56675 7.44747 7.43445 6.51014 6.29472 5.86207 6.9012 6.05661
threshold=0.024639977946543372 0.33895076176700972 0.01275273905277219 0.41829568279696122 0.021937380760440609 0.023863624567922685 0.03356895642362457 0.01008350981323103 -0.23952854371673601 0.181471766678624 -0.031828301360166573 0.051562943439210585 0.16826762404626508 0.029351814629833949 -0.022368967149958282 0.012595952066837725 0.1421383970306678 1.0000000180025095e-35 1.0000000180025095e-35 0.037259666955208444 -0.0043363948941141919 -0.14853003605926629 -0.14853003605926629 0.58327740492170033 0.062082621070491679 0.9825561872352685 0.19559712150177219 0.042173659572620099 -0.051175956548205496 0.060595174308451349
decision_type=2 2 2 2 2 2 2 2 2 2 2 2 2 2 2 2 2 2 2 2 2 2 2 2 2 2 2 2 2 2
left_child=2 8 3 9 5 7 18 10 25 12 -4 14 13 -1 -10 -16 17 -8 19 -6 -11 -14 -20 -9 -18 -2 -22 28 -7 -29
right_child=1 -3 4 -5 6 27 16 23 11 20 -12 -13 21 -15 15 -17 24 -19 22 -21 26 -23 -24 -25 -26 -27 -28 29 -30 -31
leaf_value=0.011516203877252378 -0.021122764569576319 -0.029415517534960106 -0.0090667256171108063 0.093029389852387623 0.015886324586732923 -0.0028376602234970096 0.005184094147949893 -0.0033913671928285077 -0.011059464096741051 1.3172315304211619e-05 0.0009814619402267299 -0.031397414946702465 -0.007091212031061756 -0.00069766840322673133 -0.0016873667301262043 -0.011294124665029655 -0.035522943007108253 -0.006265988804179435 0.014323208309412201 0.0040163355469316304 0.016861292252543621 0.0024769458491999204 -0.0078526536266852343 -0.017332613770299959 -0.0044070073264281581 0.040650040898291981 0.0081857182315860418 -0.016004410818722885 -0.020158248471980101 0.018639717943837626
leaf_weight=1801.4830164313316 700.6877855733037 439.51762250065804 1356.5374680012465 24.471168786287308 1907.0183993503451 326.11151158064604 4263.0534924864769 871.78216846287251 2141.1175344623625 769.30640944838524 19037.165845252573 185.75719607248902 1516.124082505703 1184.9545880109072 6538.5553170740604 1493.1828425340354 80.888920105993748 1058.7805705592036 227.18913043290377 1206.2624205350876 1269.499281167984 1961.4691020846367 476.76744432747364 683.69109292328358 1513.9029965475202 17.486423164606094 2451.0883821845055 90.257620476186275 780.839629098773 114.45286785066128
leaf_count=8216 4704 3168 7559 135 9923 1709 21749 4639 14308 3592 95559 1428 6839 5313 41043 9989 379 5337 1241 6044 5843 8804 2456 3434 7882 150 11267 449 3801 647
internal_value=-0.000185383 -0.00733111 0.00164443 0.00526332 0.000475731 -0.00104892 0.00377972 -0.000383695 -0.00645482 0.00506725 0.000313082 -0.00554216 0.00216998 0.00667 -0.00507004 -0.00347336 0.000855991 0.0029061 0.00907736 0.0112872 0.0092384 -0.00169448 -0.000695799 -0.00951909 -0.00598523 -0.0196187 0.0111459 -0.0121807 -0.0150555 0.00336499
internal_weight=56489.4 11516.3 44973.1 10978.4 33994.7 23260.8 10733.9 21949.2 11076.8 10953.9 20393.7 10358.6 6464.03 2986.44 10172.9 8031.74 6916.63 5321.83 3817.24 3113.28 4489.89 3477.59 703.957 1555.47 1594.79 718.174 3720.59 1311.66 1106.95 204.71
internal_count=297607 74790 222817 50009 172808 117797 55011 111191 71622 49874 103118 66768 29172 13529 65340 51032 35347 27086 19664 15967 20702 15643 3697 8073 8261 4854 17110 6606 5510 1096
is_linear=0
shrinkage=0.1


Tree=133
num_leaves=31
num_cat=0
split_feature=11 11 9 10 14 2 10 4 3 4 18 6 9 8 3 2 18 5 2 4 13 7 8 15 2 7 2 11 9 10
split_gain=27.7007 10.468 10.297 10.6395 9.86599 9.48503 10.6413 8.87227 17.072 10.0613 13.6204 15.8959 12.4143 11.2736 37.1437 10.8566 8.81765 14.9902 10.8367 7.82124 7.48766 13.7906 6.89006 11.0513 6.78548 7.03799 6.63671 6.05606 10.9531 13.9511
threshold=0.027279909702980273 0.015213159104029967 0.23137426001297037 0.21392781132588609 0.17522660584780564 0.019772225582611828 0.26499004397810005 0.018003236940270288 -0.06594921133931074 0.00091415864701072113 1.0000000180025095e-35 -0.02798188621541042 0.2590996390948741 1.0000000180025095e-35 0.0060712423688209513 -0.019332274108450283 1.0000000180025095e-35 0.0094878256232284758 -0.026298106917374216 0.022030830858696063 -0.40712804628560922 -0.059235930943976327 -0.16282928675459354 0.77199466694811336 0.01337427407131764 0.16188894532824186 -0.039977781683947049 0.042979910437058046 0.61637627387874161 0.61904819027644231
decision_type=2 2 2 2 2 2 2 2 2 2 2 2 2 2 2 2 2 2 2 2 2 2 2 2 2 2 2 2 2 2
left_child=1 7 3 24 5 6 -4 9 -9 10 12 -12 -1 15 -15 -11 18 -18 -6 -7 21 -5 -10 -24 26 -26 -3 28 -2 -30
right_child=27 2 4 20 16 19 -8 8 22 13 11 -13 -14 14 -16 -17 17 -19 -20 -21 -22 -23 23 -25 25 -27 -28 -29 29 -31
leaf_value=0.0011965250813595794 -0.0062356186415047088 0.013387852823737051 0.021973248304695853 0.063640022614607522 0.0043930289301215416 0.00061348909839944532 0.0056485940467910882 0.10028718348928439 -0.029883106708534397 0.0031235681416074048 -0.0079654419473369539 0.01543707657142742 0.012617716527545134 0.029818436822137518 -0.00011604373846502868 -0.0082513726567959977 -0.0090735703924832867 0.0025096623257499832 -0.00098100399157791704 -0.034256618171319218 -0.0088960220400883944 -0.0015222698483569252 0.061404291078027064 -0.0033762168388352855 0.020496218511270915 -0.037262396017621768 -0.010467036416703492 -0.010639458061354017 0.0087587280258967573 -0.0044962578155004328
leaf_weight=6574.1995688565075 5942.1444624587893 180.47204706072807 480.19041901826859 39.665965184569359 5517.5947461500764 1987.6709890887141 2370.6110437884927 26.09867912530899 30.467527501285076 1332.9537279307842 344.08217584341764 1854.848128400743 1112.7893697246909 478.62095408141613 3094.8974914215505 2264.5727967768908 2653.441475301981 1929.7975679785013 11728.022399626672 66.474616788327694 2893.8780904859304 179.23223640024662 45.566398680210114 62.394924245774746 302.12802396714687 22.680433660745621 329.6702536791563 1444.5008294954896 1350.4823312014341 1927.228356435895
leaf_count=35804 28929 906 2370 209 26868 9698 11381 111 145 7156 1711 9513 5707 2519 17464 12669 12634 9582 57478 270 13963 876 244 314 1579 117 1642 8186 7144 10418
internal_value=-9.71593e-06 0.00101642 -9.10917e-05 -0.00485841 0.000612889 0.00466553 0.00839833 0.00298954 0.0261003 0.00276661 0.00483513 0.0117751 0.00284989 -8.50193e-05 0.00389325 -0.00403674 -0.00029774 -0.00419639 0.000738374 -0.000514949 -0.00754712 0.0102856 0.0121134 0.0239652 0.00516536 0.0164631 -0.00202794 -0.00461898 -0.00367574 0.000965061
internal_weight=58567.4 47903 30681.5 3947.73 26733.8 4904.95 2850.8 17221.5 164.528 17057 9885.92 2198.93 7686.99 7171.04 3573.52 3597.53 21828.9 4583.24 17245.6 2054.15 3112.78 218.898 138.429 107.961 834.951 324.808 510.142 10664.4 9219.86 3277.71
internal_count=297607 242930 149573 19292 130281 23719 13751 93357 814 92543 52735 11224 41511 39808 19983 19825 106562 22216 84346 9968 15048 1085 703 558 4244 1696 2548 54677 46491 17562
is_linear=0
shrinkage=0.1


Tree=134
num_leaves=31
num_cat=0
split_feature=11 11 19 12 7 14 14 4 7 19 5 0 0 4 2 9 2 2 0 9 9 12 2 5 14 6 4 2 7 0
split_gain=101.725 39.3082 31.7341 27.1091 25.9385 25.3785 22.9552 22.4185 32.9271 20.3828 33.4762 22.3701 20.2665 21.8766 25.7264 25.2378 21.2147 18.3953 33.9044 36.0737 17.3718 22.4279 23.671 17.2588 19.8517 28.4904 19.7519 17.3876 16.1968 16.0905
threshold=0.013363303369764096 0.021366969608080915 1.0000000180025095e-35 0.028152366112379135 0.25327420386179395 0.96377054271940377 0.68235295712750399 -0.01258599264741722 0.060122771383541392 1.0000000180025095e-35 0.010463902743318656 -0.040848103621259242 0.068711952630088349 -0.023710803537381638 -0.11664783085757759 0.92606643305744973 0.20224199643384647 0.037780347262157184 -0.0024093350438056933 0.22521489891805394 0.22649572109565846 0.14349472777160879 0.068479091059382005 -0.00087966346802820217 0.19926201504327984 0.025136821877898455 0.0097183813756205346 -0.021379657568541873 0.034541985600734855 0.018359943020352935
decision_type=2 2 2 2 2 2 2 2 2 2 2 2 2 2 2 2 2 2 2 2 2 2 2 2 2 2 2 2 2 2
left_child=2 4 3 -1 6 12 9 8 -8 11 -11 -2 13 14 -3 -15 -14 -4 19 -19 -6 -22 -23 26 25 -25 29 -28 -26 -5
right_child=1 5 17 23 20 -7 7 -9 -10 10 -12 -13 16 15 -16 -17 -18 18 -20 -21 21 22 -24 24 28 -27 27 -29 -30 -31
leaf_value=-0.028090566941801377 0.031316661147974503 0.033112587502794645 -0.044000000943627077 -0.00187348409178974 -0.047132089987549794 0.01563247573764982 -0.0023233518033157689 -0.0094463687229921073 0.057793787673333874 0.00059983136487408775 -0.024244910585994914 0.00086653767120993736 0.026412042593132779 0.0026075365341826535 0.0060264100875634776 -0.0094036413521200943 -0.021522636283768576 0.021109366711002144 -0.029487955227576253 0.27884901342632656 0.076545450907504031 0.062252788660083019 -0.058607771839197124 0.036783557785604479 -0.029813890336095546 -0.029626770059091451 0.0097764246274429784 0.1544667309438601 -0.0077600802545424868 0.097074632275814754
leaf_weight=751.14682659693062 246.58330925554037 476.03237158060074 492.22479731589556 1377.8806969560683 22.577984191477299 1647.3597963601351 353.42551658302546 5484.1214437372983 122.75179717689753 1436.5458118952811 871.25639634951949 11179.704335205257 624.46740479022264 26439.053740777075 1331.4068437442183 1873.3151449486613 108.34814590215683 16.872185524553064 80.557176174595952 8.0076288878917676 98.389291293919086 31.866726540029049 32.971992656588554 164.42177568748593 679.54303565435112 106.40387896075845 17.837425861507654 15.541989315301178 653.04156703315675 16.632852222770452
leaf_count=12698 1102 1154 9208 15483 143 4517 1955 37244 599 10138 7006 69047 1678 92637 3789 5117 268 301 1502 103 458 156 187 1877 8886 1352 195 138 8513 156
internal_value=0.000172506 0.0013967 -0.0144672 -0.0110837 -0.00210589 0.00353923 -0.00245674 -0.00763919 0.013174 -0.000207662 -0.00877972 0.00152366 0.00289352 0.00249374 0.0131602 0.00181281 0.0193248 -0.0358803 0.00202599 0.104063 0.0350822 0.0464542 0.00079239 -0.00686951 -0.0139901 0.0106918 0.00112634 0.0771465 -0.0190063 -0.000693295
internal_weight=56760.3 52380.2 4380.11 3782.45 19880.2 32500 19694.4 5960.3 476.177 13734.1 2307.8 11426.3 30852.6 30119.8 1807.44 28312.4 732.816 597.662 105.437 24.8798 185.806 163.228 64.8387 3031.3 1603.41 270.826 1427.89 33.3794 1332.58 1394.51
internal_count=297607 237195 60412 49298 128035 109160 127091 39798 2554 87293 17144 70149 104643 102697 4943 97754 1946 11114 1906 404 944 801 343 36600 20628 3229 15972 333 17399 15639
is_linear=0
shrinkage=0.1


Tree=135
num_leaves=31
num_cat=0
split_feature=11 11 1 11 9 7 18 7 6 9 6 14 20 14 9 12 1 2 17 8 2 2 9 9 0 5 0 18 6 1
split_gain=101.076 24.3693 28.9407 21.7276 33.6405 24.2562 19.994 22.2068 47.7938 20.8736 19.9867 18.8436 20.2923 20.8174 19.4135 18.8375 18.6621 40.791 18.3044 26.2146 20.0769 18.0477 27.1765 25.2005 17.9605 17.6668 17.5022 53.7963 24.1085 21.8332
threshold=0.0152759851278279 0.025630978737169876 0.03928491048418626 0.011392241334221951 0.22764921389059253 -0.079069346468212717 1.0000000180025095e-35 0.0034236839315524574 -0.050710840493168645 0.33159639604268726 -0.067389649257137238 0.18340613423167748 1.0000000180025095e-35 0.36256714223065095 0.16784451522125127 0.10750878106611793 0.094335849462229962 0.044434583144687075 1.0000000180025095e-35 2.5695873789677184 -0.081851179099748914 0.0028329660454027299 0.17998620373028903 0.2537827460569792 -0.0061104418338353552 -0.074629419023939811 0.0040854374982657324 1.0000000180025095e-35 -0.021180214509330771 -0.011913014531763631
decision_type=2 2 2 2 2 2 2 2 2 2 2 2 2 2 2 2 2 2 2 2 2 2 2 2 2 2 2 2 2 2
left_child=3 2 26 21 11 -6 9 8 -8 -3 -7 14 13 -13 -5 -12 25 -18 20 -20 -11 23 -23 24 -1 -9 -2 28 -28 -29
right_child=1 6 -4 4 5 10 7 16 -10 18 15 12 -14 -15 -16 -17 17 -19 19 -21 -22 22 -24 -25 -26 -27 27 29 -30 -31
leaf_value=-0.013645322975330535 -0.0011160649051653738 0.018443744913029206 -0.0070406581710538325 0.0084150444301154172 0.016369826726480862 0.081368271567677938 0.015109203990681453 -0.025892165703875165 -0.014952663514033666 -0.0074102194663233853 -0.01724602179285192 0.023439001910233084 -0.015398946225751879 0.0009099336231976438 -0.02704337847819065 -0.048842112504582799 -0.07977913108424653 0.0084338087195894029 0.0085584850238647463 -0.026326126053778234 0.0018787279055890096 0.00074031276962349072 -0.03643798965239075 0.10282062059733295 -0.044264869454675407 0.021748698057225915 -0.0097809637558919638 0.037044642896722012 0.0045539252728702762 0.01269539389989368
leaf_weight=300.29351694881916 12918.162655726075 764.67396662384272 5566.733839828521 222.59369461983442 209.2983474098146 19.658456709235907 1202.4250923246145 80.927461311221123 944.09914471209049 3113.7849551439285 2279.7427640482783 519.76281123608351 561.81432979926467 1944.807293638587 504.04751851409674 205.7207600697875 57.815309047698975 561.75828339159489 4460.2770814597607 226.34667485952377 9206.5766402184963 638.65659067966044 284.06440990418196 13.852584041655062 529.08950615674257 2039.7426630184054 1652.2631592676044 556.09786444157362 4046.6306376308203 1090.1838962286711
leaf_count=4719 68820 2683 28805 2318 1811 145 3433 187 3011 9338 22710 5239 6169 19748 5583 1957 170 1459 12678 572 27770 10518 4492 183 9222 5538 8841 2412 22054 5466
internal_value=-0.000294181 0.0014453 -0.000654388 -0.0105384 -0.00785404 -0.0163345 0.00383889 0.00950374 0.00188719 0.0022812 -0.0190668 -0.00172048 0.0017516 0.00566118 -0.0161813 -0.0198612 0.01547 0.000202247 0.00155449 0.00687369 -0.000468913 -0.0203693 -0.0107052 -0.0309443 -0.0331785 0.0199307 0.00110004 0.00499758 0.000397854 0.0209203
internal_weight=56721.9 48488.5 25830.1 8233.4 6467.45 2714.42 22658.4 4886.77 2146.52 17771.7 2505.12 3753.03 3026.38 2464.57 726.641 2485.46 2740.24 619.574 17007 4686.62 12320.4 1765.96 922.721 843.236 829.383 2120.67 20263.3 7345.18 5698.89 1646.28
internal_count=298051 203237 136398 94814 65680 26623 66839 13798 6444 53041 24812 39057 31156 24987 7901 24667 7354 1629 50358 13250 37108 29134 15010 14124 13941 5725 107593 38773 30895 7878
is_linear=0
shrinkage=0.1


Tree=136
num_leaves=31
num_cat=0
split_feature=11 2 7 18 3 5 6 5 4 17 6 12 14 3 2 15 19 4 9 4 4 18 16 7 7 13 5 3 14 12
split_gain=23.7943 13.0605 14.5287 12.8805 16.1182 17.5974 11.8421 11.4759 11.3645 15.1225 37.2742 13.9338 13.3384 13.0357 18.7584 11.616 11.9293 12.519 23.1699 11.3113 11.084 20.3542 17.9437 10.972 10.6889 9.35158 9.0961 8.99648 8.92704 8.57618
threshold=0.021654040992880205 0.10211796594092039 0.042734321670632187 1.0000000180025095e-35 -0.23952854371673601 0.052005628031388203 0.013476056122001647 0.081493312083268724 -0.0022784069653751788 1.0000000180025095e-35 -0.017258630089791446 0.12933709945473296 0.65099091454800673 -0.0063030476466927601 0.0050128208775741543 0.68189454015336504 1.0000000180025095e-35 0.0072249063846836501 0.23886442466048211 -0.028130004571967456 0.0024423698646387497 1.0000000180025095e-35 1.0000000180025095e-35 0.22330820680814548 -0.27383694769218847 -0.07714448428953892 0.0040925308249106793 0.35142867282716922 0.58825507330979387 0.024491122724269131
decision_type=2 2 2 2 2 2 2 2 2 2 2 2 2 2 2 2 2 2 2 2 2 2 2 2 2 2 2 2 2 2
left_child=8 2 3 4 -2 -6 -4 -3 9 11 19 13 -12 14 -1 16 20 28 -19 -11 21 -10 -22 -15 -5 -14 -21 -8 -18 -17
right_child=1 7 6 24 5 -7 27 -9 15 10 12 -13 25 23 -16 29 17 18 -20 26 22 -23 -24 -25 -26 -27 -28 -29 -30 -31
leaf_value=-0.00076721670334795663 -0.016222228534893145 0.0075079637740556246 -0.013793781080351701 0.058892261180081541 -0.00080690277067168345 -0.023903337976058547 -0.0038959802799828839 -0.0038984763844875747 0.0038145733115520115 0.070274588968841853 -0.022591301288680553 0.01247552417288776 0.0087676629039971834 0.0038907374902421993 -0.018274218573553526 0.012198827149999822 0.018549817914980171 -0.02618624573449975 0.013426182505662139 0.0055692027699961646 0.0093506515754457412 -0.0081667780285716151 -0.0028962045233036499 -0.042105061497419743 0.0043192517765002622 -0.015902667022117983 0.059458434489825719 -0.053280516810836502 0.0065984573506960706 -0.0007549678633057195
leaf_weight=2661.2758699059486 841.7688189856708 2295.3006163313985 1941.555333442986 36.434317275881767 8291.4173719733953 343.5513111948967 4127.814411137253 1432.5360948182642 5396.7678064070642 30.16055653244257 1088.7881221994758 978.57512794435024 292.77832919359207 4483.4879298210144 794.81709143519402 546.04722721874714 1411.495598718524 248.81972685456276 363.19067510217428 739.88105446100235 4880.7963305264711 1923.1561413817108 1584.8337382674217 52.469189323484898 2403.407271027565 323.34099102020264 32.70672906935215 37.221089579164982 1121.6326207220554 7984.1919408887625
leaf_count=14572 4272 11315 9216 202 40404 1597 19792 7157 28743 150 5655 5094 1519 23533 4027 3176 6998 1290 1745 3778 25271 10581 7774 236 11798 1708 186 179 5661 40422
internal_value=0.000360656 -0.00226331 -0.00337774 -0.00134528 -0.00301346 -0.00172582 -0.00734394 0.00312469 0.00190573 -0.000706615 -0.00757177 0.00121247 -0.0159376 -0.000166613 -0.0047934 0.00308343 0.00459955 0.0101568 -0.0026787 0.0101959 0.00333168 0.000666725 0.00634874 0.00335869 0.00513419 -0.00417939 0.00785055 -0.00433731 0.0132579 7.4245e-05
internal_weight=58690.2 21751 18023.2 11916.6 9476.74 8634.97 6106.59 3727.84 36939.2 11478.3 2507.66 8970.63 1704.91 7992.05 3456.09 25460.9 16930.7 3145.14 612.01 802.748 13785.6 7319.92 6465.63 4535.96 2439.84 616.119 772.588 4165.04 2533.13 8530.24
internal_count=298051 105932 87460 58273 46273 42001 29187 18472 192119 60458 12996 47462 8882 42368 18599 131661 88063 15694 3035 4114 72369 39324 33045 23769 12000 3227 3964 19971 12659 43598
is_linear=0
shrinkage=0.1


Tree=137
num_leaves=31
num_cat=0
split_feature=11 1 2 4 5 3 7 15 9 7 10 7 14 12 4 12 3 11 2 2 2 6 15 18 4 7 11 4 1 8
split_gain=63.7554 19.6574 23.861 25.6098 18.5317 17.9479 21.8818 14.7868 13.4925 12.9295 12.1211 10.2218 9.91173 10.9762 8.94924 9.38189 8.80517 8.76581 10.684 10.6847 8.71094 10.8508 10.2713 8.67168 8.33517 7.80627 7.79241 7.47776 6.29967 5.94232
threshold=0.025934826547365685 -0.011913014531763631 -0.00064206142012279688 -0.0098593482743956056 0.004998867584817269 -0.00099010409258459809 0.0051329916642709481 0.7799395928141557 0.55254159705331907 0.33895076176700972 0.33415852269205093 0.080535528947538806 0.36256714223065095 0.21122670207720171 -0.031236517272373417 0.12933709945473296 -0.20407449490977123 0.049167998342977186 -0.05690035249671687 0.15404669897489812 -0.018018532324686639 0.010605797625287463 0.30870000857543906 1.0000000180025095e-35 -0.019780248449019929 0.00087686883403359517 0.012892988112346635 0.027226260699225409 0.015225588136095871 -1.1608083499837274
decision_type=2 2 2 2 2 2 2 2 2 2 2 2 2 2 2 2 2 2 2 2 2 2 2 2 2 2 2 2 2 2
left_child=1 4 8 25 10 6 -5 -7 11 16 20 27 -10 -14 -12 -16 -2 18 24 -20 22 -22 -1 -6 -18 29 -13 -3 -27 -4
right_child=9 2 3 5 23 7 -8 -9 12 -11 14 26 13 -15 15 -17 17 -19 19 -21 21 -23 -24 -25 -26 28 -28 -29 -30 -31
leaf_value=-0.0015263098403079027 -0.016091602382229436 0.0079065720452481721 -0.038820538867895826 0.00089538595975533234 -0.013040753070849906 0.0050767549843873669 -0.013982188298697752 -0.0016313692757195443 0.099938575770405477 -0.025227745107911329 -0.034965080153151064 0.021117403598892179 0.0030271252535106923 0.076527363920942282 -0.0075549766463916318 0.0022608387436031953 -0.018473624241848213 -0.023915165835636305 -0.0090864205209539185 0.0040579145375094234 -0.0058142567912323265 0.0069756531785713227 0.006484598095115493 -0.044286596446079213 0.0028129764867638935 -0.027190234183107592 -0.0098023165748216453 -0.030828981055146698 -0.010768243912749449 0.0035630033141600351
leaf_weight=2844.728868432343 956.93078684434295 7685.996352635324 36.457011356949806 3138.2246987372637 297.27152334153652 12223.705066926777 1443.2445672303438 4494.1946561075747 22.867474138736725 406.5185334533453 99.751802913844585 95.307725265622139 63.645751908421516 29.845101878046989 3345.0692012533545 1373.5631604194641 203.67651645466685 263.37671504355967 5255.0590012520552 700.90566027909517 3024.298731431365 849.69458064436913 3659.4321294054389 126.6690961048007 1899.379783987999 376.80259346961975 562.93633959442377 50.162297137081623 614.63539630174637 357.08501713722944
leaf_count=14132 6582 38324 187 15413 1526 60042 6757 22651 155 3058 553 461 380 191 18386 7576 1422 2068 33599 4829 14186 4221 18017 546 12845 1806 2810 287 3172 1869
internal_value=-0.000386879 0.00114105 0.00259106 0.000897023 -0.00175472 0.00175382 -0.00379132 0.00327344 0.00710629 -0.00777196 -0.00117943 0.00663752 0.0409251 0.0264906 -0.00532426 -0.00469766 -0.00700724 -0.00596269 -0.00537599 -0.00753958 0.000744943 -0.00300901 0.00298086 -0.0223767 0.000751415 -0.0122795 -0.00532542 0.00765541 -0.0170095 -0.00036333
internal_weight=56501.4 46815.6 31195.1 22684.3 15620.5 21299.4 4581.47 16717.9 8510.76 9685.85 15196.5 8394.4 116.358 93.4909 4818.38 4718.63 9279.33 8322.4 8059.02 5955.96 10378.2 3873.99 6504.16 423.941 2103.06 1384.98 658.244 7736.16 991.438 393.542
internal_count=298051 233648 154505 111897 79143 104863 22170 82693 42608 64403 77071 41882 726 571 26515 25962 61345 54763 52695 38428 50556 18407 32149 2072 14267 7034 3271 38611 4978 2056
is_linear=0
shrinkage=0.1


Tree=138
num_leaves=31
num_cat=0
split_feature=11 11 9 3 10 9 10 10 18 6 13 2 3 13 17 20 9 9 11 14 3 18 7 6 3 10 3 9 11 3
split_gain=28.99 9.85847 14.8056 12.9065 11.7486 10.2365 11.643 11.1044 9.2491 12.8821 11.6755 12.4 15.2197 10.8204 10.6652 10.1641 19.7209 10.0983 8.37392 8.08614 7.66425 6.39583 7.07862 12.2805 8.27657 8.27069 7.57197 7.03068 7.74386 7.2074
threshold=0.027655069437185664 0.013698875777788137 0.1590170516189213 -0.12915575757910022 0.17023940486830447 0.45888640380535822 0.41940611438589742 0.35064859130510218 1.0000000180025095e-35 -0.032771677501153056 -0.54046118429958467 0.050141083708787899 0.072487712451185141 -0.48754358425264527 1.0000000180025095e-35 1.0000000180025095e-35 0.15350261608567312 0.1590170516189213 0.011309012405831207 0.72623452471757488 0.16113386279787448 1.0000000180025095e-35 0.032762156404877792 0.046356296585538422 -0.032886082790214204 0.99800857587225367 -0.010716472089800087 0.59991866176830622 0.039263326941393693 0.070014198840248301
decision_type=2 2 2 2 2 2 2 2 2 2 2 2 2 2 2 2 2 2 2 2 2 2 2 2 2 2 2 2 2 2
left_child=1 8 3 -3 -4 7 -7 -6 10 -10 15 14 -13 19 -12 16 -1 -15 -17 -11 -5 -2 23 27 -24 -26 -25 29 -29 -23
right_child=21 2 4 20 5 6 -8 -9 9 13 11 12 -14 17 -16 18 -18 -19 -20 -21 -22 22 24 26 25 -27 -28 28 -30 -31
leaf_value=-0.069003632473382051 -0.0033158484139873528 0.041991509670274797 0.026633831840006485 -0.017805290059886927 0.0013787038486565777 0.013560527484269589 0.001910568376983695 -0.0025947214647146803 -0.012788368423412584 0.05360410700061962 0.0018696518256334565 0.0044047605958533421 -0.021613611660180176 -0.00047297926639664254 0.009977986508473119 0.046548161926141612 -0.002356286797271229 0.013867755098086588 -0.02347666797699648 0.0049264100209258262 0.042543645977483453 -0.017315028156679031 -0.048341606913669732 0.08899639894311924 -0.010867641051962716 -0.053631706520074256 0.016693845694472003 0.012996948148256632 -0.013750924941832552 0.037761139804306572
leaf_weight=78.983025833964348 8125.9616912379861 40.371148563921452 174.81114260107279 726.14856345951557 20687.506002761424 1211.8630534484982 2936.6845110952854 10656.351823605597 247.86129085719585 100.0002104267478 5883.1104556471109 461.65438199043274 438.25695652514696 711.33390781283379 2239.7935533262789 36.394859541207552 101.39247953146696 1585.4217337146401 32.174919307231903 51.804169666022062 21.672172568738461 508.04216581210494 71.683825194835663 18.869821138679981 877.8065170198679 47.682195726782084 62.32477805763483 269.0072304084897 181.10863911733031 24.925990417599678
leaf_count=486 41692 205 923 3639 102149 6220 14680 51143 1232 466 33702 2579 2585 3963 12177 186 548 8160 146 237 122 2553 322 116 4574 253 331 1479 1050 133
internal_value=0.0002709 0.00129099 0.000473449 -0.0130831 0.000773029 0.000645657 0.00531372 2.78102e-05 0.00378124 0.00893617 0.00228208 0.00287152 -0.00826619 0.0111353 0.00410543 -0.0190816 -0.0315399 0.00942625 0.0136905 0.0369925 -0.0160564 -0.00457787 -0.00955257 -0.00388045 -0.0156064 -0.0130709 0.0334971 -0.00696753 0.00223467 -0.0147392
internal_weight=58611 48423.6 36455.4 788.192 35667.2 35492.4 4148.55 31343.9 11968.2 2696.42 9271.76 9022.82 899.911 2448.56 8122.9 248.945 180.376 2296.76 68.5698 151.804 747.821 10187.4 2061.45 1064.28 997.173 925.489 81.1946 983.084 450.116 532.968
internal_count=298051 245548 179081 3966 175115 174192 20900 153292 66467 14058 52409 51043 5164 12826 45879 1366 1034 12123 332 703 3761 52503 10811 5662 5149 4827 447 5215 2529 2686
is_linear=0
shrinkage=0.1


Tree=139
num_leaves=31
num_cat=0
split_feature=10 12 7 14 3 7 3 19 5 13 4 12 13 11 3 11 4 4 4 2 4 14 7 9 14 2 10 10 4 7
split_gain=106.573 33.2123 29.3857 34.1237 57.0076 32.6675 27.7186 27.4706 72.9752 42.3312 31.3415 26.1176 27.5242 26.1008 19.994 19.7554 18.2355 19.9166 18.1489 17.8621 22.8025 16.5789 16.1832 19.451 16.1653 15.0814 14.8972 20.4759 18.2843 29.2929
threshold=0.24089209213286075 0.042167285267134418 0.25327420386179395 0.66297050371181998 -0.20407449490977123 -0.011388795607351008 -0.092294230797943952 1.0000000180025095e-35 0.0070387957463899928 0.12806247398289758 -0.0042342948565998731 0.10950570476405345 -0.32565182961804223 0.011646424021932592 0.0077757629655970115 0.018137898619162301 -0.023710803537381638 0.0062017120863040462 -0.015191757822034189 0.062740859540378238 0.027226260699225409 0.94151259843373769 0.26620147341070161 0.43317681314766771 0.99000672721233218 -0.063302252335865269 0.23860709771676594 0.21270378742863361 -0.013415938512349122 0.022336866846887963
decision_type=2 2 2 2 2 2 2 2 2 2 2 2 2 2 2 2 2 2 2 2 2 2 2 2 2 2 2 2 2 2
left_child=1 13 3 7 16 15 -7 11 9 -9 -10 12 -2 -1 -4 -6 -5 -18 -13 20 24 22 23 -16 -15 -24 27 28 29 -3
right_child=2 26 14 4 5 6 -8 8 10 -11 -12 18 -14 19 21 -17 17 -19 -20 -21 -22 -23 25 -25 -26 -27 -28 -29 -30 -31
leaf_value=-0.032054031347605767 0.019204361904247222 -0.029241896871285686 0.077480745547364643 0.053128214601929416 -0.021775427328961299 0.030139405231502422 -0.0019956205733205339 0.012921165749348274 -0.00041798633691234646 -0.011121551518345558 -0.024649947295156866 0.012261503290411882 0.0052574325791562891 -0.011812766193264955 0.060227859537446651 -0.0075091855908975824 0.0048365763387038302 0.037259606865464562 -0.0014453531828111277 -0.041680365787719852 0.13393367239539358 0.024432620854512956 0.05842564853103558 0.008687058422166995 0.10799637330399919 0.0022258420000625138 -0.033998671098234082 0.0055110783083488013 -0.012480285524502201 0.15261360372878802
leaf_weight=1011.002716049552 1561.5775835476816 18.01501577720046 44.310001716017723 137.80726611614227 1291.0087011568248 277.97619899734855 7807.1345592718571 2480.9198513496667 793.33931427448988 1038.9922974184155 1631.2619432061911 1085.8156671226025 15075.229836311191 2287.1808635704219 115.59587098285556 3911.78568238765 660.35429260507226 265.67960157990456 8753.9907149113715 200.15516838431358 10.873240262269972 628.3104521073401 48.786981672048569 199.74579729512334 11.31738832220435 2246.2778495457023 161.97487991675735 1492.0074243284762 1537.0238186884671 17.424635097384453
leaf_count=19380 7191 179 94 310 9791 837 37799 11366 3730 4252 8765 3123 70266 24134 463 15482 1966 746 33506 2150 65 1557 111 558 99 6513 1416 13611 18461 130
internal_value=2.64248e-05 -0.0117717 0.00161667 0.000974754 -0.00308494 -0.00486823 -0.000890778 0.00277184 -0.00337134 0.00582434 -0.0167212 0.00415111 0.00656653 -0.0184883 0.010762 -0.0110492 0.0191894 0.0141388 6.71887e-05 -0.0130232 -0.0105394 0.00984922 0.00633908 0.0275805 -0.0112228 0.0034205 -0.00444279 -0.00288059 -0.0108429 0.0601711
internal_weight=56802.9 6746.98 50055.9 46772.9 14351.7 13287.9 8085.11 32421.1 5944.51 3519.91 2424.6 26476.6 16636.8 3520.53 3283.03 5202.79 1063.84 926.034 9839.81 2509.53 2309.37 3238.72 2610.41 315.342 2298.5 2295.06 3226.45 3064.47 1572.46 35.4397
internal_count=298051 79625 218426 209130 66931 63909 38636 142199 28113 15618 12495 114086 77457 45828 9296 25273 3022 2712 36629 26448 24298 9202 7645 1021 24233 6624 33797 32381 18770 309
is_linear=0
shrinkage=0.1


Tree=140
num_leaves=31
num_cat=0
split_feature=11 0 4 18 9 3 6 9 17 0 15 9 15 6 2 2 20 9 15 8 4 11 4 0 4 0 10 10 7 7
split_gain=87.497 26.4739 27.283 39.9541 43.6383 38.7484 37.9118 38.4613 25.4562 47.0068 35.1125 26.8933 23.9207 23.5239 30.707 26.8538 21.8241 21.7565 23.6973 54.8478 20.6846 19.1855 18.7513 16.9756 16.9291 16.9251 18.3081 19.7814 16.9189 16.3091
threshold=0.01309333025127787 -0.081257705600218708 0.012595952066837725 1.0000000180025095e-35 1.0058024416920059 -0.046218063312326578 -0.0013824791158731917 0.71840484229644319 1.0000000180025095e-35 -0.014790763151695694 0.15709971558768782 0.14730878452792062 0.35695090928772472 0.0032310794854495399 0.019169916814814062 -0.027007664099320424 1.0000000180025095e-35 0.24891505197339506 0.87722239477131259 0.088562967060768882 -1.0000000180025095e-35 0.0089840320866713622 0.025040920242205281 -0.016331072460199932 0.0051390975107912249 -0.015094859086016042 0.25172788033041454 0.28114724304192451 0.095206271223084241 0.11946477640447352
decision_type=2 2 2 2 2 2 2 2 2 2 2 2 2 2 2 2 2 2 2 2 2 2 2 2 2 2 2 2 2 2
left_child=13 24 8 4 5 -4 7 -5 11 12 -11 23 -10 15 28 25 21 18 -16 -20 -13 -17 -8 -3 -2 -1 -27 -28 -15 -30
right_child=1 2 3 6 -6 -7 22 -9 9 10 -12 20 -14 14 17 16 -18 -19 19 -21 -22 -23 -24 -25 -26 26 27 -29 29 -31
leaf_value=0.0098515678381526223 0.029373904106082871 0.13090057861516127 -0.014533338453782225 0.051628698885558537 0.034207434652001524 0.0048777021691436169 0.017969209639741357 -0.0089119437929123021 0.015966367792927236 -0.040235671244247276 0.00098904999419549208 -0.0043486083902691481 -0.075594842282113217 -0.041678179326883169 -0.011928129250917307 -0.034319677466888264 -0.026917413489402731 -0.051401144812354506 0.1535464222014008 -0.015937637688511887 0.0005619601108638163 0.011984663576223581 -0.0077305728637237633 0.022376456732508727 -0.035071536553364258 -0.03983973099447527 0.062253051474708922 -0.03525463983972587 0.046367225938458566 -0.047020595360061479
leaf_weight=123.26688905060291 456.68532526493073 15.157947462052105 1430.0091086104512 496.09698752313852 388.22733657807112 3661.6492017991841 781.48581456393003 133.08910089731216 2777.5116715580225 212.8902971893549 7001.1427227184176 17510.372037623078 28.829392716288567 738.48532150872052 1081.5823496058583 98.610574807971716 219.71511412784457 127.89926731958985 29.325567930936813 54.728568080812693 16815.573335781693 966.46714498102665 445.89176847785711 293.53734300658107 44.756234839558601 425.66693960875273 39.896740056574345 43.479519888758659 45.021878285333514 31.986094694584608
leaf_count=1518 1062 92 5428 1515 795 12914 2469 331 10137 1071 34151 84880 151 10908 14912 2050 3355 1558 318 734 83030 12551 1357 2336 96 6071 420 463 565 454
internal_value=-0.000335127 0.000754537 0.000533989 0.0061856 0.00189017 -0.000573953 0.0188641 0.0388228 -0.000394523 0.00404437 -0.000227515 -0.00167877 0.0150258 -0.0145422 -0.02183 -0.0065249 0.00177798 -0.0122492 -0.0079533 0.0431935 -0.00194302 0.00769756 0.00863278 0.0277053 0.0236218 -0.0233956 -0.0314465 0.0114042 -0.0370269 0.00757758
internal_weight=56519 52492.9 51991.5 7336.45 5479.89 5091.66 1856.56 629.186 44655 10020.4 7214.03 34634.6 2806.34 4026.13 2109.03 1917.1 1284.79 1293.54 1165.64 84.0541 34325.9 1065.08 1227.38 308.695 501.442 632.31 509.043 83.3763 815.493 77.008
internal_count=297692 241815 240657 24809 19137 18342 5672 1846 215848 45510 35222 170338 10288 55877 29449 26428 17956 17522 15964 1052 167910 14601 3826 2428 1158 8472 6954 883 11927 1019
is_linear=0
shrinkage=0.1


Tree=141
num_leaves=31
num_cat=0
split_feature=4 9 13 4 18 3 8 6 8 6 17 3 17 8 20 10 8 8 2 3 9 4 13 6 15 13 12 12 8 3
split_gain=14.8044 11.5239 16.4669 14.7467 24.9759 31.2863 26.8557 24.7299 16.4405 11.1974 25.2917 27.221 22.7748 32.4122 11.612 10.4967 9.3624 9.2523 8.8236 8.77207 8.25506 7.36481 7.33816 7.24412 9.5496 5.77562 5.59603 7.10866 5.56714 7.57588
threshold=0.023400271604090864 0.17998620373028903 0.16561377746369571 0.0031311972594134656 1.0000000180025095e-35 -0.049922762136895386 -0.84614024976047209 -0.019994055479683744 0.31526079217602554 -0.02798188621541042 1.0000000180025095e-35 -0.023701646045114929 1.0000000180025095e-35 -0.47968689706703177 1.0000000180025095e-35 0.34046627244221178 -0.78405403677406216 0.066126707416759439 0.099759596124126007 0.10302803861248756 0.30270002853852612 0.00020304252487890476 0.29038921608133783 0.0027784295033703725 0.39667895516274387 -0.17169043477214271 0.056137698061235357 0.043835605623638994 -1.5210165903114636 -0.10141479857131451
decision_type=2 2 2 2 2 2 2 2 2 2 2 2 2 2 2 2 2 2 2 2 2 2 2 2 2 2 2 2 2 2
left_child=1 2 16 9 5 6 -5 15 -7 12 11 -11 14 -14 -3 -6 23 -12 21 -4 -9 -18 -21 24 -1 -2 27 -27 -28 -30
right_child=25 3 19 4 7 8 -8 20 -10 10 17 -13 13 -15 -16 -17 18 -19 -20 22 -22 -23 -24 -25 -26 26 28 -29 29 -31
leaf_value=0.0043183301143288133 -0.021179921104579998 0.0017363098573213631 -0.010805008409918816 -0.00022359988097879219 0.036817044863235719 0.0073908804007647355 -0.01853359162457174 -0.0018418247777005862 -0.00068421014929441167 -0.0088179974329452241 -0.01369235177991298 0.0013131139203790569 0.0035427640774386886 0.03252680294974019 -0.0074162979531273033 0.015554935690338868 0.011190445048194171 -0.004954287556460879 -0.030742876724418569 0.0040829131385483183 0.0095404076354199396 0.0041280328634854457 0.079536762455181736 0.040570663260369448 -0.022151277469781405 -0.0094781648519587647 0.016361281446342465 0.02603271985929791 -0.038549052456514653 -0.0083129295101612433
leaf_weight=277.5819421261549 312.52562081068754 5348.3467392735183 844.57472751289606 1922.9458791129291 366.29908587038517 5065.234496280551 1373.0170242786407 1080.3827693387866 5020.0799488313496 3216.5430086478591 2024.1735174916685 15113.440963208675 1384.4980769008398 534.88523038104177 1871.1222240403295 634.17324711382389 3027.6136347129941 3019.210496108979 60.168973930180073 38.272701151669025 1553.2658759690821 2882.2577603720129 19.433949805796146 31.596781045198441 267.78679309785366 112.71197821944952 79.649052254855633 112.7766936570406 91.37614643573761 889.85691835731268
leaf_count=1431 1507 27469 4914 9426 1789 25224 7031 5402 24357 16367 10330 76125 6832 2689 9823 3019 16857 15474 252 187 7527 15507 114 172 1467 542 432 562 458 4406
internal_value=0.000503807 0.000770122 0.00443717 0.000218574 0.00260378 0.00060718 -0.00785109 0.0099555 0.00337141 -0.00102973 -0.00219016 -0.000464692 0.00193817 0.0116199 -0.000635838 0.0233395 0.00618258 -0.00846133 0.00735818 -0.00822765 0.00487116 0.00774609 0.0294936 -0.00598169 -0.00867877 -0.00898639 -0.00602396 0.00828237 -0.00906474 -0.0111286
internal_weight=58575.8 56976.9 7449.29 49527.6 17015.4 13381.3 3295.96 3634.12 10085.3 32512.2 23373.4 18330 9138.85 1919.38 7219.47 1000.47 6547.01 5043.38 5970.04 902.281 2633.65 5909.87 57.7067 576.966 545.369 1598.9 1286.37 225.489 1060.88 981.233
internal_count=297692 289785 40901 248884 83775 66038 16457 17737 49581 165109 118296 92492 46813 9521 37292 4808 35686 25804 32616 5215 12929 32364 301 3070 2898 7907 6400 1104 5296 4864
is_linear=0
shrinkage=0.1


Tree=142
num_leaves=31
num_cat=0
split_feature=11 4 4 9 12 10 4 19 10 1 1 15 9 11 7 11 7 2 7 14 8 5 9 8 12 2 8 5 9 9
split_gain=49.6118 16.9792 15.989 13.6553 18.2326 15.1342 12.8148 14.246 12.7825 11.5907 11.4984 10.8751 9.99127 10.967 10.0416 9.66448 9.43292 9.16471 10.1447 7.83925 7.69731 7.82315 7.08915 7.03104 6.52 6.21245 6.08883 8.41423 5.58987 5.42982
threshold=0.023150662686846141 0.013320135070652441 0.025040920242205281 0.42738260194287953 0.14153283220103294 0.23010243822178808 -0.031236517272373417 1.0000000180025095e-35 0.44249859078721138 0.058210989701992462 -0.039195831299963839 0.093257306703757231 0.20544683970652328 0.0085175125003365878 0.090517341709622681 0.010938408949677425 -0.16666149371997599 -0.054558568112758936 -0.03299598374901324 0.014438795967916895 1.4205289608352953 -0.093677853174830836 0.22764921389059253 0.89668051294232232 0.16058155719331726 0.16893480326022162 2.0305704697380977 0.061263612462396096 1.2799315189560125 0.78987119832389563
decision_type=2 2 2 2 2 2 2 2 2 2 2 2 2 2 2 2 2 2 2 2 2 2 2 2 2 2 2 2 2 2
left_child=2 6 3 5 8 12 7 29 23 15 -9 -11 13 -1 -14 -7 28 18 -18 -19 21 -3 -4 -5 -12 -23 27 -6 -8 -2
right_child=1 20 22 4 26 9 16 10 -10 11 24 -13 14 -15 -16 -17 17 19 -20 -21 -22 25 -24 -25 -26 -27 -28 -29 -30 -31
leaf_value=0.013825200585486816 -0.023245808465365374 -0.04567118064238343 -0.052297408439171716 0.012912736772191253 0.030486715089699287 0.012033990784823364 -0.013376073443108469 -0.024670299605113449 -0.01078631407013673 0.076427553031294559 0.073216075346140178 0.0064648427788373186 0.0091137624026508112 0.0011027045547658432 -0.0053758924619058106 -0.001084642428250256 0.0074872304306108682 0.03622976245081555 -0.0055326770189606661 -0.0043092129159917544 -0.026030925475113688 -0.010519817519797782 -0.013250783542463044 -0.009644639538162296 -0.0064307055710698937 0.023526388078436836 0.083648853243076929 -0.018720940069062077 0.020741046197974376 -0.052471239158449937
leaf_weight=731.70605507493019 201.89580119028687 61.467538889497519 54.151076510548592 1061.30998519063 360.11099600046873 575.78360250592232 1096.4381223656237 42.179864410310984 391.7302974909544 22.477458849549294 31.60015694797039 1923.196699693799 4419.6344589591026 9155.0446434170008 536.32384216040373 22743.718067608774 1666.617251958698 48.0009745657444 933.72649783268571 7636.6335743255913 410.74351679161191 1485.1692960448563 328.96836037188768 158.86244610697031 15.232462480664251 55.601631924510002 19.022469744086266 38.460875861346722 50.223600689321756 92.788213297724724
leaf_count=3360 1332 442 251 5917 2047 2666 7151 311 2178 132 242 10084 20790 41735 2498 114106 10854 304 6095 47723 2910 9977 1788 840 118 437 118 197 393 696
internal_value=-0.000125258 -0.00532839 0.00156688 0.00175178 0.00975449 0.00134684 -0.00388205 -0.021858 0.00493015 -0.000142044 0.0132015 0.00727309 0.0038812 0.00204428 0.00754572 -0.000760729 -0.00327869 -0.00231955 0.00281207 -0.00405599 -0.0138178 -0.0106869 -0.0187697 0.00997584 0.0473107 -0.0092912 0.0283763 0.0257383 -0.0118817 -0.0324481
internal_weight=56348.8 13828.3 42520.5 42137.4 2029.5 40107.9 11815.3 383.696 1611.9 25265.2 89.0125 1945.67 14842.7 9886.75 4955.96 23319.5 11431.6 10285 2600.34 7684.63 2012.98 1602.24 383.119 1220.17 46.8326 1540.77 417.594 398.572 1146.66 294.684
internal_count=297692 88985 208707 206668 11297 195371 75219 2699 8935 126988 671 10216 68383 45095 23288 116772 72520 64976 16949 48027 13766 10856 2039 6757 360 10414 2362 2244 7544 2028
is_linear=0
shrinkage=0.1


Tree=143
num_leaves=31
num_cat=0
split_feature=11 14 4 4 4 9 10 3 13 7 13 13 2 3 13 4 10 9 13 9 10 14 2 11 10 9 13 5 15 10
split_gain=17.2355 11.3651 10.6444 10.0063 9.71192 8.96117 11.568 9.52453 8.83854 8.77359 10.1222 12.1513 7.38126 9.97961 9.14718 6.66339 9.18917 8.67544 10.9707 7.26013 11.9746 14.7318 7.24108 7.18912 12.8566 7.66633 6.63111 14.4734 8.43562 9.16425
threshold=0.020117460629596833 0.026236128094449793 -0.0026120932837105921 0.0097183813756205346 0.010323481722558371 0.32810433015945945 0.59650365257766114 0.1653467192205689 -0.48754358425264527 0.045679227306873356 0.21970357922120792 0.088834859250822545 0.14729004903616352 -0.11675071935872249 -0.0048367899134224178 -0.031236517272373417 0.58966527557972692 0.51076389125271182 0.30339376415221947 0.36111869615210163 0.31313518457368333 0.48154361584776179 0.027607655695973236 0.027836602334019179 0.31169870400594263 0.57128407680397331 -0.29215809506360718 -0.05252357643035737 0.053391183234804483 0.50579995909119213
decision_type=2 2 2 2 2 2 2 2 2 2 2 2 2 2 2 2 2 2 2 2 2 2 2 2 2 2 2 2 2 2
left_child=1 2 9 15 -4 -5 7 8 -7 10 11 -1 13 -8 -14 16 17 22 -19 20 21 -17 -2 25 -25 -21 27 -3 -29 -30
right_child=3 26 4 5 -6 6 12 -9 -10 -11 -12 -13 14 -15 -16 19 -18 18 -20 23 -22 -23 -24 24 -26 -27 -28 28 29 -31
leaf_value=0.032943213361921846 -0.024510386212209238 0.072130598477198341 0.0015494954461153841 -0.017203473082738709 0.045105000063450418 0.045956362830604336 -0.00033370427666400154 -0.014423448967325428 0.00088427836916259671 -0.0011729218197486263 -0.02008575128878437 0.097468872860043021 0.028597340449849958 -0.021495377882935186 -0.0092597301999517677 -0.0039286718546442398 -0.022853348638189216 0.046188794836953415 -0.022022494275853621 0.0018460404320056909 -0.0070176952541129477 0.014038972581826521 0.022659550767764637 0.079821537664670067 -0.0018877153662639403 0.012848598025226513 0.00079748806313364486 -0.025729692891851202 0.0037865005191540964 0.021325622089513174
leaf_weight=195.29681634902954 123.71647924184799 31.801912397146225 658.63626569509506 602.30730594694614 55.508514761924744 44.279386512935162 310.94337498396635 429.99465895444155 2496.1812378317118 86.913132674992085 29.029552385210991 34.312376007437706 91.24508248269558 786.60036090016365 212.39253171160817 1229.4412478208542 316.11949139088392 73.24005813896656 34.773725941777229 6818.5274213850498 3525.0304536521435 725.66652764379978 44.160831451416016 19.312999844551086 6609.986760430038 698.12684905529022 27649.656152974814 90.86674328148365 4142.9138549640775 320.98902160301805
leaf_count=935 530 156 3389 2792 280 225 1680 2128 12322 414 147 188 550 4130 1191 5880 1703 385 165 33141 16722 3605 219 123 34295 3759 143320 396 21213 1709
internal_value=0.000223414 0.00171661 0.0119066 -0.00175011 0.00493495 -0.00576824 -0.00419274 -0.000659753 0.00166987 0.0263146 0.0355516 0.0425858 -0.0116825 -0.0155001 0.00211657 -0.000761595 -0.0112143 0.00212182 0.024229 -0.000446294 -0.00353642 0.00274028 -0.0121021 0.000750819 -0.00164967 0.00286793 0.00138163 0.00490309 0.0044337 0.0050477
internal_weight=58488 33295.9 1059.7 25192 714.145 4973.94 4371.64 2970.46 2540.46 345.552 258.639 229.609 1401.18 1097.54 303.638 20218.1 592.011 275.891 108.014 19626.1 5480.14 1955.11 167.877 14146 6629.3 7516.65 32236.2 4586.57 4554.77 4463.9
internal_count=297692 172147 5353 125545 3669 25018 22226 14675 12547 1684 1270 1123 7551 5810 1741 100527 3002 1299 550 97525 26207 9485 749 71318 34418 36900 166794 23474 23318 22922
is_linear=0
shrinkage=0.1


Tree=144
num_leaves=31
num_cat=0
split_feature=10 4 12 1 13 19 7 7 3 5 9 11 3 0 19 11 11 3 3 3 13 5 11 10 1 8 11 14 14 12
split_gain=85.4726 33.1693 33.643 30.3873 61.978 47.0398 46.3302 36.8256 47.2076 42.4548 34.5139 29.6127 28.9825 27.6942 26.7769 25.9485 24.0454 23.8983 22.9336 22.8248 22.6739 21.5191 26.0948 20.3817 18.4383 28.8513 20.9177 18.3357 18.2391 17.9896
threshold=0.24089209213286075 0.015421366868544341 0.040454520902823629 -0.017801763372707221 -0.59470843254943417 1.0000000180025095e-35 -0.01860066919473707 -0.014115848992177936 -0.032886082790214204 -0.017713314360547679 0.96108161927054836 0.017419505642633656 0.083759021212709076 0.0035735466580748558 1.0000000180025095e-35 0.051562943439210585 0.044266078902156177 -0.23952854371673601 -1.0000000180025095e-35 -0.34446840077022362 0.37704048867149764 0.024229868903287714 0.045714886918954756 0.55379435312000902 0.0058196066128961563 0.878603374291132 0.010443918553908343 0.66677859861204392 0.99000672721233218 0.03058166227999852
decision_type=2 2 2 2 2 2 2 2 2 2 2 2 2 2 2 2 2 2 2 2 2 2 2 2 2 2 2 2 2 2
left_child=1 2 24 4 12 10 -7 11 9 -9 16 20 -2 -4 -10 18 17 -5 -8 -13 -6 27 -23 -18 25 28 -26 -12 -1 -27
right_child=3 -3 13 5 7 6 15 8 14 -11 21 19 -14 -15 -16 -17 23 -19 -20 -21 -22 22 -24 -25 26 29 -28 -29 -30 -31
leaf_value=-0.015254549876477522 0.070294486787129545 0.039718767288520265 0.0019371642153386528 0.027165209677222742 -0.012048830991016292 -0.024181890402870387 0.012604919584970307 0.017034815089878939 0.0019157382868531176 0.061118856580725502 -0.018608009965185853 0.025513435244139078 -0.015476985856461279 -0.01691204875114723 0.018348918613599684 0.057953481473059121 -0.038705629600577655 0.00080150752267977741 -0.0079693779984052089 0.00069395711556043951 -0.075398901514237782 -0.030673193508492669 0.011521605722394385 0.024665612134398718 -0.062036122540942033 0.15366819986178004 -0.023688210291429045 -0.067203317713894595 0.1372400902176748 0.0013305824929945084
leaf_weight=1832.0026712939143 202.55919144302607 126.76466605439782 2130.2182966470718 348.91444539278746 1079.1340596452355 1495.6160607486963 646.84601550921798 1161.9324874319136 4990.1815214157104 269.03829888254404 184.73203847929835 385.8042262122035 48.907864525914192 1229.2896264269948 1237.4341882094741 67.37734754383564 54.979348450899124 23633.461866784841 3335.5046558398753 9358.3818918168545 59.619154788553715 259.52189061790705 336.74837452173233 660.13149993121624 162.74525352753699 16.584915114566687 1129.1021971032023 133.93982424214482 7.8769432716071597 14.554990150034426
leaf_count=23775 605 1035 22051 1037 7559 7765 3323 4076 19509 1019 530 894 166 13684 5150 159 166 111053 17130 34276 500 790 775 1477 4038 158 14434 339 75 144
internal_value=-0.000292911 -0.010944 -0.0119286 0.0011249 0.00430075 -0.000790635 -0.0091411 0.00363196 0.00894448 0.0253231 0.00101732 -0.00010659 0.0536128 -0.00496002 0.00518103 -0.00358634 0.00172387 0.00118507 -0.00462753 0.00167664 -0.0153655 -0.0180549 -0.00684335 0.0197935 -0.0193305 -0.0129862 -0.0285192 -0.0390329 -0.0146017 0.0824646
internal_weight=56599.9 6649.14 6522.37 49950.8 18793 31157.8 5545.34 18541.5 7658.59 1430.97 25612.4 10882.9 251.467 3359.51 6227.62 4049.73 24697.5 23982.4 3982.35 9744.19 1138.75 914.942 596.27 715.111 3162.87 1871.02 1291.85 318.672 1839.88 31.1399
internal_count=297692 79394 78359 218298 73754 144544 28377 72983 29754 5095 116167 43229 771 35735 24659 20612 113733 112090 20453 35170 8059 2434 1565 1643 42624 24152 18472 869 23850 302
is_linear=0
shrinkage=0.1


Tree=145
num_leaves=31
num_cat=0
split_feature=11 19 7 4 20 2 1 13 20 7 4 4 4 17 0 18 1 0 3 0 3 4 11 13 1 5 7 4 3 4
split_gain=57.3297 21.2377 26.1583 24.5476 41.2444 20.4548 25.8436 20.3481 20.406 37.4028 41.4164 32.3278 28.0648 35.873 47.2781 33.7661 46.4717 27.7614 27.2331 25.5523 24.9523 19.4492 17.968 16.3346 14.2869 16.172 27.2482 17.5421 14.7894 13.3685
threshold=0.013495617421487716 1.0000000180025095e-35 -0.12527463714257311 0.0011144387333021923 1.0000000180025095e-35 -0.022818940102700577 0.013495471698424135 -0.69679898025390352 1.0000000180025095e-35 0.17401711240691201 -0.023710803537381638 -0.0042342948565998731 -1.0000000180025095e-35 1.0000000180025095e-35 0.030187670720696062 1.0000000180025095e-35 0.055868287315100636 -0.01000413943270617 -0.12587983100552866 -0.081257705600218708 -0.053617024429505993 0.027226260699225409 0.011309012405831207 0.080647065263197051 -0.0020681003792804016 -0.0038187537342715956 0.087597639636840655 -0.0026945939247169366 0.083759021212709076 -0.0014577049597073175
decision_type=2 2 2 2 2 2 2 2 2 2 2 2 2 2 2 2 2 2 2 2 2 2 2 2 2 2 2 2 2 2
left_child=1 3 -3 24 5 22 -7 -2 12 11 23 17 13 19 -15 20 -17 -10 -13 -9 -14 -12 -5 -11 25 27 -27 -1 -26 -30
right_child=7 2 -4 4 -6 6 -8 8 9 10 21 18 15 14 -16 16 -18 -19 -20 -21 -22 -23 -24 -25 28 26 -28 -29 29 -31
leaf_value=0.0021926825824098287 -0.042127646495343118 0.16276489644923031 -0.027921636156936908 -0.064236592092222433 -0.026410511594798736 0.030349433319794963 -0.0013037135944263653 0.029917305280393148 -0.0051231333971114021 0.10197547875233078 0.0031765238921034923 -0.027232404247382637 -0.0044125643118102876 0.0037960017864834142 0.043694450446060906 0.014537309481769681 -0.005539892122509462 0.016340150390860574 -0.0069723814068106075 -0.004082761542004802 0.0043332678723187312 0.050407435217193097 -4.7938650071331577e-05 0.027700996015480019 -0.026976471376320123 0.028665665419399824 -0.0883458685326904 -0.026172802793009473 0.026093120422392303 -0.027963316238144853
leaf_weight=424.95813764445484 108.55527453869581 7.2657557874917975 728.39013466052711 59.034035056829453 398.27211936190724 583.65304187312722 462.21029116027057 224.8049443885684 1421.7245595604181 66.440819218754768 1051.1763113513589 770.11867909878492 4447.9377838894725 5151.9998418241739 315.16209248453379 5470.0115487836301 1460.7461219765246 1045.995549172163 4790.6253741048276 13198.578531119972 12237.009831435978 95.071855679154396 166.91064363345504 53.412683613598347 976.45434540323913 207.77303369157016 22.009406289085746 447.72740349173546 110.08207529969513 78.284575819969177
leaf_count=5377 522 58 11495 933 5800 6852 5478 526 6193 144 3745 3387 18394 21982 920 22935 5181 5013 26850 63262 55578 201 1717 110 13765 2757 279 6020 1293 1011
internal_value=0.000166907 -0.0104421 -0.0260383 -0.00752806 0.00167192 0.010466 0.0163606 0.00112196 0.00121259 -0.00303187 0.0129424 -0.00555103 0.0021407 -0.000732285 0.006096 0.00443884 0.0103058 0.00397454 -0.00977823 -0.00351335 0.00200177 0.00709394 -0.0168189 0.0688751 -0.0143047 -0.00614528 0.0174579 -0.0123601 -0.0220274 0.00362744
internal_weight=56582.4 4673.02 735.656 3937.37 1670.08 1271.81 1045.86 51909.4 51800.8 9294.57 1266.1 8028.46 42506.3 18890.5 5467.16 23615.7 6930.76 2467.72 5560.74 13423.4 16684.9 1146.25 225.945 119.854 2267.29 1102.47 229.782 872.686 1164.82 188.367
internal_count=297778 62835 11553 51282 20780 14980 12330 234943 234421 45643 4200 41443 188778 86690 22902 102088 28116 11206 30237 63788 73972 3946 2650 254 30502 14433 3036 11397 16069 2304
is_linear=0
shrinkage=0.1


Tree=146
num_leaves=31
num_cat=0
split_feature=0 7 0 2 13 1 4 13 15 14 8 8 2 15 4 4 15 8 2 14 2 13 7 5 7 2 14 15 8 13
split_gain=21.5104 16.5678 15.8251 12.2395 9.35813 9.04467 8.64775 8.37964 7.32307 7.27845 6.90264 6.28491 7.0829 6.25637 5.33804 6.21427 9.89034 5.19966 5.19457 7.31095 4.9597 5.67028 4.60588 5.89902 5.11941 5.23437 5.07765 8.53357 4.82052 4.6584
threshold=-0.040848103621259242 0.25327420386179395 0.057944001108942496 0.10211796594092039 0.33311583550949159 0.016500663037631428 -0.0020442383934673454 0.10953181868495265 0.17712179114958207 0.92284467430984118 0.82651182572226323 0.45928339198648388 -0.030815152769013473 0.48439088834079752 0.017291526681357808 0.0084210218334503945 0.9825561872352685 -0.24771134533370889 0.11613713815667938 0.68613630708985107 -0.006978188661107331 0.12806247398289758 -0.022358851872015636 0.0023430699562271289 -0.0096028545001176618 -0.05690035249671687 0.24748152668533058 0.053391183234804483 1.9264751930201947 0.14112510123048266
decision_type=2 2 2 2 2 2 2 2 2 2 2 2 2 2 2 2 2 2 2 2 2 2 2 2 2 2 2 2 2 2
left_child=8 2 3 4 7 10 -7 -2 22 -6 -5 -3 13 -13 15 16 -4 -17 -14 -20 -16 -22 23 26 -24 29 -1 -28 -27 -26
right_child=1 11 14 5 9 6 -8 -9 -10 -11 -12 12 18 -15 20 17 -18 -19 19 -21 21 -23 24 -25 25 28 27 -29 -30 -31
leaf_value=-0.017034855539780114 0.0008448804715430095 -0.041362261649481535 -0.037548519333256404 0.031832241635960178 0.0044616741593836448 -0.0036498985740573684 0.0081882550738018121 -0.0025100960937322475 -0.058154003149653091 0.024353134140444183 0.0087025398022400422 -0.0073297835596266882 -0.01604722635005677 0.064449281250723189 0.00057569845303325731 0.044208108177065386 0.0053918332873231951 -0.00031147146384294426 0.0029348307416378499 -0.0140765674549442 -0.043157288082076264 -0.015444084955882002 -0.036294846567903626 0.037137629610787384 -0.034767311253711554 -0.0041794671602249697 0.0039573993574993855 -0.018843649743069329 -0.030372263946561902 -0.00053921996857908539
leaf_weight=307.8674647398293 37862.889442648739 58.243023335933685 104.21148168295622 229.32203704863787 3241.4951922558248 891.36305414140224 2005.2896034158766 9266.7291803881526 30.756124533712864 195.01979169249535 295.00841706246138 23.561145804822445 649.86864412203431 25.056998182088137 75.616803757846355 36.619093667715788 110.53021620213985 92.51034015789628 569.21489492058754 454.24131128191948 135.93160405755043 161.60217944160104 94.381746910512447 32.538371782749891 150.44172220677137 573.47966372966766 624.18063792958856 222.70888387784362 80.074449978768826 54.047127183526754
leaf_count=1617 192057 276 515 1162 16619 4267 9724 47378 173 1040 1518 126 3103 139 401 214 578 476 2817 2254 665 770 482 184 820 3066 3423 1165 444 305
internal_value=6.38429e-05 0.000439236 0.000748188 0.000944201 0.000552565 0.00673303 0.0045454 0.000185218 -0.00970535 0.0055905 0.0188186 -0.0090547 -0.00796193 0.029664 -0.0140103 -0.00502217 -0.0154466 0.0123136 -0.00905514 -0.00461535 -0.0222932 -0.0281052 -0.00900896 -0.00485355 -0.0141891 -0.0117575 -0.00603676 -0.00203866 -0.00738865 -0.0257207
internal_weight=58654.8 56484.3 54704.1 53987.1 50566.1 3420.98 2896.65 47129.6 2170.48 3436.51 524.33 1780.19 1721.94 48.6181 717.022 343.871 214.742 129.129 1673.32 1023.46 373.151 297.534 2139.72 1187.3 952.425 858.043 1154.76 846.89 653.554 204.489
internal_count=297778 286099 277384 273765 257094 16671 13991 239435 11679 17659 2680 8715 8439 265 3619 1783 1093 690 8174 5071 1836 1435 11506 6389 5117 4635 6205 4588 3510 1125
is_linear=0
shrinkage=0.1


Tree=147
num_leaves=31
num_cat=0
split_feature=11 13 4 19 4 17 9 1 11 9 11 0 4 5 11 8 4 0 13 14 9 5 7 14 9 9 9 14 3 6
split_gain=48.4655 19.2463 18.0318 14.5482 12.5688 21.6375 12.9379 12.711 12.3165 17.3382 9.58723 9.50134 10.0788 9.15571 9.23453 9.14948 8.5554 7.89423 7.34951 7.14117 6.81503 6.55114 7.86249 6.25479 7.55669 6.22115 6.01257 5.98713 5.90978 15.3542
threshold=0.019315247832425959 0.28398701008874089 0.027226260699225409 1.0000000180025095e-35 -0.01007113807504245 1.0000000180025095e-35 0.28358463087121843 -0.051606020382787936 0.029523172187401154 0.58440587207463712 0.01282362672872603 0.015494373895054149 -0.013415938512349122 0.029418807548384555 0.010220932097057408 2.7306517970615203 0.022030830858696063 -0.06214612482645742 -0.13850753779742364 0.64304909071227556 0.42193221713824131 -0.093677853174830836 -0.075583756771689811 0.49764784840003568 0.50166678983270285 0.2375929934219016 0.83641312755954889 0.44590051320081864 0.067671871303820033 0.022419855585855911
decision_type=2 2 2 2 2 2 2 2 2 2 2 2 2 2 2 2 2 2 2 2 2 2 2 2 2 2 2 2 2 2
left_child=1 3 8 4 5 18 10 -8 9 15 -6 12 -3 14 19 20 27 -10 -1 -5 -2 -11 -23 26 -25 -16 -19 -15 29 -14
right_child=2 11 -4 13 6 -7 7 -9 17 21 -12 -13 28 16 25 -17 -18 23 -20 -21 -22 22 -24 24 -26 -27 -28 -29 -30 -31
leaf_value=0.015091771430865087 -0.0039418680404181118 -0.015235525803892308 -0.01978404296339166 0.028489465802927945 0.0023407161258039689 -0.025261500586185454 -0.013096605115060301 0.0068503199479173745 -0.023488989645847076 -0.016269868127778541 -0.0021663857689266418 -0.0030216603267463056 0.017345007676387952 0.0082555840125185104 -0.00033799499940457612 -0.03543722718661365 -0.043641376482207263 -0.0052048217026699779 -0.0055682404284861193 0.0055867372769855097 0.00058744121761469261 0.031315070041393583 0.0085896274570627304 -0.020894910728285546 -0.0072957386326240577 0.0071487427838674775 0.0075292080240788976 0.02592551811437957 0.027547832604742053 -0.010794836336349036
leaf_weight=259.39328677207232 10586.240682847798 111.80942687392235 681.97968971170485 266.30117224901915 8506.8530127480626 504.13375949114561 342.47499784827232 4755.4641939327121 286.80847738496959 79.521917395293713 10600.693327456713 400.78141671419144 1241.0431896448135 353.88311751931906 2492.9068621248007 84.907819084823132 23.324419125914574 2346.9116245321929 512.15537471324205 278.54554414749146 4841.2515276670456 196.5512420386076 675.33611064404249 513.35489050298929 2002.5415384098887 2000.635378010571 440.36413566768169 418.55472425371408 341.67550411820412 229.80881468206644
leaf_count=1383 57816 530 4757 1258 38302 2379 1722 24202 2243 462 50252 1934 5985 1769 11753 463 113 15713 2578 1269 28878 1273 4259 3309 14707 10154 3383 2150 1715 1067
internal_value=-0.000202774 0.00220765 -0.00376929 0.00155589 0.000524538 -0.00914983 0.0010344 0.0055103 -0.00327406 -0.00189703 -0.000159783 0.0109857 0.013903 0.00606039 0.00448603 -0.00270071 0.0160285 -0.00732973 0.00137762 0.0167808 -0.00252054 0.0112066 0.0137127 -0.00645579 -0.0100706 0.00299528 -0.00319296 0.0178303 0.0157005 0.0129484
internal_weight=56376.2 33640.4 22735.8 31315.3 25481.2 1275.68 24205.5 5097.94 22053.8 16463.8 19107.5 2325.12 1924.34 5834.15 5038.39 15512.4 795.762 5589.98 771.549 544.847 15427.5 951.409 871.887 5303.17 2515.9 4493.54 2787.28 772.438 1812.53 1470.85
internal_count=297778 160515 137263 149284 120818 6340 114478 25924 132506 93151 88554 11231 9297 28466 24434 87157 4032 39355 3961 2527 86694 5994 5532 37112 18016 21907 19096 3919 8767 7052
is_linear=0
shrinkage=0.1


Tree=148
num_leaves=31
num_cat=0
split_feature=15 0 19 4 18 6 1 3 8 8 3 19 0 0 0 4 18 13 15 4 0 2 4 0 6 13 0 0 3 1
split_gain=13.0299 29.4078 17.4334 14.04 22.0331 22.7487 21.3576 17.4653 31.0282 21.1713 17.2495 15.6091 19.1499 19.1176 12.6551 11.4352 14.7314 11.1798 10.9074 8.82626 9.31227 8.68428 8.28277 7.90202 7.42376 5.64662 11.6094 7.24325 5.42326 5.02019
threshold=0.8807927141418338 0.030993003063356287 1.0000000180025095e-35 0.0084210218334503945 1.0000000180025095e-35 -0.0013824791158731917 0.010673441944017538 0.065403626326604916 0.26584714585067015 0.24110849417613561 0.043044548518833776 1.0000000180025095e-35 0.014356292904359471 0.014917644242520957 0.020677279135230323 0.029608063803824528 1.0000000180025095e-35 -0.13607065061067522 0.78744130327808604 0.0017077275003352101 0.0054830247906463301 -0.006978188661107331 0.038310204041673408 0.023863624567922685 0.064832607821578639 0.44540697665875623 0.023863624567922685 0.044320313784533834 0.081136971709519182 0.058210989701992462
decision_type=2 2 2 2 2 2 2 2 2 2 2 2 2 2 2 2 2 2 2 2 2 2 2 2 2 2 2 2 2 2
left_child=1 3 15 6 10 28 11 8 -8 -9 14 13 -13 -1 -5 16 21 -12 -4 -2 -21 -3 25 -7 -17 27 -27 -22 -6 -20
right_child=19 2 18 4 5 23 7 9 -10 -11 17 12 -14 -15 -16 24 -18 -19 29 20 22 -23 -24 -25 -26 26 -28 -29 -30 -31
leaf_value=-0.002525966934695856 -0.0085845001363875333 0.052304367833176615 0.057921519855519327 0.0010687934026241441 -0.03312813011197669 -0.0075804668018086708 0.0038310621514788257 -0.028470180598729147 0.018464352712573212 0.00091808800725161625 -0.020776754093125488 0.005830887995570324 -0.017936500162664466 0.010244023981586924 0.021360940433963388 0.041630872445416252 -0.002016662053697567 -0.0035189656099666117 -0.032739797055705754 0.060157360424705576 -0.0041869138332829977 0.022053351929458256 -0.017480761904249294 0.02779102686363957 0.11154549015974591 0.067220914622641278 0.0054023631140948762 0.0052063001008937383 0.01850216016813136 0.013122134834989153
leaf_weight=21953.148106426001 2599.8590915650129 132.12137921154499 19.486477300524712 2707.6249324604869 533.07356149330735 627.91628582403064 8027.9490784034133 255.44938118010759 1768.1623129919171 6068.991744376719 559.25626492500305 4901.4392969831824 364.19161276519299 1238.4712186343968 346.68303428217769 49.664990104734898 196.9006372243166 1141.6403938867152 103.25518690794706 24.550154559314251 2734.3832106180489 336.82451663166285 305.93397631496191 70.221602894365788 21.877773478627205 35.349326550960541 216.05486855655909 1173.1296363770962 21.151953171938658 31.043921552598476
leaf_count=109795 12818 675 119 13422 2606 3178 41566 1340 9326 31734 2809 25562 1957 6130 1727 238 960 6010 556 125 13743 1777 1535 370 120 206 1096 6006 104 168
internal_value=7.15049e-05 0.000625039 0.0186327 0.000307794 -0.00423038 -0.0160311 0.000919385 0.00382758 0.00647232 -0.000268928 -0.00112247 -0.00072806 0.00418704 -0.00184403 0.00337208 0.02502 0.0209381 -0.00919334 -0.011994 -0.00394782 -0.00126267 0.0305763 -0.00160039 -0.00402266 0.0630108 -0.000432214 0.0140945 -0.00136684 -0.0311577 -0.0221386
internal_weight=58565.8 51476.5 891.175 50585.4 6007.57 1252.36 44577.8 16120.6 9796.11 6324.44 4755.2 28457.3 5265.63 23191.6 3054.31 737.389 665.847 1700.9 153.786 7089.26 4489.4 468.946 4464.85 698.138 71.5428 4158.92 251.404 3907.51 554.226 134.299
internal_count=297778 262249 4613 257636 30226 6258 227410 83966 50892 33074 23968 143444 27519 115925 15149 3770 3412 8819 843 35529 22711 2452 22586 3548 358 21051 1302 19749 2710 724
is_linear=0
shrinkage=0.1


Tree=149
num_leaves=31
num_cat=0
split_feature=10 8 7 4 9 20 8 1 13 19 4 10 4 2 7 4 1 13 19 14 13 7 14 13 13 13 1 13 20 0
split_gain=70.199 41.2625 53.4937 61.6915 32.2139 52.0567 30.002 39.6308 53.378 50.8225 48.2085 34.7224 33.5702 30.2496 42.5184 41.9826 29.0878 25.1434 21.3689 20.8765 25.7576 22.8607 23.2721 27.0432 21.8253 16.9165 18.5219 16.8496 17.0292 16.0031
threshold=0.21270378742863361 0.12522617400930283 0.038156114254381597 -0.012206152816339076 0.21691517123558257 1.0000000180025095e-35 1.3767890748700784 -0.039195831299963839 0.18918338318380998 1.0000000180025095e-35 0.012595952066837725 0.32047357293549161 0.033011688055433648 -0.011771205784868453 -0.0069186826368861079 -0.00075917452109419681 0.003484758788322218 -0.63147078040166804 1.0000000180025095e-35 0.41028221754421468 0.59331758712532112 -0.011388795607351008 0.94151259843373769 -0.14351992400828573 0.043316756559777944 0.0023370114752716982 -0.0061042591275639593 -0.23758298173065032 1.0000000180025095e-35 0.020677279135230323
decision_type=2 2 2 2 2 2 2 2 2 2 2 2 2 2 2 2 2 2 2 2 2 2 2 2 2 2 2 2 2 2
left_child=1 2 18 -4 -5 -6 7 8 10 13 17 -12 16 14 -9 -15 -11 -2 -1 20 -8 -21 23 -23 -24 26 27 28 -3 -10
right_child=6 25 3 4 5 -7 19 9 29 12 11 -13 -14 15 -16 -17 -18 -19 -20 21 -22 22 24 -25 -26 -27 -28 -29 -30 -31
leaf_value=-0.0075387858309463986 0.070441551374181843 -0.007154795644500141 0.23354016517792622 0.0038219643467587773 0.029019926270529246 0.20832694896294057 0.018857239282265278 -0.0098131346053744843 -0.0080550393845151055 -0.0029346410245644546 0.095020313425006775 0.024457340786936076 0.035766585099801317 0.008028986689233247 0.0041857745020964059 -0.0015016998098528694 -0.017185883484566639 0.0059047536098535145 -0.03703117499805713 -0.053946537541237849 -0.047843392661754747 -0.012171509374586022 0.036723681313495488 0.0072721881395970012 0.0026640032363869116 -0.014034448351216922 -0.046545230863294068 -0.036904578591827462 0.086143867348592751 0.011814064175965876
leaf_weight=1797.5693270899355 60.843642801046371 70.875123150646687 14.405433245003222 245.70687419176102 62.553911423310637 21.845823138952255 1721.0732235722244 5889.0673738904297 3100.2073146663606 2448.1459933519363 75.494884394109249 914.14934850484133 155.72699931636453 7662.5356098823249 3435.2625025138259 11647.413258969784 3451.2224052790552 7727.6663336157799 284.56819831952453 67.79666356742382 59.910947009921074 1060.1535032894462 393.58158389106393 2199.1835509259254 360.43362133949995 553.76785058528185 560.99423669651151 123.95068013481796 27.022070590406656 466.34298000857234
leaf_count=23856 161 712 98 3656 658 181 5981 28693 12101 14190 353 2499 504 37853 16705 60984 20499 29699 5261 234 197 3799 1177 7055 965 7757 8477 1760 199 1514
internal_value=-0.000104922 -0.0133014 -0.00553012 0.0309705 0.0221306 0.0754313 0.000833933 -6.85038e-06 0.0048591 -0.00173847 0.00905055 0.0298402 -0.0100621 2.16699e-05 -0.00465567 0.00228025 -0.0112718 0.00640891 -0.0115695 0.00757986 0.0166135 0.00363765 0.0046104 0.000947803 0.0204425 -0.0274105 -0.0368724 -0.0124124 0.018598 -0.00545706
internal_weight=56659.5 3763.26 2426.65 344.512 330.107 84.3997 52896.2 47034.1 12344.7 34689.4 8778.15 989.644 6055.1 28634.3 9324.33 19309.9 5899.37 7788.51 2082.14 5862.13 1780.98 4081.15 4013.35 3259.34 754.015 1336.61 782.842 221.848 97.8972 3566.55
internal_count=297778 52615 33710 4593 4495 839 245163 225755 46327 179428 32712 2852 35193 144235 45398 98837 34689 29860 29117 19408 6178 13230 12996 10854 2142 18905 11148 2671 911 13615
is_linear=0
shrinkage=0.1


Tree=150
num_leaves=31
num_cat=0
split_feature=10 14 20 2 6 0 4 8 9 3 8 3 16 3 19 5 6 7 7 2 18 13 0 0 17 0 9 0 7 0
split_gain=54.8302 24.9322 23.7808 34.1912 29.4114 21.9357 21.7332 20.9468 19.6554 19.1932 18.0202 62.2285 68.6101 59.3299 39.0479 56.1899 51.9579 34.9253 33.1655 32.7803 30.7723 30.6989 30.6021 30.3912 28.9046 15.4089 14.3928 14.2246 19.5743 14.2065
threshold=0.22409073648435415 0.099059499340810625 1.0000000180025095e-35 0.059471065478441616 0.032017843466599534 -0.017374165606671928 0.0060888583015219497 0.42114928065778939 0.11308079630317346 -0.019882179407260111 0.24945258798053746 0.051687072426354515 1.0000000180025095e-35 0.024908214323495551 1.0000000180025095e-35 0.012434617344078582 0.006888796914054752 0.023197868044948836 0.024889156062314347 0.023847562003975534 1.0000000180025095e-35 0.12502415827552982 -0.081257705600218708 0.048728090262518016 1.0000000180025095e-35 0.010124930670515566 0.21443591383811386 -0.0041099082920341692 0.10026873415181316 -0.018091941824836418
decision_type=2 2 2 2 2 2 2 2 2 2 2 2 2 2 2 2 2 2 2 2 2 2 2 2 2 2 2 2 2 2
left_child=2 -2 3 5 -5 26 -6 27 9 -7 11 17 18 20 16 -16 -15 23 -13 -14 24 -22 -19 -3 -12 -10 29 -4 -29 -1
right_child=1 10 7 4 6 8 -8 -9 25 -11 13 12 19 14 15 -17 -18 22 -20 -21 21 -23 -24 -25 -26 -27 -28 28 -30 -31
leaf_value=0.025602516388090326 -0.0062491251595315914 0.00090523046966593682 -0.035542018083316959 0.17253705568048427 0.0049964450496613709 0.067813993700732059 0.073179778392695613 -0.055666464119928864 -0.017028480000584777 -0.0011953955522841665 -0.040522236997757644 0.033678243718697244 0.032468774510707211 0.018447208613626011 -0.027523495990394116 -0.00023841629440607382 0.00051943924319645268 0.078404820419637727 -0.0041246192002572192 0.1023178280706154 -0.0077041259351122056 0.090806278382367711 0.008418025450365036 -0.022199528954679741 0.0024748412856500034 -0.00040510841380745634 -0.0059182124010238304 -0.010380499469603205 0.10643228254725133 0.11473132490106107
leaf_weight=137.29681650549173 4554.266750279814 20211.342423304915 269.63751024007797 13.026680465787647 229.01864789798856 57.398398604243994 58.738451708108187 176.77522852085531 2619.1545602437109 135.3122136965394 708.46567083895206 415.48854724690318 125.88631980866194 1845.484166553244 1115.7963485326618 2332.5902829989791 13033.733677491546 63.205042496323586 525.74584007263184 144.0941267311573 147.30758843198419 40.285660177469254 5422.3738090023398 585.80548192560673 200.62057952582836 708.43676583841443 151.75026436522603 445.62062952294946 14.822293950244783 20.561643734574318
leaf_count=1557 23052 95233 3557 125 2452 836 507 2347 32914 2284 3639 2014 628 7119 5282 10001 54925 119 2908 705 689 152 25340 1869 987 8367 1480 6341 164 221
internal_value=-0.000159545 0.000814927 -0.0101165 -0.00689717 0.0255676 -0.00944681 0.0189144 -0.0247802 -0.0116912 0.0193589 0.00150062 0.00314789 0.0253095 -0.000830984 0.000520937 -0.00906706 0.00274304 0.00212659 0.0125627 0.0697487 -0.0234242 0.013451 0.00922442 0.000254425 -0.0310335 -0.0134894 0.0160723 -0.0173017 -0.00662013 0.0372119
internal_weight=56510 51472.5 5037.55 4130.69 300.784 3829.91 287.757 906.856 3520.3 192.711 46918.2 27493.9 1211.21 19424.3 18327.6 3448.39 14879.2 26282.7 941.234 269.98 1096.68 187.593 5485.58 20797.1 909.086 3327.59 309.609 730.08 460.443 157.858
internal_count=297814 234662 63152 50743 3084 47659 2959 12409 44401 3120 211610 128816 6255 82794 77327 15283 62044 122561 4922 1333 5467 841 25459 97102 4626 41281 3258 10062 6505 1778
is_linear=0
shrinkage=0.1


Tree=151
num_leaves=31
num_cat=0
split_feature=0 15 0 15 0 7 7 0 0 19 7 4 0 1 4 12 0 1 6 4 13 4 2 9 8 13 12 14 5 2
split_gain=14.7375 17.8924 17.8905 23.0793 15.7844 11.6518 11.3608 10.6342 12.6433 8.67522 8.16385 8.03263 12.2909 6.99166 6.93257 9.01127 6.7993 7.06785 12.8713 6.73963 15.5988 7.50697 10.2428 7.06538 6.66109 7.48346 10.9893 8.82547 7.59072 7.91678
threshold=-0.03775189194775818 0.077155325690158857 -0.016991810356929978 0.14098692424536086 0.038190135918058539 0.091958319539200653 0.25327420386179395 1.0000000180025095e-35 -0.013363264711745202 1.0000000180025095e-35 -0.070753115044176237 0.0050463114301941845 -0.024996098202011648 -0.15564257615625296 0.001388599434275273 0.09124999010932261 -0.0068801705259129422 0.047945150171043512 0.054024756635375877 -0.018824772264764974 0.35761457545110226 0.0095107383992150147 0.037086620071026928 0.24015227592724633 -2.2350154273393765 0.1767915614634834 0.061823280889717135 0.47364901776248897 0.00057712081291572137 -0.027735672655801121
decision_type=2 2 2 2 2 2 2 2 2 2 2 2 2 2 2 2 2 2 2 2 2 2 2 2 2 2 2 2 2 2
left_child=10 5 19 7 6 16 -5 8 -4 -6 24 14 -13 -12 15 -7 17 -2 -19 20 23 -21 -23 -3 -1 28 27 -27 29 -26
right_child=1 2 3 4 9 11 -8 -9 -10 -11 13 12 -14 -15 -16 -17 -18 18 -20 21 -22 22 -24 -25 25 26 -28 -29 -30 -31
leaf_value=-0.018198936456596749 0.008128109532740296 0.021712891638941936 0.0042104332676513876 0.00097966373838334901 -0.0095042209895239548 0.047750358086354965 -0.0092971110080853365 -0.034953347464673316 0.024690571657490237 0.0036836225045854642 -0.050092239570419583 0.020164060308254274 0.10981227022378881 -0.010582358752065658 -0.013705783274455261 0.0099097673221684845 -0.040259158985044757 -0.041485183010710996 0.034788296841734033 -0.0034028990755673276 0.042710059959052554 -0.02946379267603046 0.014584917922570068 -0.0267331603964867 -0.00024631808349052166 0.096146412075299975 0.0070305805499906839 0.015952590288310666 0.057485655567387585 -0.032686569592820999
leaf_weight=171.44132646173239 1763.0582933053374 32.689420081675053 539.79197461158037 42942.318764142692 2389.4533457458019 106.4376957193017 1103.3459957465529 42.993863184005022 682.64607981592417 630.40755964815617 46.102978151291609 36.503597818315029 26.320259258151054 1571.2135039456189 54.966622933745384 153.96332937479019 31.452320232987404 73.583191469311714 31.637222804129124 4630.5209697857499 39.718325793743134 236.21850943565369 67.982650689780712 380.56517662853003 421.33702141046524 27.727851986885071 249.08857157081366 27.170655906200409 19.526892483234406 91.579238601028919
leaf_count=927 8830 184 2663 217908 12047 555 5373 237 3508 3053 262 199 146 8399 275 787 166 338 164 23873 208 1081 334 1837 2270 158 1315 151 100 466
internal_value=1.65085e-05 0.000359815 -8.28073e-06 0.000601029 0.000242713 0.00904036 0.00072223 0.013928 0.0156472 -0.00675121 -0.0073064 0.0250697 0.0577225 -0.0117086 0.0185651 0.0253769 0.00584929 0.00662552 -0.0185516 -0.00547416 -0.0171479 -0.00440259 -0.0196198 -0.022901 -0.000242208 0.00343834 0.0159566 0.0564565 -0.00370871 -0.0060384
internal_weight=58621.8 55996.6 53718.7 48331 47065.5 2277.92 44045.7 1265.43 1222.44 3019.86 2625.19 378.192 62.8239 1617.32 315.368 260.401 1899.73 1868.28 105.22 5387.7 452.973 4934.72 304.201 413.255 1007.87 836.43 303.987 54.8985 532.443 512.916
internal_count=297814 283766 272306 244789 238381 11460 223281 6408 6171 15100 14048 1962 345 8661 1617 1342 9498 9332 502 27517 2229 25288 1415 2021 5387 4460 1624 309 2836 2736
is_linear=0
shrinkage=0.1


Tree=152
num_leaves=31
num_cat=0
split_feature=11 16 1 15 13 10 4 19 10 4 9 12 2 9 17 2 10 12 2 10 8 13 11 12 6 11 14 15 10 9
split_gain=37.0423 15.5199 15.7304 16.3856 16.2175 14.0641 12.9276 15.863 11.7999 11.7374 10.8563 11.9386 10.2038 9.89895 9.41637 9.31414 9.24491 8.99945 8.20301 7.75155 9.80394 8.29259 7.1607 7.07259 7.03063 6.91157 7.23684 6.84954 10.3125 8.99692
threshold=0.029523172187401154 1.0000000180025095e-35 -0.0005086043903268499 0.74437360931202423 -0.20013377217947612 0.38417616842282498 -0.0067674444623038168 1.0000000180025095e-35 0.68418748401758311 0.01107765084282031 0.66523928932457943 0.24270644853033566 0.01337427407131764 0.44514664244706881 1.0000000180025095e-35 -0.039977781683947049 0.62701075874361101 0.31495642993404471 -0.0057820029292003907 0.41462364402767521 -0.38029456784165888 -0.12611732772383757 0.011646424021932592 0.017606463178909341 0.036419016544123613 0.042979910437058046 0.98655462032959496 0.62651012409806961 0.16416784915814156 0.10919692947200235
decision_type=2 2 2 2 2 2 2 2 2 2 2 2 2 2 2 2 2 2 2 2 2 2 2 2 2 2 2 2 2 2
left_child=1 2 4 6 12 15 7 -4 10 27 19 25 24 -7 -14 -6 -13 -10 -5 20 -2 -21 -20 -8 -1 26 -12 29 -29 -3
right_child=8 9 3 18 5 13 23 -9 17 -11 11 16 14 -15 -16 -17 -18 -19 22 21 -22 -23 -24 -25 -26 -27 -28 28 -30 -31
leaf_value=-0.0035386722424067141 -0.014569616435231759 -0.030656548014338977 -0.0086541084446027008 0.007508239892926781 0.006540023134420034 -0.011296743665699938 0.022803130562472976 0.010416232254829991 -0.018141655390252871 -0.013950775406900233 0.0059562326433088069 0.071536987120783171 -0.018935656338853565 0.00081009549085155226 0.0023289446988488116 0.0005790024633364377 0.010880160268644244 -0.0030949509114950482 0.0083045027350973129 -0.00080847864061180704 0.01355051682911091 -0.013740403184510107 -0.0032323802984480596 0.0060733293819449103 0.035387954232738675 -0.02237218814117559 -0.054142544933299355 0.026822732107441807 0.00074105342010280907 -0.0031941048804412127
leaf_weight=3389.5918220505118 194.61898506060243 121.82019117474556 1309.5330337621272 1054.1970186010003 3957.2589129209518 1388.8978883251548 257.85262048244476 654.02668277919292 1433.1282697506249 876.67179157212377 731.9349398240447 44.082182798534632 877.13319951295853 1314.5397632531822 273.07327095419168 7763.7748205885291 58.436230540275574 550.06313332915306 598.49765628576279 700.98510709032416 341.61080220341682 1694.5895948298275 5321.9327957443893 12633.999347697943 47.042081594467163 111.44956209138036 20.600236620754004 160.66176661849022 2687.0581563487649 5750.8771840631962
leaf_count=17242 1213 527 6744 5520 20276 7744 1225 3505 11196 4930 5339 342 4325 8074 1436 37210 414 4073 2694 4829 2223 11315 27476 62876 285 817 145 763 13899 29157
internal_value=-0.000178122 0.00069763 0.00154795 0.00337942 -0.000555057 0.00109194 0.00525667 -0.00230212 -0.00768838 -0.002921 -0.0044936 0.00469751 -0.00573446 -0.00540982 -0.0138872 0.00259156 0.0369622 -0.0139683 -0.000618975 -0.00752356 0.00334461 -0.00995631 -0.00206611 0.00640795 -0.00300583 0.00086906 0.00431106 -0.00181217 0.00221252 -0.00376377
internal_weight=56319.9 50438.4 40841.4 21830 19011.3 14424.5 14855.4 1963.56 5881.5 9597.09 3898.31 966.503 4586.84 2703.44 1150.21 11721 102.518 1983.19 6974.63 2931.8 536.23 2395.57 5920.43 12891.9 3436.63 863.985 752.535 8720.42 2847.72 5872.7
internal_count=297814 255908 206632 110040 96592 73304 74350 10249 41906 49276 26637 7057 23288 15818 5761 57486 756 15269 35690 19580 3436 16144 30170 64101 17527 6301 5484 44346 14662 29684
is_linear=0
shrinkage=0.1


Tree=153
num_leaves=31
num_cat=0
split_feature=10 9 8 3 17 5 3 15 3 11 9 10 15 14 2 13 9 13 13 10 2 5 15 13 10 7 6 8 3 8
split_gain=15.4269 14.8022 13.3757 26.6154 13.9901 12.4946 11.853 11.2344 10.5019 9.83019 8.9084 15.2297 8.82388 8.18351 7.9301 7.76898 8.62039 7.60539 7.09599 6.75697 6.66928 8.97698 6.17121 10.4252 6.13543 6.04527 8.79592 6.01406 5.78181 11.4239
threshold=0.48978713622143316 0.54646667289788142 -0.9155982926599725 -0.13277237404424633 1.0000000180025095e-35 0.0055903858645841584 0.21067071454836642 0.017125167503564315 -0.064422453209133743 0.024904055229348989 0.62518344929805736 0.61904819027644231 0.010665099768463146 0.52081935123042522 0.12728458365382592 -0.30557180932641714 0.57128407680397331 -0.049617211448169843 0.061661990196260126 0.15966328493256263 0.022113178289355776 0.031050442178817365 0.43269563618268758 -0.12611732772383757 0.94592159475879167 -0.01774175585037235 -0.022988504552036656 -1.9285829273607684 -0.15326277018750287 -2.1231935738374808
decision_type=2 2 2 2 2 2 2 2 2 2 2 2 2 2 2 2 2 2 2 2 2 2 2 2 2 2 2 2 2 2
left_child=1 2 19 4 5 -4 8 -3 -5 15 12 -12 -11 -13 27 28 20 -6 -8 25 21 -17 -18 -24 -15 26 -1 -9 29 -2
right_child=9 7 3 6 17 -7 18 14 -10 10 11 13 -14 24 -16 16 22 -19 -20 -21 -22 -23 23 -25 -26 -27 -28 -29 -30 -31
leaf_value=0.032632856545702388 -0.0029378669519768003 -0.027267947249083598 0.040491228249015035 0.0064251914121021651 0.025875601334079373 -0.028338566351028046 -0.021094691273695874 -0.023330286145643093 0.00084789036764605836 0.032084886569210068 0.0073313666764270331 0.0004775288798519565 -0.0086017802201580184 -0.0070033105076751298 -0.011463488481366212 -0.0010474528514562524 -0.0016271957553336384 -0.045900448373818847 -0.00014374963619128537 -0.0047316952382750917 -0.013024811487011677 0.05095669487295882 0.089637309269273657 0.016807766305073218 -0.021924832499614674 0.079744346497962998 -0.051313755475022017 0.019552602808963603 0.0066476711257308814 0.053210207368787101
leaf_weight=48.246200211346149 64.430179290473461 66.577650800347328 315.27931963652372 3713.9762383922935 24.670523189008236 28.781221687793732 378.52007506787777 33.93741924315691 37115.206819176674 54.024079918861389 1340.8009851947427 1340.0333024263382 3996.2399665974081 1428.9633854553103 101.30323963612318 647.44212550669909 136.36435022205114 36.758422508835793 282.17412484437227 4629.6825186982751 571.46479408442974 34.987367913126945 23.002647839486599 135.04455671831965 341.39639712125063 15.872567668557165 16.837834499776363 899.7644561752677 635.3249058611691 82.809430465102196
leaf_count=275 315 322 1587 17958 135 113 1843 165 189802 299 7056 7389 19464 7998 546 3132 707 176 1429 22548 2716 182 137 719 2059 102 124 4893 3198 425
internal_value=0.000318596 0.00109213 0.000821327 0.00138939 0.026885 0.0347335 0.00114021 0.0125494 0.00135522 -0.0030882 -0.00466557 -0.00157772 -0.00805908 -0.00541817 0.0151107 0.00266497 -0.00143947 -0.0170744 -0.0121468 -0.00423087 -0.00505509 0.00161874 0.0139594 0.0274076 -0.00988078 0.0244099 0.0109151 0.0179939 0.0107856 0.0286405
internal_weight=58539.9 47707.6 46606 41895.4 405.489 344.061 41489.9 1101.58 40829.2 10832.3 8501.46 4451.19 4050.26 3110.39 1035.01 2330.87 1548.31 61.4289 660.694 4710.64 1253.89 682.429 294.412 158.047 1770.36 80.9566 65.084 933.702 782.565 147.24
internal_count=297814 242018 236092 213043 2011 1700 211032 5926 207760 55796 44265 24502 19763 17446 5604 11531 7593 311 3272 23049 6030 3314 1563 856 10057 501 399 5058 3938 740
is_linear=0
shrinkage=0.1


Tree=154
num_leaves=31
num_cat=0
split_feature=12 4 0 2 0 4 3 20 14 18 4 7 0 2 10 17 18 13 5 4 4 3 8 3 10 6 13 13 14 8
split_gain=53.1191 40.4199 27.7499 42.0573 58.1343 57.5361 51.1229 36.1445 27.2576 24.0075 26.6484 29.0319 24.679 32.2605 24.809 23.7751 23.6766 57.4305 59.1859 38.1227 38.941 23.0971 22.7304 22.3954 21.5807 18.7737 16.8442 16.6508 15.4449 19.8972
threshold=0.02776348554231171 0.022030830858696063 -0.016018897201792944 -0.018018532324686639 0.026046096085070584 -0.0028610245249325312 -0.0044722939188273072 1.0000000180025095e-35 0.14732595006883345 1.0000000180025095e-35 0.049347325350854516 0.052761880762737252 -0.013105899021732091 -0.12079809769612314 0.5593044763173024 1.0000000180025095e-35 1.0000000180025095e-35 0.10647805172373064 -0.018137704064141166 0.0055597828684095249 -0.022040255699227532 -0.099026373513216623 0.9539343578384798 -0.20407449490977123 0.84698083857124506 0.032611846299466347 0.091788582468886368 0.048610755288806339 0.2394224120783883 -0.6888394638208003
decision_type=2 2 2 2 2 2 2 2 2 2 2 2 2 2 2 2 2 2 2 2 2 2 2 2 2 2 2 2 2 2
left_child=21 2 16 4 23 15 -7 -6 -3 12 24 -12 14 -14 -10 -5 19 18 -18 20 -2 -1 28 -4 -11 -24 -21 -27 29 -23
right_child=1 8 3 5 7 6 -8 -9 9 10 11 -13 13 -15 -16 -17 17 -19 -20 26 -22 22 25 -25 -26 27 -28 -29 -30 -31
leaf_value=0.032713670457242237 0.013879539225390571 0.042542219752154053 0.0047497133499598033 0.005284953066301638 0.0039881056781565323 0.0070999377283950385 -0.0051815184880883739 0.041303057809292019 0.0017123480617810796 -0.026873891326992246 -0.021217503730553269 0.083947707582360143 -0.033127936150331931 0.014511914787120442 0.073182657120673941 0.018984008385131548 0.0062717121800183661 -0.0093515572286127415 0.040738654627692758 0.025844120785132416 -0.0034793155037951573 -0.084548590702205564 0.13781004652942688 -0.010306428054043009 0.029200758148815384 -0.038246900403583563 0.0014544169833014499 0.069902332822003796 -0.027288184367492193 -0.00027896317196967349
leaf_weight=90.242333196103573 1548.2643285281956 265.73371406272054 1097.8205277211964 5777.9518840890378 1257.1463019214571 4494.2630253843963 13786.218766922131 327.13083412498236 77.028722360730171 427.34074902534485 47.272175431251526 59.028382457792759 155.35449378192425 1671.6868753284216 131.45539681613445 1622.694564986974 1162.5317023433745 895.23687210679054 871.84429942816496 857.36252610012889 7816.9772931411862 29.981515910476446 14.444861354306338 9870.6732516549528 81.764917016029358 31.715041158720851 422.80583398044109 25.830753764137626 1238.7534962017089 427.99215134419501
leaf_count=639 4386 815 3548 30712 4491 26746 82459 1025 230 1564 170 165 409 5068 260 8416 4308 3324 3345 2802 32263 314 118 56143 178 278 1476 199 17233 4730
internal_value=-1.00842e-05 0.000554614 -9.02136e-05 -0.00146925 -0.00621312 0.00084953 -0.00216212 0.0116931 0.0120087 0.008948 -0.00835938 0.0371804 0.0141806 0.0104611 0.0467765 0.00828866 0.00379382 0.0117548 0.0210427 0.00160296 -0.000609545 -0.0166341 -0.0191519 -0.00879948 -0.017868 0.0358835 0.0177888 0.0102984 -0.021487 -0.00579572
internal_weight=56584.5 54725.6 51808.9 38233.9 12552.8 25681.1 18280.5 1584.28 2916.67 2650.93 615.406 106.301 2035.53 1827.04 208.484 7400.65 13575 2929.61 2034.38 10645.4 9365.24 1858.96 1768.72 10968.5 509.106 71.9907 1280.17 57.5458 1696.73 457.974
internal_count=297814 274303 265444 213540 65207 148333 109205 5516 8859 8044 2077 335 5967 5477 490 39128 51904 10977 7653 40927 36649 23511 22872 59691 1742 595 4278 477 22277 5044
is_linear=0
shrinkage=0.1


Tree=155
num_leaves=31
num_cat=0
split_feature=11 11 11 13 3 8 8 16 16 0 19 17 0 13 1 13 12 10 13 13 1 7 16 1 0 8 12 13 12 0
split_gain=65.3213 23.806 22.6325 22.4005 22.2989 60.4766 53.0785 61.1965 43.1038 38.9244 22.4245 18.6527 26.922 29.6 35.6777 17.4739 16.3102 18.393 15.4113 25.3897 27.3136 20.9449 15.9788 15.3385 25.4505 18.2955 23.2301 15.4448 14.5458 14.0133
threshold=0.0152759851278279 0.041854799366944563 0.0078617107644434869 -0.69679898025390352 -0.018904160105711384 -0.4516265619907544 0.036407070516490801 1.0000000180025095e-35 1.0000000180025095e-35 0.019852657582660086 1.0000000180025095e-35 1.0000000180025095e-35 -0.021400636650246826 -0.50260694315957644 0.0050340119567395822 0.16940482541877414 0.25863224090647341 0.99800857587225367 0.21506559052008914 -0.081712042004045457 -0.023989559268975388 0.15165490995702094 1.0000000180025095e-35 0.059377468529899342 0.068711952630088349 0.02164324412221914 0.34337588400313862 -0.43592004889064789 0.04559949048758092 0.026668173740852289
decision_type=2 2 2 2 2 2 2 2 2 2 2 2 2 2 2 2 2 2 2 2 2 2 2 2 2 2 2 2 2 2
left_child=2 3 -1 -2 5 9 7 -6 -7 -5 -8 18 -13 14 -14 23 17 -17 19 20 -4 -20 -21 24 27 29 -27 -3 -15 -25
right_child=1 15 11 4 6 8 10 -9 -10 -11 -12 12 13 28 -16 16 -18 -19 21 22 -22 -23 -24 25 -26 26 -28 -29 -30 -31
leaf_value=-0.074470228185860368 -0.050551829091111444 0.028751962820560313 -0.038542995051057773 0.0031855977330269274 0.0057456447214985825 -0.0079538411422245287 0.0015058988686702118 0.031975484107522489 -0.033934167460070705 -0.011829081152543955 -0.0068165958070922046 0.052694586811266902 0.10749580428392475 0.0045253863877381048 -0.050632096416083683 0.018852411054142662 0.0012928764939315962 0.063153685418412195 -0.028806096813580474 -0.006799556027663101 -0.011608370189798814 0.10355285614663551 0.01085508941771954 0.018911833294860271 -0.06498362047312492 -0.0018411845308501829 0.07201021574892294 -0.0025384142010038569 -0.0144294929236197 0.071941279391756693
leaf_weight=52.014818171039224 86.287742517888546 174.58101242780685 445.42375831119716 11206.65792318061 4630.319823667407 3140.6819116398692 17143.774174727499 1100.9743883088231 801.58168487250805 2041.0538604781032 3991.2949776127934 94.369894471019506 49.331894740462303 811.58582839928567 20.074968319386244 1043.7229715883732 507.12325797975063 102.96262364089489 588.37966410629451 1990.0002093762159 2432.8885965440422 12.203567605465649 690.55239002034068 121.04296241700649 61.404268965125084 444.80087687075138 47.102911353111267 1635.9723305851221 807.82527954131365 84.702870175242424
leaf_count=1180 421 363 4858 48147 22112 15449 72619 5070 3830 7905 18042 748 516 9815 236 2299 1161 167 7305 24720 29079 115 7650 266 140 978 101 3717 8258 178
internal_value=-0.0003483 0.0010358 -0.00872185 0.000349565 0.000449259 -0.00236332 0.00224884 0.0107844 -0.0132364 0.00087231 -6.57795e-05 -0.00829128 0.000715318 -0.00218924 0.0617595 0.00820829 0.0162261 0.0228303 -0.0108987 -0.00925458 -0.0157765 -0.0261166 -0.00225144 0.00304802 -0.00166857 0.0157037 0.00523056 0.000478733 -0.00493005 0.0407434
internal_weight=56360.7 48366 7994.65 44142.6 44056.3 17190 26866.4 5731.29 3942.26 13247.7 21135.1 7942.64 1783.19 1688.82 69.4069 4223.42 1653.81 1146.69 6159.45 5558.86 2878.31 600.583 2680.55 2569.61 1871.96 697.65 491.904 1810.55 1619.41 205.746
internal_count=297445 202965 94480 193595 193174 75331 117843 27182 19279 56052 90661 93300 19573 18825 752 9370 3627 2466 73727 66307 33937 7420 32370 5743 4220 1523 1079 4080 18073 444
is_linear=0
shrinkage=0.1


Tree=156
num_leaves=31
num_cat=0
split_feature=11 9 13 18 13 5 0 20 19 11 1 14 0 8 14 14 0 14 13 2 15 13 8 6 9 13 10 8 11 0
split_gain=16.5037 14.3398 11.7803 10.9221 10.5619 9.32028 15.593 20.6782 14.6951 13.709 13.505 11.9352 8.21023 8.11443 7.48857 17.5842 11.1405 7.35752 8.36353 7.82773 13.3288 13.5082 10.7518 8.25245 7.7344 7.69154 7.11837 6.83958 6.53177 7.20394
threshold=0.029285822093511982 0.57782043593120813 0.63209507074571791 1.0000000180025095e-35 0.69511488744993433 0.010463902743318656 0.017348702707350009 1.0000000180025095e-35 1.0000000180025095e-35 0.010220932097057408 0.0078466911898655862 0.18731119935455084 0.054129821259567341 -0.4516265619907544 0.88460246940254506 0.71826723623516497 -0.024996098202011648 0.70617856432475157 -0.16905191806767325 0.13672066814070807 0.94151259843373769 0.13429654407700128 1.5114386347786779 0.21079265648760354 0.57782043593120813 -0.36764411435588157 0.33415852269205093 -0.57111273559678466 0.031545266168085083 -0.046776717492256654
decision_type=2 2 2 2 2 2 2 2 2 2 2 2 2 2 2 2 2 2 2 2 2 2 2 2 2 2 2 2 2 2
left_child=1 4 17 12 5 6 10 -8 9 -7 -1 -10 13 27 15 16 -5 19 25 22 21 -21 26 -22 -20 -19 -2 -3 -4 -30
right_child=2 3 28 14 -6 8 7 -9 11 -11 -12 -13 -14 -15 -16 -17 -18 18 24 20 23 -23 -24 -25 -26 -27 -28 -29 29 -31
leaf_value=0.0015154858223213957 0.02006171054172191 0.0025346024471817287 -0.016461725769498666 -0.024879937567477015 -0.040359339485356679 0.017578009008458167 -0.0034619351574159598 -0.02795760244722641 0.018886166386688594 0.00074532790937932884 -0.0047174784953028445 0.0053705357086319214 -0.023660419556529085 0.016537028618543712 -0.003728342484897697 0.091133199039002202 0.036192870330324763 -0.014951469778276686 -0.023812105216032272 0.027512208596704519 -0.020358807713896719 -0.0025253808234215296 -0.019199240850555129 0.032943187358400308 -0.0084815587747847435 0.0085792517923951872 -0.0031006213332374875 -0.041901562371588735 -0.014221782983436199 0.03473317839218884
leaf_weight=23197.561506353319 136.63578892499208 372.17687881737947 44.785544201731682 38.485974371433258 61.727612882852554 500.61179830133915 1833.7595546171069 424.36429197341204 818.07594972103834 14440.746921919286 4088.955835480243 3245.0701534673572 81.563324168324471 618.21867553889751 55.355927854776382 47.717755116522312 133.38540747389197 207.60310738906264 458.00273798406124 344.96711172908545 212.80993995070457 264.51415331289172 416.05340886488557 33.637895010411739 1169.1645252555609 419.83785948902369 4586.7651395834982 38.192841798067093 36.796628445386887 164.16732655838132
leaf_count=119540 673 1878 210 184 309 3004 9117 2085 3799 73015 21169 15286 398 3191 272 266 710 1046 2199 1827 1049 1346 2085 187 6185 2238 22988 172 177 840
internal_value=0.000572713 0.00126514 -0.00350212 0.0112981 0.000979269 0.00103183 -7.94239e-05 -0.00806535 0.00275939 0.00130931 0.00058146 0.00809178 0.00687893 0.00930059 0.0291417 0.0374278 0.0225173 -0.00414481 -0.00901461 -0.00231348 0.00654072 0.0144759 -0.00378806 -0.0130836 -0.0127967 0.000793578 -0.00243059 -0.00160104 0.0180732 0.0257695
internal_weight=58491.7 49996 8495.74 1385.1 48610.9 48549.1 29544.6 2258.12 19004.5 14941.4 27286.5 4063.15 1110.15 1028.59 274.945 219.589 171.871 8249.99 2254.61 5995.38 855.929 609.481 5139.45 246.448 1627.17 627.441 4723.4 410.37 245.749 200.964
internal_count=297445 254395 43050 7071 247324 247015 151911 11202 95104 76019 140709 19085 5639 5241 1432 1160 894 41823 11668 30155 4409 3173 25746 1236 8384 3284 23661 2050 1227 1017
is_linear=0
shrinkage=0.1


Tree=157
num_leaves=31
num_cat=0
split_feature=11 16 0 15 17 0 7 15 4 20 0 4 11 17 15 0 15 0 12 4 10 14 9 10 14 15 5 10 12 7
split_gain=40.6629 19.9501 24.002 27.0989 26.4444 18.5148 13.5144 13.1557 16.7797 16.1857 12.3105 11.5261 10.504 9.67984 9.40104 15.6576 8.73476 17.1643 9.2498 6.98946 6.7665 6.67933 6.6244 12.1146 8.61639 7.46048 8.61726 6.95247 15.8332 6.55947
threshold=0.029523172187401154 1.0000000180025095e-35 -0.010671878687074974 0.5952300248687733 1.0000000180025095e-35 0.019098141710790276 0.022336866846887963 0.45649995712280483 0.0029712173230989074 1.0000000180025095e-35 0.038190135918058539 -0.0098593482743956056 0.045714886918954756 1.0000000180025095e-35 0.92981899466739926 0.040906938911269959 0.75184688043075776 1.0000000180025095e-35 0.41829568279696122 0.010323481722558371 0.26995469421669388 0.97918764451616114 0.70315310071714898 0.57066096005227329 0.29919417874654342 0.90026890777527768 -0.049544333210582207 0.69554075245410696 0.28937012262500367 -0.16056950993410693
decision_type=2 2 2 2 2 2 2 2 2 2 2 2 2 2 2 2 2 2 2 2 2 2 2 2 2 2 2 2 2 2
left_child=1 2 4 5 7 6 -4 9 -9 -1 16 -6 22 -7 15 -5 18 -18 19 -3 -19 -14 23 29 25 26 -24 28 -26 -2
right_child=12 10 3 14 11 13 -8 8 -10 -11 -12 -13 21 -15 -16 -17 17 20 -20 -21 -22 -23 24 -25 27 -27 -28 -29 -30 -31
leaf_value=-0.0039469344041979685 -0.01984077979991853 -0.003616336395527909 0.0084805729765013421 0.00072266522920435173 -0.023397260497117128 0.020330723605415452 0.0023432442022912059 0.025916096601247815 -0.024418764484142909 0.00655976267263413 -0.025737610401217026 -0.0075749845082297793 -0.01673680405623848 0.061138830505198777 -0.0061004788221251625 0.023297587498873163 0.075709028593560754 0.010328050883588305 0.046492085087505769 -0.0153652978842518 -0.0024228963486853166 -0.05504324810829693 -0.0028456458781856769 -0.016624275670806401 -0.00055564874513097553 -0.014776097135980708 0.033589003507670162 -0.012123235821671666 0.077948919223443866 -0.0027262923113934574
leaf_weight=4671.3309712335467 250.08982909470797 6909.8177935555577 7919.6559011489153 13954.242854632437 619.13244511187077 252.2454823628068 6559.5819723382592 372.07637154310942 80.57003066688776 2136.95637543872 238.25019793584943 1795.9477306008339 664.84389087744057 75.532034248113632 2000.3737471327186 314.15345226228237 32.302379220724106 650.13643709570169 35.776057355105877 546.38103528320789 1156.4975966922939 48.864093922078609 102.05868770554662 1262.1813723780215 472.00592764094472 77.207626290619373 178.35939586907625 622.73867812938988 27.169744502753019 2142.1450537443161
leaf_count=24649 1632 34907 39432 69237 3281 1326 32224 2024 400 11587 1342 9101 5413 453 10772 1847 191 3126 219 3035 6445 449 759 8996 3433 547 1375 4840 200 14203
internal_value=-9.94255e-05 0.000817785 0.00178264 0.00313685 -0.0025666 0.00623219 0.00570016 0.000448405 0.0169566 -0.000649137 -0.0032912 -0.0116312 -0.0079923 0.0297344 0.000319632 0.00121971 -0.00271807 0.00345751 -0.00423389 -0.00447729 0.00216567 -0.0193595 -0.00641207 -0.00869768 -0.000766698 0.0127498 0.0203285 -0.00507528 0.00371729 -0.00451548
internal_weight=56168.6 50321 40751.8 31075.8 9676.01 14807 14479.2 7260.93 452.646 6808.29 9569.16 2415.08 5847.66 327.778 16268.8 14268.4 9330.91 1838.94 7491.97 7456.2 1806.63 713.708 5133.96 3654.42 1479.54 357.626 280.418 1121.91 499.176 2392.23
internal_count=297445 255598 206333 155291 51042 73435 71656 38660 2424 36236 49265 12382 41847 1779 81856 71084 47923 9762 38161 37942 9571 5862 35985 24831 11154 2681 2134 8473 3633 15835
is_linear=0
shrinkage=0.1


Tree=158
num_leaves=31
num_cat=0
split_feature=11 9 11 13 14 10 5 10 13 9 9 0 11 10 10 13 6 14 9 10 12 5 7 2 11 10 9 9 10 12
split_gain=13.6199 15.1154 8.33099 10.436 10.4615 13.4121 10.7021 9.2965 11.2222 11.3247 9.26385 8.48285 7.55668 7.53419 7.49859 8.91039 8.40459 7.48087 7.08226 12.2922 11.7386 6.36496 9.56934 6.31158 5.19313 4.91336 10.7794 8.09373 10.9898 8.64607
threshold=0.03098084147686651 0.68971050237902631 0.023150662686846141 -0.234268395047385 0.26738330192017451 0.1758455537609685 -0.050931144615391603 0.52821622538975133 -0.47403834300235098 0.45190597744049904 0.34049175417551886 0.051244752024266489 0.022696044936609951 0.67311357212037892 0.5187039987117944 0.2550983345912799 0.046356296585538422 0.96033612997230489 0.44514664244706881 0.35064859130510218 0.11165894423181498 0.010788956036976162 0.12622890163998449 0.0555627956128757 0.024639977946543372 0.38219576340507549 0.45532457991407765 0.59991866176830622 0.61904819027644231 0.24270644853033566
decision_type=2 2 2 2 2 2 2 2 2 2 2 2 2 2 2 2 2 2 2 2 2 2 2 2 2 2 2 2 2 2
left_child=1 2 3 4 5 -1 -6 8 9 -4 -10 23 -3 -13 -14 16 -16 25 19 -5 -20 -19 -23 -9 -17 26 -2 -27 -29 -30
right_child=17 12 7 18 6 -7 -8 11 10 -11 -12 13 14 -15 15 24 -18 21 20 -21 -22 22 -24 -25 -26 27 -28 28 29 -31
leaf_value=0.037220437329953379 0.0023787917605116362 -0.010713378986016818 0.0083464485507128601 0.00087905313615014788 0.037063910550486245 0.0078972883001789899 0.0015740364956685 -0.012918729749228029 -0.0080464471461031816 0.066259910586358731 0.00060315602905567224 0.0054843070943221169 0.079069764600485037 0.068915361105525527 0.016966147090460185 0.037475190866867111 0.053268475990690768 -0.029745144029605666 0.0003224724695807035 -0.0045861455002555859 0.019428642658621847 0.030188366393289881 -0.01760660027210725 -0.00074471323281750359 -0.0012273746125004827 -0.0087816569347710562 0.064142620588734101 0.006784512986979515 -0.0090432471121494502 0.0031301096680343638
leaf_weight=168.26564776152372 211.09511808305979 91.664351932704449 113.28006747364998 26301.841472364962 86.229764692485332 2136.8653013408184 5811.7660723142326 1446.2226876392961 1524.7961566522717 48.102799192070961 6588.3501864671707 88.662997253239155 20.879822283983231 23.739128403365612 168.70886223763227 41.114238031208515 102.53408189117908 203.72451330721378 876.27942280471325 4878.871057447046 507.97422157227993 56.671174101531506 160.61680788174272 603.60501574724913 221.17999923229218 2123.217543207109 32.62414626032114 1211.4593548476696 1663.7457370720804 898.54404907673597
leaf_count=945 1065 484 575 135769 426 10550 29668 6978 7290 268 32393 434 136 128 933 219 604 1149 4277 23528 2800 317 941 2982 1146 10579 189 6228 9250 5194
internal_value=0.000140848 0.000684053 0.000492266 0.00113765 0.00432546 0.0100378 0.0020929 -0.00202872 -0.000503064 0.0256085 -0.00102246 -0.00786717 0.0158841 0.0188808 0.0202815 0.0179809 0.030689 -0.00415159 0.000334634 2.39091e-05 0.00733379 -0.0170468 -0.00514113 -0.00933389 0.0048392 -0.00326748 0.0106465 -0.00384254 -0.00106365 -0.00477429
internal_weight=58412.6 51850.9 51204.9 40768.1 8203.13 2305.13 5898 10436.8 8274.53 161.383 8113.15 2162.23 646.081 112.402 554.417 533.537 271.243 6561.7 32565 31180.7 1384.25 421.012 217.288 2049.83 262.294 6140.69 243.719 5896.97 3773.75 2562.29
internal_count=297445 262533 259011 207963 41589 11495 30094 51048 40526 843 39683 10522 3522 562 3038 2902 1537 34912 166374 159297 7077 2407 1258 9960 1365 32505 1254 31251 20672 14444
is_linear=0
shrinkage=0.1


Tree=159
num_leaves=31
num_cat=0
split_feature=10 19 8 7 12 9 1 16 3 8 8 3 3 13 7 2 7 3 2 6 19 3 13 3 8 9 7 3 2 8
split_gain=50.1775 34.1154 26.6169 31.7332 39.6252 29.0772 26.1376 46.536 89.293 100.45 74.9592 141.22 62.1476 44.2008 41.3989 54.3469 32.0402 31.078 27.2441 26.501 26.0104 24.6396 23.5656 28.8235 22.0524 20.7556 20.242 19.6276 18.6612 18.0927
threshold=0.21777354505601487 1.0000000180025095e-35 -0.1173576964207287 0.027466686013822409 0.036720118854717307 0.23137426001297037 -0.014997703172266784 1.0000000180025095e-35 -0.02273141694881042 -0.34623394867187091 0.02164324412221914 0.018896196197153662 -0.061532115647497714 -0.59470843254943417 -0.039255087610325971 -0.012406157736686295 0.032762156404877792 -0.0098249851393070724 0.032901830250739568 0.0032310794854495399 1.0000000180025095e-35 0.051687072426354515 0.28398701008874089 -0.090135179681589891 2.5695873789677184 0.29073069032130922 0.40970438595410147 -0.14428791569313223 1.0000000180025095e-35 0.095763869275594757
decision_type=2 2 2 2 2 2 2 2 2 2 2 2 2 2 2 2 2 2 2 2 2 2 2 2 2 2 2 2 2 2
left_child=1 2 3 -1 -5 -6 13 14 9 12 21 -12 -9 -2 15 27 22 19 -11 -18 -17 -10 23 -15 25 -16 -26 -8 -24 -19
right_child=6 -3 -4 4 5 -7 7 8 10 18 11 -13 -14 16 24 20 17 29 -20 -21 -22 -23 28 -25 26 -27 -28 -29 -30 -31
leaf_value=-0.0032362977494539932 0.042532966361037067 -0.033277068760817229 -0.015109231837403881 -0.019078663204730426 0.044445563681897123 0.15222684350803045 -0.0099290612533940899 0.024697668714065767 -0.022599455937447544 0.054530822978371175 0.070366610802667456 -0.00050792048788083786 -0.020956172418889092 0.0079001799052546787 0.0037437396481506667 0.0038078526933446838 0.021558349016232554 -0.0089308122128255209 0.11575254926757493 0.085328636044625497 -0.020274199577658358 -0.092756618692585627 -0.0098855067968876432 -0.0019344315273903054 0.023043672496292123 -0.0038595738142720472 -0.012205688681513147 -0.028427573521238533 0.029990129807822216 0.0087555113653384718
leaf_weight=1422.4289629422128 283.63226921856403 583.4258711785078 1945.9428767748177 78.031234234571457 105.30033423006535 32.835334055125713 891.53470960818231 1162.3876530788839 884.28044817596674 281.0901167280972 303.93749989941716 3747.4750983249396 401.05092912912369 5200.2924526706338 4837.350480441004 2105.1657248735428 788.91170197725296 681.45904296636581 98.040278252214193 71.034332603216171 569.91473272442818 53.063910126686096 2573.5985099375248 6980.2379516251385 659.40357131138444 13926.820892538875 216.36685059964657 1608.3055031187832 122.96883831545711 3824.548013612628
leaf_count=18177 896 10620 26007 1190 1173 226 3345 4220 4548 1293 1355 16012 1947 19522 37918 10053 2652 3034 325 223 3122 293 10265 33010 1837 59937 504 8792 529 14420
internal_value=-0.000292541 -0.0108518 -0.00720184 0.00218871 0.0378866 0.0700656 0.0005494 -0.00124868 0.00599562 0.0241846 -0.00108697 0.0048091 0.0129866 0.00333027 -0.00327217 -0.0112293 0.00278099 0.00940537 0.0703623 0.026826 -0.00132273 -0.0265711 0.000391674 0.00226431 -0.00117555 -0.00189946 0.014335 -0.0218303 -0.0080671 0.00608075
internal_weight=56440.8 4167.96 3584.54 1638.6 216.167 138.136 52272.9 31746.2 6931.33 1942.57 4988.76 4051.41 1563.44 20526.7 24814.9 5174.92 20243.1 5365.95 379.13 859.946 2675.08 937.344 14877.1 12180.5 19639.9 18764.2 875.77 2499.84 2696.57 4506.01
internal_count=297445 57393 46773 20766 2589 1399 240052 155501 29993 7785 22208 17367 6167 84551 125508 25312 83655 20329 1618 2875 13175 4841 63326 52532 100196 97855 2341 12137 10794 17454
is_linear=0
shrinkage=0.1


Tree=160
num_leaves=31
num_cat=0
split_feature=3 8 8 14 13 3 16 17 7 5 20 3 4 0 7 5 4 14 12 15 7 8 12 7 1 14 12 19 1 4
split_gain=24.9661 53.1121 37.6177 35.9318 34.59 37.1853 40.1836 30.7726 30.7829 29.4339 27.1331 26.6382 23.3967 25.8185 22.942 21.7736 24.5124 21.6595 22.1032 20.8231 20.6726 29.7893 20.8823 19.756 19.1002 18.2592 18.063 17.9701 17.3135 15.3007
threshold=0.1653467192205689 1.0657937866376372 0.9539343578384798 0.76444895083418407 -0.095476536734627263 0.13758058831636413 1.0000000180025095e-35 1.0000000180025095e-35 -0.038140445527827353 -0.014578992971538083 1.0000000180025095e-35 0.099684192155093512 0.023400271604090864 0.038190135918058539 0.093572200470551051 0.019751250707178317 0.014165993238395515 0.34676067155621909 0.38334848867708132 0.92981899466739926 0.041739218560405196 0.48910490180473726 0.021526392990519606 0.089037698154755721 -0.030477744756136845 0.99000672721233218 0.098359580361539981 1.0000000180025095e-35 0.011437998868097711 -0.015191757822034189
decision_type=2 2 2 2 2 2 2 2 2 2 2 2 2 2 2 2 2 2 2 2 2 2 2 2 2 2 2 2 2 2
left_child=2 3 4 14 5 12 -7 8 24 23 20 -10 28 -14 -2 16 -12 18 -3 -16 22 -22 -6 -9 -4 29 -11 -13 -1 -19
right_child=1 17 7 -5 10 6 -8 9 11 26 15 27 13 -15 19 -17 -18 25 -20 -21 21 -23 -24 -25 -26 -27 -28 -29 -30 -31
leaf_value=-0.0021859803068772581 0.10562270111355038 -0.009883318188881102 -0.03554527744184046 -0.01954284862662144 -0.026480367971401082 0.014195694026508363 0.12434206889551887 -0.0015856935347118521 -0.038575722713509557 0.013461258196353893 0.0011359946772102794 -0.0081792391741782842 0.033279181794391731 -0.011921468059218863 0.021681040156969922 -0.016048155016163766 -0.035338645431249996 0.02438975466318009 0.040566327224011128 0.12001430600698677 0.013444904564457181 0.00012936783608257562 0.0020779687330682289 0.086341108474967523 0.055766364822723562 -0.028059497923511818 -0.018769186542314055 -0.029379238611731712 -0.0088198352951195502 0.0062086471355401159
leaf_weight=10853.132463963702 89.19148875772953 1380.1922220289707 30.303861863911152 62.481610201299191 260.12673268839717 128.04674879461527 44.678095001727343 39.966717794537544 490.14466747827828 392.80990123748779 3544.0337718129158 1793.107508700341 340.83675943687558 200.82891315966845 111.91814200952649 1240.8253151774406 194.35258131846786 524.16905017755926 92.675032190978527 26.66599303483963 4194.9444381725043 2802.6155779995024 16308.333517210558 70.860573671758175 93.861674793064594 142.22956750541925 311.98862043209374 514.57588638551533 6171.1383589021862 3958.9954344369471
leaf_count=64427 292 5129 122 250 3594 592 171 160 2516 1914 22169 7959 1024 632 492 7285 823 1285 309 76 22351 14420 85354 223 345 376 1235 2423 37087 12775
internal_value=-4.52555e-05 0.00584149 -0.000797083 0.0476349 -1.77912e-05 -0.00348569 0.0426868 -0.0104473 -0.0152412 0.00672704 0.00213724 -0.0174034 -0.0039397 0.0165205 0.0660626 -0.00457002 -0.000760262 0.00385226 -0.00670895 0.0406021 0.0035544 0.00811186 0.0016296 0.0546328 0.0334808 0.00721527 -0.000805985 -0.0129065 -0.00459069 0.00833437
internal_weight=56410 6388.52 50021.5 290.257 46283.9 17738.7 172.725 3737.62 2921.99 815.626 28545.2 2797.83 17565.9 541.666 227.776 4979.21 3738.39 6098.26 1472.87 138.584 23566 6997.56 16568.5 110.827 124.166 4625.39 704.799 2307.68 17024.3 4483.16
internal_count=297810 20984 276826 1110 259929 103933 763 16897 13365 3532 155996 12898 103170 1656 860 30277 22992 19874 5438 568 125719 36771 88948 383 467 14436 3149 10382 101514 14060
is_linear=0
shrinkage=0.1


Tree=161
num_leaves=31
num_cat=0
split_feature=0 15 18 0 15 0 0 15 14 15 8 4 18 1 15 2 4 13 18 6 1 3 10 0 10 20 15 4 5 3
split_gain=17.5339 18.8939 24.4628 10.848 10.5945 12.8684 9.52946 12.4011 10.9588 9.87722 10.0861 8.60211 12.0087 10.1824 9.33973 8.00282 7.12604 15.4171 8.42227 22.6012 8.02458 7.46742 6.82024 6.61518 7.08156 6.3662 9.14064 8.57465 6.26236 6.17351
threshold=-0.016991810356929978 0.14501512208094261 1.0000000180025095e-35 0.057944001108942496 0.081180820943558454 -0.03509131028849332 -0.011607852761001512 0.62651012409806961 0.1190716582748106 0.34474657082278626 1.9264751930201947 0.0053374400664087948 1.0000000180025095e-35 -0.045276469577666394 0.25688382706009655 -0.04178493975318797 -0.019780248449019929 0.35761457545110226 1.0000000180025095e-35 -0.038159698325895823 -0.10075568121933419 0.0266818862980891 0.36635681588992713 -0.0019174694900934151 0.26264342457184148 1.0000000180025095e-35 0.010665099768463146 0.0035374710154423288 -0.068511602130652036 0.037344046949814309
decision_type=2 2 2 2 2 2 2 2 2 2 2 2 2 2 2 2 2 2 2 2 2 2 2 2 2 2 2 2 2 2
left_child=4 2 23 6 5 -1 7 8 -3 10 -8 16 13 28 -15 -11 17 -6 20 -20 -18 -19 -14 -2 -25 26 -7 -28 -13 -27
right_child=1 3 -4 -5 11 25 9 -9 -10 15 -12 12 22 14 -16 -17 18 21 19 -21 -22 -23 -24 24 -26 29 27 -29 -30 -31
leaf_value=-0.0047628288538876361 0.0073079066186624748 -0.019012055565367635 0.036567245562121049 -0.010403799881683592 -0.02233608457375592 0.060963539613230588 0.0053027524659024529 -0.070642547957083343 -0.0016736764567148036 0.0038833582915320042 -0.022638077660307451 -0.015031827241330786 0.03784652875337903 -0.0057803401043945062 -0.047037374644665279 -0.00015428797502519266 -0.020647611062058719 0.080696397543711995 0.010122388392523217 -0.021315119072135343 -0.00029440510069286038 -0.0059082044480618778 -0.0093733933538524845 0.0087492489068518829 -0.04985984012405914 0.0099975572849378413 -0.0011418701991830263 0.017797672902503545 -0.055301490560753674 0.040052434031144064
leaf_weight=2438.5094820447266 1309.1468588188291 414.71302472054958 311.7476879581809 890.76105432212353 432.36153339222074 27.266278922557831 6368.7620843462646 27.958209663629532 3013.2949119433761 5860.7074429877102 131.86918057873845 55.523029953241348 52.819830149412155 279.84183851256967 68.253318831324577 30227.258329745382 206.00961957871914 22.457721740007401 330.20594452321529 743.80252145975828 3245.0471146702766 17.884930223226547 72.672274969518185 39.466080985963345 43.162209503352642 230.18952506780624 1226.8946477174759 296.88849946111441 126.82982487231493 97.204898174852133
leaf_count=12984 6556 2118 1634 4640 2147 162 32401 163 15095 29445 600 277 256 1358 352 153277 1012 136 1722 3895 16974 85 350 232 225 1183 5935 1462 603 531
internal_value=0.000118884 0.000901999 0.0112473 0.000526513 -0.0037013 2.91041e-05 0.000737967 -0.00431221 -0.00377124 0.00114778 0.00473596 -0.0065497 -0.0173166 -0.0238978 -0.0138699 0.000501428 -0.00513657 -0.0168196 -0.00391613 -0.0116496 -0.00150938 0.0423024 0.0105015 0.00557587 -0.0218661 0.00624977 0.00357514 0.00254824 -0.0430401 0.018921
internal_weight=58609.5 48638.8 1703.52 46935.3 9970.66 4316.95 46044.6 3455.97 3428.01 42588.6 6500.63 5653.71 655.94 530.448 348.095 36088 4997.77 472.704 4525.07 1074.01 3451.06 40.3427 125.492 1391.78 82.6283 1878.44 1551.05 1523.78 182.353 327.394
internal_count=297810 246386 8647 237739 51424 22257 233099 17376 17213 215723 33001 29167 3196 2590 1710 182722 25971 2368 23603 5617 17986 221 606 7013 457 9273 7559 7397 880 1714
is_linear=0
shrinkage=0.1


Tree=162
num_leaves=31
num_cat=0
split_feature=11 0 15 17 4 14 12 4 15 8 4 3 8 4 16 15 3 20 13 3 2 11 0 0 4 1 3 2 17 6
split_gain=25.0752 13.6087 26.859 19.6686 17.6724 13.1274 12.7802 12.4145 15.407 12.0517 10.6836 10.0784 14.5867 9.58335 9.54464 20.5656 9.80634 9.01584 8.49116 8.14795 7.62599 7.57277 7.21046 9.44907 8.08282 6.67307 6.61136 9.88884 9.11006 6.08173
threshold=0.023629974489157799 -0.0074558624467575543 0.21296609725802843 1.0000000180025095e-35 -0.0037507788875756893 0.9526531527204023 0.020076797725911921 0.00040738997853218001 0.5714765422623046 -0.50874965577740083 0.0062017120863040462 0.035581439315326875 0.81075149528306645 0.0051390975107912249 1.0000000180025095e-35 0.61081267590387534 -0.025757938315973169 1.0000000180025095e-35 0.088834859250822545 0.0043263684185026472 -0.00064206142012279688 0.042979910437058046 0.024399699040855486 -0.011356578226892509 -0.0026120932837105921 -0.019236026444767736 -0.024746221268544307 0.023847562003975534 1.0000000180025095e-35 0.057915249200827364
decision_type=2 2 2 2 2 2 2 2 2 2 2 2 2 2 2 2 2 2 2 2 2 2 2 2 2 2 2 2 2 2
left_child=1 3 19 7 20 10 26 8 9 -1 13 17 -13 22 15 -8 -16 -9 -10 -3 25 29 23 -2 -24 -5 28 -28 -4 -12
right_child=5 2 6 4 -6 -7 14 11 18 -11 21 12 -14 -15 16 -17 -18 -19 -20 -21 -22 -23 24 -25 -26 -27 27 -29 -30 -31
leaf_value=0.0083911716424849968 -0.0048923154930032957 0.010152593083708401 -0.014583433661848369 -0.018592017591056432 -0.002478562874575234 -0.017973570488280386 0.0053354254519032886 -0.012435161953360079 0.040569646952216126 -0.00095032613824780517 -0.0094350142309803046 0.012000552024391124 -0.016155186606756182 0.014455997999971135 -0.009202978773432088 -0.00061815604364651351 0.00014573825867433002 0.0019656551280543672 -0.0093439697183156228 0.02932583324621767 -0.028397097554700393 -0.022983793847373476 -0.019953310728147447 0.002372128755450593 -0.0023350688444467916 0.0041364224158843823 0.023853264392400514 0.0022124321969801456 0.036060532074913762 -4.9057420665669312e-05
leaf_weight=1965.1054339334369 3309.7536016739905 466.01441338658333 166.57674372196198 422.92879284918308 1515.8898822814226 640.93745041266084 10700.623670101166 1624.8872022405267 158.73778039962053 4646.874122671783 2211.1082043647766 644.01668252050877 257.60086897015572 365.13908724859357 1570.0770297497511 12674.368421986699 3931.8501529768109 593.54726105183363 43.400821961462498 422.67813071608543 491.27921591699123 305.34100246429443 450.41668280959129 3900.8669152781367 617.24378088116646 185.98322083055973 570.49486714601517 335.22893717885017 45.145944833755493 1003.7365588508546
leaf_count=10267 22227 2323 740 2110 7387 4680 51650 7899 856 23523 14308 3330 1287 2378 7872 61642 19503 2935 211 2187 2330 2507 2947 24451 4034 953 2704 1526 217 6826
internal_value=-0.000135988 0.00101052 0.00213892 -0.00176619 -0.00948056 -0.00402498 0.0016313 0.00026533 0.00265741 0.001826 -0.00328999 -0.00495891 0.00395618 -0.00139865 0.00122524 0.00210728 -0.00252209 -0.00858219 0.0298528 0.0192717 -0.0191282 -0.00793395 -0.00209797 -0.000962331 -0.00976772 -0.0116499 0.0121246 0.0158435 -0.00378455 -0.00650454
internal_weight=56237.9 43433.3 30883.1 12550.3 2616.08 12804.5 29994.4 9934.17 6814.12 6611.98 12163.6 3120.05 901.618 8643.42 28876.9 23375 5501.93 2218.43 202.139 888.693 1100.19 3520.19 8278.28 7210.62 1067.66 608.912 1117.45 905.724 211.723 3214.84
internal_count=297810 213452 150364 63088 12780 84358 145854 50308 34857 33790 79678 15451 4617 56037 140667 113292 27375 10834 1067 4510 5393 23641 53659 46678 6981 3063 5187 4230 957 21134
is_linear=0
shrinkage=0.1


Tree=163
num_leaves=31
num_cat=0
split_feature=10 9 13 12 0 0 12 4 2 0 10 0 13 17 15 0 11 5 15 11 6 10 12 5 6 9 0 15 13 12
split_gain=12.3566 18.6063 18.8584 13.2386 12.2114 10.6385 8.46123 9.69061 8.15609 8.03251 7.47793 13.2109 16.0065 13.4749 12.6985 30.8927 9.54004 8.75795 7.17924 7.11439 7.07251 6.7949 6.32956 6.11002 6.6479 5.99222 5.98315 7.18925 5.65913 5.59885
threshold=0.48978713622143316 0.50166678983270285 -0.14351992400828573 0.1027632372141942 0.0074864494899249409 -0.0082497584199237011 0.20163748696037406 0.013320135070652441 0.10457024713730657 -0.052864747372110214 0.41940611438589742 -0.052864747372110214 0.18500917930643379 1.0000000180025095e-35 0.14501512208094261 -0.027609261150807637 0.01581546138131687 0.0076100255405899828 0.32874426563866505 0.022919614394829525 0.075767820336204009 0.84698083857124506 0.042509123954736945 0.0073192262383205984 0.084849192511680119 1.0058024416920059 0.033649931706204901 0.94526563099737193 -0.10461571761869294 0.15143978927756149
decision_type=2 2 2 2 2 2 2 2 2 2 2 2 2 2 2 2 2 2 2 2 2 2 2 2 2 2 2 2 2 2
left_child=1 10 4 -4 5 18 21 9 20 -8 11 12 13 -1 17 -16 29 -13 -3 -6 -5 22 -2 24 -11 -25 -24 -28 -23 -12
right_child=6 2 3 8 19 -7 7 -9 -10 23 16 14 -14 -15 15 -17 -18 -19 -20 -21 -22 28 26 25 -26 -27 27 -29 -30 -31
leaf_value=0.059044099417613786 -0.04021757927874034 0.025914026009717046 -0.0037401494231910463 0.014630719097126408 0.099434999928619899 -0.0064948975795309921 -0.017142950362329237 -0.012204285991497064 -0.0068703348797926238 0.0072144771179225844 -0.0099120088027326407 -0.0060047853325416534 -0.0083410562728738254 -0.02656404911939951 0.025591657573927708 0.0010215861720987995 -0.0047910217781293139 0.0064086355428118191 0.093945955585134189 0.041986207106181707 0.054626765928058235 -0.0040615291317072253 -0.0053516654532971952 -0.0031349471263523634 0.047498817020100594 0.016665763997631498 0.015257653902293828 -0.0023156964311296544 -0.032877284212487243 0.028211560042603469
leaf_weight=118.8975497931242 48.543078184127808 119.17371521890163 857.74953576922417 865.39601172506809 26.149536781013012 114.86072927713394 187.71290009468794 484.38129521161318 175.43490163981915 1649.1299761421978 52.825538650155067 3927.826961375773 89.231538861989975 21.749665856361389 519.0927197933197 36093.079249665141 3756.5248512551188 664.50891775637865 17.832511514425278 122.72384773939848 46.592255391180515 121.48810045421124 5518.8265782855451 1239.2371530421078 42.008408192545176 174.33735074847937 321.5584002174437 843.34166043624282 155.24457143247128 142.2717465236783
leaf_count=562 221 611 4135 4603 150 604 1044 2616 962 8776 256 18752 410 93 2275 185258 18104 3388 104 686 275 790 27685 6393 259 1062 1676 4330 967 763
internal_value=0.000243283 0.000934044 0.00961825 0.00554868 0.0293717 0.0159511 -0.00281364 0.0010019 0.0128756 0.0029448 0.000485175 0.000881578 0.0247877 0.0458057 0.000748206 0.00136994 -0.00367128 -0.00420857 0.034769 0.0520771 0.0166741 -0.00486964 -0.00423838 0.00415932 0.00821515 -0.000692909 -0.00397706 0.00253524 -0.0202269 0.017889
internal_weight=58517.7 47731.9 2345.91 1945.17 400.74 251.867 10785.8 3776.81 1087.42 3292.43 45386 41434.4 229.879 140.647 41204.5 36612.2 3951.62 4592.34 137.006 148.873 911.988 7009 6732.27 3104.71 1691.14 1413.57 6683.73 1164.9 276.733 195.097
internal_count=297810 241991 12130 9975 2155 1319 55819 20150 5840 17534 229861 210738 1065 655 209673 187533 19123 22140 715 836 4878 35669 33912 16490 9035 7455 33691 6006 1757 1019
is_linear=0
shrinkage=0.1


Tree=164
num_leaves=31
num_cat=0
split_feature=1 5 18 14 4 9 2 3 8 17 4 15 3 8 15 8 0 7 3 0 16 3 20 9 4 16 8 8 1 17
split_gain=30.7825 40.0379 83.808 71.0541 60.7294 50.4806 38.826 43.207 54.9966 42.4645 57.2649 37.2179 36.7688 38.7399 35.1525 35.0957 29.1611 30.262 43.9823 42.0155 37.2657 71.5917 27.2203 27.1853 26.0547 70.8547 50.7516 40.8107 28.9663 24.1008
threshold=-0.014106033231855884 -0.0029418723770514572 1.0000000180025095e-35 0.27510911117831055 0.002076271777855077 0.3385972956370123 0.013952694427567193 1.0000000180025095e-35 0.60694052382882546 1.0000000180025095e-35 -0.00089167569017400961 0.88482227144530501 0.12460765245467377 1.3767890748700784 0.5714765422623046 0.9971876693031646 0.031866181566130532 0.0034236839315524574 -0.054758930123656173 -0.014475844026694549 1.0000000180025095e-35 -0.052416563253158126 1.0000000180025095e-35 0.50603678545460118 -0.00095952798102105763 1.0000000180025095e-35 -0.036930931901878628 -0.10246214904785252 -0.0065039203213250732 1.0000000180025095e-35
decision_type=2 2 2 2 2 2 2 2 2 2 2 2 2 2 2 2 2 2 2 2 2 2 2 2 2 2 2 2 2 2
left_child=1 29 -3 5 14 -4 16 24 9 -9 -11 -6 15 -14 -5 -10 17 20 -19 -20 -2 -22 -18 -24 25 28 -27 -26 -8 -1
right_child=6 2 3 4 11 -7 7 8 12 10 -12 -13 13 -15 -16 -17 22 18 19 -21 21 -23 23 -25 27 26 -28 -29 -30 -31
leaf_value=0.003114576901952059 -0.016732388738436962 0.0038896456200891946 0.19877243305287512 0.095752859688885805 -0.047020601922366803 0.070843735098217661 0.056825522726670699 -0.012283008953739558 0.0060576128789660184 0.029898312777475324 -0.0089631568783835394 0.053143949290013939 -0.010524583533978326 0.0047305542959505779 0.0053859619620748086 0.030567238218864506 0.00070351826616479505 0.032392751850615596 0.014617408248670326 -0.0095168158542632674 0.021122308787545858 -0.023287103456048491 0.070759413125361464 0.0043294928757726244 -0.0026182154925622038 0.042144845570746541 0.1521875430203844 0.033973553043077143 0.0027937491312712906 -0.0055657755482357209
leaf_weight=16262.303795224056 4971.0834075324237 1396.0596551783383 44.938952285796404 131.14084093272686 117.62025761604309 98.352790795266628 108.33379031531513 5740.6350108329207 2417.0958546344191 620.78845940344036 974.29035230726004 54.184862561523914 2649.0992712248117 4479.5869450513273 64.080645296722651 770.44568551890552 1019.9514101110399 342.45858441106975 898.17742506414652 3663.8947301525623 816.98704869858921 653.26425030268729 123.92646349966526 122.49651381373405 2004.935912206769 386.89567406475544 47.002523295581341 359.43744377978146 1179.2493765894324 3981.736511869356
leaf_count=74610 33256 6021 194 478 488 298 543 39503 14360 3826 6914 144 12662 15081 267 3751 3687 1443 4210 27761 3703 4559 483 326 10381 1638 213 2098 6111 18801
internal_value=-0.000194752 0.00271193 0.0165664 0.0512456 0.0279306 0.110965 -0.00206911 0.000491749 -0.00165319 -0.00827247 0.00616133 -0.0154301 0.00305368 -0.000938425 0.0660903 0.0119817 -0.00648288 -0.00808933 -0.00217073 -0.00476529 -0.0125958 0.00139025 0.00790988 0.0377372 0.00975843 0.019117 0.0540653 0.00294455 0.00733984 0.00140727
internal_weight=56500.5 22150.4 1906.38 510.318 367.027 143.292 34350 21737.8 17651.9 7335.71 1595.08 171.805 10316.2 7128.69 195.221 3187.54 12612.2 11345.9 4904.53 4562.07 6441.33 1470.25 1266.37 246.423 4085.85 1721.48 433.898 2364.37 1287.58 20244
internal_count=297810 101301 7890 1869 1377 492 196509 117081 96097 50243 10740 632 45854 27743 745 18111 79428 74932 33414 31971 41518 8262 4496 809 20984 8505 1851 12479 6654 93411
is_linear=0
shrinkage=0.1


Tree=165
num_leaves=31
num_cat=0
split_feature=11 9 11 14 9 5 14 2 10 5 10 14 19 9 13 11 9 3 10 2 0 8 9 10 9 4 5 4 3 3
split_gain=51.3316 21.412 22.7871 22.492 24.7067 25.5647 22.0126 20.8964 20.7234 20.501 20.158 19.6918 25.946 27.9443 22.9649 19.1004 38.137 27.8276 40.6102 26.1684 24.0248 23.5522 20.0978 25.7595 28.5972 23.2234 23.1692 18.6713 18.0065 17.6775
threshold=0.016230311593012286 0.30114666747471891 0.010752338002471164 0.29919417874654342 0.14046985776992663 -0.014947104949582011 0.038345110291888161 -0.013021264997242541 0.18986993728503818 -0.01096860783990433 0.26264342457184148 0.92672268079629194 1.0000000180025095e-35 0.47682279958808599 0.22426424589573904 0.02710338517817372 0.36520598257927511 -0.036125488434274759 0.37798465335617565 -0.1422684281775046 -0.013630904198043579 -0.9155982926599725 0.57782043593120813 0.65367146951498656 0.75160709962775685 -0.045678315877193836 0.027902852394777081 0.0032916789808696838 -0.11969953786449027 -0.049922762136895386
decision_type=2 2 2 2 2 2 2 2 2 2 2 2 2 2 2 2 2 2 2 2 2 2 2 2 2 2 2 2 2 2
left_child=1 2 6 4 5 -4 8 -8 -1 -9 29 15 13 14 -13 16 19 21 -19 20 -2 -18 25 24 -24 -17 -25 -6 -21 -5
right_child=11 -3 3 10 27 -7 7 9 -10 -11 -12 12 -14 -15 -16 22 17 18 -20 28 -22 -23 23 26 -26 -27 -28 -29 -30 -31
leaf_value=0.17698103067263182 0.0056002909174397483 -0.020885457885935526 -0.052167434039644738 -0.019225211347573403 -0.020588352705805987 0.042320103019548534 -0.043812266193738715 0.045011304297087905 -0.046927794701621145 -0.016479880928371791 0.0087210630799282787 0.028995168172443422 -0.0091637003086756774 0.0043447155684534257 -0.01240024151246728 0.075393495034888139 -0.0049271179841225672 -0.012984897718080524 0.0031180315524773363 -0.0096380046661622282 0.077397937777458417 -0.021365948025480232 -0.0019631079829570473 0.0095461132717214701 -0.023854245832203878 0.0065279938443564452 -0.0038144733640609173 -0.00030110302610986947 0.003000102469488708 -0.00092182885723657597
leaf_weight=10.968774113804104 98.606869004666805 940.16787883266807 35.572792686522007 631.96142644062638 1497.9821968600154 146.81350813060999 278.59615363180637 58.308070568367839 6.6331562884151927 773.09683844167739 1871.2484586760402 1084.1284457817674 690.6050663664937 1795.2894547730684 152.92065586894751 49.27140112221241 1802.3633164912462 2296.05304017663 4926.3375140279531 1237.6750222146511 88.375550657510757 1687.5908938795328 3411.4306664913893 3522.535992026329 723.25832311064005 7982.6312271133065 2055.2606323957443 650.73018078878522 12649.266438014805 3197.2883765771985
leaf_count=160 431 8088 421 6723 16063 1508 5340 948 106 14514 15118 4482 2453 4691 719 128 7872 11943 19952 6403 374 7909 10411 8598 2302 24829 4951 6450 67972 35638
internal_value=-5.4854e-05 -0.00651377 -0.00503856 -0.00316963 -0.011445 0.0238912 -0.0183504 -0.0201098 0.0926027 -0.0121674 0.000214425 0.00135544 0.00832937 0.0123134 0.023878 0.000744969 -0.00104809 -0.00554416 -0.00200121 0.00237408 0.0395348 -0.0128762 0.00324961 0.000189138 -0.0057924 0.00695045 0.00462311 -0.0144444 0.00187373 -0.00394253
internal_weight=56353 10099.4 9159.2 8031.6 2331.1 182.386 1127.6 1110 17.6019 831.405 5700.5 46253.6 3722.94 3032.34 1237.05 42530.7 24786.3 10712.3 7222.39 14073.9 186.982 3489.95 17744.4 9712.49 4134.69 8031.9 5577.8 2148.71 13886.9 3829.25
internal_count=297497 111077 102989 81921 24442 1929 21068 20802 266 15462 57479 186420 12345 9892 5201 174075 122856 47676 31895 75180 805 15781 51219 26262 12713 24957 13549 22513 74375 42361
is_linear=0
shrinkage=0.1


Tree=166
num_leaves=31
num_cat=0
split_feature=7 11 5 6 7 8 11 2 8 7 4 18 4 2 18 6 13 20 11 2 1 6 8 4 8 8 12 2 2 12
split_gain=15.4913 10.8272 13.9838 16.3193 11.4386 16.2486 14.1035 11.3226 10.7796 9.53868 9.49746 8.78188 8.71531 11.9023 9.90783 23.0159 13.6594 9.7891 7.28565 7.02062 6.69039 10.8548 12.1875 6.68546 6.23944 4.82921 8.0497 7.18747 4.79713 6.76527
threshold=0.25327420386179395 0.016230311593012286 0.026456003127959597 -0.00092190383432610979 0.063566752177554045 0.86037433763714477 0.010752338002471164 0.079177781453473997 0.29870583603069112 -0.21463552980399833 0.049347325350854516 1.0000000180025095e-35 -0.0063443675048113759 0.037780347262157184 1.0000000180025095e-35 -0.014646133722864661 -0.081712042004045457 1.0000000180025095e-35 0.03673086094195193 -0.13666113906669494 0.016060440150878822 0.0059340110594628967 1.563566950551871 -0.028130004571967456 0.46894993227547227 1.1439992150998777 0.025948063280448092 0.24384680155045793 0.12728458365382592 0.074063689283275932
decision_type=2 2 2 2 2 2 2 2 2 2 2 2 2 2 2 2 2 2 2 2 2 2 2 2 2 2 2 2 2 2
left_child=1 2 12 -4 6 -6 -5 8 9 11 18 -3 13 23 16 -16 -14 -15 -10 -11 21 -9 -23 -1 -2 26 -22 -27 -26 -30
right_child=24 7 3 4 5 -7 -8 20 10 19 -12 -13 14 17 15 -17 -18 -19 -20 -21 25 22 -24 -25 28 27 -28 -29 29 -31
leaf_value=0.044134812729289839 -0.039183650670610581 -0.015219176323288869 0.09592754497726115 0.039289053455895388 0.0218992277017966 -0.0018011889283324426 -0.0012616238053485003 -0.031697235865793587 -0.0033647886593496873 0.0068028790037118064 -0.051664952362622654 0.010381707969021776 0.0069265409074365297 -0.033796146493856996 0.010161316523951972 -0.0082578040155698706 0.00028792866713455676 0.031750264595963452 -0.01664230601854718 -0.00018284810707189833 0.055597326449738797 0.017759901084799044 -0.012166984514787019 -0.0028674776375497723 -0.013296185237678136 0.0057042208491528907 -0.00073934805663843203 0.057833145353490517 0.018795506867694427 -0.0060861468904285718
leaf_weight=30.779841035604477 64.884152106940746 704.92045132815838 21.478806085884571 92.391081258654594 960.13362076878548 414.00197118520737 1196.6868255063891 57.257206689566374 8006.6419057324529 1552.2567546404898 42.10013584792614 165.43823402747512 5925.5486949272454 201.03269528597593 967.34804495424032 2271.2444181852043 6498.4551006741822 25.697285406291485 435.7632359713316 19654.926317814738 25.571255125105381 863.386653393507 161.53907120972872 1797.6624243110418 815.07166355103254 1449.5739901587367 3111.4201755970716 26.941156290471554 125.16547328978777 860.82231454178691
leaf_count=175 327 3578 119 533 4982 2075 6358 293 38398 7894 205 838 31594 1028 5429 13017 35527 146 2270 96365 134 4297 795 9902 4027 7088 14908 156 623 4416
internal_value=0.000247712 0.000542955 0.00238575 0.00911132 0.00841115 0.0147587 0.00164473 -0.000494 -0.00125688 -9.26203e-05 -0.00428639 -0.0103529 0.00136666 -0.00475606 0.00217005 -0.00275612 0.00345417 -0.0263672 -0.00405012 0.000328471 0.00359945 0.0106759 0.0130431 -0.00207625 -0.00871746 0.00193953 -0.000280118 0.00665539 -0.0076199 -0.00292756
internal_weight=58526.1 56660.2 20402.5 2684.69 2663.21 1374.14 1289.08 36257.7 30562 22077.5 8484.51 870.359 17717.8 2055.17 15662.6 3238.59 12424 226.73 8442.41 21207.2 5695.69 1082.18 1024.93 1828.44 1865.94 4613.51 3136.99 1476.52 1801.06 985.988
internal_count=297497 288104 110885 14067 13948 7057 6891 177219 149548 108675 40873 4416 96818 11251 85567 18446 67121 1174 40668 104259 27671 5385 5092 10077 9393 22286 15042 7244 9066 5039
is_linear=0
shrinkage=0.1


Tree=167
num_leaves=31
num_cat=0
split_feature=11 14 1 2 2 6 4 0 17 11 1 16 4 4 0 4 9 10 9 4 0 5 4 12 10 9 0 14 13 6
split_gain=23.9539 16.9122 14.6734 18.7396 12.5964 13.5112 13.6797 12.304 12.1315 10.3916 10.9238 9.78623 9.55676 9.26104 9.32689 8.67331 8.26519 8.51729 8.57093 7.57202 7.54998 7.23049 6.90012 6.25093 5.82152 10.3623 7.19862 6.21731 6.1615 5.7447
threshold=0.030491055645350675 0.96377054271940377 0.013495471698424135 0.03356895642362457 0.0050128208775741543 0.0073651559751236615 -0.0098593482743956056 0.0279557112759421 1.0000000180025095e-35 0.0087660319821341783 -0.0032943967993457331 1.0000000180025095e-35 0.027226260699225409 0.014165993238395515 -0.06214612482645742 0.033011688055433648 0.78987119832389563 0.58966527557972692 0.56439954116491842 0.0043103472929864059 0.0015710693227308783 -0.0076106259989103245 -0.031236517272373417 0.2227329242575449 0.1721012183138019 0.151446810897328 0.0019016111271974447 0.9754791648048905 -0.074784005838941764 0.025696606197557318
decision_type=2 2 2 2 2 2 2 2 2 2 2 2 2 2 2 2 2 2 2 2 2 2 2 2 2 2 2 2 2 2
left_child=1 2 4 7 9 21 -7 12 11 10 -1 -5 -4 14 -2 -11 17 18 -16 -10 22 -6 -18 -22 25 27 -27 -3 -29 -9
right_child=13 24 3 8 5 6 -8 29 19 15 -12 -13 -14 -15 16 -17 20 -19 -20 -21 23 -23 -24 -25 -26 26 -28 28 -30 -31
leaf_value=0.0040539657866334377 -0.023595738811491337 -0.047098848795572773 0.0081861426105390624 0.0040209852761666194 -0.0021087763699034418 -0.016359251852875786 0.00031655188436613055 -0.012187431466974853 -0.0098811615271894634 0.00062045726488938152 0.034031893469039551 -0.0039261712396459984 -0.046520619144292535 -0.016173799868431551 -0.0077554612528355762 -0.040746741789925212 -0.028279255316189619 -0.013207026478486981 0.005926389151205475 0.0024327276741019704 -0.018296741599568161 -0.012329616923222252 0.016054210807632616 0.0054135126391811244 -0.011257110970235551 0.076164297330267722 0.0065597825339585069 -0.028391305996708457 0.031807673439313774 0.005693191840511003
leaf_weight=342.66750721633434 248.24979100003839 32.067444801330566 7230.4474641308188 6295.7854298576713 1039.5842164903879 533.18123250454664 6357.976463790983 473.60082430392504 1618.1988991312683 20078.015181194991 188.37748841196299 2055.3605812862515 32.07384767383337 861.73244948871434 1115.5574484653771 50.812474694103003 37.919037871062756 1099.4659682326019 776.61859015747905 722.25196785479784 197.92575288563967 2070.9534915238619 473.39382307603955 253.73751109093428 1529.9564071856439 30.176666632294655 29.271070048213005 29.649245694279671 39.860006988048553 289.52465669810772
leaf_count=1565 2041 135 36506 32945 5426 2842 31681 2554 7868 102985 916 10792 182 6816 7340 300 306 8096 5393 3831 1557 9778 3825 1903 7725 153 133 126 186 1591
internal_value=-0.00017038 0.000480144 0.000816901 0.00302324 -0.000529947 -0.00344303 -0.000973685 0.00667532 0.000281803 0.000880311 0.014688 0.00206505 0.00794454 -0.00673006 -0.00479377 0.000516031 -0.00361348 -0.00620722 -0.00213993 -0.00608115 0.00444441 -0.00891367 0.0127664 -0.00497668 -0.0093536 0.0087324 0.0418922 -0.0106744 0.00612973 -0.00540364
internal_weight=56134.4 51069.8 49378.8 18717.2 30661.6 10001.7 6891.16 8025.65 10691.6 20659.9 531.045 8351.15 7262.52 5064.6 4202.87 20128.8 3954.62 2991.64 1892.18 2340.45 962.976 3110.54 511.313 451.663 1690.98 161.024 59.4477 101.577 69.5093 763.125
internal_count=297497 260220 251762 96269 155493 49727 34523 40833 55436 105766 2481 43737 36688 37277 30461 103285 28420 20829 12733 11699 7591 15204 4131 3460 8458 733 286 447 312 4145
is_linear=0
shrinkage=0.1


Tree=168
num_leaves=31
num_cat=0
split_feature=11 10 9 12 13 12 5 6 17 18 13 8 3 8 3 8 3 6 4 6 14 4 3 5 10 15 15 4 14 18
split_gain=11.3591 8.28538 14.8375 9.57206 9.75287 9.45418 8.2086 15.6345 16.2201 18.7945 19.883 18.4766 17.4155 16.7195 11.2744 16.3693 40.5999 21.5162 15.7121 13.5732 11.659 13.0115 10.2966 9.55582 9.39581 9.98413 8.27655 9.93959 8.55216 7.97066
threshold=0.021856782620109701 0.70826650118782175 0.75160709962775685 0.31495642993404471 -0.36115719372801597 0.095957858540668781 -0.018137704064141166 -0.044426573875144974 1.0000000180025095e-35 1.0000000180025095e-35 0.083400792960486539 -0.48931867570797377 -0.073628591117099504 -0.50874965577740083 -0.10615290884535698 -0.17800624648644212 -0.018904160105711384 -0.024178033293450359 0.023400271604090864 0.0014240292607321516 0.96377054271940377 0.0085892623961265641 -0.032886082790214204 -0.032382726410488553 0.29179364846460015 0.12151730137338244 0.51176075799982212 0.00060034394400276813 0.91143910442520915 1.0000000180025095e-35
decision_type=2 2 2 2 2 2 2 2 2 2 2 2 2 2 2 2 2 2 2 2 2 2 2 2 2 2 2 2 2 2
left_child=6 2 29 -3 -5 -4 7 8 9 10 -1 12 -10 -11 18 20 17 -17 26 -18 22 -22 -16 24 25 -9 28 -28 -8 -2
right_child=1 3 5 4 -6 -7 14 23 11 13 -12 -13 -14 -15 15 16 19 -19 -20 -21 21 -23 -24 -25 -26 -27 27 -29 -30 -31
leaf_value=0.014427613069119039 -0.00044610842412060438 -0.010813663458494304 -0.039635678139083849 -0.015442831038540484 0.0068881694954404035 0.013736730842722717 0.013389602377668003 0.0046014556317458648 -0.016201294207417324 -0.0029951565303572738 -0.0048974799569675292 -0.047866513574337188 0.02871974363586698 -0.038444023813158937 -0.00054177970753366245 -0.0082464339232871352 -0.0064108867379410435 0.0256460437029658 0.070809130175737506 0.001532080992577357 0.026368986262420263 -0.038638280102576507 -0.0075800508399172699 0.005286133724988048 0.0077129571907797933 0.035213759968606144 0.014705406444386036 -0.012630934806406409 0.058974358029659238 -0.0058930596855552679
leaf_weight=1341.3719791322947 13221.60437214002 1905.8751606307924 34.522310543805361 262.96277664229274 763.19893453642726 859.12819417193532 429.27725798636675 152.34445524960756 398.85595127940178 522.66942529380322 882.78863005340099 136.88983999192715 110.13683138042688 178.48645185679197 3976.2541847079992 230.70325504988432 2472.5805467925966 995.83099623769522 41.650109976530075 16561.503049954772 222.25921339541674 35.740709856152534 4355.2530992999673 3412.0556901916862 629.0969210639596 354.36388254165649 241.38331040740013 296.26263253390789 45.520519621670246 3371.5734852179885
leaf_count=6340 64784 10764 173 1357 4240 4792 2192 695 1995 2571 4284 657 569 810 20233 1111 12286 4812 169 86520 1210 164 23421 16793 3000 1771 1190 1442 233 16919
internal_value=0.000200751 -0.00170172 -0.00087688 -0.00662111 0.00116566 0.0116749 0.0012224 0.00404223 -0.000909828 0.0022569 0.00675732 -0.0152525 -0.00648119 -0.012019 0.000456807 8.5659e-05 0.00163661 0.0192711 0.010615 0.000500267 -0.00357267 0.0173635 -0.004221 0.00793082 0.0158757 0.02601 0.00813869 -0.00035792 0.01776 -0.00155288
internal_weight=58442.1 20418.9 17486.8 2932.04 1026.16 893.651 38023.3 8119.06 3571.2 2925.32 2224.16 645.883 508.993 701.156 29904.2 28850.1 20260.6 1226.53 1054.09 19034.1 8589.51 258 8331.51 4547.86 1135.81 506.708 1012.44 537.646 474.798 16593.2
internal_count=297497 103029 86668 16361 5597 4965 194468 39485 17226 14005 10624 3221 2564 3381 154983 149757 104729 5923 5226 98806 45028 1374 43654 22259 5466 2466 5057 2632 2425 81703
is_linear=0
shrinkage=0.1


Tree=169
num_leaves=31
num_cat=0
split_feature=11 8 1 19 0 20 11 2 4 14 5 8 2 0 1 5 19 9 15 7 4 2 1 2 5 16 14 5 9 1
split_gain=59.5017 27.7383 25.3859 20.4661 31.3611 44.2476 31.2607 23.0033 24.1159 20.123 26.0881 19.7938 19.5784 26.7203 19.4511 40.5598 38.574 43.0878 38.5548 37.6721 32.0832 24.4707 22.447 26.2977 21.7257 20.7909 19.416 18.8911 18.707 17.5426
threshold=0.013026886122852693 2.9709471395737443 0.0086627112775488086 1.0000000180025095e-35 0.011513290283788004 1.0000000180025095e-35 0.0098192980532930806 0.039209730379382142 0.00034026682893006926 0.13925329527054123 0.0043948007753010785 -0.63894326310977334 0.032901830250739568 0.0054830247906463301 -0.017314484649822545 -0.022155916985170773 1.0000000180025095e-35 0.96108161927054836 0.92243147294436889 0.043724025470264445 -0.045678315877193836 -0.0034297734208017512 -0.10584093752407008 -0.14889415447304152 -0.0038187537342715956 1.0000000180025095e-35 0.88855319321557202 0.016448650371541532 0.28215409184114548 0.053717907963958596
decision_type=2 2 2 2 2 2 2 2 2 2 2 2 2 2 2 2 2 2 2 2 2 2 2 2 2 2 2 2 2 2
left_child=2 14 3 4 9 11 -7 -5 -9 10 -1 -6 -4 -14 15 22 17 21 19 -18 -17 -16 26 -24 -19 -22 -2 -11 -20 -3
right_child=1 29 12 7 5 6 -8 8 -10 27 -12 -13 13 -15 16 20 18 24 28 -21 25 -23 23 -25 -26 -27 -28 -29 -30 -31
leaf_value=0.0063423013316867465 0.004633532754778214 0.054788878231547058 -0.034949075824569992 -0.038405151310767577 0.10632186674468676 0.24391358840671937 0.068292525910930088 0.16608601043211219 -0.058115993136084933 -0.011894412558368268 0.099008547710851075 -0.016341046108547447 0.013282185068609474 -0.031882775787107284 -0.0038566907994177658 0.10425648951344356 -0.021368315812224398 -0.049309194083861141 0.063214966520704935 -0.0034356649470829955 0.01232063044045081 0.0030541137002754247 -0.017006624096444534 -0.00049263424849034455 -0.012440293515783881 -0.0028450790538805146 0.028907889726132063 0.099794484118734608 0.0062172884407877731 0.012355092537427208
leaf_weight=204.02413924969733 2538.2533525526524 137.79085737466812 718.28675132803619 279.64192916173488 15.05934754386544 12.381617920473216 55.871468335390091 11.580891624093058 8.1907816380262357 1637.7631836272776 35.696327246725559 104.05007988587022 259.35603637993336 264.65668078325689 7022.6192343980074 35.833756923675537 2326.1356667391956 213.32560507953167 61.712092861533165 2359.9889798387885 4597.2699804082513 18949.558996345848 1065.7015240341425 10134.849987480789 637.32926425337791 1125.2038059085608 378.66302823275328 15.285253806039689 860.45100985839963 332.56441698223352
leaf_count=2449 7116 359 12500 5855 193 91 484 172 157 22322 377 1395 4111 4453 35254 87 14699 569 457 12893 21298 91184 3345 44077 1706 4788 959 163 3198 786
internal_value=-0.000240688 0.000610195 -0.0126397 -0.00659051 -0.00307198 0.0359544 0.100151 -0.0310349 0.0732062 -0.00693514 0.0201411 -0.000832421 -0.0242266 -0.00952873 0.0003928 0.00285607 -0.00111684 0.000460151 -0.00865914 -0.0123372 0.00992928 0.0011855 -2.89946e-05 -0.00206389 -0.0216862 0.00933861 0.00778474 -0.0108617 0.0100316 0.0247861
internal_weight=56399.1 52777.3 3621.84 2379.55 2080.13 187.363 68.2531 299.414 19.7717 1892.77 239.72 119.109 1242.3 524.013 52306.9 19875.8 32431.1 26822.8 5608.29 4686.12 5758.31 25972.2 14117.5 11200.6 850.655 5722.47 2916.92 1653.05 922.163 470.355
internal_count=297497 242775 54722 33658 27474 2163 575 6184 329 25311 2826 1588 21064 8564 241630 81670 159960 128713 31247 27592 26173 126438 55497 47422 2275 26086 8075 22485 3655 1145
is_linear=0
shrinkage=0.1


Tree=170
num_leaves=31
num_cat=0
split_feature=15 0 0 19 13 0 0 10 5 15 9 0 15 10 0 15 3 3 8 6 16 12 4 1 14 9 3 4 13 10
split_gain=27.8456 61.521 51.1792 22.7659 32.5952 25.8636 26.9535 29.4315 24.9206 29.8304 23.241 21.7103 21.3253 20.6599 27.1561 32.9122 27.7713 25.0588 40.7056 27.6003 27.0888 24.9833 21.8778 21.0448 20.1477 19.3754 18.4823 17.4901 17.0225 16.9704
threshold=0.21296609725802843 -0.021908234910771093 -0.0032463029808404982 1.0000000180025095e-35 -0.030837453227179654 -0.0080446641025271309 -0.03000226143250306 1.0643848539704777 -0.077999355954174496 0.061135378077225827 0.64422567706478451 -0.033927907848386056 0.19724926741658003 0.26995469421669388 0.015802383794112366 0.76393555234117116 0.062082621070491679 -0.11969953786449027 -0.9339753373293298 -0.07286834298737542 1.0000000180025095e-35 0.13244172699124504 0.033011688055433648 -0.068215572706336033 0.82991594716937478 0.21191314125164112 0.08513555867681212 0.012259257578502771 -0.14096816666273312 0.38417616842282498
decision_type=2 2 2 2 2 2 2 2 2 2 2 2 2 2 2 2 2 2 2 2 2 2 2 2 2 2 2 2 2 2
left_child=2 11 3 5 8 6 7 -1 -5 -10 -8 -2 -7 14 22 24 -17 18 21 23 -20 -15 25 -19 -16 -3 -13 -4 -21 -28
right_child=1 13 27 4 -6 12 10 -9 9 -11 -12 26 -14 17 15 16 -18 19 20 28 -22 -23 -24 -25 -26 -27 29 -29 -30 -31
leaf_value=0.00031361289410750809 -0.081102503062999778 -0.0031607933593518983 -0.042918918145022217 -0.06195028598397298 0.0054447146518159101 -0.027540534966611702 0.014253055334559782 0.039450552537374554 0.015298811860764967 -0.022539504306279497 -0.0041088306531574751 -0.031697462200043318 0.024634858210760158 0.0049229224067457661 -0.023182358368440903 0.029505463290179369 -0.0064882365712966884 0.0049628826668462718 -0.021638244934624511 -0.0029470649438193088 -0.078051400257967959 -0.011222449937175792 0.11671483919339982 0.0381098346676398 0.034542959579408339 -0.013580875564746939 -0.058209294643334769 0.027339555561952045 0.0023656381525421549 0.03381129058107539
leaf_weight=4803.2037659585476 74.757715582847595 3656.5706126056612 303.21611016243696 110.13606276363134 1579.3535994868726 373.38920925930142 5202.1276752576232 200.15619730204344 289.78222874365747 741.43653751350939 794.61037237942219 565.73710918426514 99.134575327858329 1845.7941205017269 403.60523546114564 648.43820548430085 320.21662427857518 429.62341877818108 412.34093371219933 9018.7441709525883 107.26150200515985 1993.5516334958375 14.038104295730589 345.63274214416742 71.117587611079216 3485.3833951801062 26.043987058103085 40.120092753320932 18205.453176116571 86.949770785868168
leaf_count=16171 399 46511 2363 332 6547 2417 26731 407 1102 4055 2206 3230 590 6991 4077 5302 2575 1485 2001 43098 516 7116 47 1200 714 31240 159 170 77212 285
internal_value=-0.000327725 -0.00164123 0.00344121 0.00436407 -0.00386007 0.0063144 0.00729847 0.00187926 -0.0167356 -0.0119066 0.01182 -0.0299561 -0.0165942 -0.00112033 -0.00547701 0.00703552 0.0176067 3.74799e-05 -0.00701547 0.00113548 -0.0332836 -0.00346044 -0.00800081 0.0197408 -0.0145346 -0.00824595 -0.0243227 -0.034709 0.000605663 0.0126014
internal_weight=56247.9 41711.3 14536.7 14193.3 2720.71 11472.6 11000.1 5003.36 1141.35 1031.22 5996.74 753.489 472.524 40957.8 8599.37 1443.38 968.655 32358.4 4358.95 27999.5 519.602 3839.35 7155.99 775.256 474.723 7141.95 678.731 343.336 27224.2 112.994
internal_count=297249 234158 63091 60558 12036 48522 45515 16578 5489 5157 28937 4073 3007 230085 90466 12668 7877 139619 16624 122995 2517 14107 77798 2685 4791 77751 3674 2533 120310 444
is_linear=0
shrinkage=0.1


Tree=171
num_leaves=31
num_cat=0
split_feature=11 13 9 3 6 5 10 7 4 4 13 2 11 6 3 3 10 9 10 7 13 10 10 0 12 9 11 12 4 7
split_gain=12.1553 10.7443 11.2774 11.0049 18.4569 16.8693 15.6327 11.8726 11.1344 9.33093 8.71654 7.80048 9.73413 7.05989 9.88026 7.34757 6.59615 6.51448 6.72483 6.19775 5.647 6.65607 4.91912 4.79176 4.65502 6.1091 5.29335 4.49668 5.4273 4.08731
threshold=0.031855388646642287 0.69511488744993433 0.57782043593120813 0.0051681025060918992 0.012506382870007828 -0.025744935499794726 0.87678387836278859 0.07542028366482513 -0.0072358504136276194 -0.023710803537381638 0.63209507074571791 0.1888052575766726 0.028033746015665811 0.099459426304620804 0.21067071454836642 0.11398350441393458 0.61904819027644231 0.4246456343625496 0.36282882928156551 0.096877955197748236 0.17312160846154365 0.36635681588992713 0.52821622538975133 0.023863624567922685 0.11272100621140067 0.44514664244706881 0.044266078902156177 0.10950570476405345 -0.00082660340033369184 -0.026115187591720653
decision_type=2 2 2 2 2 2 2 2 2 2 2 2 2 2 2 2 2 2 2 2 2 2 2 2 2 2 2 2 2 2
left_child=1 2 3 4 7 9 -6 -1 -7 -5 17 13 23 14 -4 -15 -14 19 -19 20 21 -2 -12 -13 25 -20 -26 28 -21 -3
right_child=10 29 11 5 6 8 -8 -9 -10 -11 22 12 16 15 -16 -17 -18 18 24 27 -22 -23 -24 -25 26 -27 -28 -29 -30 -31
leaf_value=1.0159396331004198e-05 0.039285941060221007 -0.011150207806629496 0.007871988377067091 0.025439041959778266 -0.0102753891981499 -0.0034930478917430518 0.07058735122634939 -0.017417600690336942 0.0030604525386858129 -0.0099100254143173507 0.051183740094661839 0.026381667541215251 0.11088336266966721 -0.040935734056986292 0.078924632145124546 -0.00034005041892995941 0.036976032785893433 0.045419034953110532 0.022223360869780273 0.0226099374749014 -0.027770455448719672 -0.0081314960119221232 0.0092653516233821044 -0.031602177671896749 -7.9516792835411054e-05 -0.0098883168200646476 -0.0085360729078833401 -0.05334348373910687 -0.038985190243909007 -0.047048494013864399
leaf_weight=20284.062806770205 37.728671364486217 65.548611670732498 1698.9071555808187 78.460591204464436 2439.1166441291571 2930.947694465518 24.144366271793842 398.57695813477039 22451.064920779318 1547.2546733953059 33.583433337509632 43.266647879034281 19.805799752473831 55.781310193240643 19.798839777708054 222.11508325487375 30.940532438457012 27.405278883874416 61.548223152756691 22.968604110181332 99.291200898587704 137.46013537049294 168.22926291823387 21.252990931272507 2795.1521709561348 1583.1216224320233 1006.8059305772185 66.650850966572762 37.925636366009712 61.451160363852978
leaf_count=104866 203 323 8631 386 12213 14410 134 1929 112863 7652 155 256 131 250 119 1125 168 140 321 114 430 669 843 110 14292 8128 5606 293 183 306
internal_value=3.96352e-05 0.000530719 0.00060131 0.000299885 -0.00130022 0.00167119 -0.00948279 -0.000325692 0.0023037 -0.008204 -0.00419361 0.00775967 0.033054 0.00629941 0.00869049 -0.0084887 0.0658213 -0.00489543 -0.00399309 -0.0171818 -0.00871798 0.00208033 0.0162409 0.00728159 -0.00424171 -0.00868661 -0.00231892 -0.0353962 -0.0157522 -0.0285202
internal_weight=58470.4 52392.5 52265.5 50153.6 23145.9 27007.7 2463.26 20682.6 25382 1625.72 6077.87 2111.87 115.266 1996.6 1718.71 277.896 50.7463 5876.06 5474.03 402.025 274.48 175.189 201.813 64.5196 5446.63 1644.67 3801.96 127.545 60.8942 127
internal_count=297249 265872 265243 254453 119142 135311 12347 106795 127273 8038 31377 10790 665 10125 8750 1375 299 30379 28487 1892 1302 872 998 366 28347 8449 19898 590 297 629
is_linear=0
shrinkage=0.1


Tree=172
num_leaves=31
num_cat=0
split_feature=10 19 4 12 9 12 4 17 13 15 17 4 7 6 10 9 14 12 13 5 3 8 7 3 14 7 8 15 13 10
split_gain=22.9458 17.0776 14.8224 14.2405 12.5861 14.1411 14.0828 16.0519 11.0083 10.598 10.0585 10.047 18.3825 14.9857 15.374 10.0295 9.22773 12.1749 8.26215 8.14048 8.11526 17.9147 7.46526 7.22645 7.15205 6.82911 6.76518 6.50235 7.59682 6.31976
threshold=0.49344781937102611 1.0000000180025095e-35 -0.013415938512349122 0.25035064514349364 0.51518207303899344 0.10186536534933539 0.0053374400664087948 1.0000000180025095e-35 0.10953181868495265 0.90026890777527768 1.0000000180025095e-35 -0.01058948710099483 0.070503742001618921 0.030794058340877121 0.18553322691177229 0.55836967378293101 0.57661304163241722 0.14738772136126807 0.086031678858549204 -0.074629419023939811 -0.060166360846720217 -0.38029456784165888 -0.12212905833456532 0.31929456184636024 0.9526531527204023 0.28093564429614687 0.1032104098598417 0.013418317511331976 0.69511488744993433 0.59650365257766114
decision_type=2 2 2 2 2 2 2 2 2 2 2 2 2 2 2 2 2 2 2 2 2 2 2 2 2 2 2 2 2 2
left_child=1 2 10 16 6 -6 8 -8 -4 24 18 12 20 14 -13 -12 17 -2 -1 -7 21 -3 -16 -19 27 -15 -22 -5 -29 -11
right_child=3 11 4 9 5 19 7 -9 -10 29 15 13 -14 25 22 -17 -18 23 -20 -21 26 -23 -24 -25 -26 -27 -28 28 -30 -31
leaf_value=0.0037504900178829299 -0.0093389585008173577 0.023775931350175208 -0.00023409689119670534 -0.026656309063330504 -0.0043503573556420557 -0.021143177848420187 -0.0064291242972474814 0.0040330629818822713 0.0043773958731810969 0.032187965923932658 -0.021843791677841923 0.012424975495777797 -0.013949839820014853 0.010903293556652885 -0.015557454164494503 0.051053232853009251 -0.011906986774258967 0.0041389772255814193 -0.014549535557210672 0.020992012253953123 0.0025050734880059915 0.091003491966031247 -0.00040759258323517107 -0.043152236591710413 -0.020254757013691428 -0.025311193145217337 0.028459524339195526 0.0071453022979824331 0.0556232994481108 -0.017677320006918483
leaf_weight=626.65236323326826 1841.8900444172323 249.42069979012012 21186.48471532017 55.499909151345491 427.16668615862727 48.953710205852985 6009.2166217118502 1939.9225142486393 6850.2404945716262 27.585326142609119 601.5357265882194 947.51601552963257 180.00465082377195 2361.5563578121364 349.96857948228717 19.485148634761572 2697.4376913011074 1370.4824233613908 406.91179832816124 723.72662653401494 252.15014293044806 47.128000795841217 4606.4898741394281 33.092229813337326 102.65428533218801 53.245462611317635 166.90404134243727 1512.3048824854195 33.031347081065178 323.16102933138609
leaf_count=3622 12592 1487 103820 427 2689 290 30860 10013 34183 181 3176 4404 955 12391 1847 145 18992 9302 2194 4496 1324 297 23197 240 735 287 946 9664 258 2235
internal_value=-0.000144042 0.000681342 -0.00023686 -0.00510376 0.000175214 0.0102506 -0.00016072 -0.00387591 0.000892634 0.00207368 -0.00949795 0.00455173 0.0146154 0.00346826 0.000753843 -0.0195566 -0.00758473 -0.00399232 -0.00345419 0.0183225 0.0218008 0.0344598 -0.0014773 0.00302399 0.00533289 0.0101048 0.0128424 0.00697371 0.00818151 -0.0137555
internal_weight=56051.8 48054.7 38840.3 7997.14 37185.7 1199.85 35985.9 7949.14 28036.7 2054.24 1654.59 9214.38 895.608 8318.78 5903.97 621.021 5942.9 3245.46 1033.56 772.68 715.603 296.549 4956.46 1403.57 1703.49 2414.8 419.054 1600.84 1545.34 350.746
internal_count=297249 242623 195488 54626 186351 7475 178876 40873 138003 13500 9137 47135 5009 42126 29448 3321 41126 22134 5816 4786 4054 1784 25044 9542 11084 12678 2270 10349 9922 2416
is_linear=0
shrinkage=0.1


Tree=173
num_leaves=31
num_cat=0
split_feature=15 0 4 0 17 11 3 8 17 15 4 8 0 4 6 10 4 17 3 1 6 8 8 0 3 8 11 9 0 15
split_gain=10.874 43.0378 17.7357 19.6903 19.4167 14.7852 11.3903 19.5293 23.6088 22.3364 14.9607 13.4919 22.7326 13.0103 12.729 10.3218 9.43889 21.4663 13.2248 9.02196 14.066 8.66911 10.3588 7.88977 12.0596 6.88952 10.1084 11.6227 6.58556 18.4372
threshold=0.22893591032222879 -0.020470531353239615 0.001388599434275273 -0.0037672095030745196 1.0000000180025095e-35 0.0091692111114888095 0.040128598604440631 0.34088340122348559 1.0000000180025095e-35 0.85008401667498257 0.0039581233813097425 1.0000000180025095e-35 -0.0022471362124580892 0.010815978726114618 0.025136821877898455 0.48258629790689128 -0.0058006512056660844 1.0000000180025095e-35 -0.054758930123656173 -0.0073090109704259101 0.0059340110594628967 -0.25597942843950533 0.20188861694293564 -0.032843101165030301 -0.090135179681589891 0.41198364579831098 0.010752338002471164 0.2375929934219016 -0.031828301360166573 0.084956048778661669
decision_type=2 2 2 2 2 2 2 2 2 2 2 2 2 2 2 2 2 2 2 2 2 2 2 2 2 2 2 2 2 2
left_child=2 15 5 25 -5 -1 7 16 9 -9 11 12 -8 -10 -13 23 17 -3 -18 -6 -21 -12 -23 24 -2 26 -4 -28 29 -7
right_child=1 6 3 4 19 28 10 8 13 -11 21 14 -14 -15 -16 -17 18 -19 -20 20 -22 22 -24 -25 -26 -27 27 -29 -30 -31
leaf_value=0.036627712111533928 0.0096935043398066259 0.0008302025836145505 0.02919239324057878 0.0035054799850104679 0.014904132414749055 -0.00087178442267906342 0.016626950774797106 0.025934607696731726 -0.019755916539938405 -0.0060923070643128198 0.060932617372092081 -0.0045136566721197986 -0.033518172961607522 0.048276940231888582 0.0036405484645681756 -0.00029677183001139201 0.0056029082863950997 -0.016364666544437585 0.00032570518982921292 0.15537217031642514 0.038021394141683852 -0.016931715896373579 -0.0039612275493360605 0.024162573943037911 0.093878696864843639 -0.0020557111880165377 -0.027049234767605252 -0.010191967955232181 -0.0020998552672418951 0.016744501322119867
leaf_weight=109.79096586629748 28.860945075750351 3207.7599819861352 56.676432102918625 258.214011721313 23.002034403383732 2435.8513551391661 135.24010892957449 979.85992354899645 265.13000679761171 279.98678158968687 19.7846739590168 2533.9864244535565 272.69564635306597 31.442873068153858 7829.3029453083873 163.2403129786253 7280.3693645484746 938.44263202697039 13656.469420611858 19.263675563037395 21.742527984082699 690.43852115795016 5690.9901476055384 688.03711169958115 41.461102291941643 811.61847999691963 508.80213335901499 2085.373518884182 6532.8018550425768 785.75798566639423
leaf_count=709 112 15912 337 1489 125 12031 669 4935 1323 1324 125 12855 1478 185 40785 823 36439 4449 71113 108 131 3676 29739 3252 182 4233 2524 10343 32142 3701
internal_value=0.000373396 0.00112725 -0.00209731 -0.00791689 0.0157274 0.000135545 0.00067738 0.00197195 0.0128414 0.018817 -0.00133087 0.000944533 -0.0168939 -0.012543 0.00164672 0.0225134 0.00129749 -0.00306165 0.00216075 0.0650314 0.0931498 -0.00515966 -0.00536457 0.0274235 0.0593282 -0.0101173 -0.0125855 -0.0134982 -0.000275193 0.00342487
internal_weight=58382.4 44733.5 13648.9 3784.69 322.222 9864.2 43811.9 26639.5 1556.42 1259.85 17172.4 10771.2 407.936 296.573 10363.3 921.599 25083 4146.2 20936.8 64.0082 41.0062 6401.21 6381.43 758.359 70.322 3462.47 2650.85 2594.18 9754.41 3221.61
internal_count=297249 229376 67873 19290 1853 48583 225007 135680 7767 6259 89327 55787 2147 1508 53640 4369 127913 20361 107552 364 239 33540 33415 3546 294 17437 13204 12867 47874 15732
is_linear=0
shrinkage=0.1


Tree=174
num_leaves=31
num_cat=0
split_feature=10 11 13 1 15 3 2 7 19 15 2 19 11 13 7 4 16 14 1 13 8 6 13 1 4 2 2 1 2 1
split_gain=39.4734 23.1812 28.8398 28.6738 22.3132 25.3401 24.7244 21.3529 17.4172 21.7171 17.7925 16.0353 17.3857 23.6389 16.0463 15.8179 21.0309 25.5112 22.4458 22.169 21.5491 18.3484 17.0792 21.7545 32.2028 22.2195 11.3907 11.2135 14.3904 19.9082
threshold=0.16826762404626508 0.017276078044138322 0.32545899778110643 0.009067796012390163 0.59926093255642876 -0.0044722939188273072 0.051862122425868414 -0.043572259813439422 1.0000000180025095e-35 0.67383272477805423 -0.0040251484840867482 1.0000000180025095e-35 0.010550030072219942 0.43293450629132885 -0.019543697479983854 0.022030830858696063 1.0000000180025095e-35 0.31071546241926679 -0.035306821503732426 -0.24093732197002013 1.833599056062861 0.035732216441193294 0.53372288326177342 -0.15564257615625296 -0.022040255699227532 -0.061967246164313698 -0.049963896405123658 -0.050506032485329914 -0.020672593560074667 -0.018265330079867078
decision_type=2 2 2 2 2 2 2 2 2 2 2 2 2 2 2 2 2 2 2 2 2 2 2 2 2 2 2 2 2 2
left_child=7 2 3 4 6 -6 -2 27 10 -10 -5 12 -9 14 -14 22 18 21 -17 -20 -19 -18 23 24 -3 -25 -4 -1 -29 -30
right_child=1 15 26 8 5 -7 -8 11 9 -11 -12 -13 13 -15 -16 16 17 20 19 -21 -22 -23 -24 25 -26 -27 -28 28 29 -31
leaf_value=0.14577254874750925 -0.0034339650695950383 0.05646838243214794 -0.057203457339126684 -0.023215785939054247 0.022401094466299894 -0.00046048443573393043 0.031277179144362399 -0.038944563291378034 -0.039919529280516564 -0.0027640617347978826 -0.0034136006978144995 -0.064056161670757145 -0.060809101690111694 0.17901942929911441 -0.00043798615815118097 0.023784249869813309 0.077174837890023246 0.0040444698184708998 -0.03144674763048471 0.0026448728952737487 0.051642059855505212 0.0011845721761135856 -0.010247653284655062 -0.0034095272203722663 0.0054426902502337157 0.0023176169667435275 -0.019329564688049663 -0.018402691358351913 0.20292162655745336 0.023834571292516805
leaf_weight=6.7364876531064501 4875.3288437388837 173.90411476790905 96.804965123534203 527.57469302229583 941.50981161184609 999.57508746348321 214.22184335812926 301.45622089505196 367.12599949352443 275.25386470556259 3242.2851352393627 102.14059585239738 52.067711791023612 6.7661404684185973 285.08937352336943 425.98179430514574 122.79748259484768 491.47158198058605 220.99487102776766 1393.4808794185519 117.94330832362175 42.866985812783241 1319.8042931109667 8750.5347032509744 428.30726847052574 29993.793931793422 441.90778348781168 59.544397465884686 7.7821377087384453 30.674019252881408
leaf_count=83 42770 336 928 5062 8228 8973 1556 7550 5019 3485 30771 2840 825 90 4514 1082 309 1304 692 4334 265 113 4779 32141 1031 122153 4301 1040 122 553
internal_value=4.24473e-05 0.000370633 -0.00352396 -0.00245945 0.00150614 0.0106284 -0.00197295 -0.0213153 -0.00877836 -0.0239988 -0.00618483 -0.0272402 -0.0214136 -0.00604724 -0.00976119 0.0014438 0.00869244 0.0227154 0.00336575 -0.0020217 0.0132563 0.0575118 0.00094194 0.00131727 0.0201777 0.00102412 -0.0261354 0.0209714 0.0123927 0.0600753
internal_weight=56315.7 55463.5 11981.6 11442.9 7030.64 1941.08 5089.55 852.257 4412.24 642.38 3769.86 747.52 645.379 343.923 337.157 43481.9 2815.54 775.079 2040.46 1614.48 609.415 165.664 40666.3 39346.5 602.211 38744.3 538.713 104.737 98.0006 38.4562
internal_count=297249 279632 111093 105864 61527 17201 44326 17617 44337 8504 35833 15819 12979 5429 5339 168539 8099 1991 6108 5026 1569 422 160440 155661 1367 154294 5229 1798 1715 675
is_linear=0
shrinkage=0.1


Tree=175
num_leaves=31
num_cat=0
split_feature=11 11 9 11 13 11 7 14 12 14 11 6 3 0 15 13 15 0 19 0 4 11 0 6 18 13 13 9 12 6
split_gain=43.999 25.2821 22.0923 26.5452 24.399 30.836 28.1604 22.3683 20.3037 19.0467 18.0516 16.6943 15.4548 20.051 50.7465 30.4104 22.9705 74.9119 76.0901 32.7805 29.6254 19.3621 18.8305 17.0685 15.7128 14.8417 14.7531 14.3899 14.3485 19.815
threshold=0.017778643014366474 0.0078617107644434869 0.20674285121060521 0.012681651822170452 0.038298454398276137 0.011392241334221951 0.038156114254381597 0.91540784545278353 0.14549451562092588 0.16728251803548608 0.012958842223343739 0.035068571205109207 0.29768879928736142 0.044320313784533834 0.95303588871033817 0.42024907010891477 0.80705880172968614 0.018359943020352935 1.0000000180025095e-35 0.016379540770334437 0.016561029304803302 0.040886424068772374 0.068711952630088349 0.011069962365422794 1.0000000180025095e-35 -0.065385237393707454 0.42024907010891477 0.32646327662203029 0.12783168978512846 0.056914349513868874
decision_type=2 2 2 2 2 2 2 2 2 2 2 2 2 2 2 2 2 2 2 2 2 2 2 2 2 2 2 2 2 2
left_child=1 -1 4 7 5 25 -7 26 27 -6 -11 -9 13 16 -15 22 17 20 -19 23 -2 -21 -16 -18 -17 -3 -4 -5 -14 -30
right_child=12 2 3 8 9 6 -8 11 -10 10 -12 -13 28 14 15 24 19 18 -20 21 -22 -23 -24 -25 -26 -27 -28 -29 29 -31
leaf_value=-0.078501024825476592 0.0008391684687686457 -0.016799785012832517 -0.03336970995377201 -0.002772282505442081 -0.035973911226948034 0.0031442451998862381 0.025403952239893581 0.037956058569318663 -0.023934384896996425 -0.016825194720448043 0.0077632266079985359 -0.071844818301817118 0.028756398600208784 -0.031627352448677079 0.001695881852994895 0.015086421316846375 0.004607904641587216 -0.032776998203316754 0.021349880491368291 0.0079249607515885483 0.015465115955674087 0.025945870986802361 -0.019967275880316996 -0.015407020684534922 0.064316103990701687 0.01066084840028261 0.099744849599362848 -0.014507140794078993 0.068655856181832078 0.0023628541225912841
leaf_weight=46.701176390051842 27158.505646504462 747.00291771255434 676.60821912437677 6398.1335738971829 241.63810534775257 1580.806493576616 887.3453406766057 81.510889671742916 590.49859775975347 631.32993030361831 566.48528295010328 16.680712973698974 369.66116255521774 646.75754715502262 1349.1974247097969 253.64614500105381 820.74409491568804 1203.3101926892996 331.20408782362938 5525.7674104198813 1459.3098442032933 668.31745120882988 571.09802838414907 886.05543713271618 87.095947191119194 267.22470515221357 8.4296434409916383 1248.9488775469363 47.404682651162148 922.53360644727945
leaf_count=1177 108357 13123 9525 52096 2896 15580 8328 1039 4342 9891 5063 228 926 2399 4115 676 3334 5076 1379 20796 4381 1480 1560 3708 207 4729 115 8983 113 2251
internal_value=-0.000185274 -0.00504689 -0.00480086 -0.00774114 0.000588137 0.00511486 0.011147 -0.0253336 -0.00606845 -0.0103631 -0.00519654 0.0193032 0.00142252 0.00107686 -0.00692695 0.000138473 0.00168846 0.000430787 -0.0210944 0.00648813 0.00158499 0.00986935 -0.00474677 -0.0057825 0.0276699 -0.00956457 -0.0317317 -0.00468886 0.0119921 0.00560285
internal_weight=56290 13989.3 13942.6 9020.81 4921.83 3482.38 2468.15 783.229 8237.58 1439.45 1197.82 98.1916 42300.6 40961 2907.8 2261.04 38053.2 30152.3 1534.51 7900.88 28617.8 6194.08 1920.3 1706.8 340.742 1014.23 685.038 7647.08 1339.6 969.938
internal_count=297873 137115 135938 76328 59610 41760 23908 10907 65421 17850 14954 1267 160758 157468 8957 6558 148511 119193 6455 29318 112738 22276 5675 7042 883 17852 9640 61079 3290 2364
is_linear=0
shrinkage=0.1


Tree=176
num_leaves=31
num_cat=0
split_feature=3 0 2 3 16 12 7 6 17 18 12 7 13 7 12 4 3 20 12 2 0 7 3 5 4 6 5 19 6 0
split_gain=13.0016 12.5386 14.9799 15.6742 20.7646 19.5603 12.5661 11.1014 11.8313 10.8446 8.60697 8.3391 7.46984 12.61 10.0195 8.5036 8.39273 7.24521 6.94727 10.8635 9.58903 7.39209 6.63187 6.52306 6.45021 6.25628 9.03109 6.20888 6.01013 6.00835
threshold=-0.18742152873783288 -0.036321153835240365 -0.066304961562501527 -0.070479040194758799 1.0000000180025095e-35 0.12783168978512846 0.10206239902106774 -0.038159698325895823 1.0000000180025095e-35 1.0000000180025095e-35 0.10556551744675596 -0.27383694769218847 0.056341194369743643 -0.080764690124356595 0.036025856276862132 -0.0026120932837105921 -0.096624569889797382 1.0000000180025095e-35 0.12641195100463237 -0.13083835058576551 -0.042639506594801528 -0.21463552980399833 -0.25620963995050555 -0.036097686857765036 0.0033786370125059588 -0.12890502623849373 -0.10136560157871598 1.0000000180025095e-35 -0.08890390085871612 0.024985545830293002
decision_type=2 2 2 2 2 2 2 2 2 2 2 2 2 2 2 2 2 2 2 2 2 2 2 2 2 2 2 2 2 2
left_child=9 24 12 4 6 -6 -4 10 -9 18 -5 -11 16 14 -14 -15 17 -3 19 20 22 -22 -1 -18 25 26 -2 28 -26 -20
right_child=1 2 3 7 5 -7 -8 8 -10 11 -12 -13 13 15 -16 -17 23 -19 29 -21 21 -23 -24 -25 27 -27 -28 -29 -30 -31
leaf_value=-0.00158677825509289 0.0030558088274087805 -0.00045555943144660297 -0.0012522345152793605 0.015063854241180515 -0.025321112300899246 0.008423800515476889 -0.057143508700953138 0.0014200688376860293 -0.002725153990565869 0.05295351873870266 -0.004517742222699672 0.0025841020976041444 -0.01438590887346565 -0.0084122275432865663 0.019761207905495948 0.0089836338125780825 0.00057553406252228839 -0.020743076932446123 -0.0022212241383597962 -0.027899447142418238 -0.040107280476580048 -0.0025668685634547845 0.063251752442033751 0.012333905889689386 0.027569471939522153 -0.0055050214237109011 0.079378624386292312 -0.041047347296549991 -0.017031445982492115 -0.023473344899511889
leaf_weight=31.4010557718575 59.571702495217323 888.31470712646842 3897.9462795555592 916.66134057939053 784.77430656179786 219.90922322869301 40.645945973694324 33548.357917718589 8663.6945283338428 35.555700771510601 297.25912891700864 434.97209366038442 93.095506839454174 439.04465880990028 1116.1517857760191 780.63438941538334 938.1294064745307 219.5371720045805 906.90384703874588 450.09658346697688 70.691853772848845 203.30025974661112 31.700391836464405 949.12943364679813 34.892469670623541 2016.556954883039 20.957847468554974 93.903663359582424 225.29139849543571 155.89840694889426
leaf_count=190 339 4366 19842 4785 3887 1178 164 169548 45097 191 1468 2121 451 2211 5582 3879 4555 1148 4723 2135 341 979 191 4878 194 10841 122 483 1181 803
internal_value=0.000170531 0.000473175 0.000791894 0.00023308 -0.00510242 -0.0179349 -0.00182903 0.000840432 0.000569294 -0.00716492 0.0102688 0.0063903 0.00577516 0.00989607 0.0171323 0.00272169 0.00243325 -0.00447583 -0.0106126 -0.017733 -0.00415856 -0.0122526 0.0309863 0.00648899 -0.00652141 -0.00441353 0.0229189 -0.0190054 -0.0110502 -0.00533862
internal_weight=58565 56244.5 53793.3 48369.2 4943.28 1004.68 3938.59 43426 42212.1 2320.52 1213.92 470.528 5424.04 2428.93 1209.25 1219.68 2995.11 1107.85 1849.99 787.19 337.094 273.992 63.1014 1887.26 2451.17 2097.09 80.5295 354.088 260.184 1062.8
internal_count=297873 286199 273039 245969 25071 5065 20006 220898 214645 11674 6253 2312 27070 12123 6033 6090 14947 5514 9362 3836 1701 1320 381 9433 13160 11302 461 1858 1375 5526
is_linear=0
shrinkage=0.1


Tree=177
num_leaves=31
num_cat=0
split_feature=11 5 2 8 16 0 15 20 19 0 17 15 0 3 8 3 5 8 3 0 0 1 11 9 14 8 6 2 5 14
split_gain=22.7606 15.5524 13.9649 9.48539 9.3792 13.3819 31.306 15.6036 12.6424 11.4389 28.7753 10.8456 8.87263 8.60143 12.2287 13.4982 12.1209 9.33898 16.3354 9.97618 9.01673 8.42981 8.77375 8.40878 8.17737 7.30017 7.13537 7.07842 7.06052 8.22128
threshold=0.020894626766601674 -0.065888156486570773 -0.053371312566161004 2.9709471395737443 1.0000000180025095e-35 -0.0074558624467575543 0.61081267590387534 1.0000000180025095e-35 1.0000000180025095e-35 0.017035237350506275 1.0000000180025095e-35 0.21296609725802843 0.0086617541712556995 -0.036125488434274759 -0.60423161033205852 -0.084246037664626336 -0.014578992971538083 -0.51867945656133274 0.00098795965573206268 -0.0012437821826334348 -0.010227926637106586 -0.020287691682443928 0.033536039708676031 0.16266988107869088 0.69408989241433816 -0.9339753373293298 0.057915249200827364 -0.047797823400518073 -0.016519641012808502 0.1190716582748106
decision_type=2 2 2 2 2 2 2 2 2 2 2 2 2 2 2 2 2 2 2 2 2 2 2 2 2 2 2 2 2 2
left_child=4 -2 12 21 5 7 9 8 24 11 -11 -7 28 14 15 20 -16 18 25 -20 -6 26 -23 -9 -1 -15 -4 -10 -3 -30
right_child=1 2 3 -5 13 6 -8 23 27 10 -12 -13 -14 17 16 -17 -18 -19 19 -21 -22 22 -24 -25 -26 -27 -28 -29 29 -31
leaf_value=-0.0092163371249118203 -0.012007698647716222 0.0046544168885363155 -0.0092820444510751995 -0.029734451150275495 0.0079299223644628738 0.019057326471246593 -6.7681044905038189e-05 -0.012115779940575019 0.014718721024142005 0.010973062433844334 0.076913204056842543 0.0059323954127005647 -0.0038088247568828387 0.064600380103285004 -0.0026180013231045739 0.01182587553215203 -0.028049393292028397 -0.00076305695992812019 0.022548257441158778 0.11879411323543142 -0.019084323291251024 -0.0004890415416601454 -0.0087541517171434696 0.0086136792736251477 -0.00020402868547524959 0.0033463425345604857 0.010801245018050524 0.00011219785726065916 -0.018519207581581217 0.024257950392167729
leaf_weight=3117.5963883474469 1656.7537532635033 2018.4060473777354 2617.1350521966815 134.88548984006047 177.5323702916503 673.44305546581745 11372.931333050132 218.43836742639542 425.97335956245661 352.13446100056171 81.494918376207352 9669.6868811845779 1075.7634649388492 21.033044427633286 325.42961516231298 475.32030246406794 441.8894253000617 5012.9626755714417 20.168176174163818 23.110284380614758 406.38361012935638 8568.0362183600664 1510.8404321148992 1878.6149703189731 1487.0100805684924 259.56655942648649 189.73285734280944 1500.2966455519199 51.257810145616531 363.8083084281534
leaf_count=14991 11571 12675 16089 1027 951 3310 54070 1007 2198 1719 450 45843 7021 104 1713 2365 2092 24501 99 129 2019 51021 11439 9495 7333 1245 1377 7353 302 2364
internal_value=0.00013783 -0.00277076 -0.00184496 -0.00335391 0.00153203 0.00229056 0.00359196 -0.00105041 -0.00346019 0.00745405 0.0233656 0.00678696 0.00375384 -0.00172698 -0.00765012 -0.000686022 -0.0172636 0.000300232 0.0167577 0.0739426 -0.010871 -0.00307776 -0.001728 0.00645441 -0.00630591 0.00793779 -0.0079245 0.00334227 0.00709706 0.0189753
internal_weight=56127.6 18186.6 16529.9 13020.6 37941 30777.6 22149.7 8627.93 6530.88 10776.8 433.629 10343.1 3509.24 7163.4 1826.56 1059.24 767.319 5336.84 323.878 43.2785 583.916 12885.7 10078.9 2097.05 4604.61 280.6 2806.87 1926.27 2433.47 415.066
internal_count=297873 114886 103315 80953 182987 147769 105392 42377 31875 51322 2169 49153 22362 35218 9140 5335 3805 26078 1577 228 2970 79926 62460 10502 22324 1349 17466 9551 15341 2666
is_linear=0
shrinkage=0.1


Tree=178
num_leaves=31
num_cat=0
split_feature=11 7 8 7 17 13 0 5 4 10 6 9 4 18 11 6 10 7 13 15 1 9 11 5 5 10 15 4 15 10
split_gain=8.61272 8.51326 7.79507 13.4625 23.6369 18.8784 12.0343 9.37776 11.5417 8.93731 18.5697 9.68968 8.47716 8.46867 7.54669 5.85548 4.93466 6.65958 10.1934 4.62988 4.26536 8.04428 8.85225 8.6838 8.19209 9.62217 7.0951 7.50528 5.67785 5.41273
threshold=0.036222166364699195 0.28093564429614687 -0.0076499557571402628 0.032762156404877792 1.0000000180025095e-35 -0.026324432671656076 0.051244752024266489 -0.074629419023939811 -0.014825518955194903 0.35064859130510218 -0.02798188621541042 0.57128407680397331 0.0013171854098135152 1.0000000180025095e-35 0.011646424021932592 0.053104956335431448 0.53782224892741859 0.31736883489966278 -0.34818237387378709 0.79134516269878785 -0.15564257615625296 1.1460183916272071 0.044266078902156177 -0.0330877299133343 -0.11205880228571062 0.87678387836278859 0.25688382706009655 0.0040418676766147419 0.68580056882462459 0.80098473305364026
decision_type=2 2 2 2 2 2 2 2 2 2 2 2 2 2 2 2 2 2 2 2 2 2 2 2 2 2 2 2 2 2
left_child=1 2 3 6 13 -6 14 8 -4 10 -9 -11 -10 -5 -1 -8 -3 18 -18 -20 29 24 26 -24 -22 -26 -23 -28 -25 -2
right_child=20 16 7 4 5 -7 15 9 12 11 -12 -13 -14 -15 -16 -17 17 -19 19 -21 21 22 23 28 25 -27 27 -29 -30 -31
leaf_value=0.0050497802716308951 -0.0018188471432621766 -0.018001934220941783 -0.013145313599244557 -0.013916633528845824 0.023219132616355914 -0.0087822734962516372 0.018153205931141784 -0.015017050077478493 0.1048091797350417 -0.002048247460774645 0.0037259808066056202 0.0065618838851579722 0.020717996266365377 -0.0014103060883862615 -0.0006048871576987111 0.074226460472363892 0.080963205429522789 -0.011651079241213136 0.023200116792874512 -0.019051973333103267 0.037210636656313405 0.0040374168228890176 0.031978392716245606 0.0097891315568714079 -0.0034197489618134425 -0.01924188269078056 0.11264499801932398 0.02321027293147588 -0.035754469203007976 -0.032894872094806314
leaf_weight=2650.844854645431 106.70416750013828 388.07321374118328 29.178002066910267 2051.0132166743279 426.08468724787235 324.91606948524714 204.13085724413395 546.6626777946949 26.315228469669819 8319.8777056857944 15996.510711468756 1550.6484237723053 22.01893550157547 735.65099217742682 21523.364526402205 20.492606461048126 20.706857651472092 236.44933426380157 57.612985879182816 47.165559113025665 44.532941460609436 24.355789463967085 62.598186459392309 50.972505733370781 2339.4860114082694 459.92764720320702 21.25214783847332 16.801498118788004 59.124943222850561 118.06480894237757
leaf_count=15619 588 1869 135 10467 2122 1554 974 2536 156 41036 82725 8256 116 3571 106086 111 124 1233 321 234 270 148 410 318 12801 2750 136 118 347 742
internal_value=0.000115977 0.00041293 0.000558741 -0.000606632 -0.00637168 0.00937391 0.000229261 0.00178769 0.0365196 0.00168577 0.00310662 -0.000695606 0.0665009 -0.0106151 1.51805e-05 0.0232688 -0.0101685 -0.00176928 0.0168508 0.00418054 -0.00484348 -0.00387268 0.0139046 0.00223969 -0.0053423 -0.00601924 0.0461829 0.0731577 -0.0146689 -0.0181422
internal_weight=58481.5 55177.7 54427.7 27936.5 3537.66 751.001 24398.8 26491.2 77.5122 26413.7 16543.2 9870.53 48.3342 2786.66 24174.2 224.623 750.008 361.935 125.485 104.779 3303.82 3079.05 235.105 172.696 2843.95 2799.41 62.4094 38.0536 110.097 224.769
internal_count=297873 279245 275464 140504 17714 3676 122790 134960 407 134553 85261 49292 272 14038 121705 1085 3781 1912 679 555 18628 17298 1477 1075 15821 15551 402 254 665 1330
is_linear=0
shrinkage=0.1


Tree=179
num_leaves=31
num_cat=0
split_feature=12 2 16 4 0 5 16 20 15 3 7 0 7 12 0 15 15 4 9 15 13 5 4 13 10 5 0 0 9 4
split_gain=41.0668 27.0549 23.9796 22.9863 24.2082 29.3404 24.4448 26.1106 25.1806 21.9304 43.9262 47.0687 36.8647 35.1609 27.2822 24.0688 21.1573 18.5507 16.1737 15.885 17.897 20.8094 15.5236 14.7571 14.4765 14.2794 13.7641 13.7565 17.234 12.9033
threshold=0.029393441051667312 -0.051032001718313229 1.0000000180025095e-35 -0.014825518955194903 0.044320313784533834 0.069565522720201348 1.0000000180025095e-35 1.0000000180025095e-35 0.94929518830084303 0.078644292611631542 0.11124452772753858 -0.010454725126854967 0.25327420386179395 0.060989227653393568 -0.049328071058011728 0.68949314164557252 0.5792478530706503 0.008767409650220161 0.32810433015945945 0.025184282110506575 0.02633981421986626 -0.11205880228571062 -0.0019678831730789432 0.49169714397589159 0.43982130456435059 -0.12978245264616758 -0.0034038367526667552 0.0020735303322532155 0.14516385765458506 -0.010329884715690961
decision_type=2 2 2 2 2 2 2 2 2 2 2 2 2 2 2 2 2 2 2 2 2 2 2 2 2 2 2 2 2 2
left_child=1 2 18 19 9 6 7 -6 -8 10 13 -12 15 -5 -14 -11 22 27 -1 25 21 -21 -4 -22 -7 -2 -23 28 -3 -29
right_child=3 17 16 4 5 24 8 -9 -10 12 11 -13 14 -15 -16 -17 -18 -19 -20 20 23 26 -24 -25 -26 -27 -28 29 -30 -31
leaf_value=-0.012075329072058707 0.025290345036179579 -0.050948982125763077 0.10488217471601549 0.0042940781474363815 0.0013730339507507685 -0.028903179439414353 0.082921641630291976 0.029893376252962636 0.024023910219005819 -0.010961511749652297 0.041776699047157063 0.005510523731621894 0.058911699656435161 -0.00284458279534054 0.004929979572053214 -0.0008579449336139377 0.17049746890243578 0.013183146508920128 0.076266974695014644 0.063246505862704278 0.019182774571635808 0.0068920617448359244 -0.0099216781806527564 -0.010743301038025031 0.00064647094654225127 -0.009745915147130621 -0.0095731181757728184 0.040415266563029129 -0.0087244556128244066 -0.03320057810014411
leaf_weight=162.33378898911178 134.63605087995529 107.80088992975652 20.013582956045866 10209.705063754693 1106.2655868008733 194.36846946924925 91.913737446069717 452.22108451649547 345.24647252261639 6245.8211675398052 496.07621517032385 1284.5757246445864 98.265931829810143 21281.523815888911 1981.8772613555193 3787.5939079988748 15.804920997470616 179.49741531722248 23.756721571087837 56.983590513467789 1728.6782017536461 1752.6561948880553 28.623471155762672 182.13996120169759 1127.5767839029431 855.33261087164283 714.75872400775552 24.611325215548277 935.49413975700736 731.22439047507942
leaf_count=1528 272 2881 121 76714 3778 856 230 1392 895 31506 1769 6077 194 100801 6070 18687 80 1688 90 110 5913 6151 235 597 2983 2293 2603 178 10812 10369
internal_value=-0.000249775 -0.0135516 0.0174085 0.000298033 -0.00038975 0.00785637 0.0155103 0.00964869 0.0364073 -0.000992526 0.000333835 0.015614 -0.0046356 -0.000530173 0.00748008 -0.00714744 0.0699819 -0.0174717 -0.000797357 0.00647241 0.00902888 0.0035022 0.0373188 0.0163302 -0.00369828 -0.00498097 0.00212244 -0.0205301 -0.0130874 -0.0308035
internal_weight=56357.4 2229.16 250.532 54128.2 48703 3317.59 1995.65 1558.49 437.16 45385.4 33271.9 1780.65 12113.6 31491.2 2080.14 10033.4 64.442 1978.63 186.091 5425.19 4435.22 2524.4 48.6371 1910.82 1321.95 989.969 2467.41 1799.13 1043.3 755.836
internal_count=297873 27982 2054 269891 251952 10134 6295 5170 1125 241818 185361 7846 56457 177515 6264 50193 436 25928 1618 17939 15374 8864 356 6510 3839 2565 8754 24240 13693 10547
is_linear=0
shrinkage=0.1


end of trees

feature_importances:
parkinson_10d=550
overnight_gap=468
vol_21d=455
ret_1d=453
vol_10d=366
volume_ratio=323
ret_21d=306
ret_1d_rank=261
vol_of_vol=257
dollar_volume_pctile=241
ret_5d=234
ret_21d_z=229
close_vs_sma63=210
ret_10d=173
close_vs_sma21=146
close_vs_sma10=133
dow_thu=129
dow_mon=123
dow_wed=117
dow_fri=115
dow_tue=111

parameters:
[boosting: gbdt]
[objective: multiclass]
[metric: multi_logloss]
[tree_learner: serial]
[device_type: cpu]
[data_sample_strategy: bagging]
[data: ]
[valid: ]
[num_iterations: 36]
[learning_rate: 0.1]
[num_leaves: 31]
[num_threads: 4]
[seed: 42]
[deterministic: 1]
[force_col_wise: 0]
[force_row_wise: 1]
[histogram_pool_size: -1]
[max_depth: 6]
[min_data_in_leaf: 100]
[min_sum_hessian_in_leaf: 0.001]
[bagging_fraction: 0.8]
[pos_bagging_fraction: 1]
[neg_bagging_fraction: 1]
[bagging_freq: 1]
[bagging_seed: 400]
[bagging_by_query: 0]
[feature_fraction: 0.8]
[feature_fraction_bynode: 1]
[feature_fraction_seed: 30056]
[extra_trees: 0]
[extra_seed: 12879]
[early_stopping_round: 0]
[early_stopping_min_delta: 0]
[first_metric_only: 0]
[max_delta_step: 0]
[lambda_l1: 0]
[lambda_l2: 0]
[linear_lambda: 0]
[min_gain_to_split: 0]
[drop_rate: 0.1]
[max_drop: 50]
[skip_drop: 0.5]
[xgboost_dart_mode: 0]
[uniform_drop: 0]
[drop_seed: 17869]
[top_rate: 0.2]
[other_rate: 0.1]
[min_data_per_group: 100]
[max_cat_threshold: 32]
[cat_l2: 10]
[cat_smooth: 10]
[max_cat_to_onehot: 4]
[top_k: 20]
[monotone_constraints: ]
[monotone_constraints_method: basic]
[monotone_penalty: 0]
[feature_contri: ]
[forcedsplits_filename: ]
[refit_decay_rate: 0.9]
[cegb_tradeoff: 1]
[cegb_penalty_split: 0]
[cegb_penalty_feature_lazy: ]
[cegb_penalty_feature_coupled: ]
[path_smooth: 0]
[interaction_constraints: ]
[verbosity: -1]
[saved_feature_importance_type: 0]
[use_quantized_grad: 0]
[num_grad_quant_bins: 4]
[quant_train_renew_leaf: 0]
[stochastic_rounding: 1]
[linear_tree: 0]
[max_bin: 255]
[max_bin_by_feature: ]
[min_data_in_bin: 3]
[bin_construct_sample_cnt: 200000]
[data_random_seed: 175]
[is_enable_sparse: 1]
[enable_bundle: 1]
[use_missing: 1]
[zero_as_missing: 0]
[feature_pre_filter: 1]
[pre_partition: 0]
[two_round: 0]
[header: 0]
[label_column: ]
[weight_column: ]
[group_column: ]
[ignore_column: ]
[categorical_feature: ]
[forcedbins_filename: ]
[precise_float_parser: 0]
[parser_config_file: ]
[objective_seed: 16083]
[num_class: 5]
[is_unbalance: 0]
[scale_pos_weight: 1]
[sigmoid: 1]
[boost_from_average: 1]
[reg_sqrt: 0]
[alpha: 0.9]
[fair_c: 1]
[poisson_max_delta_step: 0.7]
[tweedie_variance_power: 1.5]
[lambdarank_truncation_level: 30]
[lambdarank_norm: 1]
[label_gain: ]
[lambdarank_position_bias_regularization: 0]
[eval_at: ]
[multi_error_top_k: 1]
[auc_mu_weights: ]
[num_machines: 1]
[local_listen_port: 12400]
[time_out: 120]
[machine_list_filename: ]
[machines: ]
[gpu_platform_id: -1]
[gpu_device_id: -1]
[gpu_device_id_list: ]
[gpu_use_dp: 0]
[num_gpu: 1]

end of parameters

pandas_categorical:null
