tree
version=v4
num_class=5
num_tree_per_iteration=5
label_index=0
max_feature_idx=20
objective=multiclass num_class:5
feature_names=ret_1d ret_5d ret_10d ret_21d overnight_gap close_vs_sma10 close_vs_sma21 close_vs_sma63 ret_21d_z vol_10d vol_21d parkinson_10d vol_of_vol volume_ratio dollar_volume_pctile ret_1d_rank dow_mon dow_tue dow_wed dow_thu dow_fri
feature_infos=[-0.15997403471786201:0.14017071250872426] [-0.31340040265715152:0.26965066158191475] [-0.4040455429429361:0.35598927864952951] [-0.51253452172128233:0.56259063107542651] [-0.10570992069131928:0.11367856126279947] [-0.238400875109851:0.23745390707314201] [-0.27026635889480138:0.39004459049913276] [-0.34009432764957326:0.66736997602550463] [-3.4050623213705955:3.5803397550605585] [0.070108588012499168:1.6085481828646395] [0.11114048089463083:1.2960013558920744] [0.0061714999497073063:0.064260343557538721] [0.013183758646652499:0.68722629090407683] [-1.0974626654027457:0.85769703605886904] [0.010644295302013421:0.99002684563758392] [0.010644295302013421:0.99002684563758392] [0:1] [0:1] [0:1] [0:1] [0:1]
tree_sizes=3448 3461 3442 3439 3459 3529 3597 3523 3544 3535 3534 3569 3532 3554 3541 3556 3560 3550 3554 3547 3533 3587 3546 3549 3552 3554 3585 3548 3554 3567 3568 3577 3558 3555 3552 3558 3595 3549 3557 3551 3554 3587 3538 3546 3569 3552 3576 3561 3570 3574 3567 3580 3528 3577 3546 3561 3569 3542 3563 3548 3565 3585 3564 3558 3561 3561 3582 3558 3560 3567 3561 3590 3563 3549 3557 3555 3565 3583 3589 3563 3575 3581 3567 3571 3572 3561 3566 3566 3562 3564 3567 3567 3566 3565 3554 3582 3557 3582 3575 3571 3559 3571 3555 3550 3570 3583 3574 3563 3577 3595 3563 3563 3576 3576 3557 3580 3598 3568 3548 3571 3594 3585 3570 3584 3571 3572 3580 3538 3567 3583 3562 3565 3580 3588 3568 3546 3591 3563 3570 3560

Tree=0
num_leaves=31
num_cat=0
split_feature=11 11 11 11 10 11 14 10 10 17 4 10 7 11 13 14 15 13 12 4 0 6 10 19 10 13 11 14 4 11
split_gain=7534.17 1270.79 1005.06 250.713 239.514 171.257 160.87 106.115 92.0345 73.6503 81.7738 64.0424 60.1587 52.3109 47.0355 46.3941 45.68 44.1027 43.3187 42.6753 41.4178 38.6508 37.3563 37.2984 36.8618 33.795 30.6564 30.0035 28.1957 29.0022
threshold=0.020185340106308663 0.032075302626753087 0.015158644645076663 0.02473858643171999 0.68424248850479819 0.011568274391538987 0.66588321786822557 0.28263658763050575 0.32622874728814083 1.0000000180025095e-35 -0.031642664154679194 0.26285708135555713 -0.16554725390966499 0.027229499318686196 0.17014054597390502 0.082269677243014247 0.096741697177148561 0.083794564093521734 0.23475144826397806 -0.028150225931021785 -0.017802016296135866 -0.002319967891269314 0.84427182283439006 1.0000000180025095e-35 0.48103751066369632 0.35985000908040338 0.016236598037469255 0.9226890668951705 0.0064183651018505658 0.016576172528162608
decision_type=2 2 2 2 2 2 2 2 2 2 2 2 2 2 2 2 2 2 2 2 2 2 2 2 2 2 2 2 2 2
left_child=2 3 5 8 -3 -1 18 23 -2 13 21 -7 -8 24 -14 -9 27 -15 22 -18 -12 -11 -6 28 -5 -20 -17 -10 29 -4
right_child=1 4 7 9 6 11 12 15 16 10 20 -13 14 17 -16 26 19 -19 25 -21 -22 -23 -24 -25 -26 -27 -28 -29 -30 -31
leaf_value=-1.6742537850794512 -1.6109325376472512 -1.5526387101002541 -1.6435410644608557 -1.5943107992019567 -1.5328020886940779 -1.657232949129344 -1.5451943970810209 -1.6413267536463834 -1.5745560801614968 -1.3906062382227222 -1.5315730825766538 -1.6401674829281814 -1.4963111164828151 -1.5776071696164502 -1.4541839299555541 -1.6294226900757891 -1.5060747769547147 -1.5569825732138771 -1.5618467381634775 -1.5929181575179285 -1.5669615401845884 -1.5427746103837985 -1.4901610970624299 -1.6502378594679095 -1.5717374098707502 -1.5196395757694716 -1.6128313422135121 -1.5126170268709771 -1.6142136914334519 -1.6267170257913339
leaf_weight=5390.0426636487246 2628.3038958013058 3956.7941287904978 1796.6183852851391 2105.5283386856318 751.3453299254179 7887.0145138502121 187.65839083492756 747.98924034833908 897.90482266247272 43.217479079961777 425.06296961009502 3049.1960234493017 962.12576976418495 2725.8016469180584 365.79856744408607 1314.203672811389 57.057802692055702 1673.2419999688864 710.02681192755699 6832.3667958974838 1490.1203476339579 27.196143552660942 282.77479028701782 1185.2123548090458 1102.0396781563759 258.87146830558777 7298.5834573507309 85.668086245656013 875.82573513686657 2384.6300586909056
leaf_count=31828 13167 16714 9770 9906 3004 44440 749 3884 4124 153 1826 16444 3633 12036 1342 6806 243 7363 2967 32642 6775 118 1041 6398 4950 1069 36718 367 4566 12484
internal_value=-1.60925 -1.57096 -1.64232 -1.58405 -1.53576 -1.65967 -1.51678 -1.62417 -1.59473 -1.57237 -1.55522 -1.65247 -1.4922 -1.57684 -1.48471 -1.61744 -1.58932 -1.56976 -1.53538 -1.5922 -1.55911 -1.44938 -1.52114 -1.63427 -1.58656 -1.55057 -1.61536 -1.56916 -1.63053 -1.63395
internal_weight=59498.2 27568.9 31929.3 20093.5 7475.4 16326.3 3518.6 15603.1 10501.3 9592.21 1985.6 10936.2 1515.58 7606.61 1327.92 9360.78 7873 4399.04 2003.02 6889.42 1915.18 70.4136 1034.12 6242.29 3207.57 968.898 8612.79 983.573 5057.07 4181.25
internal_count=297527 124189 173338 93670 30519 92712 13805 80626 50543 43127 8872 60884 5724 34255 4975 47408 37376 19399 8081 32885 8601 271 4045 33218 14856 4036 43524 4491 26820 22254
is_linear=0
shrinkage=1


Tree=1
num_leaves=31
num_cat=0
split_feature=11 11 11 17 1 0 16 13 3 11 11 11 2 16 4 0 14 16 3 1 15 14 0 0 0 13 8 14 3 4
split_gain=1627.78 221.088 168.706 103.539 102.795 87.3479 79.9576 42.1413 40.3744 39.9684 39.6416 36.94 35.9643 32.4914 30.2025 28.0256 22.8928 20.833 20.6908 20.6296 19.495 17.5465 16.5651 14.8272 14.691 14.5047 14.3747 13.3375 12.1574 12.1025
threshold=0.023970050468971941 0.016236598037469255 0.032722257702932266 1.0000000180025095e-35 0.0016712861150374183 -0.015451110139237832 1.0000000180025095e-35 -0.42499557310063635 0.022378572211858131 0.044158746284191218 0.02002116996038724 0.02669331335161634 -0.010727934829931727 1.0000000180025095e-35 -0.0057245992941123971 -0.036437034209141565 0.32616727522194594 1.0000000180025095e-35 0.082207486701981539 -0.032324752897482815 0.16101981013598371 0.54841965875048848 -0.039431710974997751 0.034305333438614312 -0.020170255641469122 0.34281060004276925 -0.64183144140680759 0.61907966416714755 -0.087954333892816358 0.0012581903116057893
decision_type=2 2 2 2 2 2 2 2 2 2 2 2 2 2 2 2 2 2 2 2 2 2 2 2 2 2 2 2 2 2
left_child=1 3 11 4 7 19 8 17 -6 15 13 24 -5 20 -9 -4 -14 -1 -8 -3 -7 -17 -13 26 -2 -24 -12 -11 -21 -18
right_child=2 5 9 12 6 10 18 14 -10 27 23 22 16 -15 -16 21 29 -19 -20 28 -22 -23 25 -25 -26 -27 -28 -29 -30 -31
leaf_value=-1.6343385548324572 -1.6307513111886349 -1.6257908314085663 -1.6582460207708563 -1.5910858816484943 -1.5827494189874503 -1.5693792198164127 -1.6013803826330186 -1.6082286830959116 -1.5660536943541117 -1.6512020634094482 -1.6150552669856231 -1.6465349672569298 -1.6244313266564572 -1.6097580007033252 -1.5905415758818429 -1.6327041158116296 -1.6115717489465373 -1.582993081252642 -1.5761171524842634 -1.630158285538887 -1.5960575817909053 -1.6456355305212296 -1.6316454187821963 -1.6218191579436956 -1.6171083303709737 -1.6170650150260633 -1.60384433014202 -1.6683104182960606 -1.6090406364760299 -1.5957810029857813
leaf_weight=385.38476994633675 997.30535615980625 1958.3775053173304 865.8174432516098 1326.8199121803045 2531.2402270436287 284.57693761587143 1604.7453447431326 1147.9393284469843 3385.8947936743498 992.54335476458073 1469.2768797427416 654.66795852780342 879.38404947519302 1874.8370313942432 6073.0657623708248 2339.56902320683 1180.3928520828485 99.404315173625946 406.26204518973827 314.99819955229759 7305.7142978161573 1902.6192496418953 5416.9453250169754 681.40113011002541 3783.9777271300554 780.61096373200417 5161.5069576948881 842.45068688690662 2026.1701193451881 824.32182233035564
leaf_count=2012 4475 9517 3434 7359 14375 1499 8908 6389 19265 3972 7117 2770 4856 9481 34319 9952 6639 554 2211 1562 37710 7806 23964 3262 17683 3547 25259 3092 9970 4568
internal_value=-1.60951 -1.59837 -1.63406 -1.59079 -1.58704 -1.6055 -1.57905 -1.59527 -1.5732 -1.6464 -1.60224 -1.6267 -1.60471 -1.59797 -1.59335 -1.64185 -1.61098 -1.62381 -1.59628 -1.61822 -1.59506 -1.6385 -1.63141 -1.60777 -1.61995 -1.62981 -1.60633 -1.65906 -1.61188 -1.60508
internal_weight=59498.2 40921.7 18576.5 19844.9 15633.9 21076.9 7928.14 7705.79 5917.14 6943 16777.3 11633.5 4210.92 9465.13 7221.01 5108.01 2884.1 484.789 2011.01 4299.55 7590.29 4242.19 6852.22 7312.18 4781.28 6197.56 6630.78 1834.99 2341.17 2004.71
internal_count=297527 216832 80695 111455 88033 105377 44759 43274 33640 28256 84328 52439 23422 48690 40708 21192 16063 2566 11119 21049 39209 17758 30281 35638 22158 27511 32376 7064 11532 11207
is_linear=0
shrinkage=1


Tree=2
num_leaves=31
num_cat=0
split_feature=11 11 11 10 11 10 11 12 12 9 11 11 10 11 5 13 13 11 4 12 9 8 9 5 10 10 10 4 15 9
split_gain=6935.91 1188.25 1138.42 276.642 236.568 165.439 140.593 138.114 109.943 108.46 56.5911 56.1333 52.9112 44.7278 40.257 39.4639 34.2982 27.8062 27.0417 26.5715 27.0815 26.2343 25.5144 24.8452 22.8655 21.2792 21.0671 18.7 18.4321 17.7465
threshold=0.017071682295616234 0.025155626670288814 0.011882355037247208 0.265148439602025 0.0099636009810396466 0.3141938505536529 0.034669943315056843 0.019299566535988261 0.30001827821491744 0.12074491249042593 0.013644427203953839 0.021842103612124044 0.45207229944034122 0.013375492504652977 -0.0067370906712777004 -0.38112144522095981 0.24535189326093268 0.019699521492973517 0.0070578211606571193 0.038078015834138723 0.18987163960200454 -0.42412792319854531 0.31825448752639135 1.0000000180025095e-35 0.28395397224084978 0.20523366018174863 0.59562729551883042 -0.0094645418174226208 0.76259236657334739 0.42370036116769788
decision_type=2 2 2 2 2 2 2 2 2 2 2 2 2 2 2 2 2 2 2 2 2 2 2 2 2 2 2 2 2 2
left_child=2 5 4 10 7 17 12 9 15 14 25 27 -3 -5 -1 -9 19 -2 22 28 -21 -18 -12 -20 -15 -4 -8 -7 -6 -29
right_child=1 6 3 13 16 11 26 8 -10 -11 18 -13 -14 24 -16 -17 21 -19 23 20 -22 -23 -24 -25 -26 -27 -28 29 -30 -31
leaf_value=-1.5009950725388741 -1.6019775013378035 -1.6401319748464738 -1.5522237842529754 -1.5734928314459014 -1.5410645552986113 -1.6328592716016463 -1.6584991556823019 -1.5551499526386801 -1.2735482669800757 -1.4871751638465414 -1.5737804328935741 -1.6335088208890325 -1.6547101479776218 -1.587685773987402 -1.3468480793471482 -1.510448900212908 -1.4560342937752579 -1.6151026935837141 -1.6129227807398125 -1.5620500413893366 -1.5375565146648915 -1.5275243990935381 -1.528503255800425 -1.5774070948950807 -1.602503276876208 -1.5665564091044539 -1.6725885875747006 -1.6211078558925609 -1.5117154834676079 -1.6077676351934695
leaf_weight=20.126780316233635 4100.6482276469469 3917.0240982472897 1883.0015851855278 797.31366068124771 1485.9325037002563 1085.7192256897688 1427.0635458528996 225.44023177027702 18.899302452802658 220.66979290544987 4848.5655052959919 5997.424822345376 6832.259248778224 1386.4475668221712 107.07811985909939 1593.4906847029924 69.835100412368774 2661.8564072549343 339.83781611919403 1327.9860878586769 683.86813928186893 193.72051706910133 127.73781226575375 468.53729829192162 4185.0084600895643 2302.5128805041313 4139.989991530776 5586.3392846733332 249.98714108765125 1213.9006953835487
leaf_count=120 21290 18029 10823 4388 8696 5234 6079 1297 123 1361 26769 28162 29727 7432 676 9567 425 13434 1743 7524 3987 1147 736 2561 21759 12901 16319 27578 1500 6140
internal_value=-1.60925 -1.63591 -1.56552 -1.57937 -1.52903 -1.61997 -1.65608 -1.50256 -1.5135 -1.44478 -1.56897 -1.62622 -1.6494 -1.59565 -1.37124 -1.51599 -1.54345 -1.60714 -1.57537 -1.5459 -1.55372 -1.50858 -1.57262 -1.59234 -1.59882 -1.56011 -1.66898 -1.62067 -1.53684 -1.61873
internal_weight=59498.2 36962.2 22536 16339 6197.03 20645.9 16316.3 2185.7 1837.83 347.875 9970.19 13883.4 10749.3 6368.77 127.205 1818.93 4011.33 6762.5 5784.68 3747.77 2011.85 263.556 4976.3 808.375 5571.46 4185.51 5567.05 7885.96 1735.92 6800.24
internal_count=297527 171992 125535 89112 36423 101838 70154 13144 10987 2157 55533 67114 47756 33579 796 10864 23279 34724 31809 21707 11511 1572 27505 4304 29191 23724 22398 38952 10196 33718
is_linear=0
shrinkage=1


Tree=3
num_leaves=31
num_cat=0
split_feature=11 11 11 10 5 10 11 9 19 3 11 11 14 3 8 3 10 14 14 5 7 10 14 9 2 3 8 3 2 9
split_gain=2453.53 377.154 321.955 68.1952 67.4097 64.5645 49.011 43.6284 46.5543 39.9851 35.5368 31.5019 19.232 19.155 28.465 18.3898 18.3212 18.2856 16.6106 18.126 16.5976 15.1541 14.8443 14.7198 13.933 13.9992 13.5708 46.3226 13.4234 13.3867
threshold=0.021937250533271672 0.031773450492023465 0.015961551556611272 0.39572721769625419 -0.014011697320213344 0.31273030937989771 0.040812358544193246 0.14074880764330661 1.0000000180025095e-35 0.0078320216886196298 0.013177625937166558 0.012839755503580481 0.50923732753212414 0.032952621439181769 0.20159010265979488 -0.045005852029449837 0.5081535448189084 0.1224352644407657 0.74101451957231135 -0.024492577463412487 0.034411562385492485 0.32169619074817274 0.050318690667494913 0.45777048364592871 0.073659687325079673 0.096430676167291743 -0.90182665013196395 -0.090016289784879286 0.066296549570767485 0.39521365846511275
decision_type=2 2 2 2 2 2 2 2 2 2 2 2 2 2 2 2 2 2 2 2 2 2 2 2 2 2 2 2 2 2
left_child=2 3 4 21 11 13 16 -6 10 -10 -9 18 -8 14 22 28 -3 -17 19 -1 -16 -2 -4 -23 -15 -26 -13 -28 -7 -19
right_child=1 6 5 -5 7 15 12 8 9 -11 -12 26 -14 24 20 17 -18 29 -20 -21 -22 23 -24 -25 25 -27 27 -29 -30 -31
leaf_value=-1.5361573521517651 -1.6078431636436785 -1.6362701353202878 -1.574445215312684 -1.6305678614184942 -1.6006421044247772 -1.603071991810195 -1.6539730925309053 -1.5762668760700185 -1.5813894466993526 -1.6078084094519951 -1.587959676087255 -1.5963504555805244 -1.6709719017674782 -1.6066556085613415 -1.5565408014041404 -1.5968716743394762 -1.650479893244833 -1.6163344504418833 -1.5754577299603669 -1.564077624746067 -1.5967129961848541 -1.6227450794916527 -1.5967566757524947 -1.6053642963583998 -1.5741716286130114 -1.6014323164926318 -1.528156682809654 -1.5812726869234155 -1.564316852057873 -1.6056847169777517
leaf_weight=361.91064079105854 1478.2154442071915 1188.9841723740101 320.76696181297302 10250.025138840079 2123.6526155024767 2563.7476782202721 1154.7509286850691 5070.2899460345507 930.40734228491783 1490.85544924438 5333.1992863416672 416.25617846846581 1571.0771777778864 2326.654587417841 321.23957535624504 752.59081986546516 3830.8239775449038 4309.8612653613091 568.37048661708832 650.38146995007992 151.28230068087578 2968.7690954953432 4238.2438417673111 582.94148731231689 297.46009241044521 513.69667181372643 180.33864261209965 1833.366490021348 92.600636765360832 1625.4609679877758
leaf_count=2117 7300 5228 1736 46144 12337 12735 4708 29267 5275 8555 28985 2220 5921 12103 1713 3816 15831 21092 3267 3742 790 13904 21934 2850 1592 2682 1016 10008 488 8171
internal_value=-1.60944 -1.635 -1.59331 -1.62589 -1.58428 -1.60308 -1.65298 -1.58737 -1.58517 -1.59766 -1.58226 -1.57277 -1.66377 -1.59659 -1.59277 -1.60876 -1.64711 -1.61156 -1.56178 -1.5541 -1.5694 -1.61635 -1.59519 -1.61989 -1.60272 -1.59144 -1.57991 -1.57652 -1.60172 -1.61342
internal_weight=59498.2 23025.6 36472.6 15280 18959 17513.6 7745.64 14948.4 12824.8 2421.26 10403.5 4010.62 2725.83 8169.34 5031.53 9344.26 5019.81 6687.91 1580.66 1012.29 472.522 5029.93 4559.01 3551.71 3137.81 811.157 2429.96 2013.71 2656.35 5935.32
internal_count=297527 101886 195641 70198 106789 88852 31688 84419 72082 13830 58252 22370 10629 42550 26173 46302 21059 33079 9126 5859 2503 24054 23670 16754 16377 4274 13244 11024 13223 29263
is_linear=0
shrinkage=1


Tree=4
num_leaves=31
num_cat=0
split_feature=11 11 10 10 11 0 13 11 10 3 13 4 4 0 1 13 10 19 0 3 11 19 20 3 13 0 0 1 12 13
split_gain=6441.14 1431.9 890.721 334.387 263.946 169.242 158.508 160.178 122.168 93.8774 85.171 83.5751 76.3307 70.4376 65.6074 89.5868 60.2759 57.9203 57.7709 51.2789 50.1403 43.6737 35.071 32.8619 35.2711 31.6234 36.7257 30.9581 30.4098 29.5988
threshold=0.020888055360552379 0.013910508742986374 0.44064931922954753 0.27876119922178783 0.027990166992178853 -0.036437034209141565 -0.5408551855065008 0.010744510457786511 0.35500833338593479 -0.34376032254024963 0.24535189326093268 -0.012681050250476609 0.0046620436345232727 -0.0068399596688137878 -0.014609742439282368 -0.56424919216932723 0.21658873563816428 1.0000000180025095e-35 -0.023539624473828177 -0.34376032254024963 0.01602899518312784 1.0000000180025095e-35 1.0000000180025095e-35 -0.10128086905972687 0.17767976463498236 -0.030139697294706443 0.048090130142190553 -0.015037895462080229 0.060906587923565535 -0.62952693969664753
decision_type=2 2 2 2 2 2 2 2 2 2 2 2 2 2 2 2 2 2 2 2 2 2 2 2 2 2 2 2 2 2
left_child=1 6 8 20 25 12 13 -8 22 -7 -11 21 19 27 15 -13 -9 -16 -10 -6 29 -5 -2 24 -20 -4 28 -1 -27 -3
right_child=2 3 4 11 5 9 7 16 18 10 -12 14 -14 -15 17 -17 -18 -19 23 -21 -22 -23 -24 -25 -26 26 -28 -29 -30 -31
leaf_value=-1.4921062677487766 -1.6122273414350623 -1.5222950499505421 -1.5545674304325532 -1.5955850195260399 -1.4390521669417971 -1.4788234632616921 -1.6860624057671587 -1.6684280596425096 -1.5643707316164528 -1.5492481887391594 -1.5735766299957663 -1.4939758944466435 -1.4706746182578152 -1.6324491188060015 -1.6156548100408517 -1.6059048823799686 -1.6515569502178324 -1.6375894144204999 -1.5572873351513044 -1.5319858738160552 -1.6301133229278615 -1.5441458713399823 -1.5889403609428614 -1.593452353794772 -1.6025838611321648 -1.5520713935321029 -1.5437464994968504 -1.5915379514080448 -1.5833735460500067 -1.645576497436904
leaf_weight=64.56408104300499 3376.4072555750608 19.559785097837448 639.14903865754604 640.33891329169273 62.049032747745514 166.66336351633072 3392.8761937171221 4425.7273064404726 1058.7328486591578 6518.2098477333784 1846.6996890902519 72.910926073789597 277.2351451665163 245.65193730592728 6459.6753593087196 3718.2320053577423 4060.6248974502087 1479.5890115052462 551.33450953662395 1376.9165525883436 4481.8825056105852 222.37768132984638 799.95384378731251 4344.7239700704813 249.78888985514641 338.25107334554195 286.27701842784882 60.800936385989189 3763.862444087863 4497.1541786789894
leaf_count=312 16500 95 2816 3110 237 668 20284 25477 4815 27287 7737 348 1061 1369 32936 18704 22658 7678 2515 5452 23658 1087 3888 20462 1141 1508 1281 326 17358 24759
internal_value=-1.60973 -1.63838 -1.57194 -1.62289 -1.55658 -1.54737 -1.66569 -1.6677 -1.59454 -1.55314 -1.55462 -1.61237 -1.51872 -1.60132 -1.61457 -1.60375 -1.66036 -1.61974 -1.58564 -1.52798 -1.63761 -1.58233 -1.60777 -1.59002 -1.57141 -1.57535 -1.57838 -1.54033 -1.58079 -1.64504
internal_weight=59498.2 33842 25656.3 21591.7 15275.3 10247.8 12250.2 11879.2 10380.9 8531.57 8364.91 12593.1 1716.2 371.017 11730.4 3791.14 8486.35 7939.26 6204.58 1438.97 8998.6 862.717 4176.36 5145.85 801.123 5027.54 4388.39 125.365 4102.11 4516.71
internal_count=297527 182801 114726 112375 65405 42442 70426 68419 49321 35692 35024 63863 6750 2007 59666 19052 48135 40614 28933 5689 48512 4197 20388 24118 3656 22963 20147 638 18866 24854
is_linear=0
shrinkage=1


Tree=5
num_leaves=31
num_cat=0
split_feature=11 11 11 10 11 12 10 10 3 10 11 14 17 4 0 3 8 10 20 19 6 4 9 8 10 14 9 9 5 17
split_gain=6094.71 942.197 889.575 239.357 167.78 124.061 97.1108 94.8106 56.2154 67.7838 55.7339 52.587 48.1394 97.6764 54.2817 50.8441 47.6486 44.8824 44.1428 62.0164 66.7993 51.9999 42.6864 40.8964 32.8456 32.2005 28.9835 28.2385 28.2332 28.0157
threshold=0.02009798044134373 0.027990166992178853 0.015158644645076663 0.70819486140198606 0.011568274391538987 0.19237311733834137 0.23490237793918642 0.34012377237699581 -0.23849488598251731 0.94373126875426505 0.018451038353061049 0.65435000428771961 1.0000000180025095e-35 -0.025728446920836975 -0.027813582199931016 1.0000000180025095e-35 1.0000000180025095e-35 0.2325669192307544 1.0000000180025095e-35 1.0000000180025095e-35 0.10321808001753609 -0.011267422978173512 0.492029576882346 -1.9263840310849074 0.34492668739613241 0.21054391807017855 0.92765892735601929 0.20823411594992025 0.017438690708258434 1.0000000180025095e-35
decision_type=2 2 2 2 2 2 2 2 2 2 2 2 2 2 2 2 2 2 2 2 2 2 2 2 2 2 2 2 2 2
left_child=2 7 4 18 -1 11 -4 29 28 -10 25 -5 15 22 -15 23 -17 -6 19 21 -21 -3 -14 -9 -12 -8 -13 -19 -7 -2
right_child=1 3 6 5 17 8 10 12 9 -11 24 26 13 14 -16 16 -18 27 -20 20 -22 -23 -24 -25 -26 -27 -28 -29 -30 -31
leaf_value=-0.062291169602308676 -0.00036357802452510968 0.075609324509879589 -0.033506927313596405 0.076305909612120595 -0.046514103353864848 0.03923083577873801 -0.026608752001982473 0.042267181424376833 0.054412097775049732 0.094096131174968872 -0.0086971431673889803 0.10143884902768588 0.16533564888204802 0.071648102557689761 0.024276088299631085 0.050278548231972253 0.02151436936632016 -0.021828123867290456 0.029986285007766223 0.023405406748454895 0.076393885980942725 0.04908666210547373 0.038359281649493739 0.0075835153287981232 0.0084938774918414412 -0.011781543954277909 0.14183425342869987 -0.038226665183209413 -0.031028084497770142 0.020032948787445229
leaf_weight=5111.5461907535791 3157.5541431158781 890.77274215221405 2087.2100248932838 660.20110923051834 5501.3369422852993 390.05821765959263 1875.8448185324669 371.55910241603851 1260.6534310877323 653.56835532188416 2590.4135884940624 561.89192543923855 78.666556984186172 272.73667579889297 2138.3662207126617 659.93676394224167 4522.4311749786139 1474.5389632433653 1657.4806749075651 1480.6172521263361 283.45363542437553 4344.5458352863789 39.905945762991905 3998.18197914958 1946.5866156071424 6682.3139538615942 259.71632555127144 3648.1529986411333 67.022544652223587 855.983024507761
leaf_count=31729 15649 3524 11580 2407 32351 1532 10009 1619 4928 2412 13306 1962 294 1145 9845 3001 20842 8194 6929 6221 1149 18078 165 18447 9577 34905 843 20593 280 4200
internal_value=3.57794e-05 0.0333029 -0.030743 0.0538888 -0.0474045 0.0746221 -0.0134744 0.0173027 0.0604376 0.0679613 -0.0102814 0.0973213 0.0217263 0.0339923 0.0296347 0.0184779 0.0251773 -0.0402421 0.0446605 0.0481354 0.0319197 0.0535994 0.122601 0.0105327 -0.00132139 -0.0150315 0.114208 -0.0335064 0.0289286 0.00398647
internal_weight=59523.2 28605.3 30917.9 12510 15735.6 3853.11 15182.4 16095.3 2371.3 1914.22 13095.2 1481.81 12081.8 2529.68 2411.1 9552.11 5182.37 10624 8656.87 6999.39 1764.07 5235.32 118.573 4369.74 4537 8558.16 821.608 5122.69 457.081 4013.54
internal_count=297716 125472 172244 50265 92867 14364 79377 75207 9152 7340 67797 5212 55358 11449 10990 43909 23843 61138 35901 28972 7370 21602 459 20066 22883 44914 2805 28787 1812 19849
is_linear=0
shrinkage=0.1


Tree=6
num_leaves=31
num_cat=0
split_feature=11 10 11 0 17 3 8 11 19 0 6 11 4 13 4 11 10 4 10 12 3 12 0 1 10 0 3 5 8 4
split_gain=1340.88 197.014 156.293 85.0637 72.5907 70.0225 110.378 56.8714 52.8787 41.6094 30.249 25.3311 24.0021 23.4696 22.8243 21.7508 19.4245 18.6975 15.9354 17.8517 15.5524 16.0301 15.2098 14.8742 12.8103 12.3558 13.3229 11.8298 14.5305 14.3656
threshold=0.023619596384349142 0.52635767524333577 0.019068322798504799 -0.011738490077267015 1.0000000180025095e-35 0.0026892466960752874 -0.014950409894715353 0.044158746284191218 1.0000000180025095e-35 -0.016080993932115591 -0.0094440361522435384 0.02669331335161634 -0.014921374196176672 -0.59364849126740382 0.0014656372819801258 0.031179294912382107 0.34333329310224475 -0.0099648187829379769 0.30012947166066167 0.084774582316788555 -0.0081503477414287522 0.092636600926156318 -0.042851583126126684 -0.037404614834011245 0.40653352095315559 -0.036437034209141565 0.2767245202169149 -0.00058765192629367513 -0.77416929418157665 -0.0069672709569803528
decision_type=2 2 2 2 2 2 2 2 2 2 2 2 2 2 2 2 2 2 2 2 2 2 2 2 2 2 2 2 2 2
left_child=2 11 3 13 5 6 -5 15 -7 -4 12 18 -6 -1 -12 -3 27 -15 -2 -20 21 -18 -13 -19 -24 -17 -27 28 -11 -29
right_child=1 7 9 4 10 8 -8 -9 -10 16 14 22 -14 17 -16 25 20 23 19 -21 -22 -23 24 -25 -26 26 -28 29 -30 -31
leaf_value=-0.054190460571913339 0.014334882300373709 -0.022263551477626532 -0.011411112186385894 0.016817787929397622 0.10967737697117499 0.020657966530403152 -0.018799426866337225 -0.04914776459787934 0.036847238039947681 -0.00065418602794718988 -0.0064642157287863435 -0.036213078006838706 0.016125373210572721 -0.0094186897472728418 0.009853051472666326 -0.044824540258828788 -0.016676071153144918 -0.003896856921389791 -0.014725896772719946 -0.0016484742496171601 0.0036672179392963412 0.0012002968712344871 -0.0075173368546121236 0.0094425418011783099 -0.018765671062827602 -0.028953892877631917 -0.049107233195392175 -0.016953979912463276 0.020824900366701808 0.0069813279987304983
leaf_weight=71.228398308157921 331.68962860107422 2977.0425657480955 2430.0134559571743 6680.9795382916927 27.960653349757195 8164.9821050167084 1000.3691550642252 1702.2565616667271 2679.7114723026752 427.79543049633503 1936.190789192915 381.07491405308247 1430.9194339960814 920.05211913585663 1538.327260389924 768.42079484462738 987.74691538512707 1103.1700041145086 2170.4756756573915 2010.9886869937181 3147.9243085831404 1019.2388013005257 1431.9141975045204 3450.4149557799101 3456.443794131279 3387.2833610475063 363.19589154422283 286.16195200383663 1194.0497421473265 2026.4881524592638
leaf_count=348 1658 13314 11745 36310 145 44194 5445 6769 14591 2111 10731 1665 7750 4803 8372 3159 4648 5852 10018 9554 15130 5013 6685 18561 15565 14410 1471 1406 6014 10279
internal_value=-0.0002066 -0.0221406 0.010067 0.0139808 0.0166136 0.0194842 0.0121792 -0.0326473 0.0246583 0.000212574 0.00583412 -0.0122615 0.0179184 0.00284159 0.000760181 -0.0289002 0.00332012 0.00358374 -0.00676302 -0.00843658 -0.000718582 -0.00759764 -0.0169708 0.00621088 -0.0154708 -0.0332724 -0.0309055 0.00861155 0.0151593 0.00401963
internal_weight=59504.5 18980.8 40523.7 29004.3 23459.4 18526 7681.35 9198.2 10844.7 11519.4 4933.4 9782.59 1458.88 5544.87 3474.52 7495.94 9089.41 5473.64 4513.15 4181.46 5154.91 2006.99 5269.43 4553.58 4888.36 4518.9 3750.48 3934.5 1621.85 2312.65
internal_count=297716 84268 213448 157102 127538 100540 41755 39123 58785 56346 26998 45145 7895 29564 19103 32354 44601 29216 21230 19572 24791 9661 23915 24413 22250 19040 15881 19810 8125 11685
is_linear=0
shrinkage=0.1


Tree=7
num_leaves=31
num_cat=0
split_feature=11 11 11 10 11 10 11 12 12 11 10 9 11 11 12 12 10 9 10 13 13 1 9 9 11 11 13 9 10 14
split_gain=5614.19 1009.66 845.234 201.781 169.012 145.192 130.666 70.2839 66.0622 60.5069 56.179 49.0773 33.4218 31.1592 30.1669 31.3989 29.7283 36.3462 27.2031 26.8573 26.7135 25.8127 25.3544 23.333 22.9187 21.9264 21.5361 21.1157 32.2717 20.7557
threshold=0.017071682295616234 0.025155626670288814 0.011568274391538987 0.23618116442216605 0.009184399634467039 0.34829132990128098 0.034669943315056843 0.019299566535988261 0.24932359156668996 0.015158644645076663 0.45207229944034122 0.11701558563208529 0.013644427203953839 0.022265682913073501 0.020115053419348803 0.32735724702380392 0.29060226722564675 0.4322189336928362 0.28530624228993257 -0.41533958687105726 -0.56424919216932723 -0.0052523098296730622 0.27709834377362375 0.29691739456969013 0.012977434251688994 0.021646653007569582 0.026280678282833352 0.13296832674858114 0.14065257629652098 0.82924367818585465
decision_type=2 2 2 2 2 2 2 2 2 2 2 2 2 2 2 2 2 2 2 2 2 2 2 2 2 2 2 2 2 2
left_child=2 5 4 12 7 16 10 11 19 23 -3 21 26 -7 27 20 -2 25 22 -9 -16 -1 -11 24 -5 -18 -4 28 -6 -8
right_child=1 6 3 9 14 13 29 8 -10 18 -12 -13 -14 -15 15 -17 17 -19 -20 -21 -22 -23 -24 -25 -26 -27 -28 -29 -30 -31
leaf_value=0.10908801571929339 0.0045660737549273007 -0.027445135644700993 0.040091081465303935 0.035004527738328434 0.082334577482032198 -0.013494678672161029 -0.053218532706023107 0.045865929233248268 0.27997027097769028 0.0097168542983759511 -0.042660156918870963 0.11692494940256702 0.032681966252016609 -0.024591572940709419 0.0092610206177722015 0.19132322571288596 -0.0043149557278113196 0.032132393173575205 0.0035615888256972693 0.0953358705467795 0.060571721220879608 0.23737264353396614 0.032051188959918667 0.041656869605483621 0.018474802281200447 -0.019193094468473018 0.054962213724238013 0.075291598026208689 0.19673059679334137 -0.068842676318129847
leaf_weight=19.998879104852676 4600.6301274448633 3833.6627084165812 2486.9942195415497 1143.2888009399176 63.944982007145882 5951.1151067614555 4235.1275720447302 125.27605962753296 18.48482421040535 1269.1291103065014 6612.7506309449673 148.09620280563831 3581.2400551587343 4402.1146136522293 104.20976977050304 18.074546933174133 3970.300048917532 235.39390596747398 2733.5841570198536 885.13525494933128 3851.6170648932457 72.714230611920357 847.84551697969437 782.13283717632294 3149.5077681988478 1319.8092823177576 1600.5394243746996 358.72035810351372 40.140646576881409 1063.8199278563261
leaf_count=109 23680 18076 13540 6202 344 29375 18128 691 101 6558 29785 841 19379 20862 537 105 20129 1267 14044 4985 21352 397 4495 4276 16646 6458 8868 2036 231 4219
internal_value=0.000105994 -0.0245246 0.0383982 0.0275515 0.0718415 -0.00988584 -0.0435646 0.104012 0.0926296 0.0181382 -0.0370765 0.152644 0.0397348 -0.018213 0.0626349 0.0598209 -0.00137193 -0.00631601 0.0101519 0.0892023 0.05922 0.209701 0.0186617 0.0257714 0.0228771 -0.00802685 0.0459141 0.0867975 0.126451 -0.0563552
internal_weight=59525.4 36224.7 23300.7 17594.3 5706.41 20479.4 15745.4 1269.71 1028.9 9925.49 10446.4 240.809 7668.77 10353.2 4436.71 3973.9 10126.1 5525.5 4850.56 1010.41 3955.83 92.7131 2116.97 5074.93 4292.8 5290.11 4087.53 462.806 104.086 5298.95
internal_count=297716 171979 125737 94008 31729 101771 70208 7124 5777 52221 47861 1347 41787 50237 24605 21994 51534 27854 25097 5676 21889 506 11053 27124 22848 26587 22408 2611 575 22347
is_linear=0
shrinkage=0.1


Tree=8
num_leaves=31
num_cat=0
split_feature=11 11 10 4 10 4 10 11 4 3 8 3 4 14 5 11 17 14 11 14 14 19 2 11 8 14 5 10 3 9
split_gain=1983.8 293.287 258.137 58.0897 43.7653 43.098 43.0966 34.5102 33.0084 28.1303 74.6501 27.7438 26.7452 26.3462 31.1341 25.2282 24.3235 24.0756 23.6788 19.4101 18.9036 18.5789 18.2466 16.5512 14.7444 14.0458 20.5067 13.7826 12.3422 12.2511
threshold=0.021937250533271672 0.031773450492023465 0.27250265446896887 -0.0024479504824419514 0.6348994637974833 -0.00029351942529043379 0.39572721769625419 0.01678854371209601 0.014472590030852219 0.036518719073853186 -0.17765589454006644 0.075948268414482337 0.005115114834093327 0.1785834373774571 -0.0026744272492788541 0.014233268973295226 1.0000000180025095e-35 0.31418022347277053 0.01650821529815109 0.15844244819954842 0.61907966416714755 1.0000000180025095e-35 0.056788511064873155 0.013375492504652977 -1.2199975430291066 0.41820633409007829 0.0040319713426202339 0.42541056714538955 -0.092111140859332238 0.47596938027976632
decision_type=2 2 2 2 2 2 2 2 2 2 2 2 2 2 2 2 2 2 2 2 2 2 2 2 2 2 2 2 2 2
left_child=2 6 3 11 27 7 24 25 9 10 -5 13 -11 14 -1 -7 -13 -9 19 -10 -6 -17 -18 -15 -2 26 -4 -3 -19 -23
right_child=1 4 5 8 20 15 -8 17 18 12 -12 16 -14 23 -16 21 22 28 -20 -21 -22 29 -24 -25 -26 -27 -28 -29 -30 -31
leaf_value=0.065956509629047297 -0.024305431343333805 -0.014254454635508909 0.0439132279796349 0.013491085704590098 -0.039838795679506891 0.016645551572867501 -0.018859292929841807 0.016332494808342219 0.13073819752341895 0.016200361840485924 0.031894296784237032 0.0022442438481763429 -0.0013332143010496278 0.036571671848449991 0.030004331709622613 0.0016797140803797685 0.021663794871411637 0.014383121259892282 0.013197060504458928 0.053717348038079864 -0.053394666186373965 -0.01203930368202405 0.092627048174969043 0.02357204290021565 -0.0058072733479078362 0.015238744837410329 0.013367930877977894 -0.033274260338217725 -0.00095942741421030104 0.030621810872660978
leaf_weight=495.99131867289543 475.60191690921783 438.48754367232323 512.57049366831779 5131.885042950511 2203.4608956426382 945.82720395922661 10067.884103804827 1693.9057346284389 38.389127835631371 3467.6164293885231 3863.5783079117537 539.01265300810337 1161.3287121206522 1950.7721926867962 468.29057700932026 6988.2895415127277 102.18777793645859 640.70833154022694 132.86592400074005 221.55656571686268 1929.5043575018644 1554.4057271033525 56.139990597963333 1966.9528296887875 4583.8135426342487 1631.1469046771526 384.78333270549774 2905.79343521595 2886.3352461308241 70.361814618110657
leaf_count=2769 2160 2032 2751 28220 9310 5147 46120 8491 214 19257 21451 2957 6341 11077 2554 35127 542 3187 667 1204 7692 7734 315 10445 22062 8509 2060 12633 14330 358
internal_value=0.000245398 -0.0230838 0.0145347 0.0223947 -0.0392855 0.00563565 -0.0150755 0.0111777 0.0189597 0.0181358 0.0213953 0.0310245 0.0118015 0.0336896 0.0484968 0.00114268 0.0123663 0.00653365 0.0475388 0.0650919 -0.0461675 -0.000559735 0.046826 0.030045 -0.00754616 0.0207669 0.0308155 -0.0307805 0.00182764 -0.0101918
internal_weight=59509.4 22604.5 36904.9 19596.6 7477.25 17308.3 15127.3 7749.45 14017.2 13624.4 8995.46 5579.35 4628.95 4882.01 964.282 9558.88 697.34 5220.95 392.812 259.946 4132.97 8613.06 158.328 3917.73 5059.42 2528.5 897.354 3344.28 3527.04 1624.77
internal_count=297716 102009 195707 108013 31667 87694 70342 39328 77354 75269 49671 30659 25598 26845 5323 48366 3814 26008 2085 1418 17002 43219 857 21522 24222 13320 4811 14665 17517 8092
is_linear=0
shrinkage=0.1


Tree=9
num_leaves=31
num_cat=0
split_feature=11 11 11 0 11 13 11 0 13 3 0 0 0 19 6 0 13 13 20 13 4 19 16 7 7 13 11 17 4 5
split_gain=5219.16 1271.61 538.818 179.596 179.482 157.034 133.174 84.5778 80.0759 81.0112 64.0422 62.243 69.1889 62.0859 66.787 58.925 58.6785 55.1244 54.8462 51.6335 46.9144 63.9671 49.5864 45.1121 41.7014 41.6905 40.9414 39.794 38.9192 55.3658
threshold=0.021255384440378677 0.013910508742986374 0.027608775200853048 -0.030139697294706443 0.01602899518312784 -0.5408551855065008 0.010744510457786511 -0.015759331503288451 0.22544546661730328 -0.23849488598251731 0.037833048685088418 0.048090130142190553 -0.023539624473828177 1.0000000180025095e-35 -0.05563459676409193 -0.0076096626751898091 -0.04897033508534003 -0.59364849126740382 1.0000000180025095e-35 -0.69130140627902681 -0.0094645418174226208 1.0000000180025095e-35 1.0000000180025095e-35 -0.228557244433398 0.26762958522706709 -0.17624529175850071 0.013043107425535347 1.0000000180025095e-35 0.0020074684716435702 -0.13160620841056123
decision_type=2 2 2 2 2 2 2 2 2 2 2 2 2 2 2 2 2 2 2 2 2 2 2 2 2 2 2 2 2 2
left_child=1 5 11 13 19 15 -7 17 9 -5 -11 12 27 28 16 -1 -15 -6 24 -3 21 -9 -22 -14 -10 -21 -8 -2 29 -4
right_child=2 4 3 8 7 6 26 20 18 10 -12 -13 23 14 -16 -17 -18 -19 -20 25 22 -23 -24 -25 -26 -27 -28 -29 -30 -31
leaf_value=0.069986895863742848 0.04139973301843887 0.11237431390548487 0.13034183198686128 0.086387842707710577 0.15130068740829339 -0.071823589910934002 -0.052570366082569403 -0.0040476920719533238 0.014025222997971135 0.040622288015461867 0.065255152115933565 0.054651028512844105 0.080602649396849746 0.19318138851175939 0.064427089654722075 -0.015691211562362428 0.10185123723021131 0.0081944105300394664 0.057379621464766932 -0.013098229310763 -0.014406833256270183 0.053102795079368229 0.0020301957456119635 0.013685405566424589 0.053078702383150871 -0.030617236954992091 -0.037364111301989821 0.0060796286941376719 0.090008400062958682 0.050987014309111692
leaf_weight=118.34953644871712 1649.3019129633904 27.150752812623978 93.743292719125748 502.31174193322659 27.169904112815857 3194.8288493603468 5579.7006734460592 717.03201922774315 1754.7064456194639 6100.7590492963791 1276.2402556985617 476.99722580611706 101.78554140031338 103.79298293590546 278.75012831389904 249.48685020208359 218.31625293195248 2891.6759592145681 487.46978753805161 1873.0356117039919 9280.9907759726048 269.44053821265697 2287.7452920377254 9840.1893463134766 323.88960905373096 4943.5556957274675 2593.6130712628365 395.47588758170605 430.27983185648918 1415.7198034226894
leaf_count=580 7394 125 338 1980 119 20243 33295 3527 7381 25159 5052 2116 446 382 1120 1417 844 14442 2063 10198 48200 1332 11590 46018 1244 27464 14908 1700 1600 5439
internal_value=-0.000180643 -0.0257835 0.034078 0.048333 -0.0117706 -0.0524311 -0.0545119 -0.00580669 0.0425331 0.0475297 0.0448838 0.0192257 0.017816 0.0721784 0.100266 0.0118753 0.13128 0.00952651 0.0271905 -0.0252553 -0.00937136 0.0115621 -0.0111564 0.0143705 0.0201106 -0.0258034 -0.047745 0.0345686 0.0634779 0.0559152
internal_weight=59503.5 34053.8 25449.7 12986 22317.8 11736 11368.1 15474.1 10445.4 7879.31 7377 12463.7 11986.8 2540.6 600.859 367.836 322.109 2918.85 2566.07 6843.74 12555.2 986.473 11568.7 9941.97 2078.6 6816.59 8173.31 2044.78 1939.74 1509.46
internal_count=297716 187440 110276 52602 116997 70443 68446 79210 42879 32191 30211 57674 55558 9723 2346 1997 1226 14561 10688 37787 64649 4859 59790 46464 8625 37662 48203 9094 7377 5777
is_linear=0
shrinkage=0.1


Tree=10
num_leaves=31
num_cat=0
split_feature=11 11 11 11 11 11 14 11 17 2 13 14 14 3 9 3 2 12 19 3 5 9 14 8 12 14 9 13 12 18
split_gain=4774.98 842.809 612.17 166.856 151.022 121.724 79.5548 56.982 52.8406 51.3851 47.8788 47.2573 41.4488 41.2725 45.7036 38.3032 36.7241 31.9719 29.5371 26.3332 26.2222 25.1312 24.3654 24.1948 23.8654 23.1638 23.1027 22.3958 21.3903 21.2998
threshold=0.019299484093833922 0.028384891066073663 0.015031154064531033 0.036139783476021044 0.011646662650234403 0.021842103612124044 0.51711410166843919 0.01678854371209601 1.0000000180025095e-35 -0.14257043710264147 0.067008022619079358 0.50134318395035005 0.074471662187892473 -0.25509772390075208 0.96303345466954904 -0.046233783698409685 -0.05700987550232383 0.20580001656361502 1.0000000180025095e-35 -0.34376032254024963 -0.082162600532211014 0.41259485550045116 0.93017790418324997 -0.31979632062639346 0.1374282485596964 0.37802413845898847 0.20823411594992025 0.63298297921627855 0.11362905200490464 1.0000000180025095e-35
decision_type=2 2 2 2 2 2 2 2 2 2 2 2 2 2 2 2 2 2 2 2 2 2 2 2 2 2 2 2 2 2
left_child=2 5 4 8 -1 21 19 25 22 18 26 17 -9 28 -15 -13 23 -11 -7 20 -5 -2 29 -10 -23 -4 -6 -21 -8 -3
right_child=1 3 7 6 10 9 13 12 16 11 -12 15 -14 14 -16 -17 -18 -19 -20 27 -22 24 -24 -25 -26 -27 -28 -29 -30 -31
leaf_value=-0.058310020095969195 0.0056679453818521772 0.02692929065147591 -0.030497476841269657 0.033967629859375223 -0.026272061997263365 0.061699849507160058 0.092866587407512122 -0.033245331051426706 0.064733975543484326 0.014465108377934747 -0.048249309944772216 0.011555946391735917 -0.006722469693946566 0.067677374336128249 0.098259363117687223 0.030489169735864505 0.043371411306527365 -0.010173429889999941 0.00067872065599389186 0.047076781504954326 -0.071697394957009317 -0.0032164497230472884 0.05569464787984231 0.11949339868650853 -0.03763721658784 -0.017187164994118893 -0.037813363161091143 0.093254746844773639 0.015212992690846944 0.041299906261047709
leaf_weight=5036.1392096504569 5584.1023249775171 3901.301546305418 2124.7667894661427 68.973518595099449 3161.7377624809742 419.82577364146709 44.241842776536942 643.63021916151047 348.07533371448517 5893.1776415705681 2713.6206211745739 1498.9980604201555 6968.8103537261486 1928.9233681410551 654.47890448570251 3720.8834434151649 1051.232749029994 578.35727435350418 97.804376885294914 2184.2933243364096 35.612015470862389 1078.2671270519495 422.00897921621799 105.03528800606728 247.70512442290783 3399.1093992888927 3841.9807936698198 110.33105662465096 178.96290066838264 1402.0638289749622
leaf_count=32781 27386 15957 11888 252 18570 1788 147 3487 1380 26775 16427 6738 36186 6736 2119 16649 4242 2641 443 8322 138 5208 1593 389 1298 18552 22673 414 659 5688
internal_value=-0.000129553 0.0265158 -0.0302762 0.0467802 -0.0442561 0.0133353 0.0604309 -0.0145753 0.0369509 0.0193381 -0.0369725 0.0179731 -0.00896497 0.0718605 0.075425 0.0250521 0.0536292 0.0122632 0.0501701 0.0470605 -0.00201196 0.00272924 0.0325687 0.0774277 -0.0096466 -0.022307 -0.0326032 0.0492971 0.0306049 0.0307285
internal_weight=59444.5 31554.7 27889.8 12435.5 14753.5 19119.1 5205.82 13136.3 7229.72 12209 9717.34 11691.4 7612.44 2806.61 2583.4 5219.88 1504.34 6471.53 517.63 2399.21 104.586 6910.07 5725.37 453.111 1325.97 5523.88 7003.72 2294.62 223.205 5303.37
internal_count=297526 136962 160564 48036 90451 88926 18787 70113 29249 55034 57670 52803 39673 9661 8855 23387 6011 29416 2231 9126 390 33892 23238 1769 6506 30440 41243 8736 806 21645
is_linear=0
shrinkage=0.1


Tree=11
num_leaves=31
num_cat=0
split_feature=10 10 9 9 4 19 4 5 17 6 10 12 13 13 12 10 10 4 4 5 12 14 7 5 16 6 12 5 14 10
split_gain=987.316 139.028 127.694 54.7552 51.1993 66.7279 65.437 51.018 46.9507 40.0835 31.4652 31.6709 28.6948 31.3821 28.2434 33.97 24.6609 20.4299 19.0643 18.892 18.2926 17.4255 16.8681 16.8394 16.8324 15.567 13.9894 13.0093 11.2416 10.5681
threshold=0.38730267965435994 0.56892307882464022 0.18445680022531213 0.52920646423581819 -0.0049227654066739115 1.0000000180025095e-35 0.010977996879329101 -0.0064238163921552785 1.0000000180025095e-35 0.015558125052847262 0.78128839112576676 0.20580001656361502 -0.36043481640292557 0.089306056849978138 0.12217782722830843 0.45499043769733477 0.29874081513668888 0.017172486105480503 0.011540200991565943 0.0088518192190358853 0.27667748396244579 0.6152554283982562 -0.11257042076829814 -0.043313544486280768 1.0000000180025095e-35 -0.035786010783338644 0.13925562335530997 -0.014765343867187695 0.10265012896168961 0.51239827570506535
decision_type=2 2 2 2 2 2 2 2 2 2 2 2 2 2 2 2 2 2 2 2 2 2 2 2 2 2 2 2 2 2
left_child=2 14 8 26 21 16 7 -7 9 12 11 -5 27 -14 15 25 17 -6 24 -8 -12 -4 -23 -18 -11 -2 -3 -1 -22 -16
right_child=1 3 4 10 5 6 19 -9 -10 18 20 -13 13 -15 29 -17 23 -19 -20 -21 28 22 -24 -25 -26 -27 -28 -29 -30 -31
leaf_value=-0.033269257491616924 -0.018240979358391415 -0.032068867428501228 -0.0054319065006422432 -0.031921128021600818 0.0097426927885079246 0.0084760266989490594 -0.030096042145761944 0.033030697110833875 0.0059378933281054452 0.043234146315284355 -0.049669864258684242 -0.010408265039836908 0.027271660144735949 0.0055895489940226946 -0.0015716031744269069 -0.021228368746019327 -0.014339774138102499 -0.019405622895673946 -0.019422512273367387 0.0066082082053746608 0.014741929902777793 -0.024375040305615582 0.007995399440354066 0.0031452295939555885 0.022264578989816916 -0.0056093235646647206 -0.010543830120753847 0.0055588429394101985 -0.034017588089663049 -0.011907552695110962
leaf_weight=119.42094556987286 1313.1371506154537 360.01726721227169 3983.2477898895741 2824.0225992500782 11215.267119020224 1282.0558981895447 283.24043932557106 2488.7706317007542 1644.5179809480906 1506.4569177031517 1261.4273955374956 903.19418682157993 2787.6878451406956 877.7232388406992 3293.1323080658913 3923.2421515136957 597.96814171969891 245.72690775990486 59.722953826189041 277.73808558285236 49.726006403565407 174.27909019589424 2109.3404651731253 6983.0072049051523 513.20364187657833 3795.8891752362251 1871.4649445265532 311.0347485691309 962.66678208112717 1413.9625356793404
leaf_count=641 6118 1545 20419 12224 59946 6621 1334 13098 9192 8311 5103 4240 15634 5011 16109 17638 2874 1263 309 1352 237 857 10904 34496 2806 17951 8752 1716 4216 6609
internal_value=-0.000284968 -0.0171144 0.0095861 -0.0273906 0.00658726 0.0087393 0.0199417 0.0246823 0.0209531 0.0249518 -0.0323638 -0.026708 0.0192113 0.0220796 -0.010957 -0.01423 0.0061909 0.00911774 0.0362591 -0.0119239 -0.0416345 -0.00143926 0.00552498 0.00176606 0.0379057 -0.00885595 -0.0140166 -0.0052132 -0.0316227 -0.00467642
internal_weight=59432.3 21971.9 37460.4 8232.52 29640.6 23373.8 4331.81 3770.83 7819.77 6175.25 6001.04 3727.22 4095.87 3665.41 13739.4 9032.27 19042 11461 2079.38 560.979 2273.82 6266.87 2283.62 7580.98 2019.66 5109.03 2231.48 430.456 1012.39 4707.09
internal_count=297526 100742 196784 36317 153164 120984 22405 19719 43620 34428 26020 16464 23002 20645 64425 41707 98579 61209 11426 2686 9556 32180 11761 37370 11117 24069 10297 2357 4453 22718
is_linear=0
shrinkage=0.1


Tree=12
num_leaves=31
num_cat=0
split_feature=11 11 11 11 11 11 11 12 9 7 13 7 3 13 11 11 1 7 12 1 0 13 1 16 0 13 11 7 13 0
split_gain=4431.57 880.095 577.708 159.909 117.653 117.352 92.7995 53.9575 48.9028 39.2182 34.6728 33.8332 32.8787 30.47 28.9349 27.1736 25.5414 24.2887 23.4112 20.4956 20.1089 19.8246 19.7141 18.9104 17.843 15.1865 14.9479 14.0698 13.3665 14.6537
threshold=0.017071682295616234 0.025155626670288814 0.012483009639482763 0.010095729651715556 0.031773450492023465 0.019377015514242684 0.01509590785450556 0.018384619433999307 0.12716898450638664 0.15196469494576118 0.20281728789209713 -0.0079382274585450534 0.052700628957948588 0.25078652235873239 0.044158746284191218 0.022265682913073501 0.0098297159768101511 0.12659230591191542 0.035070226204737341 0.034191380158286051 -0.022494473326192917 0.21192585817773005 -0.022338355058534983 1.0000000180025095e-35 0.014164731585867287 -0.62952693969664753 0.028384891066073663 0.111525752225502 0.27301530636608712 0.012082968916305338
decision_type=2 2 2 2 2 2 2 2 2 2 2 2 2 2 2 2 2 2 2 2 2 2 2 2 2 2 2 2 2 2
left_child=2 5 3 7 20 21 10 8 11 18 12 -1 19 16 -6 -7 25 -14 -9 -4 -3 -2 -8 -18 -15 -5 -22 -12 -24 -30
right_child=1 4 6 13 14 15 22 9 -10 -11 27 -13 17 24 -16 -17 23 -19 -20 -21 26 -23 28 -25 -26 -27 -28 -29 29 -31
leaf_value=0.059671779160125719 -0.0005222078290301489 -0.042162022765451133 0.019926857379868296 -0.010000116822716561 -0.046407427986553784 -0.010338042918161547 0.0030565009843551154 0.077881898746988754 0.07544330260377366 0.19491697124422999 0.04852191724364166 0.16982582022373466 0.041747138183805044 0.079109281180589949 -0.061426971523151387 -0.019466631581743173 0.056428072929794515 0.014034981731282077 0.057625382982183906 0.040077256591640076 -0.025655661798697927 0.014564838671428403 0.014257208003374586 0.032658652441704329 0.016496028480879346 0.038540338087233339 -0.035419955008636581 0.0055295386879974286 0.046423312476254953 0.0042898878287415875
leaf_weight=34.786294519901276 6038.5655768364668 1649.5220582336187 4972.0640708655119 65.701597645878792 5447.8503806293011 7500.3248085677624 1616.6922310292721 1080.6324676275253 197.99827858805656 24.293238267302513 990.46103778481483 140.50875850021839 1719.6816915273666 357.64420846104622 1677.6378899514675 5769.1973121166229 1661.3157056421041 387.54947309195995 1208.7410697042942 561.80457882583141 3707.948367446661 1017.7487054467201 4565.2027455717325 419.15281593799591 52.149239391088486 3394.9296246916056 2716.3975436240435 82.458637788891792 270.42250218987465 118.81323193013668
leaf_count=170 30847 7645 25919 323 24678 37519 8256 5765 1052 122 5344 707 9187 1930 7092 28066 8970 2001 6372 2973 17961 5294 23584 2200 274 17914 12836 437 1460 628
internal_value=2.84166e-05 -0.0223768 0.0332997 0.0539715 -0.0405783 -0.00876596 0.0216178 0.0742201 0.109499 0.068528 0.0283841 0.147966 0.0260204 0.0448289 -0.0499437 -0.0143069 0.0428829 0.0366505 0.0671869 0.0219725 -0.0323131 0.00165383 0.012645 0.0516392 0.0711413 0.0376188 -0.0297843 0.0452178 0.0157739 0.0335622
internal_weight=59448.2 35525.2 23923 8637.85 15199.4 20325.8 15285.2 2686.96 373.293 2313.67 8714.02 175.295 7641.1 5950.89 7125.49 13269.5 5541.1 2107.23 2289.37 5533.87 8073.87 7056.31 6571.13 2080.47 409.793 3460.63 6424.35 1072.92 4954.44 389.236
internal_count=297526 171938 125588 45799 70212 101726 79789 14188 1929 12259 45861 877 40080 31611 31770 65585 29407 11188 12137 28892 38442 36141 33928 11170 2204 18237 30797 5781 25672 2088
is_linear=0
shrinkage=0.1


Tree=13
num_leaves=31
num_cat=0
split_feature=10 10 10 9 12 10 4 12 8 3 8 2 12 10 5 14 10 13 17 3 10 7 12 13 3 3 8 7 7 2
split_gain=1392.71 240.602 169.477 85.3121 41.9751 41.8754 36.3067 30.2818 29.2695 80.3818 54.3939 23.0398 21.8245 26.5618 21.0645 24.8402 19.6401 19.5162 18.1234 18.4984 17.0367 16.945 16.6932 16.5345 16.0328 14.3361 21.432 16.0693 13.7385 17.0708
threshold=0.35165614261253669 0.51699808759639254 0.26043885341524736 0.41533657482422043 0.12622869443914839 0.87415012801056535 -0.0024479504824419514 0.18844694646187501 -0.55115596330727623 -0.03100589995581848 -0.26250328327069844 -0.13675641032861827 0.30001827821491744 0.6348994637974833 -0.0011711988607979726 0.18663983304862056 0.31273030937989771 -0.037371490900617928 1.0000000180025095e-35 -0.034077985081303989 0.42798357951675697 -0.0017515614215639628 0.28721206722516152 0.26724836842725325 0.022378572211858131 -0.072108503337530813 -0.74504688844426592 -0.019694069510120812 -0.01236125327054005 0.073659687325079673
decision_type=2 2 2 2 2 2 2 2 2 2 2 2 2 2 2 2 2 2 2 2 2 2 2 2 2 2 2 2 2 2
left_child=2 4 6 7 11 12 14 -3 25 10 -10 -2 13 -5 15 23 28 -6 19 -16 -13 -20 -7 -1 -11 26 -8 -27 -4 -30
right_child=1 3 16 5 17 22 8 -9 9 24 -12 20 -14 -15 18 -17 -18 -19 21 -21 -22 -23 -24 -25 -26 27 -28 -29 29 -31
leaf_value=0.058804279742865867 -0.032978513685097861 -0.027185931581054808 0.013958754799232399 -0.025209473321714977 0.0065062358729576254 -0.059519726994290902 0.0089453998019306986 0.00094156432392978814 0.025329457846046562 0.021231031805956483 0.065922704690904707 -0.0080414857205876877 -0.010045837784540244 -0.037660912472123942 0.044824284927757696 0.028817548546429057 0.0014923501751620289 -0.0079736253431423269 0.008178119744715209 0.012886537565672835 -0.016036332136420552 0.047714340638825258 -0.038360888179739011 0.0012486961399599998 0.012906242931528693 -0.0080049975099020319 0.049133859351566896 0.015140342496015053 0.0035133949012896245 0.018346471847374004
leaf_weight=482.54503263533115 498.49777655303478 567.35885842144489 3391.2968138754368 3802.4409537017345 2123.5983907133341 657.247633934021 640.84924012422562 1176.339746966958 781.43920931220055 4004.4591256380081 571.52197089791298 7165.4609855115414 545.59163831174374 3118.1670739352703 202.78611639142036 2140.047629237175 5853.7604139000177 1657.2194247841835 149.15852133929729 1715.8682305663824 4244.1852649003267 396.77329662442207 861.76335443556309 55.671796962618828 5478.5261962115765 834.61130240559578 167.34889288246632 468.25840282440186 4778.5801416784525 926.27002663910389
leaf_count=2605 2251 2547 17367 17140 10694 2617 3318 5778 4224 21875 3103 34445 2598 13554 1068 11522 29230 8061 780 9374 19671 2136 3793 295 30171 4542 898 2613 24482 4774
internal_value=0.000203522 -0.0169122 0.0138889 -0.0284526 -0.00902031 -0.0323808 0.0203997 -0.00821047 0.0175762 0.0196749 0.042477 -0.0119348 -0.0293016 -0.0308196 0.0275079 0.0336472 0.00601054 0.00015938 0.0208363 0.0162621 -0.0110154 0.0369123 -0.0475159 0.0528509 0.0164216 0.00680399 0.017267 0.000313563 0.00891818 0.00592177
internal_weight=59457.6 26417.9 33039.8 10728.9 15689 8985.21 18089.9 1743.7 12947 10835.9 1352.96 11908.1 7466.2 6920.61 5142.85 2678.26 14949.9 3780.82 2464.59 1918.65 11409.6 545.932 1519.01 538.217 9482.99 2111.07 808.198 1302.87 9096.15 5704.85
internal_count=297526 123149 174377 48027 75122 39702 98524 8325 70744 59373 7327 56367 33292 30694 27780 14422 75853 18755 13358 10442 54116 2916 6410 2900 52046 11371 4216 7155 46623 29256
is_linear=0
shrinkage=0.1


Tree=14
num_leaves=31
num_cat=0
split_feature=11 11 11 11 13 18 3 17 11 13 18 3 11 18 13 1 13 4 4 11 1 4 9 16 3 17 6 13 13 12
split_gain=4273.41 960.1 572.207 173.889 127.826 121.503 113.539 83.8469 83.8205 74.5428 66.969 83.1674 62.5373 61.9808 60.5705 51.9476 56.282 47.5712 40.4368 41.0103 40.4256 39.7046 36.3108 34.9716 33.046 28.2139 34.3966 28.1193 26.0756 25.8528
threshold=0.019861499989908594 0.013244819933480421 0.02669331335161634 0.015825437712981606 -0.5408551855065008 1.0000000180025095e-35 -0.34376032254024963 1.0000000180025095e-35 0.010931211876286132 -0.62952693969664753 1.0000000180025095e-35 -0.0027746781686039941 0.022265682913073501 1.0000000180025095e-35 0.135041682874739 -0.033684806270106275 -0.19921427025782176 -0.0078208019919432364 0.037616175390250646 0.038481157001669777 -0.018753993581633207 -0.011973399062860322 0.4074355883475787 1.0000000180025095e-35 -0.2031055769101768 1.0000000180025095e-35 0.044827127221694137 -0.69130140627902681 0.19400806534604992 0.042144031975273034
decision_type=2 2 2 2 2 2 2 2 2 2 2 2 2 2 2 2 2 2 2 2 2 2 2 2 2 2 2 2 2 2
left_child=1 4 12 9 5 -1 -4 10 -6 13 11 -8 25 -3 -12 16 22 -11 19 -9 -7 -17 -5 -19 -14 26 28 -23 -2 -22
right_child=2 3 6 15 8 20 7 18 -10 17 14 -13 24 -15 -16 21 -18 23 -20 -21 29 27 -24 -25 -26 -27 -28 -29 -30 -31
leaf_value=-0.036710879347246365 0.017665288231322393 0.010540993855962695 0.1014919015789694 0.02987979406917135 -0.068073716969366302 0.17746883098378963 0.05865826379455466 0.01943303447997162 -0.048095478398038571 -0.0039109385772975553 0.040942072712052073 0.038799954042599116 0.047859626839417739 0.2133500455452908 0.011152586025028903 0.015822646541808531 -0.0014539473960938968 -0.032972252500297165 -0.056793303806979695 0.046707504539240219 -0.027852801598965651 0.082384134150406754 0.14218323840538036 -0.01553817966108288 0.017336402176249491 -0.0076441486320178165 -0.0052593185212270153 -0.012078372556098269 -0.0045819432052837542 0.093250200408400874
leaf_weight=210.64755579829216 3058.5999534875154 44.911380887031555 302.83332161605358 439.75587546825409 3365.1044164672494 36.947832822799683 3950.5146585404873 2179.1610181182623 5586.4451017379761 810.5566098690033 1992.3245452344418 4524.1613660305738 370.37228552997112 22.677986234426498 1038.2433504909277 552.45723161101341 1872.5466013103724 5727.5830465406179 59.71732759475708 737.98853701353073 27.347302883863449 31.618928104639053 30.807435050606728 1439.8216006159782 8380.8708632737398 1289.7156993746758 1267.2065665721893 9383.1367592513561 636.47844548523426 49.5986368060112
leaf_count=1214 14770 224 1050 2202 22445 150 15635 8973 34500 4510 7864 18041 1625 89 4139 2720 9597 32969 189 2710 158 145 141 8059 38052 6387 6202 49357 3166 243
internal_value=0.000182552 -0.0267057 0.0269298 -0.0145546 -0.0533706 0.00828066 0.0408914 0.0396242 -0.0556058 -0.0259873 0.0434947 0.048057 0.0131712 0.0785887 0.0307365 -0.00708261 0.00631534 -0.0268732 0.0246655 0.026333 0.0914929 -0.0102322 0.0372322 -0.02947 0.0186282 0.00553284 0.00895759 -0.0117611 0.0138332 0.0502091
internal_weight=59420.2 29632 29788.2 20355.9 9276.09 324.541 14784.9 14482.1 8951.55 8045.55 11505.2 8474.68 15003.2 67.5894 3030.57 12310.3 2343.11 7977.96 2976.87 2917.15 113.894 9967.21 470.563 7167.4 8751.24 6252 4962.28 9414.76 3695.08 76.9459
internal_count=297526 168723 128803 110013 58710 1765 58601 57551 56945 45851 45679 33676 70202 313 12003 64162 11940 45538 11872 11683 551 52222 2343 41028 39677 30525 24138 49502 17936 401
is_linear=0
shrinkage=0.1


Tree=15
num_leaves=31
num_cat=0
split_feature=11 11 11 10 11 10 12 10 7 13 10 15 12 10 15 10 18 10 9 17 0 7 9 12 19 18 20 9 10 0
split_gain=4093.25 608.033 556.873 162.194 128.389 70.5571 67.7372 67.4215 56.3444 50.0655 43.1484 42.5087 49.6669 48.8499 39.7461 37.2827 37.8268 35.3075 30.8243 29.3489 71.9704 26.3609 30.3554 26.3777 25.3565 35.1599 23.3126 22.885 22.7654 22.6349
threshold=0.019539675204420268 0.026868555313521357 0.015158644645076663 0.70819486140198606 0.011568274391538987 0.33387812786741816 0.20580001656361502 0.24223973800549342 0.33891583618910087 -0.021395909561443587 0.26285708135555713 0.10883440932429213 0.16846548568996492 0.48103751066369632 0.88638654178507659 0.87415012801056535 1.0000000180025095e-35 0.94373126875426505 0.35662284912818548 1.0000000180025095e-35 -0.010561415002582118 0.25440565039228691 0.70249997788288554 0.15112387966146482 1.0000000180025095e-35 1.0000000180025095e-35 1.0000000180025095e-35 0.39521365846511275 0.29874081513668888 -0.014575682820277434
decision_type=2 2 2 2 2 2 2 2 2 2 2 2 2 2 2 2 2 2 2 2 2 2 2 2 2 2 2 2 2 2
left_child=2 5 4 9 -1 18 15 -4 17 21 24 -7 13 -13 19 -5 -17 -8 28 29 -21 22 -3 -23 25 -6 -11 -14 -2 -9
right_child=1 3 7 6 10 11 8 14 -10 26 -12 12 27 -15 -16 16 -18 -19 -20 20 -22 23 -24 -25 -26 -27 -28 -29 -30 -31
leaf_value=-0.055147266844949319 -0.0012053167885083015 0.025453418112921473 -0.028228624216942718 0.061612811220043542 -0.031797437309335749 0.029438577516863101 0.028982626403937985 -0.024665452368422696 0.083800794693387803 0.041343861626083188 -0.024608578352605992 0.012437172073802618 0.0083388386977275731 0.032508873065280379 0.008943127835926103 0.079356098961266941 0.14719287787948895 0.055209045087910573 -0.013846092667627354 0.028308205714241686 -0.013099549937368804 0.071215930661372814 -0.0010703587738786365 0.014520619939844501 -0.051474131411451123 -0.049742360281324928 0.025499202066500238 -0.015419887802750091 0.016128428296380889 -0.011634846868948313
leaf_weight=4648.2615154236555 1987.6571273803711 3640.9942869395018 2412.2929329425097 1329.9123646765947 4355.9795048385859 1805.3199601173401 1333.9086852073669 1710.4473283886909 323.72006066143513 5053.2399030774832 2841.7381279915571 7227.1411872059107 830.78248383104801 1456.9853105396032 1030.2245213389397 381.60485477745533 104.76673746109009 834.42956525087357 1122.779907271266 592.9886259585619 1436.783772110939 226.71852757036686 489.49273012578487 128.61493264138699 1357.6114597916603 1457.0776416957378 1137.6505144536495 791.82815586030483 1224.4422812759876 6041.8745121359825
leaf_count=31764 10063 14667 13893 4406 26801 7798 4980 9067 1057 19851 16541 33176 3814 6211 5279 1128 294 2940 5646 2960 7715 834 1943 494 8600 9215 4581 3755 5825 32176
internal_value=-0.000101601 0.024641 -0.0279912 0.039212 -0.0414128 0.0113651 0.0555897 -0.0131121 0.0448851 0.0326032 -0.0350366 0.0152835 0.0128041 0.0158047 -0.0097395 0.0702771 0.0939685 0.0390752 0.000416726 -0.0117071 -0.00100247 0.0245586 0.0223102 0.0506947 -0.0391692 -0.0362954 0.0384322 -0.00325533 0.00540225 -0.0145099
internal_weight=59317.3 31432 27885.3 14985.1 14660.7 16446.9 4308.34 13224.6 2492.06 10676.7 10012.4 12112.1 10306.7 8684.13 10812.3 1816.28 486.372 2168.34 4334.88 9782.09 2029.77 4485.82 4130.49 355.333 7170.67 5813.06 6190.89 1622.61 3212.1 7752.32
internal_count=297474 133463 164011 57175 92921 76288 14805 71090 8977 42370 61157 54754 46956 39387 57197 5828 1422 7920 21534 51918 10675 17938 16610 1328 44616 36016 24432 7569 15888 41243
is_linear=0
shrinkage=0.1


Tree=16
num_leaves=31
num_cat=0
split_feature=11 10 11 19 0 3 20 11 15 4 15 0 3 4 0 10 4 4 13 2 0 0 11 18 0 9 7 3 9 12
split_gain=916.103 165.487 101.059 70.7547 90.6468 51.3454 48.7759 48.4905 44.4825 39.4593 38.7184 34.4947 35.888 30.3007 30.2739 24.3978 22.5777 20.5515 19.8798 19.3292 18.7963 18.7344 18.6828 18.411 20.0384 16.7955 15.87 15.2955 13.5657 13.7793
threshold=0.023145541063024976 0.52635767524333577 0.016925299347104839 1.0000000180025095e-35 0.013089110082086909 -0.040504143804888752 1.0000000180025095e-35 0.032722257702932266 0.67662847743262999 -0.00050650901206950028 0.48337267504050774 0.01090065634379256 -0.090016289784879286 0.014880125637474874 -0.022494473326192917 0.35165614261253669 0.023119357364150165 0.0085361094752725037 -0.016480438169027108 0.017568836619755283 -0.039431710974997751 -0.009660813851742665 0.044158746284191218 1.0000000180025095e-35 -0.013215709979405908 0.16115895314751291 -0.13970820242496021 -0.17347452274481553 0.55183416485123915 0.15798218256291904
decision_type=2 2 2 2 2 2 2 2 2 2 2 2 2 2 2 2 2 2 2 2 2 2 2 2 2 2 2 2 2 2
left_child=2 15 3 6 5 17 9 -3 18 21 -7 12 -8 -10 -4 26 23 -5 -6 -13 -17 -1 -9 27 -25 -11 -2 -16 -22 -30
right_child=1 7 14 4 8 10 11 22 13 25 -12 19 -14 -15 16 20 -18 -19 -20 -21 28 -23 -24 24 -26 -27 -28 -29 29 -31
leaf_value=-0.0061366862820149137 -0.033092324631562191 -0.018645033957051315 -0.0078888277454103317 0.00062722902312770795 0.12083190041261976 0.035350626598014037 -0.011667235716299533 -0.029676376820019359 0.047551289502830871 0.021377132973850715 0.010922954207123123 -0.013833283195150873 0.027181503998215503 -0.02852282553948593 -0.016816436517244255 -0.026639244143619779 -0.019827366979518729 -0.058314370015302902 0.061891504686358789 0.015091217923078666 -0.011671129157333995 0.0057120428645186837 -0.042693859077522871 -0.0080821518202526723 0.015740283115073413 0.010123016825749493 0.0041978990062068603 0.0043540520006598504 -0.0065227949461995754 0.015916578172678442
leaf_weight=2003.1244664937258 122.3850731253624 3680.1039397418499 2108.7809271514416 756.43479180335999 117.11824657022953 1482.7905903607607 256.28547370433807 3617.916552901268 557.56472274661064 1678.5282532572746 1153.7336571514606 399.27901190519333 3295.1370350420475 57.783606335520744 351.79949799180031 712.12420953810215 360.41262783110142 64.174984067678452 111.90017826855183 548.30869083106518 6423.0912689417601 3997.3912065327168 1585.7701037377119 408.76779316365719 2592.5304150283337 6315.4707924574614 1691.322110876441 11404.425575599074 1127.7267807126045 361.33960984647274
leaf_count=10810 569 16933 10456 4123 634 8044 1388 15914 2971 9286 6280 2125 17917 294 1693 3307 1689 318 587 2867 29948 21895 6775 2031 12965 33773 8250 56523 5299 1810
internal_value=0.000482995 -0.0173987 0.00911598 0.0134844 0.0250364 0.0178622 0.0107974 -0.0274303 0.0544101 0.00788555 0.0246612 0.019855 0.024378 0.0404076 0.00333558 -0.00886089 0.00490125 -0.00398224 0.0920332 0.00290348 -0.011078 0.00175664 -0.0336433 0.00550518 0.0124957 0.0124861 0.00168163 0.00372054 -0.00967743 -0.00107762
internal_weight=59343.5 19321.8 40021.7 22795 4301.5 3457.13 18493.5 8883.79 844.367 13994.5 2636.52 4499.01 3551.42 615.348 17226.7 10438 15117.9 820.61 229.018 947.588 8624.28 6000.52 5203.69 14757.5 3001.3 7994 1813.71 11756.2 7912.16 1489.07
internal_count=297474 88805 208669 123312 23251 18765 100061 39622 4486 75764 14324 24297 19305 3265 85357 49183 74901 4441 1221 4992 40364 32705 22689 73212 14996 43059 8819 58216 37057 7109
is_linear=0
shrinkage=0.1


Tree=17
num_leaves=31
num_cat=0
split_feature=11 11 11 11 11 11 11 11 13 1 5 8 13 0 1 13 3 1 0 9 11 1 9 11 14 4 0 17 8 6
split_gain=3597.04 588.272 579.215 184.813 78.9703 76.2085 61.9743 38.5495 29.3632 27.6238 49.0015 26.5007 25.6495 23.2739 22.6015 21.4088 21.6944 20.8804 18.3864 17.417 16.0304 15.1772 15.0687 14.9474 14.7796 14.6917 18.184 14.0371 13.0809 12.8492
threshold=0.018300203351900659 0.027229499318686196 0.01344358902453003 0.010095729651715556 0.021255384440378677 0.015293030908113379 0.035092706489029464 0.0085193032384201957 0.075519524734709201 -0.0072348104218242773 0.004336394578389525 -0.56237605397160961 0.095235335740154026 -0.011023070672400158 0.01228307890367897 0.20281728789209713 -0.042686006640817002 -0.024477065590797539 -0.022036156534019021 0.12387611204864847 0.02410091779322391 -0.011940635477799775 0.70249997788288554 0.044158746284191218 0.47009407251473828 0.010014849050196341 -0.022036156534019021 1.0000000180025095e-35 -0.53037008604078462 0.0074135252664836457
decision_type=2 2 2 2 2 2 2 2 2 2 2 2 2 2 2 2 2 2 2 2 2 2 2 2 2 2 2 2 2 2
left_child=2 4 3 7 25 15 -3 9 14 19 -11 13 17 -9 -5 16 -4 29 -10 -1 -6 -13 -22 -8 -16 26 -2 -27 -20 -7
right_child=1 6 5 8 20 12 23 11 18 10 -12 21 -14 -15 24 -17 -18 -19 28 -21 22 -23 -24 -25 -26 27 -28 -29 -30 -31
leaf_value=0.029952607033207512 -0.016089794843198113 -0.035345420865144035 0.0078018165088824289 0.02807856974632815 -0.014888240659250913 -0.0083894523302776407 -0.046151894714262662 0.025213797723076133 0.0049066572220845027 0.13047449776425732 0.065945595457289952 0.035499634611148224 0.016333751286132202 0.095945435965970438 0.049611746005399804 0.036914569420979336 0.022961625529516312 0.0076645401263546135 0.063296719785073716 0.084369967885121189 -0.023513227086248447 0.057975751536290338 0.0076185561171991673 -0.058131323910521497 0.033684832725765827 -0.021786937884735364 -0.0017674305177044925 0.0086848302680769211 0.04351351833386316 0.021350856975485197
leaf_weight=118.42628259956837 1034.4711484462023 6984.6168694198132 1203.6571179181337 4518.1845736950636 6131.1339767575264 1421.7236533463001 3019.0766842961311 55.989811971783638 108.31616035103798 240.80013164877892 230.15838576853275 381.79389561712742 2628.4989226609468 275.0571753680706 969.32862427830696 828.9036453962326 4375.4540164619684 5563.2067999094725 407.80317477881908 116.85038688778877 4846.6100676506758 1409.8166339546442 160.63043424487114 1590.2031270861626 1460.527226999402 867.09400436282158 6195.6189917623997 183.09830175340176 1852.5309830009937 161.80626878142357
leaf_count=583 5156 33607 6222 23141 30597 7180 14115 276 537 1226 1159 1913 13543 1414 5062 4333 22526 28582 2105 597 23855 7111 835 7078 7523 4219 31631 943 9569 836
internal_value=7.06334e-05 -0.0234603 0.0258308 0.0423363 -0.0128183 0.0134433 -0.0412847 0.0647225 0.035539 0.0849604 0.0989391 0.0579891 0.00788727 0.0839826 0.0322612 0.0219189 0.019691 0.00478073 0.0451541 0.056979 -0.0183166 0.0531861 -0.0225145 -0.0502848 0.0400385 -0.00542203 -0.00381665 -0.0164743 0.0470827 -0.00535057
internal_weight=59341.4 31012.6 28328.8 12145.6 19418.7 16183.3 11593.9 2828.89 9316.69 706.235 470.959 2122.66 9775.24 331.047 6948.04 6408.01 5579.11 7146.74 2368.65 235.277 11138.4 1791.61 5007.24 4609.28 2429.86 8280.28 7230.09 1050.19 2260.33 1583.53
internal_count=297474 152036 145438 62216 97236 83222 54800 14279 47937 3565 2385 10714 50141 1690 35726 33081 28748 36598 12211 1180 55287 9024 24690 21193 12585 41949 36787 5162 11674 8016
is_linear=0
shrinkage=0.1


Tree=18
num_leaves=31
num_cat=0
split_feature=11 11 10 0 11 15 11 10 8 3 8 15 0 0 15 18 3 8 14 12 10 2 3 10 7 10 9 1 14 10
split_gain=1350.09 222.556 178.497 40.4743 35.6126 32.0603 30.9522 29.9839 25.7173 69.6454 59.5071 24.4145 24.1888 21.7896 44.7513 21.7649 18.9611 22.5839 18.2304 16.5537 17.9145 16.2825 15.7841 15.1734 14.7995 14.6593 13.9438 13.8059 13.5299 13.3802
threshold=0.022043201637145848 0.031773450492023465 0.27013865040105861 -0.0089978537682080511 0.036673773158874365 0.35913361811758249 0.018451038353061049 0.39572721769625419 -0.55115596330727623 -0.016240074270627899 -0.18528541809548291 0.38730270848471998 -0.017437380155131962 -0.034059908505445817 0.12084593506745216 1.0000000180025095e-35 -0.017189222843109416 -0.08093106975227464 0.44239178021601083 0.19697496294159231 0.51699808759639254 0.034204971226150079 -0.072108503337530813 0.51239827570506535 0.02824247547323611 0.22528436435112323 0.56385004591013987 -0.010622776756292971 0.49748085194730168 0.34829132990128098
decision_type=2 2 2 2 2 2 2 2 2 2 2 2 2 2 2 2 2 2 2 2 2 2 2 2 2 2 2 2 2 2
left_child=2 7 3 5 -3 13 16 -2 22 10 -10 -11 18 14 -1 -15 17 -4 -7 20 24 -18 25 -6 -9 -5 28 -14 -21 -8
right_child=1 4 6 8 23 12 29 19 9 11 -12 -13 27 15 -16 -17 21 -19 -20 26 -22 -23 -24 -25 -26 -27 -28 -29 -30 -31
leaf_value=0.025534087227346097 -0.0066156931655617455 -0.026596911316316155 0.011799539162349605 0.031069870182460237 -0.021858980657078954 0.11681244565924497 0.0038880946782649528 -0.010383201275417002 0.020206689257888742 0.0035053350528299362 0.051975075373710572 0.015761112556903954 0.04894498936708723 0.015666659641372125 0.13287812795459086 0.034784903907033295 0.00021538336217342892 0.045118691399355947 0.045981469340625442 -0.0029907326305617151 -0.02532744503577471 0.010682116816056526 -0.0010123279722637827 -0.042909004355482547 -0.020730533624137334 0.0045330231135614621 0.0056013792312637947 0.022173136019667781 -0.02512396940141659 -0.0040421499641417006
leaf_weight=146.71478968858719 4819.7107017040253 3067.9588472694159 3173.8681998699903 373.22232988476753 378.19253946840763 70.217198744416237 3977.2158502489328 3072.4648352116346 1606.6838550567627 2014.2818434387445 931.45977431535721 8419.5821295827627 389.48938356339931 2655.248021453619 52.81929150223732 767.61950759589672 3541.0197657644749 217.36003725230694 75.309426128864288 569.15794815123081 2427.7484501451254 2561.3587535917759 1414.3010424971581 3621.6754602044821 2512.6983744949102 470.71531201899052 563.07969669997692 381.09556253254414 536.55343890190125 4574.9560798257589
leaf_count=742 23323 14032 16226 1962 1761 380 19781 14685 8544 10959 4911 45604 2054 13916 286 4068 18163 1142 404 2724 11064 13261 7751 15876 11815 2382 2851 2081 2466 22260
internal_value=-0.00018738 -0.0201519 0.0112003 0.0177645 -0.034702 0.0260534 0.00400934 -0.0130604 0.0152945 0.017009 0.0318652 0.0133951 0.0427663 0.0218267 0.0539495 0.0199542 0.00794014 0.0139351 0.0801577 -0.0162687 -0.0181557 0.0046086 0.00544584 -0.0409187 -0.0150383 0.0162687 -0.00720793 0.0357049 -0.013731 -0.000354163
internal_weight=59383.8 21569.2 37814.5 19768.8 7067.83 4538.51 18045.8 14501.4 15230.2 12972 2538.14 10433.9 916.112 3622.4 199.534 3422.87 9493.61 3391.23 145.527 9681.7 8012.91 6102.38 2258.24 3999.87 5585.16 843.938 1668.79 770.585 1105.71 8552.17
internal_count=297474 100597 196877 106044 31669 23931 90833 68928 82113 70018 13455 56563 4919 19012 1028 17984 48792 17368 784 45605 37564 31424 12095 17637 26500 4344 8041 4135 5190 42041
is_linear=0
shrinkage=0.1


Tree=19
num_leaves=31
num_cat=0
split_feature=10 11 11 10 11 10 10 12 11 13 13 5 13 11 13 17 3 13 1 5 9 2 11 1 3 1 13 10 11 3
split_gain=3570.78 680.904 569.712 141.501 127.561 115.828 86.7847 75.6619 59.6662 54.4352 50.5861 45.1063 43.4247 51.1128 39.3036 37.643 40.3595 36.0151 38.8008 35.7858 31.9386 30.5785 28.7916 28.7225 28.6929 27.8413 26.9394 26.8745 26.4603 25.9491
threshold=0.3141938505536529 0.025155626670288814 0.013910508742986374 0.52635767524333577 0.019146171680401853 0.21289329352153197 0.26285708135555713 0.11592903708433362 0.030912807076674337 -0.56424919216932723 0.26179484631578659 -0.11215193902068975 -0.46053046328635167 0.010329307022135577 -0.56424919216932723 1.0000000180025095e-35 -0.12937773154680252 -0.38112144522095981 -0.016870073230448309 -0.0093801162423698386 0.89014486615077926 -0.029428707259425476 0.022043201637145848 -0.0097492067198570159 0.2767245202169149 0.019224563002393506 0.16637529789308117 0.4304966420353617 0.011399130671177777 0.043095024503201358
decision_type=2 2 2 2 2 2 2 2 2 2 2 2 2 2 2 2 2 2 2 2 2 2 2 2 2 2 2 2 2 2
left_child=2 4 5 15 7 12 -4 14 23 -7 11 -10 19 -14 -2 16 26 18 -6 -1 -12 -17 -19 -5 -24 -16 -3 -18 -9 -8
right_child=1 3 6 8 17 9 29 28 10 -11 20 -13 13 -15 25 21 27 22 -20 -21 -22 -23 24 -25 -26 -27 -28 -29 -30 -31
leaf_value=0.036628121792297595 0.07150098213789001 0.060132776569192442 -0.024305406975517044 0.041562424858520255 0.060001350557347503 0.034161468578810188 -0.0044743405105910775 -0.070883228254972522 0.095269789962532908 -0.035941679243422162 0.044222808972006943 0.049666673227034719 -0.071287545929875809 -0.05131652819837304 0.007656294473288975 -0.0078278177507533665 0.01527015114356552 0.0053767400069918442 0.016667353190309247 -0.041443977892843653 0.016452364960869485 0.021320035456609397 0.015077685407226614 0.020466592184433228 0.0773711013397681 -0.010285349662297091 0.025596621597367298 0.030177087388554763 -0.018701761767116281 -0.016851667023273273
leaf_weight=86.21258533000946 81.081454738974571 575.69965256750584 7195.8724335283041 1121.1552626043558 315.35498291254044 114.02776344120502 4761.6330381184816 102.40337193757296 225.97755759954453 3871.662005096674 917.61840583384037 5396.0914459973574 1858.793102927506 4126.5621844232082 2376.317989885807 588.33695544302464 2047.9252476245165 4929.2182465344667 599.28387773036957 184.04831982403994 754.80512925982475 927.03267762064934 5338.8322099894285 1520.9401895403862 74.980368822813034 1359.8262045681477 371.67723217606544 2953.6071119457483 1903.8868868350983 2629.0402057915926
leaf_count=463 372 2306 40738 4462 1399 588 24847 710 729 24239 3383 19473 13351 27012 12078 2460 8943 23822 2809 1160 2754 3958 23981 6147 315 7216 1515 12009 10296 13939
internal_value=-0.000264712 0.0205558 -0.0291812 0.0344784 0.00637263 -0.0472594 -0.0164883 -0.00564261 0.0422941 -0.0339361 0.0469577 0.0514997 -0.0557482 -0.0575187 0.00262099 0.0240739 0.0276581 0.012588 0.0316083 -0.0165392 0.0316893 0.0100035 0.0109061 0.0294185 0.0159404 0.00112616 0.0465835 0.0240733 -0.0213652 -0.00887725
internal_weight=59309.9 34482.1 24827.9 17400.9 17081.2 10241.3 14586.5 5823.52 9936.59 3985.69 7294.49 5622.07 6255.62 5985.36 3817.23 7464.28 5948.91 11257.7 914.639 270.261 1672.42 1515.37 10343 2642.1 5413.81 3736.14 947.377 5001.53 2006.29 7390.67
internal_count=297474 151137 146337 68139 82998 66813 79524 30672 36948 24827 26339 20202 41986 40363 19666 31191 24773 52326 4208 1623 6137 6418 48118 10609 24296 19294 3821 20952 11006 38786
is_linear=0
shrinkage=0.1


Tree=20
num_leaves=31
num_cat=0
split_feature=10 10 10 9 13 10 12 8 4 19 8 3 12 10 12 10 10 14 3 2 7 4 3 8 3 5 10 4 15 7
split_gain=2945.12 489.185 402.072 111.056 78.0271 73.4371 95.1307 64.6743 58.1337 67.1234 56.7149 54.8154 54.3508 51.1665 50.3955 49.9442 48.3882 42.6388 37.5668 34.0109 33.2963 32.1307 30.7246 30.2998 29.167 28.491 27.6798 26.086 26.0204 25.7918
threshold=0.32622874728814083 0.23136958624672441 0.50392995159864518 0.4292650287537631 -0.04897033508534003 0.79971951300097965 0.3139714697570683 -0.99843670516470462 0.0037664959374756894 1.0000000180025095e-35 -1.8408598466348913 -0.024824691784728344 0.12217782722830843 0.39789175839441027 0.19697496294159231 0.94373126875426505 0.28000519017111808 0.67797166320045366 0.22721286408331978 -0.032530202518377564 -0.097638119509056029 -0.036455710255276046 -0.10869402087701417 -0.32820161329731568 -0.14880001941785356 -0.086979979998992027 0.1999148660094881 0.0064183651018505658 0.91370076545351475 0.13668661774316129
decision_type=2 2 2 2 2 2 2 2 2 2 2 2 2 2 2 2 2 2 2 2 2 2 2 2 2 2 2 2 2 2
left_child=1 8 4 12 11 14 15 -3 26 -10 24 23 29 19 17 -7 27 -5 20 -12 -13 -8 -15 -2 25 -6 -1 -9 -16 -4
right_child=2 7 3 5 10 6 21 16 9 -11 13 18 -14 22 28 -17 -18 -19 -20 -21 -22 -23 -24 -25 -26 -27 -28 -29 -30 -31
leaf_value=-0.050754145489486105 -0.0022966186756158053 0.0088563384424858831 0.03614940913254075 0.03041572350115071 0.012799737962866098 0.053656632721921407 0.11915347144733801 -0.023833007503932326 -0.020274419926820053 -0.061076106247161505 0.019914544171143148 0.049047935085347376 0.0064111391991654209 0.0031885003052229029 0.012645987230872081 0.089879899043797784 -0.0094077887695280492 0.04717189874921477 0.053581469147643529 0.0023539677623896508 0.0066962016624293108 0.024887033773989337 0.025488146412373985 -0.028227212375213723 -0.041128655702062783 0.078226025444850439 -0.038914234449110845 -0.0084394038646807834 0.043502180994645145 0.10557471950589495
leaf_weight=4741.2144917696714 2709.6666949540377 1163.5366987660527 256.28506553173065 4238.7164073437452 88.528105020523071 1158.666364043951 37.416263461112976 6243.7494744881988 2015.4591266661882 504.02966275811195 1620.1072031408548 191.97775517404079 1949.9776792526245 723.23166193068027 1580.788251824677 566.85530190169811 6599.9440896213055 2366.5142310112715 187.43591710925102 3454.8478153198957 5616.3054795190692 1075.3387145921588 4240.7547528445721 540.51306119561195 29.714565083384514 268.20103366672993 3383.7442823797464 1336.4876500889659 330.41686050593853 67.6327173858881
leaf_count=32623 12830 6130 1020 15922 353 3674 115 36504 12884 3354 7494 826 8888 3117 6370 1616 34969 8589 806 16516 26680 3930 18120 2585 146 1049 21582 7503 1225 244
internal_value=-6.66122e-06 -0.0252358 0.0196828 0.0328843 0.0105367 0.0369239 0.0508546 -0.0138084 -0.041708 -0.0284369 0.0164677 0.00384894 0.0127123 0.0150206 0.0322812 0.0655564 -0.0156682 0.0364191 0.00951798 0.00795993 0.00809603 0.0280567 0.0222392 -0.00660894 0.0540604 0.0619894 -0.0458233 -0.0211189 0.0179805 0.0506451
internal_weight=59288.1 25988.2 33299.9 13628.6 19671.3 11354.7 2838.28 15343.7 10644.4 2519.49 10425.4 9245.9 2273.9 10038.9 8516.44 1725.52 14180.2 6605.23 5995.72 5074.96 5808.28 1112.75 4963.99 3250.18 386.444 356.729 8124.96 7580.24 1911.21 323.918
internal_count=297664 155549 142115 51593 90522 41441 9335 85106 70443 16238 46795 43727 10152 45247 32106 5290 78976 24511 28312 24010 27506 4045 21237 15415 1548 1402 54205 44007 7595 1264
is_linear=0
shrinkage=0.1


Tree=21
num_leaves=31
num_cat=0
split_feature=11 11 10 19 0 20 11 15 4 1 4 0 3 0 4 8 16 3 6 10 15 4 3 11 0 1 9 10 4 3
split_gain=779.875 123.933 86.6492 55.3489 71.9321 42.6006 40.6238 40.2656 57.5989 40.281 36.9225 36.3665 31.8493 34.3818 29.5714 26.8976 24.9017 21.8705 21.6016 21.5666 20.8832 20.163 18.7549 17.5079 15.7416 15.7123 14.6521 20.1894 14.4982 13.8608
threshold=0.024478281795549135 0.016100595718100113 0.55215077069945762 1.0000000180025095e-35 0.016771091018857879 1.0000000180025095e-35 0.044158746284191218 0.49932840802482509 -0.0042644004324070553 0.0086666989131687373 0.0064183651018505658 -0.020600962502576477 -0.02993639284127125 0.015271160205368119 -0.00050650901206950028 -0.45244805159929308 1.0000000180025095e-35 0.051687770547117491 -0.033497633482154947 0.33861978795381492 0.84770209624638226 0.015797673194783982 -0.013452681319508828 0.032722257702932266 0.021686109013806746 -0.0044603849076727533 0.63302001831886201 0.43799121862780882 0.024773554101105603 -0.013452681319508828
decision_type=2 2 2 2 2 2 2 2 2 2 2 2 2 2 2 2 2 2 2 2 2 2 2 2 2 2 2 2 2 2
left_child=1 3 22 5 7 14 23 8 -5 -9 20 -3 15 -14 18 -7 19 -12 -1 28 -6 -16 -2 -4 29 -21 27 -24 -13 -18
right_child=2 11 6 4 10 12 -8 9 -10 -11 17 16 13 -15 21 -17 24 -19 -20 25 -22 -23 26 -25 -26 -27 -28 -29 -30 -31
leaf_value=0.018920284482143078 -0.017176755909078478 -0.0078831511308728366 -0.016724365167193424 -0.00041099523104828688 0.093983438235333117 0.016085168028903342 -0.041153684693838948 -0.0093315681070832643 0.038867510164987427 0.023850396256661646 -0.0093177607546712157 0.0093862538212532987 0.028653820101938232 -0.0020499561921723144 0.012462467391117156 -0.018087024645244421 -0.0089518917244100198 0.061066858445521226 -0.00066467026648550707 -0.0044434379870663806 0.040312654635168352 -0.020461333651091446 -0.0027905054774936197 -0.027708862209830987 -0.018580432136928799 0.0050549967937642028 0.01166731909682836 -0.015827622105982986 -0.028949882881683792 0.0043926068384217169
leaf_weight=640.37261170148849 3915.2288844883442 3192.4987007379532 2621.7647071927786 517.15919683873653 235.89897245168686 635.70400689542294 1518.4880724921823 801.33256982266903 1342.4907450973988 673.18022067844868 101.03300446271896 8143.4933779239655 2586.6710542440414 424.57047462463379 6875.0942136347294 361.22350399196148 1282.1268970370293 78.408268198370934 4671.364897325635 2786.4681413322687 104.66242109239101 191.18168288469315 2329.6451036185026 3249.4125816449523 591.55198739469051 4644.1329455971718 353.39927995204926 2423.6004432439804 99.859616950154305 1981.0276253968477
leaf_count=3476 18399 15866 12281 2770 1211 3396 6708 4353 7210 3619 527 41053 13923 2232 36929 1985 6324 395 25592 13432 548 1043 11193 14631 2826 22633 1723 11148 466 9772
internal_value=-2.64811e-06 0.00708093 -0.0185458 0.0127716 0.0235541 0.0102354 -0.0265744 0.0181589 0.0279444 0.00581746 0.0581469 0.00201164 0.0191957 0.0243247 0.00733397 0.00370333 0.00362921 0.0214373 0.00169645 0.00540008 0.0774892 0.0115717 -0.0119696 -0.0228038 -0.00357145 0.00149309 -0.00797735 -0.00943791 0.00892185 -0.000850584
internal_weight=59373 42961.5 16411.5 20240.3 3854.17 16386.2 7389.67 3334.16 1859.65 1474.51 520.003 22721.2 4008.17 3011.24 12378 996.928 19528.7 179.441 5311.74 15674 340.561 7066.28 9021.87 5871.18 3854.71 7430.6 5106.64 4753.25 8243.35 3263.15
internal_count=297664 221581 76083 109209 20633 88576 33620 17952 9980 7972 2681 112372 21536 16155 67040 5381 96506 922 29068 77584 1759 37972 42463 26912 18922 36065 24064 22341 41519 16096
is_linear=0
shrinkage=0.1


Tree=22
num_leaves=31
num_cat=0
split_feature=11 11 10 10 11 11 10 12 10 10 9 11 11 9 2 13 8 6 3 4 9 10 0 0 12 0 9 10 7 4
split_gain=2897.94 587.323 406.587 139.986 131.672 70.7105 65.579 53.8252 45.5118 43.7408 32.6938 32.6725 31.7887 31.3353 26.5129 26.0394 25.4436 24.6278 24.2631 23.2077 21.5121 23.8747 20.3845 21.3338 20.2507 18.9185 18.097 24.7238 17.9899 17.0715
threshold=0.017640401263697269 0.027229499318686196 0.23136958624672441 0.34333329310224475 0.010440678944405446 0.013111929027842405 0.45207229944034122 0.018384619433999307 0.28000519017111808 0.70819486140198606 0.27576742783590374 0.038481157001669777 0.022265682913073501 0.12716898450638664 -0.015609427499932103 0.083794564093521734 -0.55115596330727623 0.029220523038108185 0.058736275918903187 0.010014849050196341 0.39997517812454603 0.29060226722564675 -0.017437380155131962 0.016771091018857879 0.045205722015418469 -0.0086002842600718648 0.5704695846095772 0.47754054816006269 0.089698140578099009 -0.0074691599314109505
decision_type=2 2 2 2 2 2 2 2 2 2 2 2 2 2 2 2 2 2 2 2 2 2 2 2 2 2 2 2 2 2
left_child=2 3 4 19 7 9 -3 13 10 -4 -7 -8 29 14 -1 18 25 -10 24 20 21 -2 -17 -24 -6 -9 27 -14 -20 -5
right_child=1 6 5 12 15 8 11 16 17 -11 -12 -13 26 -15 -16 22 -18 -19 28 -21 -22 -23 23 -25 -26 -27 -28 -29 -30 -31
leaf_value=0.023159814387271979 0.0055730072969009557 -0.023141638377892397 0.025503501527935363 -0.022942392904826088 0.02916870240964713 0.0095892709439759048 -0.038457572602128495 0.034306546101957235 -0.0021640927354192006 0.16385740176381533 0.026633702140270329 -0.051300277796770093 -0.019537911040430091 0.062039858885786392 0.12833930620622849 0.012416525791968204 0.044393163658650196 0.011727862769213926 0.048133561040217571 -0.015473946275577938 0.019988043074397235 -0.0060960129463299923 0.044202845585620605 0.016411717595896359 0.016742068510359184 0.081098105631379813 -0.0066866975213063437 -0.033462765742681443 0.024597021940889679 -0.0091330183537882657
leaf_weight=27.654629781842232 3453.703490883112 2147.8640112578869 2549.173603400588 1106.2160949856043 3442.1663803160191 3392.7437302470207 6190.1692652404308 113.83643163740635 3968.8241311311722 23.057602196931839 1683.9598812460899 2913.1907184645534 4471.1480271965265 256.67020700871944 179.67833963036537 272.88953767716885 2352.4836190789938 1880.9421228766441 859.60607153177261 943.60168433189392 561.65593880414963 3561.344500914216 2448.1148348450661 311.34934970736504 2118.5018711984158 358.60889884829521 712.32486715912819 1783.7517291009426 521.9198509901762 4693.201921865344
leaf_count=131 17963 10916 12764 5491 17524 17094 30363 549 19865 109 8693 13736 22396 1268 814 1357 11544 9562 4431 4702 3015 18188 12534 1605 10662 1773 3683 8637 2623 23672
internal_value=-0.00033072 -0.0203792 0.0240447 -0.0106116 0.0364793 0.0118267 -0.038859 0.0538309 0.00831509 0.0267437 0.015243 -0.0425674 -0.0172365 0.0853961 0.11431 0.030758 0.0486462 0.00230275 0.0273811 -0.000685108 0.00115669 -0.000351029 0.0384888 0.0410672 0.0244344 0.0698236 -0.0217891 -0.023509 0.0392418 -0.0117671
internal_weight=59300.4 32538.2 26762.2 21286.9 13263.5 13498.7 11251.2 3288.93 10926.5 2572.23 5076.7 9103.36 12766.6 464.003 207.333 9974.55 2824.93 5849.77 6942.19 8520.31 7576.7 7015.05 3032.35 2759.46 5560.67 472.445 6967.22 6254.9 1381.53 5799.42
internal_count=297664 162762 134902 107747 66815 68087 55015 16079 55214 12873 25787 44099 63879 2213 945 50736 13866 29427 35240 43868 39166 36151 15496 14139 28186 2322 34716 31033 7054 29163
is_linear=0
shrinkage=0.1


Tree=23
num_leaves=31
num_cat=0
split_feature=11 11 11 4 3 4 4 10 10 10 14 14 9 17 4 3 14 3 0 7 9 0 11 14 3 19 9 20 10 19
split_gain=1113.26 207.054 145.253 48.8806 41.762 36.6306 36.5898 34.3596 31.2823 29.0336 26.7614 24.0237 23.5938 22.0201 25.9567 20.8074 17.5633 16.9508 16.7593 20.7518 15.6402 14.7763 13.8646 13.4791 13.1901 13.122 12.8364 11.1022 19.0915 11.0437
threshold=0.021937250533271672 0.031773450492023465 0.014966931936318434 0.016403344406549229 0.068646813851976698 -0.0013955241913028436 -0.0028805104646678621 0.6348994637974833 0.22903374309443797 0.39572721769625419 0.50923732753212414 0.31418022347277053 0.14074880764330661 1.0000000180025095e-35 -0.00096752510414965787 -0.025805661510559515 0.68189454015336504 -0.072108503337530813 0.016447195710917132 0.046551610701338515 0.17123389999590008 -0.040920870652533241 0.018001199247584924 0.038242204907296136 -0.11672278220519282 1.0000000180025095e-35 0.46855197205989013 1.0000000180025095e-35 0.25069434389590151 1.0000000180025095e-35
decision_type=2 2 2 2 2 2 2 2 2 2 2 2 2 2 2 2 2 2 2 2 2 2 2 2 2 2 2 2 2 2
left_child=2 9 3 4 6 11 10 25 23 26 -1 17 -8 29 -15 -5 -9 20 -17 -20 -4 -19 24 -7 -13 -3 -2 -10 -29 -6
right_child=1 7 5 15 13 8 12 16 27 -11 -12 22 -14 14 -16 18 -18 21 19 -21 -22 -23 -24 -25 -26 -27 -28 28 -30 -31
leaf_value=0.037647426291936903 -0.0064125818057619022 -0.027595677896695672 0.11001639522027956 0.12569509686759947 0.0050324037911448974 0.051698235748888613 0.0057378458762864168 -0.032997511453558136 -0.0013125718783276606 -0.014259995843041074 0.020273485762177121 0.035924101689990162 0.018489435552289029 0.048395917141324268 0.0055851052782391218 -0.0015734090963962389 -0.04696066231084782 0.058530793958830644 0.11993168469968458 0.025517342705405194 0.030269470095435059 0.012785073918515487 0.0017543000679508917 0.013481506905940752 0.0097466698346822134 -0.011414015357935771 0.011648565948251619 0.033999202016869304 0.0034402127824624596 -0.012012410842179041
leaf_weight=1601.6373560726643 4507.9997365921736 2505.1599787771702 25.885218694806099 47.682115480303764 1645.2936664074659 99.603823289275169 1755.8643529415131 2270.9807689636946 9320.1580854356289 9668.5880472064018 1985.7653124034405 209.96107421815395 8357.1428180038929 238.29957440495491 349.10542267560959 44.337270870804787 1493.0721863657236 72.921966254711151 46.956370249390602 46.169786259531975 492.67732340097427 2226.8992072343826 2859.2390395998955 1256.8189377188683 2312.4114917963743 626.44726958870888 431.1425638794899 225.79934257268906 2161.0083200931549 494.33997695147991
leaf_count=8436 21854 11669 132 254 8915 526 9825 10490 46596 46101 10516 1056 44711 1266 1882 226 6629 354 254 240 2432 11152 14065 6506 11675 2993 2170 1165 10782 2792
internal_value=0.00035671 -0.0178155 0.0106737 0.0176798 0.0171039 0.00519993 0.0193534 -0.0320976 0.00191153 -0.0110736 0.0280303 0.0104387 0.0162754 0.00580266 0.0229527 0.0687747 -0.0385362 0.0179181 0.0490307 0.0731232 0.0342502 0.0142356 0.00652164 0.0162878 0.0119257 -0.0243587 -0.00483601 0.000245832 0.00633119 0.00109438
internal_weight=59379.4 21503.4 37876 16612.6 16427.4 21263.4 13700.4 6895.66 13063.4 14607.7 3587.4 8200 10113 2727.04 587.405 185.146 3764.05 2818.38 137.463 93.1262 518.563 2299.82 5381.61 1356.42 2522.37 3131.61 4939.14 11707 2386.81 2139.63
internal_count=297664 101906 195758 89317 88343 106441 73488 31781 65575 70125 18952 40866 54536 14855 3148 974 17119 14070 720 494 2564 11506 26796 7032 12731 14662 24024 58543 11947 11707
is_linear=0
shrinkage=0.1


Tree=24
num_leaves=31
num_cat=0
split_feature=10 11 10 11 10 11 11 0 11 4 13 18 13 0 11 13 13 4 0 13 4 5 11 1 9 18 12 18 12 9
split_gain=2923.88 709.186 401.162 121.539 110.609 89.9012 82.9512 72.5543 66.8789 46.8895 46.7148 64.0034 44.7285 44.0771 43.2505 46.1085 42.6892 40.1382 38.945 38.443 36.126 34.4247 30.4806 29.0703 28.3347 27.875 25.9526 23.531 22.8924 22.7668
threshold=0.2892819937870737 0.025011125119068098 0.21658873563816428 0.013111929027842405 0.45499043769733477 0.012411594979310743 0.016925299347104839 -0.049764999412854831 0.019299484093833922 0.015797673194783982 -0.47363273695030123 1.0000000180025095e-35 -0.59364849126740382 -0.017063568353701927 0.038481157001669777 0.49496628306947194 -0.69130140627902681 0.048526089622378574 -0.009660813851742665 -0.33598956034300059 -0.015273348371734217 -0.0014652119511045501 0.013043107425535347 -0.056640830946480751 0.28685486728095649 1.0000000180025095e-35 0.043489396569227796 1.0000000180025095e-35 0.068329580284499911 0.50557466039835408
decision_type=2 2 2 2 2 2 2 2 2 2 2 2 2 2 2 2 2 2 2 2 2 2 2 2 2 2 2 2 2 2
left_child=2 3 5 -2 13 10 12 9 16 23 11 -1 21 -3 17 -16 -5 -9 19 -10 -18 27 -14 -6 -24 -20 -12 -4 -7 -15
right_child=1 4 6 8 7 28 -8 14 18 -11 26 -13 22 29 15 -17 20 -19 25 -21 -22 -23 24 -25 -26 -27 -28 -29 -30 -31
leaf_value=-0.051599095391413267 -0.042585930753794604 0.033649269598065565 0.028769648273055309 0.094509105526923307 0.065039858067655873 -0.039131334400213921 -0.0078395876613529137 0.028111574238972849 0.046423734221651601 0.1400472870855887 -0.063931277017163654 0.060941922845986631 -0.036751748959245996 0.015225882673607048 0.046036005541758664 0.0083036045626602006 0.02846831684946596 0.092035052071250609 0.0083479651257428299 0.014104246787888346 -0.0044842834273861824 -0.021502429397240758 -0.018668139297563585 0.033931224352489277 -0.036176509220843346 -0.0060788876378864258 -0.046991586114963117 0.15475647836439554 -0.016459806952967823 -0.0052266822947441118
leaf_weight=143.76035375893116 561.33592561632395 1169.9579237550497 30.645105570554733 45.111341387033463 764.29466691613197 3207.1403500139713 4271.1235908418894 8895.389764264226 411.44790236651897 64.78766231238842 3158.0016992241144 77.925694711506367 1997.3739095851779 2738.9431438148022 3053.8481583297253 362.2751107364893 347.89112176001072 99.325116232037544 6484.624377951026 3488.0339877307415 7614.1259055435658 52.391963243484497 4394.1445618271828 494.90347263216972 1170.5656654089689 1687.8789309859276 1267.3837387487292 28.716894254088402 517.20251275599003 679.232167288661
leaf_count=941 3652 4810 157 185 2555 20120 22546 34247 1798 194 22956 407 13219 11765 10482 1322 1656 361 30390 15935 40200 293 25768 1667 6937 7972 8924 113 3139 2953
internal_value=-1.71609e-05 0.0160198 -0.0307733 0.00330848 0.0303388 -0.0475586 -0.0190096 0.0348294 0.00459151 0.0570819 -0.0568359 -0.0120394 -0.0252267 0.016896 0.0324555 0.0420345 -0.00249485 0.0288175 0.00929176 0.0175144 -0.00304446 0.0375756 -0.0261548 0.0528132 -0.0223511 0.00536837 -0.0590799 0.0897169 -0.0359829 0.0111617
internal_weight=59279.8 38963.4 20316.4 20640.4 18323 8371.41 11945 13734.8 20079.1 1323.99 4647.07 221.686 7673.84 4588.13 12410.8 3416.12 8007.13 8994.71 12072 3899.48 7962.02 111.754 7562.08 1259.2 5564.71 8172.5 4425.39 59.362 3724.34 3418.18
internal_count=297664 172144 125520 101788 70356 56487 69033 50828 98136 4416 33228 1348 46487 19528 46412 11804 42041 34608 56095 17733 41856 563 45924 4222 32705 38362 31880 270 23259 14718
is_linear=0
shrinkage=0.1


Tree=25
num_leaves=31
num_cat=0
split_feature=10 10 10 14 13 10 3 3 7 13 10 8 19 3 7 4 4 6 17 10 13 8 10 7 7 10 9 14 4 19
split_gain=2319.14 339.208 299.209 75.3656 59.8376 59.7421 51.3906 49.7555 75.3918 70.5593 49.7745 46.5248 43.9255 42.9865 39.8935 39.8047 38.4742 38.8427 37.1601 34.3173 33.973 33.6361 33.408 41.5476 32.6435 30.9602 30.7503 29.6392 28.6422 31.9765
threshold=0.32622874728814083 0.23490237793918642 0.50392995159864518 0.51711410166843919 -0.071669951738904461 0.19862384611556419 -0.037277717560686867 -0.056335676827193197 -0.040606519039364512 0.15943005604095445 0.82188146017770403 -2.0199563560942573 1.0000000180025095e-35 0.006141010931398406 -0.14390803134275273 -0.0031419959223275558 0.0070578211606571193 -0.067223386468047805 1.0000000180025095e-35 0.38311318664583244 0.16637529789308117 -0.75920696166907498 0.41362424944139692 -0.13175797364833078 0.063117852553649226 0.293293335678043 0.2219672513157776 0.62680546842207419 0.0064183651018505658 1.0000000180025095e-35
decision_type=2 2 2 2 2 2 2 2 2 2 2 2 2 2 2 2 2 2 2 2 2 2 2 2 2 2 2 2 2 2
left_child=1 5 4 20 6 24 27 10 13 -10 21 -6 16 -9 -12 -14 17 18 -3 -13 -4 -5 -8 -24 -1 -19 -21 -2 -7 -30
right_child=2 12 3 7 11 28 22 8 9 -11 14 19 15 -15 -16 -17 -18 25 -20 26 -22 -23 23 -25 -26 -27 -28 -29 29 -31
leaf_value=-0.047244406332081629 -0.016979488522843193 -0.0022465241248775386 0.015357614916738625 0.02093632025972578 0.053289574758049588 -0.032025874492525468 0.0013675489536027368 0.051649594328210868 0.028912053887898206 0.057291378060078051 0.020321039699334364 0.0058101770786886109 -0.041932393653464961 0.11079194238828892 0.068443671900428674 -0.016406594581693825 0.0022173684279440204 -0.018778074852559168 0.058648868171205459 -0.041010057461234248 0.03179640423415761 -0.014150210550028554 0.096579296065403691 0.014500632700122758 -0.026923306626605033 -0.0065417671843499489 0.017975946458313904 0.0056334768760379801 -0.00038031495807900879 -0.051290865422549452
leaf_weight=4700.2624128684402 1712.5606324896216 399.52166733145714 4604.7235117256641 1499.7786529883742 286.84992028772831 4469.645903557539 3523.1034501567483 284.70902206003666 3363.6888113170862 1184.6396341770887 322.63704724609852 4522.9993728846312 901.45232730358839 216.23270456492901 369.6220200881362 1895.421519190073 1930.0387157574296 6237.1930175870657 133.75930744409561 89.618743881583214 1729.3023218810558 334.09221597015858 63.344652727246284 2335.0927122831345 950.33077400922775 3093.2621122300625 6391.2426934838295 876.18356696516275 595.7274362295866 155.59440968930721
leaf_count=33608 8146 2089 18001 5774 1092 29215 17190 1045 12294 3941 1168 21520 5179 746 1124 10797 10332 36224 646 481 6233 1322 249 10433 6556 16409 27212 4170 3613 1005
internal_value=-0.000550619 -0.0233298 0.016655 0.0278957 0.00875878 -0.0367011 0.00242691 0.0346265 0.0403588 0.0363036 0.0231686 0.0135314 -0.0133667 0.0771785 0.0460154 -0.0246337 -0.0106947 -0.0132212 0.0130275 0.012495 0.0198457 0.0145443 0.00756494 0.0166684 -0.0438268 -0.0147215 0.0171603 -0.00932593 -0.0289892 -0.0109236
internal_weight=59172.6 25462.2 33710.4 13909.4 19801 10871.6 8510.29 7575.4 5049.27 4548.33 2526.13 11290.7 14590.6 500.942 692.259 2796.87 11793.8 9863.74 533.281 11003.9 6334.03 1833.87 5921.54 2398.44 5650.59 9330.46 6480.86 2588.74 5220.97 751.322
internal_count=297814 155673 142141 51648 90493 73997 40188 27414 18026 16235 9388 50305 81676 1791 2292 15976 65700 55368 2735 49213 24234 7096 27872 10682 40164 52633 27693 12316 33833 4618
is_linear=0
shrinkage=0.1


Tree=26
num_leaves=31
num_cat=0
split_feature=9 9 9 3 19 4 4 14 15 15 5 4 17 3 4 18 6 13 4 16 12 12 8 4 4 17 18 5 4 5
split_gain=431.321 94.5189 52.8692 44.0869 38.7393 44.491 81.2017 32.4764 26.282 24.0825 22.0724 21.222 20.6413 28.3787 20.0432 19.5864 18.0003 17.4968 15.8423 15.6814 15.532 14.7918 13.6013 14.0386 13.0159 12.0315 16.8707 10.774 11.943 9.63192
threshold=0.41000475089972738 0.1816061340391196 0.52920646423581819 -0.09436093900926544 1.0000000180025095e-35 0.0098415210138411719 -0.00070516157573452521 0.6152554283982562 0.044951363662962117 0.94427659660778607 0.0023417826515159672 0.012162031496958161 1.0000000180025095e-35 0.012085606965315245 -0.008784385609614807 1.0000000180025095e-35 -0.12230376434189803 0.092432483307578889 -0.019884651450355003 1.0000000180025095e-35 0.02906251511704263 0.052306997064320092 1.6131751167135595 0.029382727285699465 0.015797673194783982 1.0000000180025095e-35 1.0000000180025095e-35 -0.052101739671968676 -0.0051408578694829279 -0.023943330685746552
decision_type=2 2 2 2 2 2 2 2 2 2 2 2 2 2 2 2 2 2 2 2 2 2 2 2 2 2 2 2 2 2
left_child=1 11 14 16 7 6 -6 15 -4 18 -7 12 13 17 -2 -5 -3 -1 -10 -15 -9 27 23 -23 -20 26 -18 -16 -29 -11
right_child=2 3 8 4 5 10 -8 20 9 29 -12 -13 -14 19 21 -17 25 -19 24 -21 -22 22 -24 -25 -26 -27 -28 28 -30 -31
leaf_value=0.016527649499279849 -0.016924461707853711 -0.033122683498094975 -0.031309893017789421 -0.0017584395353209645 0.0022493115942265659 -0.031876711807564184 0.026983141849623072 0.020774799983093624 -0.029354668584416217 -0.0065041190086976806 0.0034860036162064748 -0.019414594080270742 0.0064785281731949938 0.030666461011751807 -0.061964525264808605 0.0064025415468502676 -0.011928163028144381 -0.0018819570933379403 -0.0097578413681553202 0.013618531242086921 0.0065922546855324117 -0.00067756058537701098 -0.020121417916518222 -0.032078488117851231 -0.023940102808107391 0.0067654315261517625 0.005834062421061938 0.02999807867202043 -0.019338390178930565 -0.029979953402885885
leaf_weight=2514.7039255946875 1611.1696684062481 236.50494991242886 1280.0642508268356 11301.458270087838 2518.1895066946745 299.75534643232822 2806.8172446340322 852.8943198621273 548.89570471644402 200.44993741810322 429.27884861826897 166.83353824913502 1585.2070516124368 2179.810625128448 52.961266979575157 3975.2535545825958 2174.4862018227577 649.62662072479725 5042.0735245347023 717.05210460722446 8159.7860034257174 5281.203562900424 423.98153075575829 146.32188414037228 742.40217345952988 735.87051638960838 709.11430957913399 53.895535513758659 547.51332710683346 1364.2998568937182
leaf_count=13660 7654 1109 5929 57160 12783 1424 14058 4573 2505 969 2059 856 8753 11548 235 20234 10903 3671 24291 3864 41476 25736 1997 681 3453 3620 3557 279 2527 6250
internal_value=0.00047319 0.00594483 -0.0128182 0.0036777 0.00495762 0.0121146 0.0152865 0.00317377 -0.0180177 -0.0158634 -0.011054 0.0158683 0.0166381 0.0192952 -0.00693903 0.000365183 -0.00639418 0.0127482 -0.0131187 0.0264466 0.00793439 -0.00446615 -0.00287161 -0.00152411 -0.011578 -0.00464768 -0.0075602 -0.0187249 -0.0149171 -0.0269726
internal_weight=59307.9 42012.6 17295.2 34199.4 30343.4 6054.04 5325.01 24289.4 9178.19 7898.12 729.034 7813.23 7646.4 6061.19 8117.05 15276.7 3855.98 3164.33 6333.37 2896.86 9012.68 6505.88 5851.51 5427.53 5784.48 3619.47 2883.6 654.37 601.409 1564.75
internal_count=297814 215308 82506 172956 153767 30324 26841 123443 43397 37468 3483 42352 41496 32743 39109 77394 19189 17331 30249 15412 46049 31455 28414 26417 27744 18080 14460 3041 2806 7219
is_linear=0
shrinkage=0.1


Tree=27
num_leaves=31
num_cat=0
split_feature=11 11 11 10 10 10 10 11 10 3 13 10 7 11 9 12 11 13 10 11 9 10 7 16 11 14 9 12 10 5
split_gain=2425.94 459.656 351.728 120.648 88.0238 67.3003 52.4765 36.8547 31.774 28.7888 34.3025 25.4444 25.1428 24.0002 24.6198 23.9445 20.1766 20.0777 19.3493 17.968 15.245 15.0328 13.9623 13.2415 12.9228 12.7672 13.7572 12.2991 16.832 12.2888
threshold=0.019299484093833922 0.012906213685858821 0.028384891066073663 0.28000519017111808 0.16623373291781399 0.34012377237699581 0.6348994637974833 0.0085193032384201957 0.70819486140198606 0.046947868136443922 0.15943005604095445 0.35666476180273021 0.11354355480265389 0.02410091779322391 0.4292650287537631 0.24932359156668996 0.015495866669905854 -0.62952693969664753 0.20786540976430132 0.010650376687797001 0.32798277267069403 0.36372451298430203 -0.066813855725197865 1.0000000180025095e-35 0.015761317111828984 0.050318690667494913 0.36656739394572396 0.020115053419348803 0.14427930618163662 -0.010398709450825437
decision_type=2 2 2 2 2 2 2 2 2 2 2 2 2 2 2 2 2 2 2 2 2 2 2 2 2 2 2 2 2 2
left_child=1 4 5 9 7 -2 11 27 17 10 18 -4 24 14 -7 -8 -5 -6 -3 -19 -12 -16 -9 -24 -11 -18 -27 28 -1 -14
right_child=2 3 6 16 8 13 15 22 -10 12 20 -13 29 -15 21 -17 25 19 -20 -21 -22 -23 23 -25 -26 26 -28 -29 -30 -31
leaf_value=0.076565907679303352 -0.0039699989262555182 0.019945798198091863 -0.0034491081777530894 0.0097413662054153353 -0.0084332255908416993 -0.017853726619748565 -0.051829456302571603 0.0065356064147517531 0.14960250674737255 0.034487383463687946 0.023629097154778528 -0.032825853406168025 0.08351036621162361 -0.022572362523684743 0.019220201540592865 -0.035705361883798137 0.016805440773816245 0.038147481734074493 0.0072172339802862116 0.027161807630386659 0.062986238947742024 -0.0078614073258719778 0.04975854995808366 0.031105754611683124 0.019743964359195593 -0.0043011916758373602 0.0069248946977310518 0.063258822161063918 0.14805252929684881 0.0080637497959843794
leaf_weight=123.25474718213081 5098.1599579006433 1567.6639649122953 312.63854931294918 2304.7823477238417 137.95937776565552 4659.4954884499311 2622.3195140957832 92.896408006548882 22.044660985469818 1696.7601395100355 1653.7444094121456 5178.7378800883889 22.134592726826668 5467.705610960722 228.08342570066452 1419.5577662438154 380.34049066901207 2021.6566475629807 5014.2180391699076 5648.9526844322681 104.64685717225075 2022.6680774688721 1914.4769925177097 475.00939992070198 915.16941000521183 5383.7367616444826 1369.2564283162355 385.27825289964676 44.948738887906075 875.76229391992092
leaf_count=550 26286 7911 1684 11614 648 23371 12728 430 101 8612 8346 26392 120 27793 1221 7228 1975 9746 25209 27860 555 10446 9279 2280 4679 27223 7120 1844 211 4352
internal_value=2.62087e-05 0.0185848 -0.0220679 0.0100427 0.0353196 -0.0136395 -0.0375186 0.0497744 0.0297156 0.0167611 0.0135637 -0.0311534 0.0243591 -0.0176221 -0.0137052 -0.0461665 0.00160721 0.0293771 0.0102489 0.0300572 0.0259714 -0.00511705 0.0445718 0.0460505 0.0293216 -0.00102094 -0.00202496 0.0731083 0.0956692 0.00992363
internal_weight=59164.1 32154.7 27009.4 21288.2 10866.5 17476.1 9533.25 3035.86 7830.61 11850.1 8340.27 5491.38 3509.83 12378 6910.25 4041.88 9438.12 7808.57 6581.88 7670.61 1758.39 2250.75 2482.38 2389.49 2611.93 7133.33 6752.99 553.482 168.203 897.897
internal_count=297814 160665 137149 107716 52949 89117 48032 14594 38355 59784 42021 28076 17763 62831 35038 19956 47932 38254 33120 37606 8901 11667 11989 11559 13291 36318 34343 2605 761 4472
is_linear=0
shrinkage=0.1


Tree=28
num_leaves=31
num_cat=0
split_feature=11 11 11 11 4 4 10 13 3 3 17 10 0 11 17 14 0 0 12 4 3 11 14 10 10 4 13 14 9 2
split_gain=948.645 168.466 134.882 34.0166 33.0458 38.1915 31.6833 25.6331 23.2173 23.1852 21.8373 21.7281 22.7355 18.7203 18.1345 17.2377 39.4242 15.5147 15.3917 14.0584 14.9785 13.7087 13.5867 12.87 12.3083 11.9317 11.4555 11.3387 10.7624 12.9378
threshold=0.022479546772528065 0.031773450492023465 0.01678854371209601 0.039201535631186661 -0.0021356270820236385 0.016403344406549229 0.25434486347869406 0.10687861452767029 -0.090016289784879286 0.05564678036449245 1.0000000180025095e-35 0.34829132990128098 -0.029346672323190545 0.012554178236870434 1.0000000180025095e-35 0.49748085194730168 -0.013215709979405908 0.0048019776454941718 0.15323509824164419 -0.019884651450355003 -0.034077985081303989 0.021842103612124044 0.31810545984663513 0.34333329310224475 0.32622874728814083 0.0065394216070906461 0.5625706169653556 0.082269677243014247 0.71735124252824012 -0.13675641032861827
decision_type=2 2 2 2 2 2 2 2 2 2 2 2 2 2 2 2 2 2 2 2 2 2 2 2 2 2 2 2 2 2
left_child=2 24 4 23 9 6 7 -6 -7 15 -11 12 14 -8 21 16 -1 -10 26 -14 -21 -4 -5 -3 -2 27 -13 -20 29 -26
right_child=1 3 11 22 5 8 13 -9 17 10 -12 18 19 -15 -16 -17 -18 -19 25 20 -22 -23 -24 -25 28 -27 -28 -29 -30 -31
leaf_value=0.049255645835460646 -0.0020264949194205972 0.017686496415961081 0.037003390772084047 -0.027558750244986135 0.011041669841391454 0.12153201071318978 0.019770471899929754 0.022611607511431042 -0.016918528109693392 0.0021364766084379454 0.029985528740628594 -0.0053148142067068549 -0.027083487262701864 0.0016887994918077212 -0.014226071486326281 0.017616748471206166 0.02112509689400709 0.044460783044933429 0.05257760553352802 0.010634794744059388 0.0017201922901558407 -0.027963454868545585 -0.043320964141024237 -0.025392013352021122 -0.026648952682054666 -0.01140025324750152 0.042057313713018914 0.0093567826289544052 0.0010299589273243396 -0.012043170978395794
leaf_weight=684.21386547386646 1323.7824744582176 70.625109687447548 447.64105403423309 748.24653109908104 8044.5387019664049 34.58054681122303 660.72806702554226 2513.0641914457083 48.353141039609909 1176.5427911132574 370.14670495688915 5128.0312671214342 144.46419458091259 4291.7536483108997 101.42387571930885 3080.1237490624189 1832.563067227602 277.64434944093227 64.623008266091347 2677.6640599370003 6365.2490984350443 35.020674809813499 2031.9230070710182 3846.7261691614985 642.66010782122612 274.55502381920815 51.560014724731445 999.40663251280785 586.00661945343018 10770.49646358192
leaf_count=3494 6555 375 2216 3542 42884 191 3585 13684 226 6259 1866 24994 683 22034 473 15979 9423 1391 348 13205 31889 168 9411 18377 3028 1368 271 5089 2969 51837
internal_value=3.67063e-05 -0.0176813 0.00906186 -0.0306192 0.0139904 0.0114481 0.0107002 0.0137957 0.0436212 0.0196384 0.00880119 0.00209877 0.00508167 0.00410114 0.0242123 0.0226333 0.0287727 0.0353568 -0.00237292 0.00386544 0.00435986 0.0322896 -0.0390788 -0.0246154 -0.0111774 0.00718592 -0.00484325 0.0119818 -0.012187 -0.0128656
internal_weight=59324.4 20020.5 39303.9 6697.52 23014.3 15870.7 15510.1 10557.6 360.578 7143.59 1546.69 16289.6 9771.46 4952.48 584.086 5596.9 2516.78 325.997 6518.18 9187.38 9042.91 482.662 2780.17 3917.35 13322.9 1338.58 5179.59 1064.03 11999.2 11413.2
internal_count=297814 96094 201720 31705 121016 83995 82187 56568 1808 37021 8125 80704 48634 25619 2857 28896 12917 1617 32070 45777 45094 2384 12953 18752 64389 6805 25265 5437 57834 54865
is_linear=0
shrinkage=0.1


Tree=29
num_leaves=31
num_cat=0
split_feature=10 10 11 10 11 11 0 1 19 0 12 11 1 11 17 12 16 8 1 14 14 8 11 12 3 0 18 16 0 0
split_gain=2548.45 482.533 465.184 129.981 89.6172 80.9814 77.8253 68.0968 53.1016 50.5377 48.6769 46.4426 38.4694 37.1536 36.5922 36.3673 36.04 34.9329 30.5122 34.9541 30.4657 30.4175 28.5671 25.7218 24.9749 24.2364 36.7304 24.1364 23.9622 30.7901
threshold=0.3141938505536529 0.21658873563816428 0.023502289058633351 0.46082972635320052 0.016925299347104839 0.012411594979310743 -0.036437034209141565 -0.0173319558966285 1.0000000180025095e-35 0.045901483934723604 0.13925562335530997 0.02002116996038724 -0.015037895462080229 0.044158746284191218 1.0000000180025095e-35 0.04045267868002167 1.0000000180025095e-35 -0.38891403854851392 -0.079496180964937477 0.9226890668951705 0.66207609045931048 0.43759342978097127 0.012839755503580481 0.061313516941723899 -0.09436093900926544 -0.015759331503288451 1.0000000180025095e-35 1.0000000180025095e-35 -0.012217775749381319 0.036570959090822759
decision_type=2 2 2 2 2 2 2 2 2 2 2 2 2 2 2 2 2 2 2 2 2 2 2 2 2 2 2 2 2 2
left_child=1 5 7 28 12 15 18 8 20 13 23 -12 17 -8 -11 -1 22 -3 19 -5 -2 -10 -14 -9 -7 -6 -27 -25 -4 -30
right_child=2 4 3 6 25 24 9 10 21 14 11 -13 16 -15 -16 -17 -18 -19 -20 -21 -22 -23 -24 27 -26 26 -28 -29 29 -31
leaf_value=-0.061040073225284888 0.013837086437672355 -0.025169077450526451 0.02353681297359364 0.054830452118535336 0.0061367785823046991 0.00074440880330474857 0.023758992108141683 0.010351963004368867 0.025287315430593166 0.052128296211488338 -0.028434140070740202 0.0022965425649193127 -0.043284572258776556 0.04208007578583204 0.014694779412669903 -0.042054949996398992 -0.010943676727360385 -0.0013477107946086133 0.038394030934121727 0.11375710289745447 -0.0051122222592642815 0.071736250794702958 -0.0255119706772379 -0.0058296666562789382 -0.036147653122504529 -0.0051765797179945984 -0.025509915268792416 0.011641694484852421 0.0075396829593591883 0.032545242057923272
leaf_weight=2853.6889774426818 2431.870196506381 1054.4760736748576 2102.5755104869604 886.48344947397709 1250.5923453271389 193.81022956222296 9479.6064084917307 2351.6363241747022 814.15757037699223 1319.5934983491898 1192.9899886772037 836.6850294470787 1175.2622470930219 1253.2057466953993 325.56279101967812 1560.8627765253186 1297.8928702622652 1479.104531288147 1327.8476614654064 113.55933110415936 1303.0686674937606 170.5112611874938 3924.303290091455 3967.7677416726947 3449.5788373202085 4399.0614006817341 1113.216361656785 987.50973757356405 3987.2437506914139 561.80488021671772
leaf_count=21830 11487 6333 8629 2914 6308 1167 36089 11521 3835 4650 6755 3977 8077 4157 1128 11289 7767 8802 4482 347 6346 799 23628 19904 22207 23055 5929 4840 17205 2357
internal_value=1.33443e-05 -0.0253286 0.0170101 0.026308 -0.0151154 -0.0452202 0.0315547 0.00288254 0.0126723 0.0283999 -0.00206613 -0.0157662 -0.0216912 0.0258982 0.0447205 -0.0543275 -0.0258214 -0.0112622 0.0483295 0.0615218 0.00722593 0.0333307 -0.0296079 0.00173939 -0.0341852 -0.00643152 -0.00928294 -0.0023479 0.0147084 0.0106279
internal_weight=59165.5 23751.8 35413.7 21357.5 15693.9 8057.94 14705.9 14056.2 4719.61 12378 9336.59 2029.68 8931.04 10732.8 1645.16 4414.55 6397.46 2533.58 2327.89 1000.04 3734.94 984.669 5099.57 7306.91 3643.39 6762.87 5512.28 4955.28 6651.62 4549.05
internal_count=297814 146392 151422 81958 89899 56493 53767 69464 22467 46024 46997 10732 54607 40246 5778 33119 39472 15135 7743 3261 17833 4634 31705 36265 23374 35292 28984 24744 28191 19562
is_linear=0
shrinkage=0.1


Tree=30
num_leaves=31
num_cat=0
split_feature=11 11 11 10 10 11 3 4 11 13 4 15 12 3 16 17 18 17 4 2 13 8 4 17 4 1 7 8 12 10
split_gain=2353.96 384.222 333.118 77.4624 66.1441 55.0974 45.8529 42.5458 41.1714 41.1073 35.2323 30.4575 29.0901 27.2737 26.524 43.2583 26.052 40.344 35.3449 24.5246 23.6454 25.059 23.323 21.4364 31.7694 32.6259 21.2313 28.0854 20.5164 34.7431
threshold=0.018451038353061049 0.026868555313521357 0.013111929027842405 0.70819486140198606 0.23490237793918642 0.021842103612124044 -0.27498950731864341 -0.0050300698071659147 0.0099636009810396466 0.026280678282833352 0.0029007104957292644 0.10883440932429213 0.11959179426488639 -1.0000000180025095e-35 1.0000000180025095e-35 1.0000000180025095e-35 1.0000000180025095e-35 1.0000000180025095e-35 0.0011219390594543468 -0.12619763847079002 0.083794564093521734 1.4551563113759847 0.037616175390250646 1.0000000180025095e-35 0.0026666481667363411 0.012701335983695385 0.10432630777316888 0.85760910529904943 0.19237311733834137 0.56892307882464022
decision_type=2 2 2 2 2 2 2 2 2 2 2 2 2 2 2 2 2 2 2 2 2 2 2 2 2 2 2 2 2 2
left_child=2 5 8 9 20 26 -5 12 -1 13 14 -7 -8 19 15 -6 17 -11 -18 -3 21 -4 -9 -10 -25 -26 -2 -28 29 -13
right_child=1 3 4 6 10 11 7 22 23 16 -12 28 -14 -15 -16 -17 18 -19 -20 -21 -22 -23 -24 24 25 -27 27 -29 -30 -31
leaf_value=-0.056255527290989454 -0.001520401325201044 0.030585820347986428 -0.023217267416490606 0.0094263702036460895 -0.025271193454748916 0.024118637929812094 0.088977191864060376 0.030601187539115633 -0.041479868196208858 0.019367315677425802 -0.0053635163339140228 0.0093024784004053472 0.049110148411921524 0.023019353772373314 -0.0050836587233673725 -0.0061306100844001265 0.023542866357319628 0.040594269840062862 0.057696185849440786 0.004430371071893425 -0.038548916520220917 0.083349150694256233 0.063355426207828511 -0.036929342360908023 0.022941578834200227 -0.036314388265284492 0.024902525473826962 -0.00024684630534488626 -0.0048202171946324975 0.041587349300419865
leaf_weight=1632.5337617248297 7616.1402926295996 432.32331515848637 2621.5962975695729 500.0625321418047 4283.4867973253131 1582.717145383358 211.69830118119717 2354.9912369251251 4832.9547638073564 3298.9617398530245 4024.3767350614071 7552.5110199898481 1351.4491522759199 2974.4341986179352 1494.3377068638802 1630.0909698829055 572.69539102911949 1228.9129201024771 643.47627539932728 2099.1105419844389 1359.4580516070127 22.253302931785583 239.50431901216507 943.88736342638731 215.19191758334637 163.52723555266857 776.37812015414238 1037.3475723415613 950.88449351489544 348.71711893379688
leaf_count=13095 37919 1604 17129 1744 24951 6540 593 7602 34397 12459 22454 33621 4246 11269 8384 9030 2132 4463 2302 8174 9119 118 680 6607 1389 1130 3781 5049 4266 1355
internal_value=-0.000485159 0.0156095 -0.0252763 0.0271907 -0.0167691 0.00633521 0.0380358 0.0414768 -0.0421371 0.0227006 -0.0128954 0.0113417 0.0545094 0.0165264 -0.0169871 -0.019995 0.0286188 0.0251285 0.0416134 0.00889725 -0.0278313 -0.0223203 0.0336248 -0.0383928 -0.0271121 -0.00264457 0.000795146 0.0105185 0.00905725 0.0107274
internal_weight=58996 35772.3 23223.7 15907.6 15435.6 19864.7 4657.71 4157.64 7788.1 11249.9 11432.3 10434.8 1563.15 5505.87 7407.92 5913.58 5744.05 4527.87 1216.17 2531.43 4003.31 2643.85 2594.5 6155.56 1322.61 378.719 9429.87 1813.73 8852.11 7901.23
internal_count=297602 149799 147803 57268 91185 92531 14865 13121 56618 42403 64819 45782 4839 21047 42365 33981 21356 16922 4434 9778 26366 17247 8282 43523 9126 2519 46749 8830 39242 34976
is_linear=0
shrinkage=0.1


Tree=31
num_leaves=31
num_cat=0
split_feature=11 11 11 1 19 0 13 20 0 18 4 10 10 18 12 2 18 15 0 12 0 11 4 12 7 8 8 0 10 0
split_gain=554.104 89.4322 82.3254 50.103 47.757 40.0991 38.539 40.2707 37.3304 33.3716 31.5491 26.7983 23.5037 21.7065 21.5708 21.0616 19.8729 17.2963 19.1224 16.9098 14.6464 13.7264 20.0162 12.2617 11.929 15.9404 14.7072 11.8106 11.5606 10.4222
threshold=0.023619596384349142 0.033815274845010256 0.016100595718100113 0.016540848057619243 1.0000000180025095e-35 -0.016080993932115591 -0.42499557310063635 1.0000000180025095e-35 -0.013215709979405908 1.0000000180025095e-35 0.016403344406549229 0.37897510665929773 0.68424248850479819 1.0000000180025095e-35 0.033335024388720137 -0.010727934829931727 1.0000000180025095e-35 0.16504530538938331 -0.0068399596688137878 0.046271572673581736 -0.04703002965502278 0.019861499989908594 -0.0020574983489303196 0.054942620707469414 0.07347375729487883 0.11017083423760886 0.69374748882022841 -0.042851583126126684 0.53124523009444391 -0.040920870652533241
decision_type=2 2 2 2 2 2 2 2 2 2 2 2 2 2 2 2 2 2 2 2 2 2 2 2 2 2 2 2 2 2
left_child=2 11 3 6 9 29 16 15 -9 14 -11 -2 -3 21 -5 -8 19 -15 -19 -1 -13 22 -7 -22 25 -6 -26 -14 -25 -4
right_child=1 12 5 4 24 13 7 8 -10 10 -12 20 27 17 -16 -17 -18 18 -20 -21 23 -23 -24 28 26 -27 -28 -29 -30 -31
leaf_value=0.018062022205380487 -0.00049499203388955195 -0.018688423392166805 -0.01948848815686598 0.021980478155669853 0.041758383218135936 -0.0025336952728150196 0.011224588352507116 -0.0049922704660292465 0.025789565552313262 0.031235412220510829 -0.048107734510831196 -0.027653979522881896 -0.046012233605223773 0.045483650056112927 0.0047238953906176863 0.0023150656468860532 -0.037202076301631991 -0.0073097153844726235 0.013050746327059704 -0.015439286797612903 -0.023230373243119402 -0.0013705985439481667 0.0084054100779077708 -0.0073124837640783013 0.065623571531385136 0.014016224047530033 0.02633690774872709 -0.028938202819709876 -0.01481619565190889 -0.0049023180888229292
leaf_weight=234.69239583611488 2373.640378922224 2556.1835960224271 572.7239592820406 985.0397986471653 458.9358646273613 2410.4918852746487 4813.3688752353191 482.72445096075535 2143.0234074965119 1229.2433740794659 52.244952350854874 586.02363743633032 494.58577497303486 140.9165398478508 2737.2104881852865 5912.3675047978759 237.60562704503536 551.32788094878197 2824.33700530231 420.82197053730488 796.45692157745361 5746.147936090827 5465.0356058478355 5224.7494298219681 243.28398071229458 377.4732358455658 156.63982410728931 2240.0184734389186 3382.3478631526232 3385.9330566823483
leaf_count=1296 11497 12016 2850 5376 2424 12035 25756 2618 11398 6576 286 2825 2301 710 14452 31683 1201 2733 13883 2227 3729 27910 27196 25070 1219 1920 787 10448 16205 16975
internal_value=0.000141215 -0.0147022 0.00644317 0.0109587 0.0184309 0.00205866 0.00768542 0.00903071 0.0201306 0.0140824 0.0280007 -0.0100461 -0.0255822 0.00415397 0.0092906 0.00631338 -0.0124256 0.0111583 0.00972539 -0.00344489 -0.0123156 0.00234573 0.00505724 -0.0113597 0.0360305 0.0292383 0.050236 -0.0320262 -0.0102612 -0.00701259
internal_weight=59235.6 17654 41581.6 20484.7 6240.07 21096.9 14244.6 13351.5 2625.75 5003.74 1281.49 12363.2 5290.79 17138.3 3722.25 10725.7 893.12 3516.58 3375.66 655.514 9989.58 13621.7 7875.53 9403.55 1236.33 836.409 399.924 2734.6 8607.1 3958.66
internal_count=297602 84091 213511 109219 33040 104292 76179 71455 14016 26690 6862 59326 24765 84467 19828 57439 4724 17326 16616 3523 47829 67141 39231 45004 6350 4344 2006 12749 41275 19825
is_linear=0
shrinkage=0.1


Tree=32
num_leaves=31
num_cat=0
split_feature=11 11 11 11 11 11 11 7 12 4 5 4 1 4 1 14 4 11 14 17 12 4 7 4 5 4 12 16 5 14
split_gain=1915.32 327.254 299.969 87.3613 55.7372 42.747 39.5888 33.6388 31.5005 24.117 21.5847 21.41 19.024 18.0533 17.2253 17.6565 16.4883 15.7263 15.6431 15.3536 13.8607 12.4489 12.1697 11.4751 11.0901 11.0711 10.9035 10.6055 10.115 9.83344
threshold=0.019377015514242684 0.013574136029258697 0.028588716499675284 0.0099636009810396466 0.015693816686646055 0.035092706489029464 0.02410091779322391 0.17464608305549936 0.020115053419348803 0.011540200991565943 -0.0051248210763730753 -0.0094645418174226208 -0.015481462246375697 -0.014423084149291608 0.01228307890367897 0.64237749873710048 0.0064183651018505658 0.010931211876286132 0.82924367818585465 1.0000000180025095e-35 0.022918366934609951 0.0056271462692902849 0.10785419436609757 0.029382727285699465 0.004336394578389525 -0.014921374196176672 0.24932359156668996 1.0000000180025095e-35 -0.082162600532211014 0.63050058990100322
decision_type=2 2 2 2 2 2 2 2 2 2 2 2 2 2 2 2 2 2 2 2 2 2 2 2 2 2 2 2 2 2
left_child=1 3 6 7 11 29 12 8 10 13 -1 -3 -2 -6 15 21 20 -17 26 -11 -13 -5 27 25 -10 -14 -7 -16 -15 -4
right_child=2 4 5 14 9 18 -8 -9 24 19 -12 16 23 28 22 17 -18 -19 -20 -21 -22 -23 -24 -25 -26 -27 -28 -29 -30 -31
leaf_value=0.030348965349497155 -0.01448797308763816 -0.0050447578645504611 -0.025676186488139893 0.018526072023657143 -0.014007714184230413 -0.042776951705899784 -0.018915603690526001 0.16414752902497601 0.042984248884407904 -0.017932420728793971 0.076288759703257172 0.040685095340638813 -0.023250502796000209 0.075947707445325682 0.034037201904119886 0.040060195583572072 0.0052011154961431319 0.022654483291685189 -0.055016143685609524 0.016691591525664354 0.016948021939767605 0.001363383657404094 0.013035714094617118 -0.034345470383691533 0.028685341084352518 -0.0043632181834997756 -0.029342087244665221 0.019985613765829448 0.0053621250930345372 -0.035284039752197981
leaf_weight=137.98697625100613 3981.2338372766972 531.45098461210728 3309.1271519288421 3505.8682828843594 497.21600995957851 2509.958933852613 6288.4108142033219 22.923893451690674 1388.3689624965191 773.80093894898891 395.17626263201237 257.48767299950123 325.79312033951283 20.342024698853493 2665.2109160274267 676.56302589178085 1217.5434154123068 2230.1863760352135 814.40900233387947 153.4735918790102 5512.5952074825764 480.56059429049492 414.39142465591431 138.36217966675758 890.2042732834816 6547.2515880465508 795.55905032902956 672.70629133284092 10283.436974614859 1570.968337841332
leaf_count=622 20246 2609 17467 17004 2466 12954 32603 98 6469 3782 1768 1327 1658 111 13071 3269 6025 10793 4068 787 27610 2277 2007 661 4138 33889 4245 3211 52243 8124
internal_value=-0.000192648 0.015952 -0.0202974 0.0279008 0.00758348 -0.0351014 -0.0125874 0.0435015 0.0425179 0.00327472 0.0643992 0.0143043 -0.00896728 0.00460339 0.0237467 0.0207788 0.0157759 0.0267058 -0.0426021 -0.0122018 0.0180073 0.0164571 0.0291987 -0.0058325 0.0373979 -0.00525851 -0.0395435 0.0312053 0.00550148 -0.0287691
internal_weight=59008.6 32727.5 26281.1 13480.1 19247.3 9000.02 17281.1 2834.66 2811.74 11728.3 533.163 7519.08 10992.6 10801 10645.5 6893.18 6987.63 2906.75 4119.93 927.275 5770.08 3986.43 3752.31 7011.41 2278.57 6873.04 3305.52 3337.92 10303.8 4880.1
internal_count=297602 161687 135915 64727 96960 46858 89057 13095 12997 59389 2390 37571 56454 54820 51632 33343 34962 14062 21267 4569 28937 19281 18289 36208 10607 35547 17199 16282 52354 25591
is_linear=0
shrinkage=0.1


Tree=33
num_leaves=31
num_cat=0
split_feature=11 11 11 4 11 4 8 7 4 6 14 5 10 10 17 2 7 14 12 13 2 11 4 9 15 15 9 7 12 9
split_gain=773.446 131.536 127.462 28.5864 28.1452 26.4232 24.8085 33.6342 20.9426 18.0615 17.7087 19.4219 16.3437 15.7448 15.6803 23.0974 19.2495 14.7701 14.5146 13.6506 13.1279 14.8406 14.7901 12.9713 12.8763 12.423 11.7669 11.572 11.5506 11.677
threshold=0.022479546772528065 0.031773450492023465 0.01602899518312784 -0.0003646059305126847 0.041798065718542006 -0.0030537834459627429 -0.094675949064689208 0.0016967439776329753 0.012162031496958161 -0.0217454292649738 0.18663983304862056 -0.0041915918442021463 0.47391475795970972 0.35165614261253669 1.0000000180025095e-35 -0.0065002016893676009 0.10965064846518692 0.85277309260906364 0.13925562335530997 -0.56424919216932723 0.089318275245138259 0.013311785637962889 -0.0050300698071659147 0.14311086583694169 0.39912729062547331 0.48337267504050774 0.14074880764330661 0.039830982072350259 0.20140540198955345 0.5704695846095772
decision_type=2 2 2 2 2 2 2 2 2 2 2 2 2 2 2 2 2 2 2 2 2 2 2 2 2 2 2 2 2 2
left_child=2 12 5 13 17 10 9 8 -8 24 11 26 19 14 16 -16 -4 -3 -15 -2 21 -12 -22 -9 -7 27 -1 -5 -14 -30
right_child=1 4 3 25 -6 6 7 23 -10 -11 20 -13 28 18 15 -17 -18 -19 -20 -21 22 -23 -24 -25 -26 -27 -28 -29 29 -31
leaf_value=-0.0035381694394469505 0.04407413602053039 -0.020598362632493608 0.015680417851771471 -0.0011518460083984772 -0.037212901911850511 0.0069042684047349798 0.025906050115483772 0.0020301569662293062 0.074805672005672078 0.0036037667552041271 0.022471283730350455 0.020037793328412865 -0.017095807053774618 -0.0029834657827790437 -0.014993993619599542 0.013293635906086952 -0.0050944701848504087 -0.036872127888862696 0.012623698030745867 -0.0073938155795256425 0.022444693905056382 0.010597499348165628 0.12023471158342861 0.014339337962460738 0.021422310673171255 0.002018823065542102 0.054023202668213102 -0.012160101810558169 -0.013293200120613986 0.0062415272399189972
leaf_weight=39.184735491871834 51.867720633745193 3905.7842216640711 3679.3792231380939 2739.835117995739 1975.7101443484426 1193.0659171491861 1465.4193498939276 998.00625514239073 93.150324180722237 4367.1821387708187 2178.293904826045 549.75699126720428 3800.2593460977077 2187.7898343801498 543.88062511384487 615.08944538235664 507.52881650626659 650.61054933071136 818.92259012162685 7961.227980479598 37.893314257264137 2036.9357285499573 26.131916001439095 6020.8094890639186 1251.9722280651331 6349.3484391570091 379.12112775444984 1465.828940987587 850.25967685878277 478.03669327497482
leaf_count=197 275 19150 18392 13531 9484 6128 7662 5505 462 23152 11397 2833 18204 10621 2577 3023 2471 3106 4133 39112 198 10129 147 31823 6530 31660 1899 7246 4084 2471
internal_value=0.00055597 -0.0156467 0.00861694 0.00268563 -0.0272445 0.0140512 0.0119618 0.0155399 0.0288286 0.00745655 0.0201792 0.0323932 -0.00988196 0.00705662 0.0103127 1.88379e-05 0.0131621 -0.0229221 0.00126738 -0.00706067 0.0174161 0.0167335 0.0623577 0.0125891 0.0143382 -0.000773309 0.0486312 -0.00498863 -0.0142901 -0.0062629
internal_weight=59218.3 19673.8 39544.5 18907.6 6532.1 20636.9 15389.6 8577.39 1558.57 6812.22 5247.32 968.063 13141.7 8352.59 5345.88 1158.97 4186.91 4556.39 3006.71 8013.1 4279.25 4215.23 64.0252 7018.82 2445.04 10555 418.306 4205.66 5128.56 1328.3
internal_count=297602 95886 201716 93654 31740 108062 81262 45452 8124 35810 26800 4929 64146 41217 26463 5600 20863 22256 14754 39387 21871 21526 345 37328 12658 52437 2096 20777 24759 6555
is_linear=0
shrinkage=0.1


Tree=34
num_leaves=31
num_cat=0
split_feature=11 11 11 13 18 11 13 11 0 13 4 0 11 1 18 13 0 11 3 7 0 8 16 7 2 3 19 4 7 18
split_gain=2041.7 408.875 339.913 97.8379 80.0012 78.7148 77.6544 76.5169 65.1837 60.1102 66.5996 59.4325 46.4569 45.6197 44.0663 44.7902 43.9108 40.1793 37.4029 49.0477 34.9231 33.9961 30.8523 29.614 27.2667 33.0152 27.1581 41.368 27.753 24.9306
threshold=0.01728245086565804 0.025155626670288814 0.013244819933480421 -0.48742019221961302 1.0000000180025095e-35 0.010744510457786511 0.19002394304414955 0.036673773158874365 -0.0048388141426418665 -0.36043481640292557 -0.0092333024418544945 -0.016080993932115591 0.021255384440378677 0.0082855970875679325 1.0000000180025095e-35 -0.56424919216932723 -0.036437034209141565 0.014966931936318434 -0.25509772390075208 -0.042720175996497793 0.037833048685088418 2.545049439720132 1.0000000180025095e-35 -0.1939536711763554 -0.069404526304581479 -0.046233783698409685 1.0000000180025095e-35 -0.0165321369405067 0.15868804391577221 1.0000000180025095e-35
decision_type=2 2 2 2 2 2 2 2 2 2 2 2 2 2 2 2 2 2 2 2 2 2 2 2 2 2 2 2 2 2
left_child=2 11 3 4 -1 -5 7 16 -6 13 26 -2 -13 14 -4 -16 -3 -12 -9 -20 -18 23 -19 -8 -14 -26 28 -28 -11 -25
right_child=1 6 9 5 8 -7 21 18 -10 10 17 12 24 -15 15 -17 20 22 19 -21 -22 -23 -24 29 25 -27 27 -29 -30 -31
leaf_value=-0.026278813873497966 0.013654781349395129 0.041880132232773391 0.0094100263629990199 -0.059733890179615806 0.11167218340407553 -0.037803185684512845 0.032705584498657257 0.072058302612256056 -0.040181892126247232 -0.0060964148815082957 -0.0275829573484308 -0.0041533936637432045 -0.0090143227824586291 -0.018833841957347754 0.15217883647738384 0.035254921116224525 0.018665105335602478 -0.018333177944138475 0.016551265717038088 0.044405158569532942 0.037669031498443688 0.045655139632368336 -0.0001167567246711283 0.012259519323454891 0.024160364705434922 0.0055089016895754211 0.10946135215018329 0.013406960445614197 0.10509025030247564 -0.0066388900834681635
leaf_weight=265.99438537657261 4379.6251316070557 1128.3016951531172 460.45900287479162 2407.4465685337782 97.60051915794611 5111.6116343215108 565.39956599473953 335.55290806293488 39.792203076183796 653.38495837152004 4134.9379356652498 9139.9795890301466 942.9948121458292 390.233378700912 47.325403690338135 106.46839044988155 7992.4547424912453 4639.4295501187444 861.86551077663898 2372.3086176365614 1100.1004979908466 304.56510508060455 1162.7554467022419 3369.8293350338936 1191.9347554147243 4657.356715336442 59.098043128848076 185.7938217073679 23.248177170753479 880.41716352105141
leaf_count=1766 20088 3960 2562 19933 439 36534 1937 1040 259 3666 26072 47350 4256 2260 186 586 31234 26934 2860 7718 4042 1048 6432 12973 5338 21294 288 1057 117 3373
internal_value=-2.20007e-05 0.0131893 -0.0262119 -0.042251 0.0057273 -0.0448249 0.0237708 0.0276754 0.0676916 -0.0155007 -0.0176657 0.0033377 0.00050163 0.00790334 0.0248894 0.0712347 0.0232733 -0.0200506 0.0402796 0.0369825 0.0209644 0.0132542 -0.0146826 0.011205 0.00676562 0.00930959 0.00805158 0.0365871 -0.0022762 0.00834481
internal_weight=59008.3 39222.7 19785.6 7922.45 403.387 7519.06 18910.8 13790.6 137.393 11863.1 10858.6 20311.9 15932.3 1004.49 614.253 153.794 10220.9 9937.12 3569.73 3234.17 9092.56 5120.21 5802.18 4815.65 6792.29 5849.29 921.525 244.892 676.633 4250.25
internal_count=297602 168511 129091 58931 2464 56467 70185 50854 698 70160 64566 98326 78238 5594 3334 772 39236 59438 11618 10578 35276 19331 33366 18283 30888 26632 5128 1345 3783 16346
is_linear=0
shrinkage=0.1


Tree=35
num_leaves=31
num_cat=0
split_feature=11 11 11 11 11 11 14 17 2 4 9 10 14 3 11 5 14 14 14 14 9 19 4 17 12 4 14 14 0 20
split_gain=1947.69 340.178 324.594 67.9538 60.7628 48.8772 43.6278 43.4131 73.3937 73.1125 42.369 44.2374 40.774 37.0399 34.6595 29.0677 27.0998 26.1631 26.0159 25.7335 24.2264 23.8056 29.6663 22.9016 22.2243 21.8037 21.5407 20.8939 20.8177 20.8149
threshold=0.018451038353061049 0.027608775200853048 0.012977434251688994 0.035594990943216442 0.01588942332851534 0.02035415241670888 0.81781510546601022 1.0000000180025095e-35 -0.020871360214680831 -0.020865001061538987 0.15922200807518633 0.21407142441951973 0.86044949788214764 -0.00099167209205264207 0.010744510457786511 -0.019200633721198731 0.058369681174294093 0.92643636606539204 0.29459183166864505 0.99000672721233218 0.37709730157435911 1.0000000180025095e-35 -0.020865001061538987 1.0000000180025095e-35 0.142962809458657 0.0060530747562119744 0.10265012896168961 0.1224352644407657 -0.014288578928166372 1.0000000180025095e-35
decision_type=2 2 2 2 2 2 2 2 2 2 2 2 2 2 2 2 2 2 2 2 2 2 2 2 2 2 2 2 2 2
left_child=2 5 14 26 10 20 21 13 9 -9 15 -12 23 18 -1 -4 -6 -10 -7 -18 27 22 -5 -8 -15 -13 -3 -2 -23 -28
right_child=1 3 4 6 16 7 12 8 17 -11 11 25 -14 24 -16 -17 19 -19 -20 -21 -22 28 -24 -25 -26 -27 29 -29 -30 -31
leaf_value=-0.04954948246036002 -0.015566465114385176 0.0044608415659521984 -0.041677250635404374 0.057408844942265697 -0.030276570969072516 -0.0095447016826191861 0.068424545173226589 0.1166429144414643 0.0048335800927260635 0.031113088817539998 -0.037584648360451917 -0.021603606137434547 0.041337820696434144 0.014328597726652782 -0.035050679132224635 0.015622963778049354 -0.0069875317013586326 0.051074161918042642 0.0052128668363235556 0.064139972795655101 -0.013606890586254059 -0.0020748577078660213 0.030025403539341206 0.13711863063914415 -0.00072127204554807802 -0.006087720519451183 0.024526303818291705 0.0048721901259977359 0.027583682635036591 0.011564837591534524
leaf_weight=2577.2535536065698 579.20141161978245 763.82276134192944 108.33187801390886 446.97928862273693 513.03255587816238 1729.1739512979984 207.15327839553356 109.43606725335121 1897.7360375374556 1152.2680981606245 1563.2268754839897 4780.1016056984663 1140.9259856045246 5537.9142458438873 4576.5495800375938 484.3755602017045 6969.455539084971 130.7943724244833 3863.7388192713261 51.239603728055954 1281.1050067394972 392.90741838514805 3443.6682581752539 63.380629226565361 1192.4993011504412 1117.3969293162227 6455.2504658550024 3665.4643996655941 595.14508205652237 1533.2752800434828
leaf_count=21060 3121 2967 723 1344 3073 7945 610 378 8427 4962 10988 29992 3275 24572 33047 3093 38736 521 17190 254 6379 1315 11348 168 5271 6685 23847 18585 1978 5825
internal_value=0.000294077 0.0147078 -0.0226388 0.0262024 -0.0145451 0.00652843 0.0341307 0.009389 0.0195939 0.0385317 -0.0205839 -0.0226283 0.0496142 0.00666436 -0.0402741 0.00514994 -0.00808971 0.00781505 0.000650235 -0.00646842 -0.00155438 0.0296512 0.0331714 0.0845182 0.0116621 -0.0186638 0.0205045 0.00208325 0.0157897 0.0220385
internal_weight=58922.8 36181.8 22741 15042.5 15587.2 21139.3 6290.16 15613.6 3290.23 1261.7 8053.43 7460.73 1411.46 12323.3 7153.8 592.707 7533.73 2028.53 5592.91 7020.7 5525.77 4878.7 3890.65 270.534 6730.41 5897.5 8752.35 4244.67 988.053 7988.53
internal_count=297679 150028 147651 52677 93544 97351 20038 69266 14288 5340 51481 47665 4053 54978 54107 3816 42063 8948 25135 38990 28085 15985 12692 778 29843 36677 32639 21706 3293 29672
is_linear=0
shrinkage=0.1


Tree=36
num_leaves=31
num_cat=0
split_feature=11 10 11 17 1 16 11 0 18 13 15 15 0 2 3 3 16 9 19 0 3 11 9 12 2 3 13 10 4 0
split_gain=465.761 76.9145 62.153 48.6075 45.2004 35.902 31.9222 27.649 26.2381 22.8487 24.9863 19.8565 24.5549 16.8862 26.5208 16.7361 16.5999 15.9121 15.7879 14.6905 14.6764 14.182 14.6109 15.3068 13.2716 11.9744 11.1568 11.0275 15.518 10.8131
threshold=0.023619596384349142 0.52635767524333577 0.015158644645076663 1.0000000180025095e-35 0.0024675007545702514 1.0000000180025095e-35 0.044158746284191218 -0.015451110139237832 1.0000000180025095e-35 -0.43534387073699493 0.24454151230890331 0.16504530538938331 -0.0060889820768146299 -0.0076635511834508554 -0.064567977409343932 0.014716359648824897 1.0000000180025095e-35 0.1816061340391196 1.0000000180025095e-35 -0.03785824764127365 0.025909787894752515 0.028588716499675284 0.70249997788288554 0.24169830821690266 -0.021600785225068361 -0.087954333892816358 0.33453953506266432 0.19579269023500062 0.0015852449219795341 0.020829857800601651
decision_type=2 2 2 2 2 2 2 2 2 2 2 2 2 2 2 2 2 2 2 2 2 2 2 2 2 2 2 2 2 2
left_child=2 17 3 4 9 15 21 25 13 16 -11 -10 -13 14 -9 -6 -1 -2 -15 -19 -7 -3 -23 -24 -5 -4 -21 -26 -29 -28
right_child=1 6 7 24 5 20 -8 8 11 10 -12 12 -14 18 -16 -17 -18 19 -20 26 -22 22 23 -25 27 -27 29 28 -30 -31
leaf_value=-0.02676825005578104 0.070633427331684415 -0.0096911311092131702 -0.014111715818273435 0.011805619855352542 0.015662767690321249 -0.0035950036112244212 -0.034325946219518809 -0.0017122685613502173 0.046213454456889798 0.019749100315034358 0.0053107372423681709 -0.0072239466701890234 0.013649635896942217 -0.0024313868128274831 0.012152759712966168 0.02735545347125409 0.022414156165569486 -0.020903635036418417 0.0066834284183773449 -0.0077845451459312405 0.014970272794930415 -0.024961676061948577 -0.019519907966800948 -0.00095864023290661855 0.0049281207651613555 -0.0016776822284471388 0.0089554054801358734 -0.015528560109793888 0.0037825970351634017 -0.012924658565620443
leaf_weight=309.29679927974939 26.098694995045662 1640.7014318555593 987.89424857497215 758.86018747091293 1957.9603999108076 800.51492728292942 1409.5452021434903 2271.9292985498905 157.62287965416908 1586.8309039324522 4898.7203636392951 682.44105027616024 3235.3134653121233 7390.4454169273376 3512.3852344602346 3266.1335399970412 88.193319655954838 757.67636233568192 2558.1099281907082 7411.0657322257757 909.69485561549664 2942.6675584390759 1528.1793882474303 626.40873507410288 1064.3236350640655 3585.8774637132883 815.12211415171623 1064.9690047949553 682.98635758459568 312.44381773471832
leaf_count=1655 135 8019 5101 4067 10380 4297 6771 11362 785 8526 26240 3373 15857 36463 17347 16877 487 3725 12395 35644 4812 13876 7389 3194 6001 17985 3988 5829 3617 1482
internal_value=0.000167852 -0.0135429 0.00590218 0.0104699 0.0131578 0.0188561 -0.0206405 0.00264463 0.00426278 0.00741703 0.0088434 0.0114137 0.0100136 0.00241043 0.00670693 0.0229731 -0.0158559 -0.00733984 -8.76597e-05 -0.00755875 0.00628024 -0.0177776 -0.0203804 -0.0141235 6.99937e-05 -0.00436332 -0.00637459 -0.00309673 -0.00798303 0.00289253
internal_weight=59240.4 17469.9 41770.5 17388.5 13817.3 6934.3 8147.5 24382 19808.2 6883.04 6485.55 4075.38 3917.75 15732.9 5784.31 5224.09 397.49 9322.41 9948.56 9296.31 1710.21 6737.96 5097.26 2154.59 3571.14 4573.77 8538.63 2812.28 1747.96 1127.57
internal_count=297679 84223 213456 92788 73274 36366 39249 120668 97582 36908 34766 20015 19230 77567 28709 27257 2142 44974 48858 44839 9109 32478 24459 10583 19514 23086 41114 15447 9446 5470
is_linear=0
shrinkage=0.1


Tree=37
num_leaves=31
num_cat=0
split_feature=11 11 11 10 10 11 10 1 4 13 5 3 4 8 1 12 9 10 1 11 13 4 7 14 16 13 8 11 9 10
split_gain=1561.1 339.419 221.911 82.0704 76.7403 60.7971 39.5864 31.6825 28.4742 28.0068 27.4871 27.1504 23.6382 23.0768 22.7451 21.5421 34.879 33.3426 21.4959 21.152 20.2156 19.1175 18.294 18.26 17.4607 15.8035 14.9193 14.4743 14.3499 17.6523
threshold=0.018228883702726399 0.028588716499675284 0.012623850729863972 0.34012377237699581 0.265148439602025 0.009184399634467039 0.49175856942967727 -0.0080679676579651343 -0.014921374196176672 0.31895333161809258 0.0040319713426202339 0.057736102958403819 0.0064183651018505658 0.16332911800128866 0.026430660244964214 0.14112661078648639 0.51922927177525746 0.45207229944034122 0.011482254248174508 0.031773450492023465 0.05652494924927997 -0.019884651450355003 0.091226237563349147 0.030211483766863039 1.0000000180025095e-35 -0.03501576624581771 0.46579528373577278 0.015693816686646055 0.42370036116769788 0.27745151810434127
decision_type=2 2 2 2 2 2 2 2 2 2 2 2 2 2 2 2 2 2 2 2 2 2 2 2 2 2 2 2 2 2
left_child=2 3 5 23 11 7 -3 25 -5 14 22 12 24 -13 21 17 -17 -10 -14 -8 -7 -6 -9 -2 -4 26 -1 -16 29 -25
right_child=1 6 4 8 9 20 19 10 15 -11 -12 13 18 -15 27 16 -18 -19 -20 -21 -22 -23 -24 28 -26 -27 -28 -29 -30 -31
leaf_value=0.017842330034362329 0.023648980366895507 -0.021305502684240071 0.017528527906601348 -0.028978345711706134 -0.041499562190848063 0.021580903545836458 -0.026602494845762482 0.0674425630003129 -0.011584227206205623 0.027059382933868129 0.04037062682314993 0.059539349113329476 -0.010135114006918786 0.022056852710152668 0.020009072330356321 -0.011655327490732259 0.013301741355232002 -0.025287746990306094 0.018500040369179016 -0.040035116195610385 0.032384318604758551 -0.00070408242121700406 0.1470471898157667 0.0045870498762171988 0.0045424972754683039 0.04707746569241384 -0.057022811505234597 0.003928516309955654 0.023091625701104238 -0.0064167801003389971
leaf_weight=270.61682014167309 291.47811974585056 2148.8104666620493 5341.2638206034899 1182.5519106537104 117.05515983700752 6307.1181662380695 1524.3597289696336 482.91007022559643 6959.4562782272696 458.3171322196722 575.00745828449726 177.03971326351166 772.08287854492664 2274.5423856377602 900.93827638030052 2187.1650257483125 752.70244665443897 2383.7147016599774 396.9261724203825 5075.4619068056345 2387.8089214265347 6153.5850977003574 30.704608261585236 2184.3061430305243 1284.378081202507 194.39488336443901 29.522749409079552 1478.0744304656982 222.02800314128399 4383.4518550038338
leaf_count=1221 1576 11643 26542 6036 544 29805 8252 2171 36055 2345 2590 891 3716 11172 4495 11536 4213 12162 1962 26967 11262 30622 137 11317 6190 878 125 7501 1185 22568
internal_value=-0.000229068 -0.0165986 0.0159544 -0.00957494 0.00964813 0.0278296 -0.0330943 0.0458538 -0.0141581 0.00296938 0.0553885 0.0155849 0.012698 0.0247636 0.00169292 -0.0127313 -0.0052655 -0.0150804 -0.000412313 -0.0369326 0.0245477 -0.00146562 0.0722014 -0.00085973 0.0150112 0.024865 0.0104783 0.0100183 -0.00191186 -0.00275712
internal_weight=58927.8 29295.5 29632.3 20546.9 19354.2 10278.1 8748.63 1583.16 13465.6 9107.97 1088.62 10246.2 7794.65 2451.58 8649.65 12283 2939.87 9343.17 1169.01 6599.82 8694.93 6270.64 513.615 7081.26 6625.64 494.534 300.14 2379.01 6789.79 6567.76
internal_count=297679 153510 144169 106648 95980 48189 46862 7122 70002 45507 4898 50473 38410 12063 43162 63966 15749 48217 5678 35219 41067 31166 2308 36646 32732 2224 1346 11996 35070 33885
is_linear=0
shrinkage=0.1


Tree=38
num_leaves=31
num_cat=0
split_feature=11 11 11 1 11 10 8 3 13 4 3 8 3 8 4 3 8 3 2 17 16 14 12 12 5 11 3 11 0 3
split_gain=602.769 132.398 89.3426 30.5301 28.276 26.0106 21.6165 20.7984 23.7082 25.6635 17.9939 16.1827 15.2222 25.772 15.0667 19.9213 38.6887 14.8863 14.5103 14.1714 13.9459 13.7295 13.8855 12.9804 12.5691 12.7431 11.5908 11.3487 11.2076 12.79
threshold=0.021937250533271672 0.036139783476021044 0.014298081066476948 -0.0048448243272063421 0.02779561162461569 0.23745501844471259 -0.38007259627289669 0.082207486701981539 0.072642977702715564 0.023119357364150165 -0.073648969536679751 -0.37143497532488562 -0.076973397216929515 -0.6794640202065777 -0.00070516157573452521 -0.086052807243310422 -0.56237605397160961 -0.037277717560686867 0.025181938757253833 1.0000000180025095e-35 1.0000000180025095e-35 0.81403153325730992 0.41716578664059728 0.019299566535988261 -0.0032978082151763895 0.015561853788378628 0.21024082104393396 0.040812358544193246 0.018116549932270635 0.029408619842174136
decision_type=2 2 2 2 2 2 2 2 2 2 2 2 2 2 2 2 2 2 2 2 2 2 2 2 2 2 2 2 2 2
left_child=2 4 3 6 26 10 12 8 9 -5 24 -10 13 -1 15 16 -7 23 -17 -9 -14 27 -23 -8 25 -4 -2 -3 -16 -30
right_child=1 21 5 7 -6 14 17 19 11 -11 -12 -13 20 -15 28 18 -18 -19 -20 -21 -22 22 -24 -25 -26 -27 -28 -29 29 -31
leaf_value=0.014604762517258603 -0.005807254313224485 -0.020711787789624389 0.047337489239719518 0.008429571829055918 -0.014960756990006582 0.0099927450593553686 0.11419719820255125 -0.0067691785316911076 0.0025812757242470951 0.11986656247421215 0.0085708262074965721 0.026597948403442546 0.001713199624344415 0.068044469015011905 -0.0019077188177622111 -0.00039864890368559872 0.059851036541419267 0.021489575106871658 0.0088534245416977894 0.017862824611112989 0.02529698132089744 -0.045200673114061896 0.014760712909060737 0.036935402793114538 0.070397651923188795 0.01096062722357327 -0.021296914504308175 -0.033074813674861064 0.012739899280658318 -0.00079629505823762081
leaf_weight=441.20488139986992 9655.770771920681 1361.4925912618637 143.06947204470634 5737.4744736254215 6671.8734253942966 1254.8626628816128 22.899613529443741 1074.4293270260096 347.52935792505741 20.740714967250824 3327.7807053178549 1455.9344212412834 1286.9047756642103 113.44911891222 8672.7811060547829 4299.9732603281736 177.67186696827412 3213.9568647071719 2798.200116917491 298.44648672640324 311.41143628954887 763.75796673446894 40.67746502161026 431.25807136297226 63.693932592868805 294.57853879034519 508.53309738636017 1633.1541449129581 1279.2364004552364 1536.3977885395288
leaf_count=2204 47936 6804 725 30299 32684 6037 119 5819 1867 101 16779 7809 6743 570 43252 20929 900 16596 13856 1565 1615 3720 214 2157 326 1410 2480 8097 6392 7674
internal_value=8.94365e-05 -0.0137075 0.00746441 0.0135803 -0.00990248 0.00368029 0.0192157 0.00990879 0.0119646 0.00883096 0.0112316 0.0219699 0.0112615 0.0255353 0.00223594 0.00541958 0.0161765 0.0238843 0.00324865 -0.00141448 0.0063082 -0.0305698 -0.0421686 0.0408311 0.0288929 0.0228524 -0.00658222 -0.0274541 -0.000128069 0.00535365
internal_weight=59239.1 20635.3 38603.9 14755.6 16836.2 23848.2 5821.08 8934.55 7561.68 5758.22 3829.12 1803.46 2152.97 554.654 20019.1 8530.71 1432.53 3668.11 7098.17 1372.88 1598.32 3799.08 804.435 454.158 501.342 437.648 10164.3 2994.65 11488.4 2815.63
internal_count=297679 101935 195744 77464 83100 118280 30004 47460 40076 30400 19240 9676 11132 2774 99040 41722 6937 18872 34785 7384 8358 18835 3934 2276 2461 2135 50416 14901 57318 14066
is_linear=0
shrinkage=0.1


Tree=39
num_leaves=31
num_cat=0
split_feature=10 11 11 11 10 13 18 10 17 3 10 13 10 4 5 0 9 13 13 13 12 0 12 3 9 10 2 0 18 4
split_gain=1743.47 346.535 217.017 81.9501 77.7854 64.8989 65.2249 53.381 51.1623 56.4556 50.9676 44.0654 43.9275 43.5022 40.5937 37.7031 36.1594 36.133 34.2288 32.3022 32.1635 25.9713 24.1374 23.8561 25.762 31.0924 23.5965 23.1464 29.0137 22.9473
threshold=0.28000519017111808 0.025155626670288814 0.012554178236870434 0.01436667909544872 0.42541056714538955 -0.47363273695030123 1.0000000180025095e-35 0.36372451298430203 1.0000000180025095e-35 -0.34376032254024963 0.23745501844471259 0.23499997186463065 0.17023904157665407 0.037616175390250646 0.013023587489347956 0.045901483934723604 0.39997517812454603 -0.56424919216932723 -0.41533958687105726 -0.59364849126740382 0.071774518976856369 -0.015759331503288451 0.067859584103229523 -0.12606324886165041 0.43510609128760985 0.38103526946601557 -0.029428707259425476 -0.0016032084274071321 1.0000000180025095e-35 -0.011973399062860322
decision_type=2 2 2 2 2 2 2 2 2 2 2 2 2 2 2 2 2 2 2 2 2 2 2 2 2 2 2 2 2 2
left_child=2 3 5 17 23 6 -1 18 9 -6 20 14 -7 26 -9 -11 -13 27 -5 -12 -4 -20 -19 -3 25 -25 -10 28 -2 -22
right_child=1 4 10 7 8 12 -8 11 13 15 19 16 -14 -15 -16 -17 -18 22 21 -21 29 -23 -24 24 -26 -27 -28 -29 -30 -31
leaf_value=-0.033878959477880416 0.0088111700121439093 0.026356234782929411 -0.029026426759860943 0.026829348184802981 0.070880065309340629 -0.05867539994766089 0.061957143883549982 0.016685825092504197 0.0032872699421332267 0.023522457716964634 0.067132533039277589 0.022005601389199048 -0.039282298921449535 -0.070815174670519801 0.0031633230884717555 0.041021238989158992 -0.019267425920691951 -0.0046424134593746154 0.0077404304050638379 -0.013583736495387914 0.064156878308206308 -0.0047674363844412036 -0.034233681740542164 0.00052966864155788089 -0.009138088828212312 0.029047479032212921 0.021022844014148487 -0.018280905582869884 0.16326549741726351 -0.011453402219967931
leaf_weight=191.31735396385193 23.980980135500431 517.25568251311779 4949.6886974573135 423.04838433861732 280.22672443091869 1761.2813578471541 112.93750304728746 5604.6535968333483 1245.898533821106 10957.749899029732 49.98512701690197 279.56884481012821 3467.4266463369131 61.714740499854088 3675.9763768166304 1387.1637147963047 881.80151268839836 395.89081516861916 2088.7433549761772 6124.1927360147238 42.369074806571007 8088.8949379175901 907.60646861046553 1068.730597704649 1073.5420669466257 595.25504422187805 1885.3475437611341 36.410173811018467 24.676678352057934 762.68082822859287
leaf_count=1339 135 2024 32144 2050 838 15144 553 25532 4472 38911 234 1272 26920 187 17445 4696 4092 2510 10096 35762 228 41657 6029 4563 4561 2409 6824 222 89 4741
internal_value=-0.000323426 0.01083 -0.0268333 0.0024042 0.0207393 -0.0432023 0.0016948 0.00395687 0.0236362 0.0264962 -0.0192409 0.00903166 -0.0458148 0.0123273 0.0113297 0.0254887 -0.00933205 -0.0211254 -0.00104195 -0.0129303 -0.0260114 -0.00220046 -0.0252464 0.00666082 0.00293937 0.0107313 0.013966 0.0420199 0.0871425 -0.0074741
internal_weight=58966 41504.1 17461.9 22431.3 19072.9 5532.96 304.255 21042.7 15818.1 12625.1 11928.9 10442 5228.71 3192.96 9280.63 12344.9 1161.37 1388.57 10600.7 6174.18 5754.74 10177.6 1303.5 3254.78 2737.53 1663.99 3131.25 85.0678 48.6577 805.05
internal_count=297679 180614 117065 111129 69485 43956 1892 102144 55928 44445 73109 48341 42064 11483 42977 43607 5364 8985 53803 35996 37113 51753 8539 13557 11533 6972 11296 446 224 4969
is_linear=0
shrinkage=0.1


Tree=40
num_leaves=31
num_cat=0
split_feature=11 11 11 11 10 11 12 10 4 11 2 9 10 12 10 9 10 3 14 17 0 3 8 14 19 3 14 13 6 7
split_gain=1536.39 268.083 231.533 60.5669 53.7722 44.7888 32.482 37.5038 32.3068 32.2559 31.2732 28.1481 33.4332 33.2078 28.2928 27.0007 26.9044 25.7915 25.768 24.9553 36.23 34.7397 24.3876 24.3385 22.6898 28.6271 22.5365 22.2154 22.2037 21.7703
threshold=0.019068322798504799 0.012977434251688994 0.027990166992178853 0.016236598037469255 0.70819486140198606 0.023027131359394361 0.3139714697570683 0.94373126875426505 0.0059440447450600517 0.011646662650234403 0.11599733462954466 0.41259485550045116 0.32468517679017778 0.1374282485596964 0.79971951300097965 0.16805572943611655 0.3999865101404193 -0.078700473935200618 0.66207609045931048 1.0000000180025095e-35 -0.017802016296135866 0.0035674437043193845 -0.83430733249948441 0.074471662187892473 1.0000000180025095e-35 0.037429330725624162 0.16247064603513015 -0.14234303978855109 -0.024161919069116463 0.22421986943116115
decision_type=2 2 2 2 2 2 2 2 2 2 2 2 2 2 2 2 2 2 2 2 2 2 2 2 2 2 2 2 2 2
left_child=1 9 5 8 27 11 7 18 15 -1 19 12 -2 16 -14 28 -13 -8 -6 21 -21 -7 -17 -5 -10 -26 -19 -4 -3 -9
right_child=2 3 4 23 6 10 17 29 24 -11 -12 13 14 -15 -16 22 -18 26 -20 20 -22 -23 -24 -25 25 -27 -28 -29 -30 -31
leaf_value=-0.042092360642180984 -0.0029445608360774522 -0.034988139166388925 0.010318226959894468 -0.024892099197482233 0.022869455506141889 0.003536503714773786 0.002579407671506051 0.072725846223406304 -1.3773407692123007e-05 -0.028263593876863016 -0.0054923304865675798 -0.013505738164958462 0.011004625612664095 -0.032167603072533808 -0.05284133219361889 -0.0052253668770335339 0.0099024239411313088 -0.033912256353205654 0.042041749039153635 0.047973395552156822 0.015507751567047486 0.018016696358093297 -0.025544261818893368 -0.0050784848661729253 -0.055939450108362369 0.0022376877762147434 0.035790943731827556 0.021392234203174793 0.0066836726162407614 0.032811390252297443
leaf_weight=3960.9150371775031 3366.4706418812275 166.72230239957571 2387.0214246958494 675.12053208053112 1485.1483801454306 3458.6174398511648 581.77848415076733 404.79075334966183 1312.8442122489214 2937.721707701683 986.60713414847851 999.214798361063 4711.6524641811848 448.2295758575201 70.445744082331657 656.90169713646173 965.39991670846939 49.860939770936966 1327.7499850839376 459.2605817168951 1366.447164401412 3180.3539876639843 5861.5337692052126 7588.2847750112414 182.61498158425093 157.55461270362139 665.44990898668766 7513.7180350571871 548.55979277193546 206.28539811074734
leaf_count=32811 17292 1140 8854 4003 4703 14838 2050 1061 7952 21180 4180 4830 21507 2225 335 4070 4216 187 3773 1684 5756 13341 38376 41512 1160 995 2123 26942 3548 527
internal_value=-0.000138463 -0.0195563 0.0133445 -0.01286 0.0229099 0.00635576 0.0316919 0.0367972 -0.0185905 -0.0362035 0.0113566 0.00188052 0.00468975 -0.00760671 0.0100641 -0.0214728 -0.00200311 0.0182153 0.0319192 0.0133205 0.0236746 0.0104731 -0.0234966 -0.00669726 -0.00597751 -0.0289938 0.0309323 0.0187223 -0.00302945 0.0592516
internal_weight=58683.3 24048.8 34634.5 17150.1 14621.8 20012.7 4721.06 3423.97 8886.73 6898.64 9451.29 10561.4 8148.57 2412.84 4782.1 7233.72 1964.61 1297.09 2812.9 8464.68 1825.71 6638.97 6518.44 8263.41 1653.01 340.17 715.311 9900.74 715.282 611.076
internal_count=297171 156747 140424 102756 50220 90204 14424 10064 57241 53991 39799 50405 39134 11271 21842 47134 9046 4360 8476 35619 7440 28179 42446 45515 10107 2155 2310 35796 4688 1588
is_linear=0
shrinkage=0.1


Tree=41
num_leaves=31
num_cat=0
split_feature=11 11 0 16 17 15 0 2 0 10 14 11 10 11 0 3 1 1 18 3 2 12 14 12 15 6 15 15 13 4
split_gain=343.316 86.8844 40.1361 46.4647 47.3573 53.7201 40.6605 38.806 32.7541 26.2959 23.3444 22.1381 19.3904 17.5088 16.857 18.3848 16.3211 14.5982 19.1549 21.2915 19.2321 13.5941 13.2577 12.0967 12.0204 12.6367 11.8181 11.4425 10.5554 10.3164
threshold=0.02144853421169984 0.033815274845010256 -0.013215709979405908 1.0000000180025095e-35 1.0000000180025095e-35 0.24076559784621201 -0.0022720320484119756 -0.018227862393008328 -0.040920870652533241 0.40888583904467202 0.47815859228604479 0.016576172528162608 0.68424248850479819 0.014497873085446788 0.021686109013806746 0.099525063034735087 0.022947063032100704 -0.027269309059113175 1.0000000180025095e-35 -0.096563296635295157 -0.025062648578927146 0.14493513249396356 0.59939561232590044 0.068329580284499911 0.21282311897990186 -0.054373909744710118 0.85565624422498787 0.14491782912238535 -0.094474740703254692 -0.0054817607151373951
decision_type=2 2 2 2 2 2 2 2 2 2 2 2 2 2 2 2 2 2 2 2 2 2 2 2 2 2 2 2 2 2
left_child=2 8 17 4 5 11 -7 13 -2 -10 -9 -4 -3 -6 15 16 -5 24 19 29 28 -14 -23 -11 25 -1 -16 -22 -20 -19
right_child=1 12 3 14 7 6 -8 10 9 23 -12 -13 21 -15 26 -17 -18 18 20 -21 27 22 -24 -25 -26 -27 -28 -29 -30 -31
leaf_value=0.0089886684963912129 -0.02276314801397197 -0.01465839825116242 0.038562818177437938 0.0026116606334172774 0.0015955475274593751 0.0018349465051270769 0.013354121019827242 -0.009963152524868393 2.1213887262397012e-05 -0.016500615578396018 0.0041956162741492511 0.014100510007029039 -0.039984465107334749 0.023299767855017198 -0.039000793263785173 0.017003396574762773 -0.011046816054974561 -0.047531842185737368 -0.0085353126083413996 0.0094059849734370732 -0.0015458129490387128 -0.015340366103563083 -0.031705203272576928 -0.0067294284665245681 -0.01689898234910878 -0.0081475901408121863 -0.0069107365923943044 -0.028514826594132393 0.041612529484968575 -0.0045880241890472366
leaf_weight=656.69785450398922 1103.234565243125 2471.7150448337197 1023.9229198247194 3566.5071550160646 578.7566005140543 4045.9802550971508 12629.34370072186 2190.09408506006 6385.9201391786337 1503.8844887763262 2486.6277297288179 579.23242945969105 617.37840437889099 1038.7963900715113 170.12201832234859 666.40122631192207 1159.2409176379442 94.903067603707314 74.665441505610943 2693.5201108753681 257.72916562110186 1058.0158868208528 930.35957112908363 8042.9516538009048 792.00568950176239 1248.4040887355804 352.68921045958996 403.82247465103865 95.860457241535187 136.25696955621243
leaf_count=3414 5478 11988 5327 18465 3115 20725 63716 11573 31021 7198 13180 2822 2938 5256 851 3386 5873 505 385 13893 1301 5305 4544 39236 4243 6381 1729 2101 522 700
internal_value=0.00033293 -0.00952188 0.00623208 0.00774863 0.00966398 0.0122401 0.0105592 0.00218291 -0.00609986 -0.00494604 -0.00243489 0.0297244 -0.0210035 0.015534 -0.000208381 0.0014539 -0.000738807 -0.000932034 0.00309776 0.00690644 -0.0102895 -0.0270222 -0.0229975 -0.00826865 -0.00654506 -0.00224064 -0.0173528 -0.0180082 0.0196551 -0.0222187
internal_weight=59055 22113.5 36941.6 30487.7 24572.8 18278.5 16675.3 6294.27 17036 15932.8 4676.72 1603.16 5077.47 1617.55 5914.96 5392.15 4725.75 6453.87 3756.76 2924.68 832.078 2605.75 1988.38 9546.84 2697.11 1905.1 522.811 661.552 170.526 231.16
internal_count=297171 107708 189463 156018 125714 92590 84441 33124 82933 77455 24753 8149 24775 8371 30304 27724 24338 33445 19407 15098 4309 12787 9849 46434 14038 9795 2580 3402 907 1205
is_linear=0
shrinkage=0.1


Tree=42
num_leaves=31
num_cat=0
split_feature=11 11 10 11 10 10 11 9 10 11 12 12 8 9 2 3 18 8 0 10 10 9 11 12 13 15 0 9 9 4
split_gain=1250.03 236.085 223.995 56.4935 50.0985 43.5427 41.202 28.4712 27.3145 22.9558 22.9246 22.8254 21.8951 21.6165 24.0164 21.3531 24.7683 22.2449 20.1804 19.1154 17.5143 17.1403 16.8176 18.0989 16.7056 16.4165 15.9281 15.4069 15.2807 14.7752
threshold=0.019377015514242684 0.027229499318686196 0.23618116442216605 0.010329307022135577 0.50392995159864518 0.37897510665929773 0.015561853788378628 0.5704695846095772 0.72072626763572545 0.044158746284191218 0.18844694646187501 0.020115053419348803 -0.93827978445997284 0.12074491249042593 0.018136904110449329 0.056689906602472646 1.0000000180025095e-35 0.17880058310224384 -0.0070351188540085366 0.48804313981221242 0.30283616813699571 0.27849027485688532 0.010744510457786511 0.11140706985379083 0.20741917015783004 0.26049012670095245 -0.011023070672400158 0.29831150903968751 0.44125567695747242 -0.014921374196176672
decision_type=2 2 2 2 2 2 2 2 2 2 2 2 2 2 2 2 2 2 2 2 2 2 2 2 2 2 2 2 2 2
left_child=2 5 3 11 -3 28 8 -7 22 29 19 13 25 14 -1 16 24 -17 -18 -9 21 -8 23 -4 -5 -13 -12 -24 -2 -6
right_child=1 4 6 15 9 7 20 10 -10 -11 26 12 -14 -15 -16 17 18 -19 -20 -21 -22 -23 27 -25 -26 -27 -28 -29 -30 -31
leaf_value=0.093342760310731895 -0.0048790413329898048 -0.018721984320849459 0.015204841006054213 0.011445690061871169 -0.042808791037605431 -0.016297197861926949 -0.00069682843936849561 0.015981456702440916 0.097605687145257247 -0.046025026907259139 -0.012071284208986325 0.0037707198286048844 0.027072122891704072 0.036868974858501151 0.010343037169032065 0.054089844083354655 0.011634567560714765 0.023113468064292073 0.033233945362215973 -0.021414375605945432 -0.002987292918502939 0.011172658817538355 0.0070218882713594805 0.06025338468182119 0.025142675021919393 0.095796655839340439 0.044068661864138221 0.0199176376100418 0.012840237419689102 -0.028719510653849131
leaf_weight=167.10617737472057 6917.0482533723116 3262.0853318721056 270.7320349663496 6443.2321174889803 889.76938758790493 7169.2928494513035 2431.830961599946 216.36822229623795 35.927674293518066 1255.1480600684881 70.044624328613281 25.581331506371498 2645.6554879099131 424.14609545469284 44.052618950605392 256.70049573481083 649.90470729768276 2392.8109616786242 1293.4525326937437 371.18465012311935 5521.3703865110874 2434.651190161705 5881.5585339963436 132.99677528440952 1033.2481913864613 80.025793135166168 181.47680334746838 1099.6661069691181 523.52329097688198 4553.1196882203221
leaf_count=701 36095 17981 1266 30750 4804 37430 11985 1203 168 6854 386 116 11857 1895 172 1231 3144 11458 6280 1934 28083 12354 28506 633 4954 360 1029 5427 2874 25241
internal_value=-0.000179028 -0.0168798 0.0125778 0.0213862 -0.0288846 -0.00914009 0.00493309 -0.0142574 0.010624 -0.033834 0.00317148 0.0327995 0.0288545 0.0498841 0.0760271 0.0181836 0.0159529 0.0261146 0.0260106 -0.00764324 0.000867649 0.00524135 0.0102008 0.0300448 0.0133386 0.0735051 0.0284346 0.0090532 -0.0036323 -0.0310227
internal_weight=58673.7 25409.1 33264.7 15455.9 9960.12 15448.9 17808.7 8008.37 7420.88 6698.04 839.074 3386.57 2751.26 635.305 211.159 12069.3 9419.84 2649.51 1943.36 587.553 10387.9 4866.48 7384.95 403.729 7476.48 105.607 251.521 6981.22 7440.57 5442.89
internal_count=297171 135831 161340 72918 54880 80951 88422 41982 36000 36899 4552 15101 12333 2768 873 57817 45128 12689 9424 3137 52422 24339 35832 1899 35704 476 1415 33933 38969 30045
is_linear=0
shrinkage=0.1


Tree=43
num_leaves=31
num_cat=0
split_feature=10 10 10 12 12 10 10 3 8 8 3 1 7 13 3 6 4 4 10 0 6 0 12 1 10 12 12 1 8 14
split_gain=433.053 81.1106 60.0704 40.2461 38.2438 23.4891 21.8758 21.1561 30.7553 25.1185 24.6861 21.605 19.8059 17.3405 16.4502 20.2287 17.0919 22.5418 15.9582 15.9208 15.0748 14.5122 14.0855 14.03 12.1811 12.132 12.0063 11.8849 11.2442 10.869
threshold=0.36908470694061685 0.55215077069945762 0.24223973800549342 0.142962809458657 0.22793629918420083 0.90581651754460657 0.84427182283439006 -0.073648969536679751 -0.52022919582229543 -0.69223583285685775 -0.052613986870500666 -0.0048448243272063421 -0.019694069510120812 -0.23000041128356352 0.093384109062925505 0.040528659879535585 0.0070578211606571193 0.016403344406549229 0.45499043769733477 -0.034059908505445817 -0.052012157500715354 -0.01032650012063163 0.41716578664059728 0.025428434501781675 0.18726188568833788 0.058899035487367142 0.34337448302621493 0.016540848057619243 0.27228633226945603 0.7255627067696323
decision_type=2 2 2 2 2 2 2 2 2 2 2 2 2 2 2 2 2 2 2 2 2 2 2 2 2 2 2 2 2 2
left_child=2 3 7 18 6 23 29 9 12 -1 20 -12 -9 -11 15 16 19 -18 25 -4 -10 -15 -7 26 -14 -2 -6 -17 -16 -3
right_child=1 4 14 -5 5 22 -8 8 10 13 11 -13 24 21 28 27 17 -19 -20 -21 -22 -23 -24 -25 -26 -27 -28 -29 -30 -31
leaf_value=0.013172331078763491 -0.013719301536615255 -0.01877607532066411 0.019109394836532123 0.0040951083225149974 -0.0034862197590797071 -0.035305448383596942 -0.045236920011737354 -0.0095706140843303655 -0.020757461107039188 0.099440791459838973 0.017509896679519854 0.0085270152500255304 0.026223289060962003 0.062345653573889451 -0.042872382478289645 0.031737961312496947 -0.0083491972776830077 0.016037719067829609 -0.014017006592128404 0.0040584489316692679 0.04118891990610387 0.022477556854238651 -0.010031862699910243 -0.015161558669474324 -7.1641129413593978e-05 -0.0040314027178892115 0.01817841782937903 0.010729965602175911 -0.0020362212388096985 -0.029322663067436517
leaf_weight=755.07688309252262 1665.4549051523209 3099.8968449831009 746.00470069050789 2983.0098023191094 996.88335193693638 470.43080824613571 449.22711529582739 1146.8032094538212 43.447485864162445 48.524013668298721 3993.4533537775278 8124.9199533462524 317.95665495097637 139.11241284012794 68.79344879090786 317.32824699580669 2118.7683171480894 461.60835507512093 4024.4239306598902 12138.248783797026 409.96999391913414 265.66064545512199 415.08957621455193 729.18711838126183 395.08173249661922 5774.2554261684418 344.1018675416708 1778.9931637346745 3397.2565007358789 1426.9714220017195
leaf_count=3686 8090 15433 3596 15236 5091 2371 2249 5988 214 248 20266 42620 1793 684 346 1654 10354 2223 19705 60337 2028 1281 2193 3719 2008 28694 1795 9058 17165 7046
internal_value=0.0002494 -0.0107127 0.00693988 -0.00625188 -0.0188377 -0.00982803 -0.0241893 0.011633 0.0105688 0.0243433 0.0123444 0.0114872 -0.00143348 0.0429514 0.0034491 0.00469173 0.00344213 -0.00398658 -0.00894421 0.00492991 0.0352531 0.0361794 -0.0234584 -0.00399761 0.0116537 -0.00620014 0.00207301 0.01391 -0.00284673 -0.0221006
internal_weight=59045.9 22378.9 36667 14447.1 7931.79 2955.69 4976.1 15640 14431.6 1208.37 12571.8 12118.4 1859.84 453.297 21027 17561 15464.6 2580.38 11464.1 12884.3 453.417 404.773 885.52 2070.17 713.038 7439.71 1340.99 2096.32 3466.05 4526.87
internal_count=297171 111622 185549 71725 39897 15169 24728 80816 74917 5899 65128 62886 9789 2213 104733 87222 76510 12577 56489 63933 2242 1965 4564 10605 3801 36784 6886 10712 17511 22479
is_linear=0
shrinkage=0.1


Tree=44
num_leaves=31
num_cat=0
split_feature=10 11 10 0 10 0 11 18 3 1 19 2 14 19 0 8 3 17 15 1 19 16 8 6 11 11 3 11 3 6
split_gain=1445.12 256.981 243.334 78.8351 69.3751 69.1886 61.0561 49.6798 52.7183 46.2048 62.4586 35.7691 34.9009 33.7581 32.1576 30.6158 28.9873 28.3984 30.1957 27.6878 39.7245 36.9911 29.9276 29.8965 27.4867 25.0733 24.7804 24.276 23.6856 23.0241
threshold=0.28395397224084978 0.023619596384349142 0.21289329352153197 -0.030139697294706443 0.17206222653602618 0.048090130142190553 0.013111929027842405 1.0000000180025095e-35 -0.18650124962610479 -0.032324752897482815 1.0000000180025095e-35 -0.06638976179815291 0.72162520065472424 1.0000000180025095e-35 0.039155207403314803 0.91411430195041188 1.0000000180025095e-35 1.0000000180025095e-35 0.96339863886299204 -0.0084787114521465128 1.0000000180025095e-35 1.0000000180025095e-35 -0.30309135857818975 -0.0217454292649738 0.010842283545387911 0.015761317111828984 -0.09436093900926544 0.018526179808968035 -0.16802433091432498 0.025845781939731641
decision_type=2 2 2 2 2 2 2 2 2 2 2 2 2 2 2 2 2 2 2 2 2 2 2 2 2 2 2 2 2 2
left_child=2 6 4 13 24 7 -2 8 -5 10 12 -12 -8 -3 27 -9 -6 18 -7 20 23 25 26 -4 -1 -21 -22 -11 -15 -16
right_child=1 3 19 5 16 17 9 15 -10 14 11 -13 -14 28 29 -17 -18 -19 -20 21 22 -23 -24 -25 -26 -27 -28 -29 -30 -31
leaf_value=-0.06300378173464169 -0.031219503786333022 0.024871414616161488 -0.022262284364512511 0.033866439853032386 -0.022658762517871984 0.064118132695964156 0.01180180158759239 -0.0036970995642028369 0.013080024363711862 -0.0067125064988358563 0.0086929448271904578 0.050517441118513931 -0.011254714746932751 0.072459345302323896 0.047220864853944916 0.0182275441659152 -0.038956007131399933 0.0068743223539591619 0.030843725580643556 -0.028851754829873295 0.026491449806889153 -0.004146260749052868 0.02933623088745764 -0.0031664639353337909 -0.041265338134990337 -0.015231757832155579 -0.026639069547382523 0.002013892197730691 0.036869714089780452 0.0086875609617003344
leaf_weight=1263.090297460556 557.34202811121941 3045.4247005581856 1762.7675871327519 1362.3394868075848 1966.8625245541334 356.61279046535492 2314.2686998769641 2578.9815289527178 11687.677343711257 5338.4512253180146 321.73059299588203 561.07045955955982 916.52734656631947 256.05390177667141 216.31547611951828 845.79289469122887 2451.9412031173706 344.76464387774467 1159.3676099032164 2921.8312541916966 132.18724706023932 1366.4711940810084 431.68096066266298 1532.7583527117968 1078.1418459862471 2515.1039348840714 261.33805816620588 7913.6090044826269 693.37709756195545 547.61620273441076
leaf_count=11713 4050 10227 10488 4819 14347 1248 10833 9907 44851 29137 1533 2544 4495 795 1013 3144 18478 1185 3905 20264 734 8280 2622 9405 8278 14261 1606 37887 2401 2721
internal_value=-0.000268436 0.0100339 -0.0241641 0.0172747 -0.0390758 0.0145013 0.00138133 0.0124369 0.01525 0.00238355 0.0117021 0.0352748 0.00526102 0.0300041 -0.000351397 0.00171748 -0.0317019 0.0327797 0.0386711 -0.0149365 -0.00846761 -0.0188545 0.0111535 -0.0133808 -0.0529932 -0.0225512 -0.00879224 -0.00150144 0.046468 0.0195987
internal_weight=58701.5 41017.3 17684.2 22330.4 6760.04 18335.5 18686.9 16474.8 13050 18129.6 4113.6 882.801 3230.8 3994.86 14016 3424.77 4418.8 1860.75 1515.98 10924.1 4120.73 6803.41 825.206 3295.53 2341.23 5436.94 393.525 13252.1 949.431 763.932
internal_count=297171 176695 120476 82482 52816 69059 94213 62721 49670 90163 19405 4077 15328 13423 70758 13051 32825 6338 5153 67660 24855 42805 4962 19893 19991 34525 2340 67024 3196 3734
is_linear=0
shrinkage=0.1


Tree=45
num_leaves=31
num_cat=0
split_feature=10 10 10 8 12 10 4 4 15 15 13 4 10 12 12 4 9 14 3 1 4 3 8 15 18 10 15 12 9 2
split_gain=1156.42 181.268 161.407 63.4991 59.4604 46.4749 44.0875 43.7358 40.9692 39.8997 34.1075 33.2141 32.3743 38.1355 38.0431 32.1157 33.768 31.8841 31.3492 29.6671 29.0579 27.158 26.5101 24.4166 22.806 22.504 21.1951 20.1329 25.4544 19.891
threshold=0.30283616813699571 0.21407142441951973 0.51699808759639254 -0.90182665013196395 0.19697496294159231 0.78128839112576676 0.0062950681324878141 -0.028150225931021785 0.90600871716975961 0.10883440932429213 0.17391754489957809 0.0042965870400288883 0.41362424944139692 0.16045738856652381 0.098181705785413534 -0.025728446920836975 0.27576742783590374 0.37802413845898847 -0.019064094623259194 0.063697979705862121 0.0020074684716435702 -0.084202591526532963 -2.2337024131403971 0.33187776670494024 1.0000000180025095e-35 0.25553655753456145 0.88235292788395492 0.020115053419348803 0.22074682852002619 -0.0035652036161375462
decision_type=2 2 2 2 2 2 2 2 2 2 2 2 2 2 2 2 2 2 2 2 2 2 2 2 2 2 2 2 2 2
left_child=1 10 9 23 5 -4 15 24 17 11 20 -2 14 18 29 16 -5 -9 -14 -10 -1 -17 -16 25 -6 -3 -15 -22 -29 -11
right_child=2 3 4 6 7 -7 -8 8 19 12 -12 -13 13 26 22 21 -18 -19 -20 -21 27 -23 -24 -25 -26 -27 -28 28 -30 -31
leaf_value=-0.035112146191596465 0.010390628508654574 0.048047292516573289 0.020677627617351091 0.12351759656575277 0.037304650632438291 0.042437089698657282 -0.0028049004924758543 -0.0088451576151414978 0.010107387096595838 0.0088294427717776139 -0.049049794724999034 0.036671106865851809 0.0022763846935444682 -0.013152224027540816 0.092688808392736743 -0.041846124909544806 -0.018699227920296189 0.0098441571426486924 0.016628536029316038 0.043954669654498672 -0.050263380355690696 -0.017397558294868495 -0.0091890376344904764 -0.0047867244983207614 0.12301320174240243 0.0074631616823156669 0.023047861664352669 -0.011129566440611199 -0.042102468508785046 -0.00032823227257377423
leaf_weight=3768.8124347478151 2793.6485455483198 231.67166803777218 7191.6849791929126 32.738139308989048 262.06121054291725 1136.7182056307793 2320.1426488310099 1386.7091233953834 562.74153130501509 4066.0768986195326 1117.7879949510098 580.89781235158443 2399.5200499966741 1063.9185074567795 25.722776889801025 477.36299601942301 34.071090258657932 2671.1522372961044 4161.2097788155079 479.70206588506699 199.64017749577761 9425.0954829230905 3630.4312435612082 606.17681655287743 35.217853605747223 333.04763090610504 190.73555936664343 1455.9953773543239 324.46773277968168 5692.2938989251852
leaf_count=30186 11999 1344 24966 158 788 3016 13416 5501 2011 19299 8783 2337 10015 5117 96 2926 193 10172 16942 1492 1700 59452 18498 3519 83 1779 803 11114 2390 27652
internal_value=-0.000564121 -0.0198452 0.00966083 -0.0131004 0.0183489 0.0236475 -0.0152205 0.0101732 0.00800003 0.00481405 -0.0330666 0.0149146 0.00320854 0.00832463 0.000227876 -0.0181099 0.0509905 0.00345738 0.0113794 0.0256829 -0.0299589 -0.0185761 -0.00847228 0.00915127 0.0474583 0.0241125 -0.007649 -0.0201505 -0.016774 0.00348755
internal_weight=58657.5 20327 38330.4 13460.3 13726 8328.4 12289.4 5397.58 5100.3 24604.5 6866.7 3374.55 21229.9 7815.38 13414.5 9969.27 66.8092 4057.86 6560.73 1042.44 5748.92 9902.46 3656.15 1170.9 297.279 564.719 1254.65 1980.1 1780.46 9758.37
internal_count=297747 136960 160787 82787 48029 27982 76145 20047 19176 112758 54173 14336 98422 32877 65545 62729 351 15673 26957 3503 45390 62378 18594 6642 871 3123 5920 15204 13504 46951
is_linear=0
shrinkage=0.1


Tree=46
num_leaves=31
num_cat=0
split_feature=11 11 19 3 8 4 4 3 8 10 6 20 13 11 3 3 3 8 6 3 2 4 2 10 10 3 12 3 1 12
split_gain=287.096 78.649 35.2971 48.8624 54.9744 36.6745 40.0361 33.5733 38.0649 32.8919 29.3257 25.7447 33.1392 25.4211 19.8841 19.749 18.7943 18.6954 21.7036 21.1061 17.3773 17.2717 16.0626 15.3162 15.2788 14.6152 14.5133 12.4619 12.3598 11.8925
threshold=0.02669331335161634 0.015825437712981606 1.0000000180025095e-35 -0.040504143804888752 -0.90182665013196395 0.0092481423765116162 -0.0028805104646678621 0.0018658516189580256 0.32229548779740441 0.78128839112576676 -0.04971733542357664 1.0000000180025095e-35 -0.40622342362987945 0.012977434251688994 0.051687770547117491 0.082207486701981539 0.026810999462051791 -0.27089056994680805 -0.042653054463160471 -0.035139275111182304 -0.062134267059415819 -0.0034972547116380866 -0.0058855369189609865 0.29874081513668888 0.29603393113431081 0.24876252927709744 0.27667748396244579 -0.064567977409343932 -0.017798001918386316 0.16045738856652381
decision_type=2 2 2 2 2 2 2 2 2 2 2 2 2 2 2 2 2 2 2 2 2 2 2 2 2 2 2 2 2 2
left_child=1 2 11 4 10 6 -5 17 22 25 -4 15 -13 -14 -7 20 -10 21 23 -20 -1 -3 24 -19 -9 29 -11 -23 -18 -2
right_child=9 7 3 5 -6 14 -8 8 16 26 -12 12 13 -15 -16 -17 28 18 19 -21 -22 27 -24 -25 -26 -27 -28 -29 -30 -31
leaf_value=0.021671071418948567 -0.012349455239896794 -0.0074738363209676043 -0.015093877931186174 0.0070050997841134346 -0.023423814154713417 -0.039624591790626371 0.033137739957083953 0.032844414629750608 -0.02183836308811931 -0.03344788052726555 0.063682298451782721 -0.021299325059290063 0.023976622782693482 0.0075086618066347137 0.021210370576557752 0.014574839089543943 -0.0082543147153303891 0.03308643637643386 -0.030213421923892828 -0.0089484213671615718 0.0016888044060495906 -0.0021878024320243017 0.0063143639649313778 -0.004154521366731354 0.012107658449594104 -0.026090670290594017 -0.016514221942544913 0.0067837726818264013 0.0020611876689452867 -0.0039893908153613997
leaf_weight=455.00277030467987 6929.9566059932113 3179.4450161755085 71.426552206277847 820.66350618004799 523.79902857542038 139.02256532013416 2052.4468187615275 491.35503016412258 393.30071383714676 1051.3547039106488 139.64777302742004 257.76037904620171 1880.722181558609 1868.8325217366219 87.571748286485672 1573.4883355051279 1369.6837975680828 167.65637485682964 631.59396407008171 1788.2209188491106 10001.647092998028 3715.7749473452568 3775.8833233863115 323.57422104477882 1283.2773945704103 625.81837809085846 975.98116940259933 2654.2083622068167 7643.0300724804401 2255.3685967698693
leaf_count=2392 33926 15886 364 4240 2785 692 10409 2472 1941 5233 742 1321 9927 9415 419 8287 6589 885 3121 8766 53439 18419 18525 1626 6262 3027 5000 12973 37285 11379
internal_value=0.000226559 0.00371303 0.00850325 0.0171223 -0.00606143 0.0226186 0.0256733 0.000241052 0.00343508 -0.0137002 0.0370248 0.00644243 0.0133844 0.0157688 -0.0161137 0.00413001 -0.000440264 -0.0035928 -0.0106084 -0.0144988 0.0025583 -0.00145417 0.0100023 0.00855577 0.0178492 -0.0113042 -0.0252958 0.00155042 0.000493516 -0.0102967
internal_weight=59127.5 47289 19872 3834.58 734.873 3099.7 2873.11 27417 14956.5 11838.5 211.074 16037.5 4007.32 3749.55 226.594 12030.1 9406.01 12460.5 2911.05 2419.81 10456.6 9549.43 5550.52 491.231 1774.63 9811.14 2027.34 6369.98 9012.71 9185.33
internal_count=297747 239182 104432 19651 3891 15760 14649 134750 73074 58565 1106 84781 20663 19342 1111 64118 45815 61676 14398 11887 55831 47278 27259 2511 8734 48332 10233 31392 43874 45305
is_linear=0
shrinkage=0.1


Tree=47
num_leaves=31
num_cat=0
split_feature=11 10 10 11 10 12 9 10 4 4 9 11 9 11 10 1 17 1 10 12 12 11 4 17 4 7 10 11 11 14
split_gain=1060.4 209.099 196.06 55.6326 38.6097 32.2588 33.973 28.626 28.1644 27.5403 26.2997 23.1206 22.6125 20.888 20.226 19.5804 18.117 16.6063 14.4614 24.4887 14.163 13.719 13.2815 12.8478 12.822 12.6352 12.3138 12.2571 11.833 11.6307
threshold=0.019299484093833922 0.45207229944034122 0.2325669192307544 0.031179294912382107 0.16623373291781399 0.142962809458657 0.61539191865319987 0.34012377237699581 0.0096462455217567484 -0.0094645418174226208 0.5704695846095772 0.0085193032384201957 0.16292557039391539 0.010931211876286132 0.44064931922954753 0.013965006106285928 1.0000000180025095e-35 0.056312940614543734 0.60276836401075307 0.26673828363101248 0.09494483177473298 0.015293030908113379 0.0077529129249214188 1.0000000180025095e-35 0.0070578211606571193 -0.022515226885130465 0.30989791241034542 0.025449501363573306 0.025155626670288814 0.82556187235268441
decision_type=2 2 2 2 2 2 2 2 2 2 2 2 2 2 2 2 2 2 2 2 2 2 2 2 2 2 2 2 2 2
left_child=2 7 4 5 11 -3 28 -2 9 16 20 -1 22 14 -11 24 26 -15 -5 -20 -9 -17 -6 -10 -14 -25 -4 -22 -7 -21
right_child=1 3 8 18 12 6 -8 10 23 13 -12 -13 15 17 -16 21 -18 -19 19 29 27 -23 -24 25 -26 -27 -28 -29 -30 -31
leaf_value=0.046873360427747895 -0.0015110459038513882 -0.025516253127237817 0.0094897713316631823 -0.025908789232067877 0.010368434847396222 -0.010155439765809095 0.0082356960948667315 -0.014705927609630848 -0.011583767109771026 0.020943622561355742 0.025337601947007207 0.025350825793049925 0.01756522944663701 0.0054351234754465841 0.093462317167410519 0.029341965965390283 -0.024121008749302248 0.018418002197868519 -0.041938404804283243 -0.017766951420317756 -0.0012604428139404787 0.012552608057509448 -0.021023648582845129 0.040572321297320177 0.0018488111214564524 -0.0026457876978007054 -0.011543582316603164 -0.015304065259834196 -0.025358105183756564 -0.045853908629979179
leaf_weight=596.48681619763374 5209.5310645550489 3513.4036393985152 608.29856114089489 1849.3201889842749 2304.4013760238886 1062.9827148169279 685.61153713613749 5527.8608004674315 1433.8848368674517 479.39665658771992 195.43601915240288 3058.014510974288 5292.2773420810699 13448.758306518197 41.814700245857239 2402.6894875019789 437.81989659368992 1063.0925013124943 2554.8832875415683 769.59776202589273 1854.9412949085236 610.31874160468578 143.14579452574253 97.682158410549164 575.55220355093479 220.01144996285439 513.13750404119492 934.61934793740511 987.70623574405909 182.37100314348936
leaf_count=2592 27350 18853 3029 10562 10545 5658 3957 29217 6991 2210 1144 13885 25082 66522 183 11355 2079 5409 14387 4519 9980 3000 647 526 2729 1074 2623 5169 5435 1035
internal_value=-0.000282327 -0.0157056 0.0114393 -0.0255854 0.0199261 -0.0191759 -0.0110349 -0.00734958 0.00450743 0.00578054 -0.0109225 0.0288637 0.0170429 0.00709264 0.0267615 0.0193884 -0.00686962 0.00638621 -0.0330641 -0.0368375 -0.0117745 0.0259411 0.00853246 -0.00755244 0.0160237 0.0106426 -0.000134498 -0.00596564 -0.0174777 -0.0231476
internal_weight=58655 25328.3 33326.8 11605.9 14982.9 6249.7 2736.3 13722.4 18343.9 16592.3 8512.86 3654.5 11328.4 15033.1 521.211 8880.84 1559.26 14511.9 5356.17 3506.85 8317.42 3013.01 2447.55 1751.58 5867.83 317.694 1121.44 2789.56 2050.69 951.969
internal_count=297747 137266 160481 64406 69835 33903 15050 72860 90646 82055 45510 16477 53358 74324 2393 42166 7731 71931 30503 19941 44366 14355 11192 8591 27811 1600 5652 15149 11093 5554
is_linear=0
shrinkage=0.1


Tree=48
num_leaves=31
num_cat=0
split_feature=11 11 11 3 8 11 8 3 8 19 6 7 4 3 4 2 12 4 8 13 3 8 10 15 13 9 20 3 9 10
split_gain=424.371 95.6428 72.5029 27.3144 73.121 26.3011 25.3521 57.3201 27.633 18.4062 17.4701 16.8935 14.2935 12.6135 12.0884 14.6331 15.0879 14.2162 12.6088 11.8601 11.7597 19.4007 11.6751 11.6696 11.5082 10.3737 10.2278 10.2185 9.41529 12.0713
threshold=0.022479546772528065 0.037838920823514637 0.01678854371209601 -0.073648969536679751 -0.66589943771011562 0.030655364253488065 -0.32820161329731568 -0.020931001446283567 -0.1321112761476938 1.0000000180025095e-35 -0.07264608812639671 -0.081742928896458442 -0.0021356270820236385 -0.10869402087701417 -0.001323516170326444 0.052071704347834487 0.16846548568996492 -0.017240693477101911 1.9182061208210899 0.53618007470662654 -0.052613986870500666 -0.46163394924072548 0.51239827570506535 0.14491782912238535 -0.42499557310063635 0.79186648244982416 1.0000000180025095e-35 -0.075277869163357089 0.65317830252663855 0.47391475795970972
decision_type=2 2 2 2 2 2 2 2 2 2 2 2 2 2 2 2 2 2 2 2 2 2 2 2 2 2 2 2 2 2
left_child=2 5 3 4 -1 28 11 8 -8 -9 -6 -5 -13 -12 17 19 18 24 -17 26 21 -19 -3 -7 -4 27 -16 -25 29 -2
right_child=1 22 14 6 10 23 7 9 -10 -11 13 12 -14 -15 15 16 -18 20 -20 -21 -22 -23 -24 25 -26 -27 -28 -29 -30 -31
leaf_value=0.0086594820590014613 -0.0048902482828958186 -0.0075897278306341276 0.062588095772718233 -0.017898420525719796 -0.011144962337770827 -0.024697779087458526 0.015429665552217954 0.010214533665500852 0.040373137813785737 0.0010305828175226884 0.082637478972558895 0.01215820478669526 0.00017806057642184262 0.045795092786252649 -0.0056342566259090787 0.0045786705707713468 0.030739142629394808 0.0082692548106265418 -0.033111445106736699 0.031694952932934513 0.0032419588706810499 0.036944257894491718 -0.030414701786181386 -0.0046187890372774683 -0.012293981121335153 0.0029557235380307176 0.0038622998056899575 -0.01845706949861578 0.0047187587532504759 -0.011899271042589556
leaf_weight=1591.9576334953308 7597.8413045853376 244.57435204833746 21.240601137280464 378.11712227761745 46.236664339900017 1067.8215849101543 913.2446498721838 12042.392767168581 864.62332352995872 2665.2274502515793 113.90311385691166 1481.5541835129261 3038.1256205141544 504.60410036146641 5801.1441394835711 2303.682850331068 215.69960694015026 1385.9265902936459 92.317114904522896 95.502122178673744 4232.6895016729832 284.35355846583843 2676.8066373467445 730.05855206400156 607.97521631419659 377.68286194652319 1409.6779983788729 1983.0072849616408 709.78570476174355 3631.7235088795424
leaf_count=7856 37967 1270 106 1846 225 5343 4511 61531 4219 14256 570 7428 15937 2466 28618 11536 1116 6605 431 512 20783 1400 14003 3758 2873 2034 6874 9979 3735 17959
internal_value=0.000444274 -0.0118574 0.00628037 0.00982786 0.0202912 -0.00883654 0.00872359 0.0106004 0.0275603 0.00855027 0.0481475 0.00240645 0.00410516 0.0525799 0.00118241 -0.00101755 0.00540701 0.00452268 0.00312648 -0.00331406 0.00604577 0.013151 -0.0285038 -0.0156854 -0.00976617 -0.0125718 -0.00377773 -0.0147333 -0.00645101 -0.00715702
internal_weight=59109.5 19019.3 40090.2 23640 2256.7 16097.9 21383.3 16485.5 1777.87 14707.6 664.744 4897.8 4519.68 618.507 16450.2 9918.02 2611.7 6532.19 2396 7306.32 5902.97 1670.28 2921.38 4158.57 629.216 3090.75 7210.82 2713.07 11939.4 11229.6
internal_count=297747 96048 201699 120845 11117 80775 109728 84517 8730 75787 3261 25211 23365 3036 80854 49087 13083 31767 11967 36004 28788 8005 15273 21114 2979 15771 35492 13737 59661 55926
is_linear=0
shrinkage=0.1


Tree=49
num_leaves=31
num_cat=0
split_feature=11 11 11 13 11 17 0 0 4 13 4 1 16 4 4 13 1 1 19 16 8 1 4 4 1 13 0 13 1 3
split_gain=1195.39 300.462 115.892 63.8133 59.853 49.9969 52.096 55.9638 48.7551 48.0011 47.7998 41.2794 36.7732 37.2466 34.6674 33.4628 32.2712 31.3079 38.525 35.8506 30.8006 29.4648 28.6536 26.9849 30.7132 25.9327 24.0053 23.6875 45.81 26.7087
threshold=0.015358119856949723 0.025155626670288814 0.010744510457786511 -0.5408551855065008 0.019299484093833922 1.0000000180025095e-35 -0.024584944650013259 0.028399492836431065 -0.0097289252664998199 -0.47363273695030123 -0.036455710255276046 -0.0084787114521465128 1.0000000180025095e-35 0.010231811735420983 0.037616175390250646 0.32647205287723219 -0.013707890205386429 -0.014609742439282368 1.0000000180025095e-35 1.0000000180025095e-35 2.545049439720132 0.018757822255134563 0.0037664959374756894 0.017894328104024918 -0.044201586496381388 0.25078652235873239 0.0042735123860246924 -0.089926323951716194 -0.01972568063629376 0.2767245202169149
decision_type=2 2 2 2 2 2 2 2 2 2 2 2 2 2 2 2 2 2 2 2 2 2 2 2 2 2 2 2 2 2
left_child=2 4 9 21 15 6 16 10 -5 11 -8 -1 13 -10 20 17 22 18 -2 -19 25 -4 -3 27 -25 -7 -14 28 -6 -29
right_child=1 5 3 8 23 14 7 -9 12 -11 -12 -13 26 -15 -16 -17 -18 19 -20 -21 -22 -23 -24 24 -26 -27 -28 29 -30 -31
leaf_value=0.053241984742025988 -0.00092856717731875846 0.031205947892760218 0.037805927623736281 0.0045887513574001488 0.021923537817136921 0.010517101763661166 0.080148571483302775 0.027946058120495793 -0.030066772254227631 -0.05165632517735827 0.011626692270282143 -0.038522586159803335 -0.021766671816220926 -0.00011776021875261522 -0.067023314464685749 -0.025270296649121934 0.016081230946884552 -0.010531424476734313 0.024387784559649642 0.0069286588244437571 0.048231871468674026 -0.049889655206308385 0.058225005915751887 0.083427039419345761 0.016676744507871693 -0.010184048164169061 0.00077664502082109904 3.8555979009158375e-05 0.0027065927720209392 0.063620871563591863
leaf_weight=83.519315652549267 2870.1412305086851 2020.7732830196619 243.84843561798334 579.67554625123739 1845.2023128569126 2949.9023852348328 102.99833336472511 3142.8186007887125 7336.5262589007616 2079.0079931281507 8784.9284380525351 118.67916834354401 1239.5722282752395 440.17570681869984 62.163444936275482 734.01570238918066 1126.9172282367945 5805.9211935326457 760.32614918798208 1474.6890201866627 183.5807690769434 45.454966828227043 487.11126692593098 76.864256381988525 667.92377804219723 761.32086925208569 763.17780864983797 8039.9158894121647 3785.1523154675961 66.61368902027607
leaf_count=462 15301 6680 1251 3750 8014 10764 327 10834 53071 19771 32660 891 8593 2994 202 4264 3772 32881 3920 7901 609 285 1528 321 2938 2898 5146 37831 17619 269
internal_value=0.000170302 0.00775809 -0.0266778 -0.0222958 0.000734853 0.0171093 0.0196462 0.0164765 -0.0235895 -0.0471325 0.0124208 -0.000618671 -0.0252597 -0.0283716 0.0070658 -0.00460265 0.0301377 -0.00321228 0.00437342 -0.00699488 0.00824831 0.0240273 0.0364539 0.00502688 0.0235656 0.00627046 -0.0131762 0.00402174 0.00900445 0.00056103
internal_weight=58678.9 45749.3 12929.6 10648.4 26126.8 19622.5 15665.5 12030.7 10359.1 2281.21 8887.93 202.198 9779.45 7776.7 3956.97 11645.1 3634.8 10911.1 3630.47 7280.61 3894.8 289.303 2507.88 14481.7 744.788 3711.22 2002.75 13736.9 5630.35 8106.53
internal_count=297747 201533 96214 75090 131259 70274 55801 43821 73554 21124 32987 1353 69804 56065 14473 64267 11980 60003 19221 40782 14271 1536 8208 66992 3259 13662 13739 63733 25633 38100
is_linear=0
shrinkage=0.1


Tree=50
num_leaves=31
num_cat=0
split_feature=10 10 10 12 19 15 0 4 4 6 19 3 10 18 4 19 4 14 3 13 10 2 20 15 13 0 4 6 18 14
split_gain=972.148 149.452 139.082 51.0046 47.1639 44.822 58.3981 44.6636 41.9792 37.9783 45.284 43.6565 37.7068 34.0766 33.4755 43.8623 31.4538 30.5119 30.3864 28.2475 28.2242 25.6813 23.8319 24.8835 22.8782 22.4261 21.3664 19.9916 19.785 19.5168
threshold=0.30283616813699571 0.19724028262607265 0.51699808759639254 0.19697496294159231 1.0000000180025095e-35 0.13284134336218659 -0.030968344364866947 0.0064183651018505658 -0.028150225931021785 -0.086007541692319153 1.0000000180025095e-35 -0.066048357485787287 0.74913418590299907 1.0000000180025095e-35 0.0037664959374756894 1.0000000180025095e-35 0.0043855489036785942 0.38608865823029503 0.1372076249115213 1.0000000180025095e-35 0.94373126875426505 -0.11281456741468519 1.0000000180025095e-35 0.057027849423160894 0.075519524734709201 0.0053305706284576546 -0.0043671287145632389 0.010200007471890539 1.0000000180025095e-35 0.15844244819954842
decision_type=2 2 2 2 2 2 2 2 2 2 2 2 2 2 2 2 2 2 2 2 2 2 2 2 2 2 2 2 2 2
left_child=1 14 5 12 7 16 -7 13 22 10 -8 -11 19 18 -1 24 -2 20 -3 -4 -10 -9 -5 -24 25 -16 -6 -23 -21 -15
right_child=2 4 3 8 26 6 9 21 17 11 -12 -13 -14 29 15 -17 -18 -19 -20 28 -22 27 23 -25 -26 -27 -28 -29 -30 -31
leaf_value=-0.038468364575117119 0.010021030636952958 -0.011449041653201261 0.012810548566692143 0.06057130046125192 -0.039631133511671558 -0.042491599828520937 0.031661630863495473 0.090930691393744018 -0.0098961930232091128 -0.0081424644305632798 -0.022771586258321881 0.0043854987323798025 0.036460398357858942 -0.041569683543135422 0.020833174036855799 -0.060465097966685602 0.033242984860996506 0.012799358891474048 0.020600923412567727 0.021540913476979937 0.021729100768804674 0.010668463413581662 0.062668177821192939 -0.051037583676411348 -0.033251953705289682 -0.018604135483133454 -0.019921226622198807 -0.0088323662910010769 0.040602342258056902 -0.019274004525552266
leaf_weight=3609.3124182522297 3396.9761532619596 7428.1269944757223 3691.916224502027 237.99413187801838 739.6447037011385 283.78679283708334 848.093486353755 32.25687850266695 1389.410522133112 3374.9782302603126 186.42852684855461 15819.624827474356 1463.3599570840597 481.50800647586584 317.18870638310909 196.87114331871271 704.19235936552286 3398.2686484009027 308.08688878268003 2564.5001975446939 354.12032894790173 1062.7192020490766 33.391477882862091 45.43315464258194 250.32159390300512 264.3734420016408 2145.0874622017145 1040.3353626057506 691.32821390032768 2126.7117779999971
leaf_count=30734 14631 47605 13139 656 4882 1307 3441 150 5594 16057 809 73481 3935 3218 2375 1683 2798 12430 1762 8621 1175 6052 94 153 1992 2085 14198 6221 2242 14054
internal_value=-0.000317406 -0.0182002 0.00897745 0.016986 -0.013451 0.00446473 0.00255666 -0.0107873 0.00945842 0.00318862 0.0218524 0.00218271 0.0218713 -0.0135053 -0.0339327 -0.0180198 0.0140084 0.0072816 -0.0101727 0.0187984 -0.00347293 0.00238003 0.0447871 -0.00286986 -0.00797476 0.00290529 -0.0249748 0.00102183 0.0255883 -0.02339
internal_weight=58486.3 20002.5 38483.8 13869.7 15364.5 24614.1 20512.9 12479.7 5458.62 20229.1 1034.52 19194.6 8411.1 10344.4 4638.07 1028.75 4101.17 5141.8 7736.21 6947.74 1743.53 2135.31 316.819 78.8246 831.884 581.562 2884.73 2103.05 3255.83 2608.22
internal_count=297574 137011 160563 48039 98142 112524 95095 79062 20102 93788 4250 89538 27937 66639 38869 8135 17429 19199 49367 24002 6769 12423 903 247 6452 4460 19080 12273 10863 17272
is_linear=0
shrinkage=0.1


Tree=51
num_leaves=31
num_cat=0
split_feature=11 11 9 14 19 5 3 17 13 11 3 14 2 17 3 1 3 13 16 3 2 13 15 2 15 14 15 2 9 2
split_gain=272.585 56.356 38.7323 25.913 20.4439 36.9794 25.0699 19.4438 21.1361 19.1664 18.0269 16.8823 16.0772 19.4334 15.6612 14.1583 13.1444 14.7299 14.1295 13.0586 15.0751 12.7637 12.5139 12.1642 12.158 11.9977 11.8455 10.8614 10.3663 10.1989
threshold=0.022154641239988688 0.036673773158874365 0.18307468982464126 0.48605994683227799 1.0000000180025095e-35 0.0023417826515159672 0.013852019949101681 1.0000000180025095e-35 0.15943005604095445 0.02669331335161634 0.083538834011788202 0.56835730695107045 -0.0076635511834508554 1.0000000180025095e-35 -0.069022455986555972 -0.038956089881041926 -0.035139275111182304 -0.59364849126740382 1.0000000180025095e-35 0.2767245202169149 0.11278108436977453 -0.016480438169027108 0.30792488623739755 -0.0058855369189609865 0.89422457182007098 0.06239517642769369 0.16101981013598371 0.093123988389803639 0.35465997239880293 -0.040116289356339145
decision_type=2 2 2 2 2 2 2 2 2 2 2 2 2 2 2 2 2 2 2 2 2 2 2 2 2 2 2 2 2 2
left_child=2 9 7 4 12 23 -7 8 14 25 26 -3 15 -14 -1 -4 18 -18 -5 20 -11 -19 -16 -6 -22 -2 -10 -27 -29 -20
right_child=1 11 3 16 5 6 -8 -9 10 19 -12 -13 13 -15 22 -17 17 21 29 -21 24 -23 -24 -25 -26 27 -28 28 -30 -31
leaf_value=5.9046760555469573e-05 -0.017708545037991765 -0.013811564639736519 -0.0049426909955496579 0.005009591457998573 0.0026528364316855935 -0.00010575056800384643 0.026978912203508551 0.0021051346561796248 0.038865428378788362 -0.01062660105624344 0.04191075792284768 -0.027780743011511219 -0.00066950762773101199 -0.012389249946275462 0.0273092210370478 0.0075577672142386311 -0.024421805125130636 0.012041291225501041 0.0023756506429750491 -0.029302281903908867 0.0091851766840012079 0.0053110214638603338 0.015455507661972552 -0.017892327120208062 -0.013259901664095906 -0.0034749593893332147 -0.0091574257845288068 -0.0084368120146236011 0.012655385155111132 -0.019138830745839261
leaf_weight=533.01783552020788 512.97690612077713 1886.0795150846243 1278.6750535070896 3635.0171964019537 906.54049381613731 493.00926619768143 1113.8591990470886 1662.581567786634 55.447512075304985 6787.2445992976427 89.251732550561428 1598.2874480932951 5398.8275108411908 1917.3312603980303 1141.095805361867 3109.3224744051695 133.39923133701086 6239.6831347048283 413.81738069653511 325.45642636716366 750.12216676771641 5138.184894412756 4057.0530354753137 422.48360997438431 355.80998487770557 6748.3660834431648 697.41542785614729 319.81899017095566 858.487114995718 471.2641299366951
leaf_count=2767 2512 9512 6491 18595 4561 2426 5390 9059 304 33730 448 8125 27037 9986 5951 15750 661 31195 2133 1605 3824 25859 21054 2060 1769 32751 3797 1517 4302 2403
internal_value=0.000789006 -0.00865375 0.00567761 0.00404264 0.00100101 0.00846225 0.018669 0.0117664 0.0142101 -0.00623462 -0.000582974 -0.0202193 -0.000870581 -0.00374088 0.0163837 0.0039151 0.00682029 0.0086146 0.00225075 -0.00967192 -0.00886251 0.00900194 0.0180576 -0.00387827 0.00196395 -0.00288734 -0.0056206 -0.00192818 0.00693048 -0.0090798
internal_weight=59049.9 20142.6 38907.3 30671.4 14640 2935.89 1606.87 8235.86 6573.28 16658.3 842.115 3484.37 11704.2 7316.16 5731.17 4388 16031.4 11511.3 4520.1 8218.63 7893.18 11377.9 5198.15 1329.02 1105.93 8439.65 752.863 7926.67 1178.31 885.082
internal_count=297574 99647 197927 154547 73701 14437 7816 43380 34321 82010 4549 17637 59264 37023 29772 22241 80846 57715 23131 40928 39323 57054 27005 6621 5593 41082 4101 38570 5819 4536
is_linear=0
shrinkage=0.1


Tree=52
num_leaves=31
num_cat=0
split_feature=10 10 10 12 12 10 10 0 12 9 10 10 9 3 10 9 8 3 9 3 12 12 13 2 0 15 12 13 19 0
split_gain=831.679 173.436 126.567 45.4674 45.0429 32.2143 31.8428 27.3553 25.1445 32.2211 21.2987 20.9924 20.9818 18.7941 17.7255 16.6451 15.2151 24.46 14.9987 13.7815 13.1925 12.7794 12.5042 12.433 11.9125 12.4521 11.7301 11.3743 11.277 11.0233
threshold=0.31714796329047318 0.49175856942967727 0.19862384611556419 0.12486478352079149 0.2219000440931195 0.39572721769625419 0.6348994637974833 -0.030968344364866947 0.020115053419348803 0.12716898450638664 0.265148439602025 0.13673774985080009 0.12387611204864847 -0.14034093049703908 0.84427182283439006 0.41259485550045116 0.26426351856303631 0.04796970911591459 0.23934647452551219 -0.051382624599405784 0.15798218256291904 0.11711162372226532 -0.40622342362987945 0.051167485368476491 -0.018159738989504511 0.87071882088315611 0.058899035487367142 0.095235335740154026 1.0000000180025095e-35 0.0042735123860246924
decision_type=2 2 2 2 2 2 2 2 2 2 2 2 2 2 2 2 2 2 2 2 2 2 2 2 2 2 2 2 2 2
left_child=2 3 8 5 6 -2 20 -6 9 11 13 -1 -9 -4 -14 -12 17 27 22 -20 -3 -17 -15 -19 -5 -26 28 -10 -18 -13
right_child=1 4 10 24 7 -7 -8 12 16 -11 15 29 14 18 -16 21 26 23 19 -21 -22 -23 -24 -25 25 -27 -28 -29 -30 -31
leaf_value=0.041194388825087851 -0.006061272204533937 -0.02670762538951478 -0.020520034353153666 -0.010058287263945859 -0.037874343629955828 -0.01586019803754888 -0.038486808537370069 0.089168648304686127 0.016874845222938216 0.024799963948760481 0.0025253313634390436 0.1097831354892255 -0.0050064305602211985 -0.0095527677786634638 -0.022552690201348782 0.026132137227513147 0.010885778995769485 0.054938979335609664 0.0025123862912149139 0.016026737817784461 -0.014083252469494188 0.1173791964289489 0.0078819070885816928 0.0055988384807056759 0.0082255350437119897 -0.0097377909026974685 -0.005204433972910886 0.027382886284373111 0.032702623930566936 0.033363111755492503
leaf_weight=183.6978655308485 8797.4252818599343 3497.9288058429956 208.33435728400946 594.89478680491447 406.64632651209831 5423.1889161765575 2143.3782135024667 21.163031563162804 3859.8442517966032 896.47924870252609 8922.4061315134168 97.005757838487625 1741.7787750512362 436.62350054085255 860.02238388359547 76.137388169765472 1309.9210695624352 300.46070256829262 905.9914988130331 4515.104219250381 1084.3777104467154 19.224207371473312 7111.4984120875597 61.529660940170288 2498.9258134812117 456.37155167758465 357.51810529828072 1405.0935161113739 289.24005262553692 23.435561016201973
leaf_count=754 45830 19545 998 3190 2340 29056 12344 89 17619 4084 44769 409 9861 2014 4920 409 5931 1397 4478 22166 6104 113 33447 289 13423 2419 1653 6459 1363 101
internal_value=-0.000503382 -0.013152 0.0107353 -0.00727086 -0.0238655 -0.0097982 -0.0284261 -0.0137411 0.0208955 0.0343418 0.00671416 0.0624675 -0.00999969 0.00927674 -0.0108063 0.00296949 0.0187667 0.021408 0.00975539 0.0137682 -0.0237201 0.0445269 0.00687339 0.0465523 0.00285261 0.00545155 0.0111708 0.0196792 0.0148318 0.0949133
internal_weight=58505.6 27526.1 30979.5 17770.8 9755.3 14220.6 6725.68 3029.61 8784.23 1200.62 22195.3 304.139 2622.96 13177.6 2601.8 9017.77 7583.61 5626.93 12969.2 5421.1 4582.31 95.3616 7548.12 361.99 3550.19 2955.3 1956.68 5264.94 1599.16 120.441
internal_count=297574 149121 148453 93918 55203 74886 37993 17210 40059 5348 108394 1264 14870 63103 14781 45291 34711 25764 62105 26644 25649 522 35461 1686 19032 15842 8947 24078 7294 510
is_linear=0
shrinkage=0.1


Tree=53
num_leaves=31
num_cat=0
split_feature=11 11 11 15 4 15 4 20 3 3 0 19 11 0 10 10 0 15 0 4 20 3 19 17 2 3 5 13 15 0
split_gain=339.359 69.9927 57.3455 20.316 17.8905 29.7785 18.8289 21.2589 30.2037 18.9069 20.0846 16.6373 15.5166 14.5392 14.3456 13.9435 13.6731 18.5266 12.7432 11.7328 11.4219 10.8211 9.78904 9.24675 18.491 11.3392 9.58832 8.71274 7.66888 21.4163
threshold=0.022479546772528065 0.036139783476021044 0.01678854371209601 0.10480350527524428 0.021822744060883702 0.74655932909283662 0.00067220900428255359 1.0000000180025095e-35 -0.072108503337530813 0.022378572211858131 0.013360259164304724 1.0000000180025095e-35 0.029675347385636226 0.025803776523984915 0.74913418590299907 0.34492668739613241 -0.044962870846909503 0.080926491475190543 -0.031966024183264545 -0.025728446920836975 1.0000000180025095e-35 -0.057623317820068014 1.0000000180025095e-35 1.0000000180025095e-35 0.010095272848615446 -0.052613986870500666 -0.028976876312171659 -0.08093136695113394 0.12084593506745216 -0.027813582199931016
decision_type=2 2 2 2 2 2 2 2 2 2 2 2 2 2 2 2 2 2 2 2 2 2 2 2 2 2 2 2 2 2
left_child=2 3 4 -2 6 13 7 11 -9 10 -8 -1 18 -6 22 16 17 21 -5 -20 -11 -4 -3 25 -25 -17 -27 -26 -18 -30
right_child=1 14 15 12 5 -7 9 8 -10 20 -12 -13 -14 -15 -16 23 28 -19 19 -21 -22 -23 -24 24 27 26 -28 -29 29 -31
leaf_value=0.014817422113341453 -0.016163860123509712 -0.021367656765228435 -0.020738244224426352 0.019888298223587411 0.060580868762763598 0.007719155057067959 0.0059813785094124808 0.033208253665519216 -0.00205367196676468 -0.0021621668494246145 0.020474739756889411 0.0052701263377909618 -0.012058605673198306 0.16025834581095733 -0.030520718714987016 0.0027954793180677371 -0.0059349289409273706 0.10290353175680159 -0.032097914246363893 -0.0043302799843310319 0.009736459836073642 0.044216488833885653 -0.0036146814694685172 -0.0069476259142870313 0.027073078509041754 0.0061138113447421127 -0.0092869532295452601 0.0045402663010115918 0.037815238778264496 0.0029808468723527531
leaf_weight=8274.3917097076774 2536.3664038851857 1513.8069827258587 47.10810649394989 213.93848534673452 45.361431822180748 107.07807406783104 4752.5970807000995 275.70614339411259 2042.1935070976615 3704.1221507713199 1196.9536185115576 2341.8289987668395 3484.6816833391786 21.602338999509811 1622.7164319679141 1501.1091388314962 911.68324120342731 30.870818063616753 154.80385047197342 8937.0875659883022 1031.3990343436599 56.300260201096535 390.77516102790833 690.57177963852882 356.30902536213398 458.97151233255863 3391.1287152022123 331.03124025464058 180.26547954976559 8434.8979990631342
leaf_count=41369 12597 7961 221 1099 221 496 24077 1336 10425 19269 6048 12160 17800 106 8743 7319 4364 147 735 45071 5397 267 2091 3389 1820 2295 16688 1637 866 41560
internal_value=0.00015743 -0.010911 0.00535075 -0.00798806 0.00848614 0.0404302 0.00825076 0.010817 0.00214061 0.00514434 0.00889721 0.0127114 -0.00636679 0.0927366 -0.0236117 0.000799193 0.0032334 0.0349211 -0.00423542 -0.00480307 0.00042936 0.0146261 -0.0177252 -0.00269565 0.00460952 -0.0045767 -0.00745102 0.016221 0.00278677 0.00370973
internal_weight=59037.7 18854.2 40183.5 15326.9 23793.2 174.042 23619.2 12934.1 2317.9 10685.1 5949.55 10616.2 12790.5 66.9638 3527.3 16390.2 9661.13 134.279 9305.83 9091.89 4735.52 103.408 1904.58 6729.12 1377.91 5351.21 3850.1 687.34 9526.85 8615.16
internal_count=297574 96097 201477 77302 120904 823 120081 65290 11761 54791 30125 53529 64705 327 18795 80573 47425 635 46905 45806 24666 488 10052 33148 6846 26302 18983 3457 46790 42426
is_linear=0
shrinkage=0.1


Tree=54
num_leaves=31
num_cat=0
split_feature=10 10 10 11 12 3 2 12 11 14 3 11 14 9 14 2 3 4 19 5 8 1 9 9 4 1 3 7 7 8
split_gain=1001.73 233.86 133.918 66.0571 49.9209 55.7681 42.3186 39.8243 39.6489 38.9029 35.9461 33.0101 32.2974 28.9989 27.6947 33.0089 62.4502 26.6947 57.4191 53.0773 35.9744 26.1348 25.2104 34.1483 27.6178 25.0375 24.7941 23.9198 23.4126 22.7819
threshold=0.26285708135555713 0.36372451298430203 0.19724028262607265 0.02779561162461569 0.13392539655374777 -0.026902809994346463 -0.016267841545666292 0.04045267868002167 0.020443965689257913 0.62680546842207419 -0.34376032254024963 0.010329307022135577 0.95236497283477151 0.51470194535226621 0.33400470024447765 0.039220172924385739 0.049803763682460873 0.0082014865059765202 1.0000000180025095e-35 -0.0048130809176445957 -0.087722411309585094 -0.10511706597958258 0.31201649572510853 0.18851099351336251 0.021822744060883702 -0.027269309059113175 0.0026892466960752874 0.24329394243080063 -0.016001083036772942 0.69374748882022841
decision_type=2 2 2 2 2 2 2 2 2 2 2 2 2 2 2 2 2 2 2 2 2 2 2 2 2 2 2 2 2 2
left_child=2 9 7 4 5 6 -3 11 28 22 -5 -1 -12 -10 15 -9 -17 -4 -19 20 -20 -14 23 -2 25 -24 -25 -11 -6 -7
right_child=1 3 17 10 8 29 -8 14 13 27 12 -13 21 -15 -16 16 -18 18 19 -21 -22 -23 24 26 -26 -27 -28 -29 -30 -31
leaf_value=-0.060917816419491511 -0.018770319762782175 0.013828776180412611 -0.01866586136449663 0.049057883539022823 -0.026583637549648178 0.0016902421480559878 0.036743153470075236 -0.01718146360306767 0.01204683232851368 -0.010543943332973173 0.014984746644799228 -0.037736663214645916 0.075774614608564619 -0.0087992923871248376 -0.034114669424616217 0.15411740669557719 -0.024883556314213955 -0.014185158773662832 0.056691671108921454 0.0037893734437580576 0.19178369857248456 0.027327687202356038 0.0057214298895690019 0.016736219299829588 0.043021697353850634 -0.010103643170895753 0.0019567066486827281 0.05063190889345074 -0.0024776365865232467 0.013990280981014583
leaf_weight=903.32395512238145 513.76560213416815 2358.023289270699 8267.4687919765711 344.22468291223049 739.93401561677456 4169.1377868279815 1224.4876066073775 427.78584705665708 2212.0040499866009 5254.1016657724977 13100.163231730461 1919.893243715167 126.13080237805843 955.59913381934166 1187.6424049064517 34.526143975555897 44.755719512701035 723.01503475755453 53.7070597037673 124.95396909117699 31.142340935766697 950.14066283404827 1411.2189101651311 2014.3706547245383 120.27082884311676 3429.0690095126629 2600.3733039796352 64.701286636292934 884.55022428184748 2357.22764582932
leaf_count=9451 3137 9873 56153 982 4118 18334 5322 3347 9115 28810 44759 15773 371 4139 9705 233 360 4591 320 838 161 2989 6565 10577 553 17393 14149 297 4938 10221
internal_value=-0.000134428 0.00710139 -0.0237802 0.0123282 0.00765068 0.0116358 0.0216608 -0.0378796 -0.000755972 -0.00287925 0.0171282 -0.0451538 0.0163529 0.005758 -0.0257617 -0.00619757 0.0530689 -0.0168565 -0.000820363 0.0452368 0.106275 0.0330053 0.000769142 0.00568539 -0.00431356 -0.00548974 0.00840808 -0.00979976 -0.0134576 0.00613284
internal_weight=58547.7 44829.5 13718.2 29421.6 14901 10108.9 3582.51 4517.93 4792.09 15407.9 14520.7 2823.22 14176.4 3167.6 1694.71 507.068 79.2819 9200.29 932.818 209.803 84.8494 1076.27 10089.1 5128.51 4960.56 4840.29 4614.74 5318.8 1624.48 6526.37
internal_count=297574 196642 100932 115161 66060 43750 15195 38869 22310 81481 49101 25224 48119 13254 13645 3940 593 62063 5910 1319 481 3360 52374 27863 24511 23958 24726 29107 9056 28555
is_linear=0
shrinkage=0.1


Tree=55
num_leaves=31
num_cat=0
split_feature=11 11 11 14 19 1 14 9 10 10 20 15 9 10 13 11 12 10 6 2 13 10 6 10 3 5 17 13 9 14
split_gain=971.45 202.737 101.915 53.7119 41.7068 62.0001 38.1804 33.3386 38.3242 37.4095 31.3477 51.6126 30.3973 33.4298 30.9463 28.2193 27.2994 33.0626 26.0654 25.233 25.0332 29.568 24.7921 23.7305 22.2053 21.9136 21.2049 24.4445 21.7974 20.2388
threshold=0.016576172528162608 0.023027131359394361 0.012977434251688994 0.51711410166843919 1.0000000180025095e-35 -0.056640830946480751 0.058369681174294093 0.39521365846511275 0.36019430006645231 0.70819486140198606 1.0000000180025095e-35 0.1690708006427829 0.16466222082802426 0.21407142441951973 0.1221742636809607 0.010744510457786511 0.1374282485596964 0.3999865101404193 0.010200007471890539 -0.074188565789781377 -0.13740595010994708 0.59562729551883042 -0.06402798468032854 0.49175856942967727 0.034787546166182411 -0.016701461284019278 1.0000000180025095e-35 0.23006753116332226 0.41533657482422043 0.19872442655536579
decision_type=2 2 2 2 2 2 2 2 2 2 2 2 2 2 2 2 2 2 2 2 2 2 2 2 2 2 2 2 2 2
left_child=2 6 15 19 10 -6 24 8 18 -10 22 -12 14 -14 25 -1 17 -9 -8 26 21 -21 -5 -7 -2 -4 27 -3 -28 -15
right_child=1 3 12 4 5 23 7 16 9 -11 11 -13 13 29 -16 -17 -18 -19 -20 20 -22 -23 -24 -25 -26 -27 28 -29 -30 -31
leaf_value=-0.040290510284195752 -0.030491858349420926 0.0054414413941323847 -0.023092012383936517 0.035526700129763979 -0.023678634658112391 -5.5057475094722452e-05 0.0040782989043507472 -0.013323610606987991 0.013083815649832561 -0.033854762315419777 0.034490460159265969 0.00075773974401453965 -0.030143111702435017 -0.024519911099520904 -0.038856276840437777 -0.026384653666475799 -0.02753038208622486 0.0080764018902366123 -0.0066567312660864297 -0.0085692792736647826 0.0096560608768807617 0.012624232385516986 0.021291711084241924 0.023884828695706569 -0.0016181134157425754 0.022522621545507503 0.064404534903272068 0.026039931021248963 0.022279938687069692 -0.011248775338987599
leaf_weight=2258.1096386685967 654.12995126843452 1729.5011330097914 132.63870487362146 1567.464629098773 533.68657566606998 651.43941225111485 5008.963613666594 1686.292005866766 3803.0798921585083 177.72866240143776 643.56355954706669 1536.4784155339003 1523.9748019278049 1430.0366324037313 139.29012321680784 4125.3827722072601 601.94451680779457 1262.4445886909962 4124.0500545203686 1944.2762899696827 6777.5528764277697 995.25925336778164 5575.2852874845266 1136.297827526927 449.29095732420683 511.31960780918598 159.74343198537827 863.885632365942 531.69647264480591 5849.9097066372633
leaf_count=21168 3667 6538 919 5168 1896 2746 26604 8342 17541 872 2139 5650 11739 9413 1027 32842 3022 5483 22199 7943 25809 3509 19419 3729 2414 3299 581 3074 1835 37148
internal_value=-0.000492928 0.00742237 -0.021514 0.0132926 0.0182256 0.00623214 -0.000720326 0.000472498 0.00279988 0.0109882 0.021212 0.0107159 -0.0149956 -0.0166751 0.00388264 -0.0313037 -0.0081233 -0.00416161 -0.000769148 0.00887474 0.00631339 -0.00139364 0.0244156 0.0151613 -0.018735 0.0131272 0.0164517 0.012303 0.032012 -0.0138557
internal_weight=58384.7 42414.1 15970.7 24646.1 11644.2 2321.42 17767.9 16664.5 13113.8 3980.81 9322.79 2180.04 9587.17 8803.92 783.248 6383.49 3550.68 2948.74 9133.01 13001.9 9717.09 2939.54 7142.75 1787.74 1103.42 643.958 3284.83 2593.39 691.44 7279.95
internal_count=297735 180180 117555 90036 40747 8371 90144 84063 67216 18413 32376 7789 63545 58300 5245 54010 16847 13825 48803 49289 37261 11452 24587 6475 6081 4218 12028 9612 2416 46561
is_linear=0
shrinkage=0.1


Tree=56
num_leaves=31
num_cat=0
split_feature=10 9 14 10 12 12 3 10 4 4 19 3 20 13 12 13 14 14 14 9 15 7 4 14 3 5 13 8 4 15
split_gain=199.962 35.6499 29.4004 26.1273 25.6774 23.6116 21.8174 20.1408 17.1629 21.0627 19.1598 16.9995 18.0566 21.7469 24.599 19.0358 17.9907 15.5396 16.5902 15.0909 13.925 13.1685 12.5188 12.1438 11.2715 10.4956 10.3889 14.9442 12.8855 10.1154
threshold=0.40888583904467202 0.18445680022531213 0.47416106218686654 0.56892307882464022 0.095775920450261162 0.2572167034485689 -0.086052807243310422 0.82188146017770403 0.016403344406549229 -0.0019764054106579105 1.0000000180025095e-35 0.082207486701981539 1.0000000180025095e-35 -0.38926066422953126 0.037746393247261735 -0.055875617992986924 0.92643636606539204 0.06239517642769369 0.022169972269763211 0.55773892699219918 0.14491782912238535 0.25440565039228691 0.0030556101745267132 0.50537273580140007 -0.18650124962610479 -0.044305242545809302 0.059265164567011426 -0.49070587666215787 0.029382727285699465 0.48337267504050774
decision_type=2 2 2 2 2 2 2 2 2 2 2 2 2 2 2 2 2 2 2 2 2 2 2 2 2 2 2 2 2 2
left_child=1 11 8 4 24 7 22 -5 9 -3 -11 12 15 -14 -15 16 -1 18 -13 -6 -17 25 23 -4 -2 -7 28 -28 -8 -10
right_child=3 2 6 5 19 21 26 -9 29 10 -12 17 13 14 -16 20 -18 -19 -20 -21 -22 -23 -24 -25 -26 -27 27 -29 -30 -31
leaf_value=0.0092572469105617009 -0.032532387231918453 -0.0045856211337166504 0.028922994227411521 -0.014461653410222776 -0.0042689439990025203 -0.013562453951939689 0.0092992597601394902 -0.033401755631328182 0.0079845621474773209 0.00098900463134259054 0.012068364281400259 0.014064562494141467 -0.021386293422245333 0.0069627887620943687 0.033394558278801542 0.028631472550309824 0.038353406963227414 0.019447475213147245 0.11670511105760031 0.0064888947240135317 -0.0017382031414990154 -0.02147215510426604 0.0073378964481345165 -0.012307199508511968 -0.0098014756026764214 0.0031660338372204409 0.014977620662677361 0.00094425147606343835 -0.044001191784922601 -0.026155823620237686
leaf_weight=2936.3095641732216 229.85826873779297 5512.078790307045 75.907341867685318 4165.9364442452788 4356.9733917936683 511.69068120419979 9549.6079444885254 648.9063559025526 111.9838540405035 8214.0919461622834 1927.0335059612989 28.556948646903038 127.59414181858301 631.35166357457638 796.04538664221764 160.23333732038736 229.08787558972836 851.99041372537613 35.107471033930779 1860.900794878602 2613.898746304214 389.42206535488367 628.14802389591932 1213.0111992880702 4281.3096322417259 1404.533112436533 925.67167945206165 4210.4418781548738 45.572923600673676 385.68090419471264
leaf_count=15469 1126 28246 396 20952 21289 2690 47653 3410 561 41047 9237 143 659 3312 4011 845 1219 4271 181 9610 13882 2037 3150 6198 20847 7278 4718 21197 222 1879
internal_value=0.000508226 0.00433776 0.00284839 -0.00833306 -0.00521626 -0.0130294 0.00579727 -0.0170143 -0.000191324 0.000389927 0.00309432 0.0101462 0.00857473 0.0181678 0.0217035 0.00606322 0.011363 0.0230086 0.0706653 -0.00104931 1.59435e-05 -0.00470788 -0.00423773 -0.00987906 -0.0109597 -0.00130099 0.00710318 0.00347346 0.00904611 -0.0184736
internal_weight=59058.9 41209.4 32799.2 17849.5 10729 7120.49 16648.4 4814.84 16150.9 15653.2 10141.1 8410.18 7494.52 1554.99 1427.4 5939.53 3165.4 915.655 63.6644 6217.87 2774.13 2305.65 1917.07 1288.92 4511.17 1916.22 14731.3 5136.11 9595.18 497.665
internal_count=297735 208496 164504 89239 52872 36367 83534 24362 80970 78530 50284 43992 39397 7982 7323 31415 16688 4595 324 30899 14727 12005 9744 6594 21973 9968 73790 25915 47875 2440
is_linear=0
shrinkage=0.1


Tree=57
num_leaves=31
num_cat=0
split_feature=11 11 11 11 11 12 9 2 1 11 4 1 9 12 4 1 15 7 9 0 4 15 14 6 9 4 4 9 4 7
split_gain=763.877 178.399 95.3245 34.443 34.3018 21.3078 27.8338 25.8137 27.5468 18.8817 17.7987 16.5544 16.0889 15.251 15.2182 14.3461 13.4382 12.9344 12.903 12.8986 12.877 12.3596 12.191 13.3675 12.2144 11.0344 12.8663 11.022 13.7557 10.7834
threshold=0.018451038353061049 0.027229499318686196 0.012038742466260436 0.044158746284191218 0.015293030908113379 0.020115053419348803 0.1301437920196182 0.016358879983861877 -0.0076385635261106968 0.021842103612124044 -0.014921374196176672 0.012701335983695385 0.73496066068277965 0.34337448302621493 0.021822744060883702 0.046474860524288404 0.27611692735977816 0.26762958522706709 0.12387611204864847 -0.0060889820768146299 -0.0085860966903794616 0.69587106341357885 0.038242204907296136 0.074483227494994711 0.35269650915031697 0.0069187823586511774 -0.014423084149291608 0.2581428043552963 0.029382727285699465 0.03533247728016143
decision_type=2 2 2 2 2 2 2 2 2 2 2 2 2 2 2 2 2 2 2 2 2 2 2 2 2 2 2 2 2 2
left_child=2 9 5 10 11 6 7 8 -1 22 -3 16 -11 18 -12 25 20 -14 19 -7 -4 -13 23 -2 -24 26 -6 -17 -29 -20
right_child=1 3 4 -5 15 13 -8 -9 -10 12 14 21 17 -15 -16 27 -18 -19 29 -21 -22 -23 24 -25 -26 -27 -28 28 -30 -31
leaf_value=0.020394146332329069 0.0085994852418201564 -0.033283678615486575 -0.018213257644226721 -0.039819472088450499 -0.015057581225970375 -0.011108015697126661 0.021343138316867044 0.0070126845290376721 0.092317802333535315 -0.010580931233784317 -0.018161842234961239 0.019479733582993458 0.010058323826764744 0.082330619835956409 -0.034426328678084463 -0.0018176663819875758 0.010389510319874694 0.095575562884466156 0.021896641090992132 0.01322726962052388 0.0041482544585040087 0.0085923619568942077 -0.0072982793610289259 0.079101424142764082 0.00042448577194737045 -0.0064675018913502112 0.0038297795614781987 0.020382249147864833 -0.041428936920505526 0.013154161512353969
leaf_weight=74.891688138246536 358.11989250779152 1102.4342920035124 300.90118566155434 1169.4218884035945 379.24917478859425 277.32334631681442 711.99377779662609 81.50541415810585 184.28530615568161 8734.6488388702273 6417.2345755919814 2805.457206055522 165.44536267220974 36.024181887507439 631.93659099936485 392.35313296318054 5332.0563615113497 19.803469352424145 4213.377166941762 1014.8750064820051 1786.2835946381092 1659.4616165906191 5182.8412940055132 29.077087059617043 3385.9229665473104 1499.6176240593195 7362.3653906285763 941.67059625685215 37.434977546334267 2121.1444224864244
leaf_count=311 1885 6480 1415 7040 1877 1190 3156 326 765 47133 37666 13406 900 160 3689 1888 25348 118 18969 4430 8442 7786 26675 166 18077 7423 36533 4812 178 9491
internal_value=-0.00030314 -0.0125542 0.0103719 -0.0237702 0.00693215 0.0192507 0.0325911 0.0560984 0.0715348 -0.00670585 -0.0214678 0.0106221 -0.00996243 0.0174181 -0.0196199 0.00280006 0.0077268 0.0192003 0.0171114 0.00800459 0.000924484 0.0154333 -0.00346237 0.0138939 -0.00424665 0.00138368 0.00290452 0.012344 0.018019 0.0189692
internal_weight=58409.2 27196.9 31212.3 9321.03 22496.9 8715.42 1052.68 340.682 259.177 17875.9 8151.61 11884.2 8919.9 7662.74 7049.17 10612.7 7419.24 185.249 7626.72 1292.2 2087.18 4464.92 8955.96 387.197 8568.76 9241.23 7741.61 1371.46 979.106 6334.52
internal_count=297735 149829 147906 54875 109108 38798 4558 1402 1076 94954 47835 56397 48151 34240 41355 52711 35205 1018 34080 5620 9857 21192 46803 2051 44752 45833 38410 6878 4990 28460
is_linear=0
shrinkage=0.1


Tree=58
num_leaves=31
num_cat=0
split_feature=11 11 11 4 0 15 0 15 11 7 10 4 19 15 8 0 8 4 9 10 20 9 9 9 7 15 0 9 13 10
split_gain=280.902 66.8285 55.0872 22.894 21.4017 28.3722 29.3817 22.2056 18.8395 17.6225 16.6367 15.2675 15.1777 14.3989 13.8747 12.0806 10.5861 10.2873 11.0775 12.0517 18.6249 11.4264 10.187 10.1651 13.3244 9.40331 20.222 9.09705 8.99981 8.31572
threshold=0.022479546772528065 0.036139783476021044 0.01678854371209601 0.016403344406549229 -0.007424883585464225 0.38340048497319285 -0.013474932280729044 0.39912729062547331 0.013244819933480421 -0.027253677056025879 0.47391475795970972 -0.00022168542386258314 1.0000000180025095e-35 0.10480350527524428 -1.7614582929819025 -0.0051814034443080628 2.1323340227097787 -0.001323516170326444 0.23421175694823285 0.3141938505536529 1.0000000180025095e-35 0.44443835107664692 0.65317830252663855 0.14974741262225771 0.0033983536873283264 0.85172759149978183 0.024109257937961152 0.58383386745037125 -0.50245058487890493 0.48463163343710364
decision_type=2 2 2 2 2 2 2 2 2 2 2 2 2 2 2 2 2 2 2 2 2 2 2 2 2 2 2 2 2 2
left_child=2 10 3 4 5 11 -7 15 -9 -5 14 -1 29 -12 -2 -6 27 23 -19 20 -20 -21 -15 24 -4 26 -11 -16 -24 -3
right_child=1 12 17 9 7 6 -8 8 -10 25 13 -13 -14 22 16 -17 -18 18 19 21 -22 -23 28 -25 -26 -27 -28 -29 -30 -31
leaf_value=0.013353413304740019 -0.024237960861438933 -0.0064310808788755718 0.10027276904739656 0.067048330890923769 0.0087683775163639923 0.053341724202869395 0.017427675263938746 0.01144972861113301 0.0039787729189309376 0.011684156522561292 -0.020112348392043872 0.0022185928385284374 -0.0093348712151577421 -0.010888850665327073 -0.00327422691969679 -0.0048052713718398218 -0.028038216232164903 -0.010045801341359939 0.0007685181028602579 -0.0051410843661431858 0.019463400149912435 0.0080737239941289195 0.06671270239029542 0.0032410417290453953 -0.0015925129606676938 -0.0021082884880360606 0.090792632010865154 0.01678284563938506 -0.0018735389146495125 -0.027379727318224523
leaf_weight=3384.3180672153831 326.56094950437546 204.79207146167755 24.968483164906502 105.84223537147045 877.67130652070045 299.81212969124317 948.35830740630627 6542.9127105623484 6972.068626537919 108.31269896030426 1309.5642444714904 1935.7470786720514 702.009645357728 4172.9040597304702 7631.1525664851069 2592.4262604266405 168.14399725943804 1320.3215841203928 2690.2218579053879 4468.1225768625736 664.54230399429798 766.571393892169 19.411865524947643 6487.7441767007113 26.436919748783112 119.16943436861038 46.051719084382057 233.03957466036081 1326.7535153329372 2536.1263587623835
leaf_count=16470 1598 1083 125 497 4461 1475 4722 34314 34764 511 6643 9661 3863 21135 38501 13423 812 6401 13360 22146 3265 3925 109 31428 120 565 218 1281 7090 13769
internal_value=0.000282255 -0.00987526 0.00496852 0.00803053 0.007638 0.0124854 0.0260543 0.00576349 0.00759563 0.0324006 -0.00702365 0.00930192 -0.0224543 -0.0106855 -0.00403219 -0.00137217 -0.00321071 0.000513392 -0.00151808 -0.000207251 0.00447177 -0.0032059 -0.00844868 0.003592 0.0478852 0.0189938 0.0352847 -0.00267988 -0.000884517 -0.0258145
internal_weight=59012.1 18630.5 40381.6 23932.7 23553.3 6568.24 1248.17 16985.1 13515 379.376 15187.5 5320.07 3442.93 6828.63 8358.9 3470.1 8032.34 16448.9 9909.78 8589.46 3354.76 5234.69 5519.07 6539.15 51.4054 273.534 154.364 7864.19 1346.17 2740.92
internal_count=297735 95884 201851 121081 119290 32328 6197 86962 69078 1791 77169 26131 18715 34977 42192 17884 40594 80770 49097 42696 16625 26071 28334 31673 245 1294 729 39782 7199 14852
is_linear=0
shrinkage=0.1


Tree=59
num_leaves=31
num_cat=0
split_feature=11 11 13 11 18 11 0 13 1 19 4 4 16 4 19 3 13 4 0 13 4 0 8 12 3 20 7 0 19 12
split_gain=841.52 201.114 102.198 110.663 90.7496 63.4951 42.9377 39.7972 41.0152 60.4102 65.3137 51.9271 48.94 39.5172 39.0406 38.0073 37.0472 31.8539 31.5933 31.5331 38.7349 35.8602 31.0534 30.4008 28.273 27.7733 26.9651 24.5424 25.47 23.4421
threshold=0.015031154064531033 0.022043201637145848 -0.5408551855065008 0.011399130671177777 1.0000000180025095e-35 0.030912807076674337 -0.0016032084274071321 0.32647205287723219 -0.021255428138673867 1.0000000180025095e-35 0.010727960650763426 -0.0085860966903794616 1.0000000180025095e-35 -0.0099648187829379769 1.0000000180025095e-35 -0.34376032254024963 -0.36043481640292557 0.048526089622378574 -0.023539624473828177 0.23006753116332226 0.015797673194783982 -0.015168945411622612 2.3884422435430768 0.025067426484421517 -0.2031055769101768 1.0000000180025095e-35 0.36617960166685798 -0.0089978537682080511 1.0000000180025095e-35 0.043162301728408257
decision_type=2 2 2 2 2 2 2 2 2 2 2 2 2 2 2 2 2 2 2 2 2 2 2 2 2 2 2 2 2 2
left_child=2 7 4 -4 25 15 29 8 9 16 -11 14 -13 27 -10 -3 -2 18 -17 20 24 -22 -21 -15 -7 -1 -24 -5 -29 -6
right_child=1 5 3 13 6 19 -8 -9 11 10 -12 12 -14 23 -16 17 -18 -19 -20 22 21 -23 26 -25 -26 -27 -28 28 -30 -31
leaf_value=-0.03231011689985492 0.032257608651382323 0.074217380179297965 -0.042887928414748956 -0.010774344950124241 0.037136810177908368 0.034503321582849106 -0.049440191125577349 -0.018169667781116974 0.0043945188205228294 0.0187742176834487 0.094367353135349469 -0.0088318799942789846 0.0072341059940229024 -0.040740403883614731 0.041501875240924406 0.016189582998823209 -0.0014845396205286883 0.06321269426365779 0.004777264204146721 0.0050805765778431933 0.077224082697162022 0.029786844009535136 0.064299464064565354 -0.019743061835978175 0.015138696691780008 0.042940483030185661 0.003305445606659488 0.012224321970017072 0.093331629304193531 0.12584977601658279
leaf_weight=194.56857314705849 355.44641774892807 85.199260294437408 2905.6294100284576 262.47670746594667 41.677844941616058 868.32330131530762 21.958082094788551 1363.4068361222744 1029.541258983314 1019.0318648293614 128.73790809512138 9476.9515020921826 2370.2647251263261 765.67537325620651 391.28627673536539 2979.3814170956612 3848.6674620881677 101.07554645836353 13054.415402591228 2600.956183552742 186.36147613823414 1099.7895627617836 175.51023206114769 6934.0982685610652 5725.055964127183 65.576881147921085 123.47320176661015 126.94742116332054 55.707936272025108 104.40037632733583
leaf_count=1285 1673 275 28301 1713 201 2622 140 7672 5230 4996 562 52520 12358 6182 1947 11143 19749 367 53644 8854 546 3456 562 50600 18774 407 375 849 348 384
internal_value=-3.18341e-06 0.00592708 -0.024276 -0.0261334 0.0236589 0.0115558 0.0809405 -0.00167786 -0.000470279 0.00691953 0.027253 -0.00345108 -0.00561757 -0.0201563 0.0146136 0.00760242 0.00136827 0.00725067 0.00689789 0.0175044 0.0207856 0.0366604 0.00858904 -0.0218311 0.0176889 -0.0133411 0.0391104 0.00881344 0.0369612 0.100539
internal_weight=58461.6 46982.9 11478.7 11050.5 428.182 26999.5 168.036 19983.3 18619.9 5351.88 1147.77 13268 11847.2 8144.91 1420.83 16220.1 4204.11 16134.9 16033.8 10779.5 7879.53 1286.15 2899.94 7699.77 6593.38 260.145 298.983 445.132 182.655 146.078
internal_count=297735 207325 90410 87993 2417 100618 725 106707 99035 26980 5558 72055 64878 59692 7177 65429 21422 65154 64787 35189 25398 4002 9791 56782 21396 1692 937 2910 1197 585
is_linear=0
shrinkage=0.1


Tree=60
num_leaves=31
num_cat=0
split_feature=10 10 10 13 3 7 3 19 4 6 20 4 0 20 19 14 3 13 2 12 10 6 3 15 0 0 15 19 4 9
split_gain=626.646 154.475 62.1489 54.1558 43.9214 49.1634 38.3621 38.2402 68.3306 45.5853 53.6036 62.3491 38.9067 35.7092 36.8812 31.7421 31.6946 30.0841 29.5153 35.507 26.8266 26.7287 30.3154 26.2453 41.2535 26.0429 23.821 22.904 35.0493 30.6047
threshold=0.265148439602025 0.40441205783587747 0.21407142441951973 0.0023406023399966799 -0.052613986870500666 -0.07312324392528928 -0.0018579498422011118 1.0000000180025095e-35 -0.0053699594206650927 -0.032064381996633022 1.0000000180025095e-35 -0.020865001061538987 0.011358219811755889 1.0000000180025095e-35 1.0000000180025095e-35 0.68189454015336504 -0.0072331576201229977 0.17391754489957809 -0.11718853168881037 0.058104023997891545 0.94373126875426505 -0.04971733542357664 -0.27498950731864341 0.79335791032548775 0.015271160205368119 -0.017802016296135866 0.084956048778661669 1.0000000180025095e-35 0.0048431003243250012 0.21327223922234051
decision_type=2 2 2 2 2 2 2 2 2 2 2 2 2 2 2 2 2 2 2 2 2 2 2 2 2 2 2 2 2 2
left_child=2 7 17 4 21 6 -6 9 26 10 11 -2 -10 14 20 -7 -16 27 19 -4 -5 22 -3 24 -11 -12 -9 28 -1 -30
right_child=1 3 18 13 5 15 -8 8 12 23 25 -13 -14 -15 16 -17 -18 -19 -20 -21 -22 -23 -24 -25 -26 -27 -28 -29 29 -31
leaf_value=-0.024046336432474093 0.089175741054761407 -0.019772387260062439 -0.01478313736169091 0.02106566767409479 0.011148732229702083 0.0042138542629098349 0.056378366076416359 0.0047105050792454395 -0.010501618631192648 -0.0022101295398719283 -0.031788978603107289 0.014581205315140551 0.01407055703075704 0.0043007307192524475 -0.0055582038813738605 0.017105215065718819 0.018647839879817125 -0.041758049638892555 -0.013070272468375816 0.13397020796919809 0.047661977466679356 -0.00981141296918547 0.010575439735543568 0.0065168232628179589 -0.025952021437167364 0.002744530540142827 -0.03803580407684979 -0.03730394512281953 0.01109100341977419 -0.03594256976961089
leaf_weight=3641.6215784735978 116.76036733388901 391.79123932123184 34.25071793794632 6331.1345011405647 351.80298016965389 5607.579536870122 401.58058359473944 152.95393411070108 1789.8142819851637 8530.7769937291741 344.1574469730258 2778.2113824561238 1006.8655040562153 2029.6499759629369 987.31285558640957 2896.6639630906284 1196.4159074500203 1018.4322675913572 7216.1133667230606 30.191112846136093 403.41339714825153 2020.3675937652588 2059.1002038866282 2991.4846610873938 800.5430028885603 597.52387069165707 882.75018390268087 924.50389402359724 569.46132581681013 182.74484937638044
leaf_count=31287 476 1418 189 22154 1343 22105 1381 719 9580 44751 1706 13431 5248 7360 3708 10679 4229 8768 48724 130 1091 8480 7639 14941 4343 2979 4763 8252 4364 1383
internal_value=8.30638e-06 0.00573328 -0.0187712 0.0110264 0.006843 0.0107738 0.0352578 -0.000800221 -0.00978096 0.00132966 0.0108484 0.0175898 -0.0016551 0.0162724 0.0189969 0.00860483 0.00770374 -0.0260126 -0.0124686 0.0549081 0.0226588 -0.0012957 0.00572414 -0.00163395 -0.00424697 -0.00987647 -0.031723 -0.0229974 -0.0199871 -0.000335576
internal_weight=58286 44668.7 13617.3 24676.8 13728.9 9257.63 753.384 19991.8 3832.38 16159.5 3836.65 2894.97 2796.68 10947.9 8918.28 8504.24 2183.73 6336.76 7280.56 64.4418 6734.55 4471.26 2450.89 12322.8 9331.32 941.681 1035.7 5318.33 4393.83 752.206
internal_count=297621 194524 103097 91587 53045 35508 2724 102937 20310 82627 18592 13907 14828 38542 31182 32784 7937 54054 49043 319 23245 17537 9057 64035 49094 4685 5482 45286 37034 5747
is_linear=0
shrinkage=0.1


Tree=61
num_leaves=31
num_cat=0
split_feature=11 10 0 0 15 18 19 0 11 18 6 5 4 2 5 16 17 14 2 15 4 4 20 15 12 13 14 16 15 14
split_gain=182.62 49.691 30.6546 27.5436 37.9328 40.7671 29.0389 54.3061 22.7974 20.0432 37.4406 26.5966 20.5056 18.6076 21.9881 22.9726 19.8067 19.6306 16.4314 16.2919 16.1939 14.5667 14.0588 13.2547 14.138 13.1111 12.9213 12.6043 11.4108 11.0637
threshold=0.02144853421169984 0.44064931922954753 -0.040920870652533241 -0.01032650012063163 0.36323918554492646 1.0000000180025095e-35 1.0000000180025095e-35 0.0035835960349781541 0.038481157001669777 1.0000000180025095e-35 -0.017799664164024894 -0.0087067219567025771 0.0040290874754549408 0.033576839406622934 0.0079051949341101286 1.0000000180025095e-35 1.0000000180025095e-35 0.31810545984663513 -0.067893702136522002 0.24840553319420722 0.0058381867371959393 -0.031642664154679194 1.0000000180025095e-35 0.20476672330873838 0.026034610384421189 -0.26172478139246225 0.4222372417777337 1.0000000180025095e-35 0.19684248106183702 0.15844244819954842
decision_type=2 2 2 2 2 2 2 2 2 2 2 2 2 2 2 2 2 2 2 2 2 2 2 2 2 2 2 2 2 2
left_child=3 29 -3 9 5 6 22 -8 21 11 12 19 25 14 18 -16 27 -18 -6 -1 -21 -4 -5 -13 -25 -11 28 -15 -7 -2
right_child=1 2 8 4 13 26 7 -9 -10 10 -12 23 -14 16 15 -17 17 -19 -20 20 -22 -23 -24 24 -26 -27 -28 -29 -30 -31
leaf_value=0.001145058514012694 -0.0084900515862507148 -0.025081522078737647 -0.038435168994591241 -0.00040259177604282028 0.016092932358470924 0.078011135039097568 0.01596994265880872 0.090458289858613553 -0.018486745308450136 -0.030318407680103243 -0.022013982173482313 0.0034666172302506531 0.051550065757438271 0.0053455833061298533 0.014924036743621522 -0.0021918544714423622 -0.0257026559888438 -0.0019759460636554621 0.0024543860472687421 -0.0092674592369389342 -0.050653805233848284 -0.0065763579033324519 0.013451361983365074 0.053329449014616517 0.014425770683146558 0.006651823776427074 0.022444119003953215 -0.0051741402951398386 0.03664196890124783 0.00046266761814825691
leaf_weight=2760.4077880829573 1707.3401346579194 1377.2772210985422 145.84907079488039 2073.7522022053599 972.86306822299957 83.874863803386688 994.14455202966928 108.56325672566891 2171.6447356417775 113.54757099598646 1056.5594854578376 1423.7452810555696 89.790290534496307 4868.1973300278187 4153.4902156293392 966.67840362340212 512.19854937493801 1092.4403205364943 9602.1829887107015 1064.2128490954638 103.76281388103962 8972.7942844629288 1132.5185206383467 102.19790083914995 1086.6959865540266 618.10712639987469 650.85604244470596 1486.8224184289575 325.13849759101868 7207.5730654299259
leaf_count=14082 8383 7252 693 10804 4891 432 4852 525 11272 583 5389 7201 454 23634 20907 4988 2695 5679 49093 5647 503 44933 5566 544 5592 3284 3340 7350 1660 35393
internal_value=0.000354708 -0.00697165 -0.010997 0.00457772 0.00603848 0.0136269 0.0093052 0.0233034 -0.00927883 -0.000458125 -0.0095641 0.00215631 0.00644919 0.00431617 0.0063135 0.0116926 0.000377762 -0.00954948 0.00370908 -0.00304392 -0.0129442 -0.00708593 0.0044909 0.00997542 0.0177699 0.000914309 0.031197 0.00288439 0.0451254 -0.00125191
internal_weight=59025.2 21582.5 12667.6 37442.7 29023.7 5368.85 4308.98 1102.71 11290.3 8419.03 1878 6541.02 821.445 23654.9 15695.2 5120.17 7959.66 1604.64 10575 3928.38 1167.98 9118.64 3206.27 2612.64 1188.89 731.655 1059.87 6355.02 409.013 8914.91
internal_count=297621 107926 64150 189695 146416 27179 21747 5377 56898 43279 9710 33569 4321 119237 79879 25895 39358 8374 53984 20232 6150 45626 16370 13337 6136 3867 5432 30984 2092 43776
is_linear=0
shrinkage=0.1


Tree=62
num_leaves=31
num_cat=0
split_feature=11 11 10 11 11 12 9 12 3 7 18 13 12 2 10 11 4 17 3 10 4 11 15 11 9 5 6 3 12 9
split_gain=600.333 137.362 112.658 35.8709 33.9366 29.2389 25.5957 28.1672 22.3457 25.0728 19.5033 17.1321 15.2866 14.7845 14.0107 13.3665 12.8256 19.1194 15.7743 12.5343 11.9363 11.5078 11.4007 12.8357 10.9163 10.0929 9.92765 9.87614 9.76883 13.8415
threshold=0.020888055360552379 0.015293030908113379 0.49175856942967727 0.010842283545387911 0.038481157001669777 0.2219000440931195 0.70249997788288554 0.24169830821690266 0.018031003861258336 0.092696738815933447 1.0000000180025095e-35 0.095235335740154026 0.035070226204737341 0.037793051249134464 0.1999148660094881 0.025155626670288814 0.011540200991565943 1.0000000180025095e-35 -0.046233783698409685 0.64331968816409157 -0.011973399062860322 0.0085193032384201957 0.23683330407500938 0.030912807076674337 0.20823411594992025 -0.025549770768492183 -0.18558269731237617 0.079614531956432547 0.1374282485596964 0.42370036116769788
decision_type=2 2 2 2 2 2 2 2 2 2 2 2 2 2 2 2 2 2 2 2 2 2 2 2 2 2 2 2 2 2
left_child=1 3 15 5 6 12 22 19 10 14 24 16 21 -12 -10 28 20 -18 -19 -8 -3 -1 -4 -24 -5 -14 -9 -22 -2 -30
right_child=2 11 4 8 -6 -7 7 26 9 -11 13 -13 25 -15 -16 -17 17 18 -20 -21 27 -23 23 -25 -26 -27 -28 -29 29 -31
leaf_value=0.037802099868212126 -0.0063539022089800241 -0.012345274308293602 -0.029653825043829792 0.00015151550318560274 -0.033831035545160086 0.086226978899957951 -0.0054539264341579262 -0.04059746686752113 0.025368519500202469 0.0037375002467040907 0.018858635249835935 0.0056337733281924506 -0.016805969178206242 -0.016555487538162997 0.014333244009939204 -0.011967412847204182 -0.019174497938762691 0.062438213152904126 -0.002819198812881939 -0.028532212720378348 -0.0011927532726282277 0.021071390852175978 -0.014985406062889547 -0.028118716524753062 0.0082979256168386889 0.014690342964557391 0.018341614642120582 0.0061443969873105596 -0.0045642458874390916 0.02417255570887478
leaf_weight=509.91223491728306 6319.2917774841189 787.71833651512861 1577.4202641993761 3290.3091898113489 2151.3786527141929 65.601791456341743 476.42163671553135 30.79665694385767 1619.8985002338886 1724.3285587877035 1580.5298708826303 4821.3280213326216 106.4076444208622 127.38481295108795 3970.6494476497173 4728.3508390933275 781.46397331357002 53.965130031108856 118.11628213524818 465.06800770014524 8413.5640687346458 2121.8475572913885 2241.3252851888537 1114.0664552971721 3289.3448921740055 2320.0089504867792 396.78611627221107 2346.1317205578089 459.7209625467658 263.78870824724436
leaf_count=2152 33771 4059 9072 15044 13368 285 2893 177 7412 8004 7450 24172 463 575 18638 26991 3923 304 601 2856 42637 9182 12727 6693 15606 10188 2483 11952 2454 1489
internal_value=-0.000257837 0.00714217 -0.0141796 0.0126351 -0.0229868 0.0198947 -0.0192847 -0.00718761 0.0102511 0.0142793 0.00669569 0.0005698 0.0190344 0.0162173 0.0175308 -0.00785481 -0.00138326 -0.0125298 0.0176457 -0.0168539 -0.000462817 0.024313 -0.0226422 -0.019346 0.00422412 0.0133091 0.0140965 0.000407099 -0.00509371 0.00591308
internal_weight=58272.9 38048.5 20224.4 20726.2 8453.26 5123.78 6301.88 1369.07 15602.4 7314.88 8287.57 17322.3 5058.18 1707.91 5590.55 11771.2 12501 953.545 172.081 941.49 11547.4 2631.76 4932.81 3355.39 6579.65 2426.42 427.583 10759.7 7042.8 723.51
internal_count=297621 182647 114974 94999 50269 22270 36901 8409 72729 34054 38675 87648 21985 8025 26050 64705 63476 4828 905 5749 58648 11334 28492 19420 30650 10651 2660 54589 37714 3943
is_linear=0
shrinkage=0.1


Tree=63
num_leaves=31
num_cat=0
split_feature=11 11 11 1 9 17 3 8 11 10 3 8 17 3 2 6 3 5 2 8 0 9 8 3 9 2 0 12 10 6
split_gain=241.498 57.8951 40.0392 18.144 18.78 15.7024 17.9346 15.0011 18.6707 14.0083 13.7255 37.102 35.9575 26.607 20.7119 18.1252 22.1419 20.8324 15.0134 13.1643 13.0997 12.6763 12.0644 11.5657 11.4325 11.4304 11.3125 11.178 14.9734 10.88
threshold=0.022479546772528065 0.036673773158874365 0.014233268973295226 -0.0048448243272063421 0.14074880764330661 1.0000000180025095e-35 -0.016240074270627899 -0.55115596330727623 0.0085193032384201957 0.39572721769625419 -0.045005852029449837 -0.86767599556311203 1.0000000180025095e-35 -0.12606324886165041 0.089318275245138259 0.011168605814779744 0.094922883805674832 -0.03370493093583931 0.031525165072900048 0.64117281219872269 0.0041061379930926742 0.46132521587079661 1.2284939267417097 0.050735517080963806 0.71735124252824012 0.027065746575321018 1.0000000180025095e-35 0.383058881376456 0.84427182283439006 -0.039075730174413563
decision_type=2 2 2 2 2 2 2 2 2 2 2 2 2 2 2 2 2 2 2 2 2 2 2 2 2 2 2 2 2 2
left_child=2 9 3 7 20 6 -6 8 -1 21 11 14 13 -13 -4 17 22 -12 -14 -18 25 -2 -17 -22 -11 -5 -7 28 -3 -10
right_child=1 27 10 4 5 26 -8 -9 29 24 15 12 18 -15 -16 16 19 -19 -20 -21 23 -23 -24 -25 -26 -27 -28 -29 -30 -31
leaf_value=0.059442881893867962 -0.0038424591979701974 -0.01929847480960499 -0.002697068525191075 -0.01778448490508323 0.015996236537450702 0.0064309566112668755 0.002516919175696325 0.015802666078701073 0.012720767614702005 -0.0096972449539739075 0.010032276885322773 0.048656986181798811 -0.010570535914399699 0.014834984933911048 0.095682775018815794 0.0064017059817654811 -0.015572210892743694 -0.0052253793074484647 0.046222662023458372 -0.00012801117986000081 0.015879787348917169 0.013171704243538135 0.081377338405188654 -0.014562885168763704 0.00088498463966220895 0.0067281799435857607 0.023441945987512317 -0.0024851144336013741 -0.03597667354593883 -0.0051859429113516623
leaf_weight=58.702905222773552 3758.1409951522946 2188.1677025556564 3127.6427890211344 716.69747474789619 1263.1088425517082 654.6786819845438 4517.0070651248097 4457.2728627324104 561.10960277915001 9943.4598490670323 1038.8644469827414 254.84497207403183 698.26627060770988 2663.8562932014465 21.54714734852314 7064.9621196240187 656.9557608217001 6456.6412891596556 49.870991721749306 3451.518503382802 444.36389108002186 495.64796525239944 21.527213871479034 173.53384372591972 1137.7243467494845 258.96648997068405 970.36839635670185 280.16987900435925 713.92677907645702 858.389892578125
leaf_count=340 18834 12020 14999 4013 6318 3213 23510 22061 2738 50872 5100 1267 3356 12915 121 35133 3286 31481 246 17300 2406 2550 117 941 6160 1371 4917 1614 4037 4385
internal_value=0.000172849 -0.00928532 0.00450362 0.00861576 0.00578493 0.00790414 0.00546251 0.0129076 0.00417781 -0.00673814 0.00209593 0.00593727 0.0127746 0.0177881 -0.00202394 0.000695078 0.0032432 -0.00311069 -0.00678469 -0.00259758 -0.00406289 -0.00185998 0.00662947 0.0073301 -0.00861075 -0.0112782 0.0165888 -0.0215599 -0.0234014 0.00189235
internal_weight=58957.9 18517.2 40440.7 14934.2 8998.72 7405.16 5780.12 5935.48 1478.2 15335 25506.5 6816.03 3666.84 2918.7 3149.19 18690.5 11195 7495.51 748.137 4108.47 1593.56 4253.79 7086.49 617.898 11081.2 975.664 1625.05 3182.26 2902.09 1419.5
internal_count=297621 96087 201534 76213 46689 37958 29828 29524 7463 78416 125321 32904 17784 14182 15120 92417 55836 36581 3602 20586 8731 21384 35250 3347 57032 5384 8130 17671 16057 7123
is_linear=0
shrinkage=0.1


Tree=64
num_leaves=31
num_cat=0
split_feature=10 10 10 3 13 1 4 13 11 13 11 18 15 8 16 1 18 17 8 1 7 4 9 2 4 1 14 20 9 9
split_gain=720.683 167.713 135.193 57.7641 47.2898 52.0404 64.4412 46.6624 47.7438 44.1591 55.4193 45.279 42.4248 41.9229 30.7013 37.023 29.3652 36.1946 29.1639 27.2635 27.2436 25.6715 29.9343 26.3364 25.3096 21.1095 20.8977 20.0114 26.3011 18.5818
threshold=0.27498214330789067 0.36372451298430203 0.17206222653602618 -0.18650124962610479 0.29752293239579425 -0.030996125211167899 0.014472590030852219 -0.41533958687105726 0.012623850729863972 -0.47363273695030123 0.013244819933480421 1.0000000180025095e-35 0.90600871716975961 -1.3517674265205557 1.0000000180025095e-35 -0.013260395954696412 1.0000000180025095e-35 1.0000000180025095e-35 2.3884422435430768 -0.015037895462080229 -0.059738389359484383 -0.008192632318585245 0.4292650287537631 -0.049972145613486944 0.010977996879329101 0.016088256047704256 0.29459183166864505 1.0000000180025095e-35 0.16466222082802426 0.96303345466954904
decision_type=2 2 2 2 2 2 2 2 2 2 2 2 2 2 2 2 2 2 2 2 2 2 2 2 2 2 2 2 2 2
left_child=2 7 20 13 5 6 -5 14 -9 11 25 27 -7 16 15 -2 17 -3 -6 -13 -1 23 -23 -10 -12 26 -11 -4 -29 -20
right_child=1 3 9 4 18 12 -8 8 21 10 24 19 -14 -15 -16 -17 -18 -19 29 -21 -22 22 -24 -25 -26 -27 -28 28 -30 -31
leaf_value=0.0017541488165211062 0.070946474312302749 0.032478437014691511 -0.022090238873995201 0.014925828718653176 -0.0047411391702316188 0.0051270385887582405 0.048290260661175234 -0.044817275818792954 -0.011679974554475996 -0.0066028957896563647 -0.013381688921012606 0.11260301298742044 0.017481687332764978 0.061693649108713888 -0.02220819800714828 0.014236913048638762 -0.0006816981973692736 0.0029211522867449466 0.043309852780036212 0.021919778609774777 -0.046177748731806134 -0.0039524923335603175 -0.026918359949236661 0.015119820004008159 0.0083699163517719968 -0.037319945748411389 -0.026518764241247786 0.12375676477111053 -0.0050800514108025642 -0.0093367445761269891
leaf_weight=126.51243387907743 179.99231529980898 1656.1840569227934 202.95976381003857 5787.1941942125559 3180.1592129580677 13384.005856752396 643.23255243897438 284.32567799091339 509.44700408726931 708.33227840811014 8161.4944645613432 63.103813648223877 3507.9438556283712 263.19396713376045 117.13608108460903 319.42433930933475 553.06873714178801 552.51171665638685 218.42274265736341 69.851898796856403 1891.4954497255385 10094.724556319416 601.35962001979351 1308.520298011601 572.4575639590621 1195.5378747284412 2056.5572436898947 24.384336844086647 45.246279776096344 96.732950016856194
leaf_count=1101 793 5472 1363 21568 12285 55211 2150 2317 2397 5945 52291 244 12818 987 605 1710 1899 1939 705 381 18959 52741 3006 6395 3397 10433 17769 146 284 310
internal_value=-0.000284139 0.00628445 -0.0190791 0.0104592 0.00898156 0.0106072 0.0182633 -0.00300257 -0.00429706 -0.0153675 -0.0164053 0.0171158 0.00769272 0.0235589 0.0238683 0.0346753 0.0199247 0.0250846 -0.00186561 0.0649601 -0.0431728 -0.00337642 -0.00524369 0.00760974 -0.011956 -0.0262173 -0.0214166 -0.00622016 0.040038 0.0271507
internal_weight=58375.5 43257.6 15117.9 29842.6 26817.7 23322.4 6430.43 13414.9 12798.4 13099.9 12694.4 405.546 16891.9 3024.96 616.553 499.417 2761.76 2208.7 3495.31 132.956 2018.01 12514.1 10696.1 1817.97 8733.95 3960.43 2764.89 272.59 69.6306 315.156
internal_count=297621 185308 112313 115344 105047 91747 23718 69964 66856 92253 89835 2418 68029 10297 3108 2503 9310 7411 13300 625 20060 64539 55747 8792 55688 34147 23714 1793 430 1015
is_linear=0
shrinkage=0.1


Tree=65
num_leaves=31
num_cat=0
split_feature=11 11 11 14 15 0 17 14 9 0 4 17 19 1 4 13 7 11 7 14 13 9 7 9 13 10 4 6 2 9
split_gain=721.256 134.576 98.1568 43.6163 36.2204 63.8903 38.2747 36.0872 36.6382 29.1294 29.4908 26.5824 26.0348 49.1099 47.2831 26.993 24.7994 23.5018 21.4781 20.9261 20.6139 20.4531 28.1659 19.9779 19.5758 17.4944 16.664 16.4942 17.9735 28.4898
threshold=0.016642455927475246 0.023970050468971941 0.011726919509248977 0.52887845493252528 0.23280780882160976 -0.013215709979405908 1.0000000180025095e-35 0.19482702903731308 0.14311086583694169 -0.0016032084274071321 0.0088893030201564489 1.0000000180025095e-35 1.0000000180025095e-35 -0.030996125211167899 -0.013930662008032833 -0.19036363017673497 -0.006175354993600334 0.030912807076674337 0.11354355480265389 0.038242204907296136 0.25078652235873239 0.20823411594992025 -0.085450818772262002 0.27709834377362375 0.46336653637389025 0.19862384611556419 0.012834420241843116 0.039810547316268326 0.0050739232326422199 0.1952817194537817
decision_type=2 2 2 2 2 2 2 2 2 2 2 2 2 2 2 2 2 2 2 2 2 2 2 2 2 2 2 2 2 2
left_child=2 4 27 18 9 6 -6 8 16 10 11 -2 14 -14 17 -15 -4 -5 -3 -7 21 -9 -23 -8 -21 -10 -20 28 -1 -30
right_child=1 3 7 12 5 19 23 20 25 -11 -12 -13 13 15 -16 -17 -18 -19 26 24 -22 22 -24 -25 -26 -27 -28 -29 29 -31
leaf_value=-0.037888728235190156 0.0026727020952239614 0.0098919992404075049 -0.029857106668385331 0.018020820634806863 -0.03463305649528739 -0.019251305810664393 0.078074288344497922 -0.003489739001274791 -0.049076450358151003 -0.042328451974260516 0.038459747850090355 0.021095441771673797 -0.015646157539602645 0.041194496319259637 0.015369925710544199 0.0090438991275211735 0.055691170246579796 0.044561737001668822 -0.0035704265221519027 0.0010770536199868495 -0.027067809100344689 0.0093700795910716828 -0.015784266938823843 -0.0023877254421251284 -0.022445444074987272 -0.024749349389083554 0.01559739298375926 -0.055846686003346635 -0.015598991196041254 -0.049102360179583616
leaf_weight=1822.3083756119013 3443.1707438454032 9353.6516477614641 54.367282323539257 516.27305994927883 861.44189954549074 563.22509155422449 41.789585635066032 2933.5449358522892 349.54559452831745 113.3780400082469 316.36851757019758 1013.8467173874378 683.60512998700142 348.14833991229534 6938.7342459708452 1044.8945748806 89.948643766343594 943.09382539987564 2375.9092130064964 12864.500708043575 800.80026430636644 485.12702015787363 5400.5331107825041 117.96539729833603 363.80141699314117 1915.7645515426993 560.57248067855835 297.2868323661387 1144.6188123859465 326.12986197322607
leaf_count=17471 16845 34747 410 1820 4579 3196 201 21310 2936 617 1411 4624 2439 1192 23660 3666 619 2589 8687 64410 5938 3002 36661 559 1900 13414 1901 2778 10878 2942
internal_value=-0.000404531 0.00635385 -0.0187778 0.0115907 0.000302158 -0.00216072 -0.026296 -0.0144471 -0.0253908 0.0077676 0.00895749 0.00686336 0.016332 0.00630628 0.0188111 0.017079 0.0234631 0.0351725 0.0075497 -0.000373617 -0.0117059 -0.010311 -0.0137109 0.01866 0.000430144 -0.0285031 8.8698e-05 -0.0332882 -0.0312517 -0.0230282
internal_weight=58084.3 42464.4 15620 22764.9 19699.5 14812.7 1021.2 12029.6 2409.63 4886.76 4773.39 4457.02 10474.7 2076.65 8398.1 1393.04 144.316 1459.37 12290.1 13791.5 9620.01 8819.21 5885.66 159.755 13228.3 2265.31 2936.48 3590.34 3293.06 1470.75
internal_count=297402 179043 118359 80701 98342 74845 5339 84290 17379 23497 22880 21469 35366 7297 28069 4858 1029 4409 45335 69506 66911 60973 39663 760 66310 16350 10588 34069 31291 13820
is_linear=0
shrinkage=0.1


Tree=66
num_leaves=31
num_cat=0
split_feature=11 11 0 9 4 19 1 0 15 0 4 4 1 13 4 10 9 12 9 0 15 16 1 13 18 7 12 13 8 15
split_gain=143.665 36.764 25.1009 24.4323 19.7776 17.2125 44.9367 17.1541 41.7013 17.1496 16.3161 25.3535 16.0586 15.7265 15.5826 15.2872 18.7156 18.5671 16.6674 14.1165 19.5875 15.8773 13.3225 12.7557 12.6497 13.8452 12.1605 11.0106 10.1032 9.84275
threshold=0.02144853421169984 0.044158746284191218 -0.040920870652533241 0.1816061340391196 0.013203932391811614 1.0000000180025095e-35 0.00050398545560192975 0.0095735716358107421 0.49529885617377506 0.023611524478133198 -0.00070516157573452521 0.011540200991565943 0.039457751487644195 -0.42499557310063635 0.0073210888173433917 0.44064931922954753 0.63302001831886201 0.14693976591983479 0.44756466548859425 -0.0081917095471397677 0.27611692735977816 1.0000000180025095e-35 0.016540848057619243 0.35985000908040338 1.0000000180025095e-35 0.058710142088668212 0.049777180614420109 0.63298297921627855 -0.73092153628487466 0.69207511376260256
decision_type=2 2 2 2 2 2 2 2 2 2 2 2 2 2 2 2 2 2 2 2 2 2 2 2 2 2 2 2 2 2
left_child=3 2 -2 4 19 9 7 14 -9 13 12 -12 -8 22 -7 18 -17 -18 -4 -1 21 -21 -5 -15 28 -26 -20 -3 -11 -22
right_child=1 27 15 5 -6 6 10 8 -10 24 11 -13 -14 23 -16 16 17 -19 26 20 29 -23 -24 -25 25 -27 -28 -29 -30 -31
leaf_value=0.0010629263579277619 -0.017531012091637054 -0.024595797513507031 -0.0034295590355263431 -0.016711946965529297 -0.031818587066840785 -0.0023735309840438265 -0.0012039916988530529 0.12185809106837241 0.007100619407400326 0.013316949047475522 0.025875825768733637 -0.0072854055385945379 0.023720081202254689 0.0024904408571657173 -0.02736161827527786 -0.0095152945354943473 -0.010018158387513212 0.0059935642914917993 -0.029021719983866219 0.035344680797104615 0.012562131853232733 -0.0076031675460010431 0.0089053086364290854 0.014346601046441915 -0.0077820602716794987 0.021857841361368341 0.0086539005573186001 0.016999414711838263 -0.014478801446933693 0.0036376631105921632
leaf_weight=1566.2924509868026 1499.1507505401969 1231.3199930414557 6410.8564992323518 739.71173798292875 117.09237670898438 1934.0134910568595 828.3801095187664 33.818340912461281 497.44401721656322 144.42934358119965 1694.0123631358147 266.87785677611828 375.76647648215294 19338.532208278775 286.5327420681715 7089.5217899680138 1176.1384310275316 1884.7739161923528 89.645135372877121 529.4838954359293 4036.5075013488531 102.78869109600782 279.80189827084541 952.11045886576176 369.52210988104343 274.78917472064495 1932.2815828844905 67.107322499155998 1382.4798631817102 1781.1129989922047
leaf_count=8167 7969 6690 31043 3769 602 9751 4097 167 2387 756 7999 1233 1863 97580 1376 35141 6081 10113 433 2698 21013 534 1406 5026 1785 1336 9833 377 6946 9231
internal_value=0.00040462 -0.0061381 -0.00508372 0.00413185 0.00898264 0.00278984 0.00761018 -0.00173604 0.0144057 0.00157521 0.0157362 0.0213626 0.00657382 0.00243784 -0.00559792 -0.00407956 -0.00669381 -0.00015885 -0.000932823 0.00957862 0.0116466 0.0283626 -0.00968138 0.00304677 -0.00689135 0.00485892 0.0069835 -0.022446 -0.0118496 0.00982983
internal_weight=58912.3 21380.8 20082.4 37531.5 8133.28 29398.2 5916.85 2751.81 531.262 23481.4 3165.04 1960.89 1204.15 21310.2 2220.55 18583.2 10150.4 3060.91 8432.78 8016.19 6449.89 632.273 1019.51 20290.6 2171.22 644.311 2021.93 1298.43 1526.91 5817.62
internal_count=297402 107680 100613 189722 42245 147477 28873 13681 2554 118604 15192 9232 5960 107781 11127 92644 51335 16194 41309 41643 33476 3232 5175 102606 10823 3121 10266 7067 7702 30244
is_linear=0
shrinkage=0.1


Tree=67
num_leaves=31
num_cat=0
split_feature=11 11 11 11 10 9 12 13 0 8 10 14 3 7 13 10 10 12 8 9 7 1 10 4 9 11 16 5 4 0
split_gain=499.259 112.775 85.4134 33.1335 21.8321 20.9954 19.8988 19.0609 18.0369 18.033 17.4343 17.1836 16.3513 21.9305 16.4794 16.0526 15.4293 15.1988 15.1149 13.2942 13.1628 13.0577 12.3271 11.6565 11.4396 12.9519 10.9213 13.5808 10.9079 14.6774
threshold=0.021161318262219547 0.015293030908113379 0.030655364253488065 0.010744510457786511 0.44064931922954753 0.66414016779281682 0.20580001656361502 0.36940855652970089 -0.026413682463280349 -0.88476601545540856 0.6348994637974833 0.050318690667494913 0.052700628957948588 0.11354355480265389 0.31895333161809258 0.15245552163674492 0.31714796329047318 0.26673828363101248 0.13255244187916182 0.58383386745037125 -0.0052330397705510614 0.034806150887633398 0.33074356138327382 -0.014921374196176672 0.75298005214313379 0.03999171859840122 1.0000000180025095e-35 0.042040902079807936 0.021822744060883702 -0.0083940195063292294
decision_type=2 2 2 2 2 2 2 2 2 2 2 2 2 2 2 2 2 2 2 2 2 2 2 2 2 2 2 2 2 2
left_child=1 3 4 6 19 23 9 8 -3 -1 22 -10 14 18 21 -11 -13 -12 -14 26 -9 -5 -4 -6 -19 -26 27 -2 29 -7
right_child=2 7 10 12 5 28 -8 20 11 15 17 16 13 -15 -16 -17 -18 24 -20 -21 -22 -23 -24 -25 25 -27 -28 -29 -30 -31
leaf_value=0.044735127095015773 -0.0061577187799937844 -0.01195298285449504 0.02190618248789385 0.005214703499327171 -0.029347004114394892 -0.01155589032862361 0.068364281460484552 0.028045335232959448 0.013242845494015568 0.02462673888424062 -0.034053501218053027 0.0025757800355355708 0.03880774878603447 0.00087544704688165872 0.024074855590247368 0.012085959625753163 -0.0039365082511419233 -0.036040766390748206 0.015956443648579753 0.051273810442883865 0.0037854727412566791 0.017182783106725219 -0.019212922265981286 -0.01421379103986793 0.0099575311196848041 -0.020801636323992411 -0.013648428907900231 0.0063872560234171042 -0.038854642702878715 0.021462476403429798
leaf_weight=234.16311220824718 5305.539669200778 1226.8755474463105 74.772868394851685 10093.811452180147 576.02891030907631 228.77547918260098 78.686142414808273 404.18332223594189 1011.6213066577911 1534.3630731999874 1953.1178738847375 8452.7969933897257 319.98080851137638 943.01495192945004 547.03505519032478 3048.8809934705496 6387.2601591944695 257.7635807543993 3034.3311761617661 40.845076598227024 500.72212564945221 1002.1405279189348 2922.7177944257855 4373.1291576996446 200.48780654370785 431.57826112955809 1483.7524803727865 1030.5705613419414 54.885234668850899 327.14658007025719
leaf_count=1014 28969 6270 448 46844 3292 1350 339 2122 5148 6478 12451 41981 1457 4385 2525 13276 33146 1567 14005 246 2512 4646 17853 24959 1301 2785 7993 5764 312 1964
internal_value=-0.000251244 0.00627945 -0.0134136 0.0112868 -0.00902059 -0.0138163 0.018482 0.000477766 -0.000271629 0.0176672 -0.0235081 0.000632475 0.00907674 0.0143486 0.00713095 0.0162843 -0.000227153 -0.0291183 0.0181363 -0.00562851 0.0146213 0.00629561 -0.0181872 -0.0159751 -0.0182857 -0.011045 -0.00592573 -0.00411727 0.00367567 0.00787461
internal_weight=58081 38819.9 19261.1 20836.4 13420.7 5559.97 4896.09 17983.5 17078.6 4817.41 5840.44 15851.7 15940.3 4297.33 11643 4583.24 14840.1 2842.95 3354.31 7860.71 904.905 11096 2997.49 4949.16 889.83 632.066 7819.86 6336.11 610.807 555.922
internal_count=297402 186148 111254 94969 74849 31877 21107 91179 86545 20768 36405 80275 73862 19847 54015 19754 75127 18104 15462 42972 4634 51490 18301 28251 5653 4086 42726 34733 3626 3314
is_linear=0
shrinkage=0.1


Tree=68
num_leaves=31
num_cat=0
split_feature=9 3 8 3 5 9 7 14 8 15 17 4 4 9 3 0 17 13 8 13 4 4 3 1 14 3 0 8 14 14
split_gain=119.93 25.5731 28.5665 57.4107 32.4685 30.2465 22.7861 18.4468 16.9994 16.6136 15.5961 14.9108 16.3919 14.7305 14.0975 12.4645 11.601 12.6038 10.5037 10.1339 9.40277 9.354 9.02456 8.41517 8.18909 7.99907 7.58229 7.44654 8.81944 7.43215
threshold=0.42370036116769788 0.096430676167291743 -0.31157847712107573 -0.031985198904809213 -0.015151505205807712 0.25689324087836657 0.25440565039228691 0.010658381588983723 0.043704591203471928 0.084956048778661669 1.0000000180025095e-35 -0.0023705753581326756 0.024773554101105603 0.30284654526802773 -0.096563296635295157 -0.039431710974997751 1.0000000180025095e-35 -0.40622342362987945 0.38276933413138176 0.059265164567011426 -0.00076820581011372002 -0.031642664154679194 0.018031003861258336 -0.055285864460758553 0.32616727522194594 -0.057623317820068014 0.0029194220029542532 2.1323340227097787 0.90359451459768036 0.018126890260117826
decision_type=2 2 2 2 2 2 2 2 2 2 2 2 2 2 2 2 2 2 2 2 2 2 2 2 2 2 2 2 2 2
left_child=1 2 11 4 10 -6 9 19 -9 -2 -4 13 -13 14 -1 24 23 -18 -19 -5 -20 -17 -23 -3 25 -11 -14 28 -25 -15
right_child=6 16 3 7 5 -7 -8 8 -10 15 -12 12 26 29 -16 21 17 18 20 -21 -22 22 -24 27 -26 -27 -28 -29 -30 -31
leaf_value=0.020517285056850597 -0.013736388576625326 0.030286389078598271 0.013934401028567051 0.018518678958125177 0.046168979338165675 0.014126684244912894 -0.020166809584009002 0.00070069325330799302 0.0066079344807670332 0.09636017049113127 -0.019460438020516811 -0.0021444091032468255 -0.010055170458647993 0.046769558444967968 0.0053107148411777076 -0.029009833882384636 0.039736839090674353 -0.038569594343512321 0.015573349793336997 0.071011558829004215 -0.0026240970678574412 -0.0017638621506501596 -0.0076371272500163961 -0.005828111940328398 0.0076170951055685252 0.017205974663175583 0.048172654645209562 -0.020820691327642252 0.0092276473165549874 -0.0024567548301743323
leaf_weight=826.24475859105587 2308.9287929087877 66.965059570968151 885.77900893986225 93.131625816226006 700.25054448843002 508.54012058675289 1248.90485804528 7569.5750397220254 13667.409010641277 25.404307141900063 166.06681114435196 9237.012114726007 29.264134220778942 31.157566994428635 2325.5953573584557 157.27521707117558 100.04274486005306 58.383161753416061 483.67473419010639 60.777536511421204 687.61769489198923 5739.2884798496962 4807.6979666948318 4138.3686031103134 103.14672657847404 25.665356367826462 94.83864276856184 294.41932038962841 429.45277287811041 1961.7083713114262
leaf_count=3938 12231 349 4213 469 3356 2439 6788 37768 68470 147 764 46210 147 156 11145 812 520 288 2374 318 3450 30345 25285 21104 554 137 457 1471 2225 9472
internal_value=0.000667202 0.00323943 0.00421124 0.00635404 0.0215094 0.0326887 -0.00725778 0.00475239 0.0045024 -0.00603338 0.00866198 0.000717443 -0.00165937 0.0050422 0.00929707 -0.00439542 -0.00268517 0.00560391 0.00282696 0.0392477 0.00489038 -0.00480209 -0.00444111 -0.00492126 0.0238317 0.0565808 0.0344422 -0.00540616 -0.00441261 -0.00168712
internal_weight=58832.6 44416.3 38157.4 23651.5 2260.64 1208.79 14416.3 21390.9 21237 13167.4 1051.85 14505.8 9361.11 5144.71 3151.84 10858.5 6258.92 1329.72 1229.68 153.909 1171.29 10704.3 10547 4929.21 154.216 51.0697 124.103 4862.24 4567.82 1992.87
internal_count=297402 221103 189322 117797 10772 5795 76299 107025 106238 69511 4977 71525 46814 24711 15083 57280 31781 6632 6112 787 5824 56442 55630 25149 838 284 604 24800 23329 9628
is_linear=0
shrinkage=0.1


Tree=69
num_leaves=31
num_cat=0
split_feature=10 10 10 13 4 19 4 11 0 0 3 12 1 13 11 12 13 11 14 11 13 14 10 6 0 4 13 12 4 4
split_gain=593.554 106.429 104.88 50.7412 44.8065 75.8775 54.8101 46.6049 43.1497 42.8336 38.5413 37.9161 37.0491 43.3069 30.0964 28.9664 28.8294 26.445 26.3735 24.5243 23.6686 35.7645 23.1102 22.5356 21.9644 21.6815 20.5451 20.4508 20.0547 19.3114
threshold=0.27250265446896887 0.46082972635320052 0.19724028262607265 -0.59364849126740382 -0.010427048818497207 1.0000000180025095e-35 -0.015861631715438747 0.014168117864568024 -0.0057152676761660351 -0.030139697294706443 0.037429330725624162 0.04045267868002167 -0.064365261957189709 0.26179484631578659 0.018753270389063482 0.042144031975273034 0.51476551713235663 0.044158746284191218 0.33400470024447765 0.010095729651715556 0.048705462513997155 0.39012091811594835 0.24104276056293797 -0.029953309802464575 0.0015754842716311226 0.012162031496958161 0.051270743688850269 0.12486478352079149 -0.036455710255276046 -0.011617052598033471
decision_type=2 2 2 2 2 2 2 2 2 2 2 2 2 2 2 2 2 2 2 2 2 2 2 2 2 2 2 2 2 2
left_child=2 3 11 8 5 23 -7 -6 -2 12 -9 19 13 25 -11 22 17 -16 -13 -1 21 27 29 -5 -23 -3 -24 -17 -14 -4
right_child=1 9 15 4 7 6 -8 10 -10 14 -12 18 28 -15 16 20 -18 -19 -20 -21 -22 24 26 -25 -26 -27 -28 -29 -30 -31
leaf_value=-0.054947723459365397 0.091840783083237426 0.039079011514474828 0.017704513797027043 -0.010277315383804896 -0.02115674923979699 0.065796285305772792 0.014360818460644055 0.0037557143479896651 0.0083440585133922451 -0.012771278063339856 -0.0050073704373520276 9.1857425350920228e-05 -0.023337945862410836 0.0064808762811715123 0.0092489665795024746 0.0043891942437861648 -0.0091816140053457198 0.02316761802369053 -0.02785839898460753 -0.032954296691836298 -0.016555175310128196 -0.0029687667422397062 -0.018491909655690093 0.010455760445876384 -0.022364061072215651 0.092829897907510159 0.0055064644773766703 0.046215699887455691 0.01469384634166724 -0.026585617717676615
leaf_weight=697.07211883366108 112.65956516563892 1048.7439873963594 102.49547016620636 862.00972606241703 1078.6222724616528 379.64915814250708 456.02695469558239 12242.48718803376 137.34930369257927 618.33457947149873 8506.1153163611889 487.37346160039306 150.89181990921497 458.3719504326582 12201.848749786615 1521.2494438886642 761.62560676038265 1536.9979487806559 1098.5233148112893 1859.4330880641937 2230.5502245277166 1314.02222571522 928.08298294246197 1337.9823600724339 1050.809664927423 80.828121602535248 579.46911168843508 126.62852198630571 1709.0746387764812 2491.866417683661
leaf_count=8452 430 3185 660 3723 7877 1524 2048 57999 664 3608 41326 3952 455 1440 44099 10053 2779 4530 9676 16787 14873 8947 6037 6002 7509 208 3550 769 5478 18762
internal_value=-0.00042981 0.00538787 -0.0179699 0.00114354 0.00069279 0.0120761 0.037728 -0.000890362 0.0459695 0.0111286 0.000163192 -0.0314159 0.0211865 0.0324053 0.0088349 -0.0125859 0.00975624 0.0108061 -0.0192688 -0.0389512 -0.00829683 -0.00370625 -0.0191141 0.00233204 -0.011587 0.0429252 -0.00926747 0.00760328 0.0116085 -0.0248358
internal_weight=58167.2 43679.6 14487.6 25112.9 24862.9 3035.67 835.676 21827.2 250.009 18566.7 20748.6 4142.4 3447.91 1587.94 15118.8 10345.2 14500.5 13738.8 1585.9 2556.51 6243.26 4012.71 4101.91 2199.99 2364.83 1129.57 1507.55 1647.88 1859.97 2594.36
internal_count=297402 187375 110027 121593 120499 13297 3572 107202 1094 65782 99325 38867 10766 4833 55016 71160 51408 48629 13628 25239 42151 27278 29009 9725 16456 3393 9587 10822 5933 19422
is_linear=0
shrinkage=0.1


Tree=70
num_leaves=31
num_cat=0
split_feature=11 11 11 14 14 9 11 9 11 9 14 15 0 0 17 9 3 4 1 14 12 9 4 9 4 19 2 15 19 4
split_gain=580.533 108.5 81.7482 35.6889 35.1429 30.2932 42.0208 29.486 27.3154 27.7484 24.6389 24.4392 48.5186 40.0882 28.7071 24.4144 31.4862 22.618 20.5035 19.7859 19.2936 19.1625 19.0062 18.9222 17.863 30.3434 18.2759 16.3624 15.8403 15.6147
threshold=0.018152169039519082 0.012839755503580481 0.033424281850104792 0.19482702903731308 0.93017790418324997 0.68909648516080169 0.023145541063024976 0.40246415310996519 0.010744510457786511 0.20573366291106632 0.68189454015336504 0.35913361811758249 -0.013474932280729044 0.0017419399226570322 1.0000000180025095e-35 0.14311086583694169 -0.026902809994346463 -0.0050300698071659147 -0.15545240214495834 0.92643636606539204 0.047661215706869216 0.34355577090173711 -0.022212283467711643 0.96303345466954904 0.0013927045725470324 1.0000000180025095e-35 0.064022286218085492 0.85930174185665453 1.0000000180025095e-35 0.0026666481667363411
decision_type=2 2 2 2 2 2 2 2 2 2 2 2 2 2 2 2 2 2 2 2 2 2 2 2 2 2 2 2 2 2
left_child=1 8 4 15 5 6 7 -2 -1 24 -4 13 -13 14 -5 16 -3 18 22 -19 -17 -8 -12 -21 26 -26 -10 -22 -15 -14
right_child=2 3 10 11 -6 -7 21 -9 9 -11 17 12 29 28 -16 20 -18 19 -20 23 27 -23 -24 -25 25 -27 -28 -29 -30 -31
leaf_value=-0.035017260447149548 0.0027759455896903284 -0.051932532803925881 0.011731810026677059 -0.002653814603393919 0.018074240668372484 -0.011762219478556185 0.016830524060218 -0.0088622673734999428 -0.018720848051613087 -0.032253466704116066 -0.057551388853292453 -0.061444146200478056 -0.013077071064141715 -0.052343684346829004 0.018602815185149106 -0.011278971530083066 0.063533550381192905 0.023342565625757122 0.038406965314943253 -0.0096837659299779284 -0.031627536738137195 0.0065794101785950467 0.032247941049430823 0.03051212915083696 0.0051747942728526258 -0.042819213451957543 -0.075744450772526173 0.003495092985455913 0.017497647096702471 -0.0036861334139253014
leaf_weight=2048.6241726726294 9855.6110840290785 34.574710428714752 5495.4494681507349 2832.1115494593978 1809.0115986764431 1213.2429374456406 2150.3940989673138 2794.0807226225734 1323.9345132634044 1296.2206403911114 44.763773918151855 180.61355486512184 4046.3701624646783 194.10151445865631 819.07692720741034 1122.9528518244624 74.511371649801731 1263.5613904893398 1021.5267651081085 432.45162272453308 1443.835656568408 11996.335033193231 49.780208483338356 160.60898794233799 759.30073524266481 159.3834136351943 58.696059897542 146.05751121789217 38.998972274363041 3148.1153503581882
leaf_count=21028 48765 255 17481 18112 7192 4627 8882 13129 11509 10860 116 1298 26800 1332 4864 8011 474 3647 2757 1232 9637 46093 135 404 6117 1465 530 895 270 19553
internal_value=-0.000152383 -0.0140883 0.00702816 -0.00939222 0.00456573 0.00369327 0.00439304 0.000205282 -0.0258001 -0.0205513 0.0156991 -0.00687187 -0.010253 -0.00045217 0.00211472 -0.0194483 0.0269367 0.0230331 0.0342835 0.0162702 -0.0213135 0.00813765 -0.0102694 0.00120184 -0.0139601 -0.00315173 -0.0211416 -0.028401 -0.0406589 -0.00896785
internal_weight=58014.3 19727.5 38286.8 14081.3 29818.7 28009.7 26796.4 12649.7 5646.16 3597.54 8468.14 11259.4 7375.1 3884.29 3651.19 2821.93 109.086 2972.69 1116.07 1856.62 2712.85 14146.7 94.544 593.061 2301.31 918.684 1382.63 1589.89 233.1 7194.49
internal_count=297470 143010 154460 91501 128688 121496 116869 61894 51509 30481 25772 72229 47651 24578 22976 19272 729 8291 3008 5283 18543 54975 251 1636 19621 7582 12039 10532 1602 46353
is_linear=0
shrinkage=0.1


Tree=71
num_leaves=31
num_cat=0
split_feature=10 0 4 16 17 2 4 0 0 0 4 1 18 14 7 2 12 4 7 13 10 4 14 13 5 2 12 0 10 2
split_gain=109.602 33.8127 28.0228 26.2865 32.2278 36.6112 32.3637 23.9051 21.9878 18.3355 16.8723 15.7364 19.8691 14.7472 14.6671 14.609 14.4885 12.5709 13.3583 11.6931 9.83288 9.79951 9.21435 9.04767 8.89399 8.36509 9.72623 8.70192 8.10954 10.4085
threshold=0.40888583904467202 -0.01032650012063163 0.015797673194783982 1.0000000180025095e-35 1.0000000180025095e-35 -0.011314216224253213 -0.0059808334722648562 -0.040920870652533241 0.057507021814539823 0.021686109013806746 0.011540200991565943 -0.027859770484364162 1.0000000180025095e-35 0.27443729323036797 0.29909794128239714 -0.054567281889320356 0.13392539655374777 -0.0057245992941123971 -0.07312324392528928 -0.33598956034300059 0.79971951300097965 -0.020865001061538987 0.046324275109189995 0.51476551713235663 -0.018338603840901743 0.099668031983398034 0.077604390479798738 0.018492120763258461 0.74913418590299907 0.080732002492831981
decision_type=2 2 2 2 2 2 2 2 2 2 2 2 2 2 2 2 2 2 2 2 2 2 2 2 2 2 2 2 2 2
left_child=1 11 3 4 6 -6 -3 23 14 10 -5 15 17 -4 16 22 21 18 -13 -14 -18 -9 -1 28 -21 27 -27 -15 29 -2
right_child=7 2 13 9 5 -7 -8 8 -10 -11 -12 12 19 25 -16 -17 20 -19 -20 24 -22 -23 -24 -25 -26 26 -28 -29 -30 -31
leaf_value=-0.033280123500624904 -0.019121922951834198 -0.003074826856868476 -0.030240717653923044 4.210859345365028e-05 0.011737103712564971 -0.0045608766852976356 0.010369135724603509 -0.022377744422410865 -0.021541589346309294 -0.017990206297031283 0.030185355013999344 -0.0297621968359656 -0.039079413876238998 0.0038900163948204884 -0.017705148160827671 -0.012686540203311489 0.0014963148646574976 0.0077242481730270792 3.3372886188645386e-05 0.011914171503903068 -0.0087639207757129536 -0.0057355681064519826 0.0013178365792303971 0.0071830919791448181 -0.010875361694129679 0.046646702672019626 -0.014904237031426876 -0.017259587159614447 -0.034048482317333421 0.018243554247748865
leaf_weight=80.685313455760479 970.84369368106127 2010.2900939881802 283.64525227248669 5109.7689048871398 2023.4915031939745 4322.7808502689004 16386.758864678442 372.06112200766802 774.72780289500952 553.4563947468996 192.69460847973824 171.72188409417868 123.44097638130188 356.7933474779129 771.15146783739328 2060.1224378049374 5672.2782693877816 3234.1960328072309 1215.8150842711329 209.91153713315725 1118.1674614697695 7217.4305016472936 1675.0853291749954 128.14667981863022 929.74297316372395 64.496821865439415 42.649513259530067 427.79496754705906 338.49752800911665 80.750931695103645
leaf_count=421 5189 9939 1413 25820 10265 22627 80561 1831 4064 2696 986 867 653 1784 4029 10606 29030 16271 6298 1100 5992 35796 8690 722 4769 329 201 2145 1923 453
internal_value=0.000397753 0.00319485 0.00477249 0.00535453 0.00678039 0.00063569 0.00890008 -0.00625269 -0.0051097 -0.000670275 0.00113753 -0.00197268 0.00127058 -0.0103799 -0.00426948 -0.0069744 -0.00354897 0.00430823 -0.00365413 -0.00984436 -0.000193215 -0.00655142 -0.00027209 -0.0182422 -0.00667779 -0.00406256 0.0221464 -0.00764176 -0.0205861 -0.0162527
internal_weight=58919.4 41475.3 31774.6 30599.2 24743.3 6346.27 18397 17444.1 15925.8 5855.92 5302.46 9700.72 5884.83 1175.38 15151.1 3815.89 14379.9 4621.73 1387.54 1263.1 6790.45 7589.49 1755.77 1518.24 1139.65 891.735 107.146 784.588 1390.09 1051.59
internal_count=297470 208441 158766 152894 123392 32892 90500 89029 80742 29502 26806 49675 29958 5872 76678 19717 72649 23436 7165 6522 35022 37627 9111 8287 5869 4459 530 3929 7565 5642
is_linear=0
shrinkage=0.1


Tree=72
num_leaves=31
num_cat=0
split_feature=11 11 11 12 4 4 1 4 11 9 2 2 16 4 4 9 17 9 4 12 3 16 9 4 15 16 6 15 14 17
split_gain=430.875 86.1504 81.67 23.2844 20.2345 21.6666 19.455 18.3639 16.964 16.4388 17.9532 24.2193 16.1038 14.8739 13.636 12.8536 12.7901 11.1012 15.2993 11.0542 10.5863 10.2654 10.2293 9.64214 9.22423 9.16542 9.02514 12.357 8.72901 8.51375
threshold=0.020977633906524986 0.015693816686646055 0.031179294912382107 0.020115053419348803 -0.0094645418174226208 0.0056271462692902849 0.011482254248174508 0.011540200991565943 0.044158746284191218 0.12716898450638664 0.015756329000570449 -0.014991150726370249 1.0000000180025095e-35 -0.014423084149291608 -0.0165321369405067 0.43510609128760985 1.0000000180025095e-35 0.68909648516080169 0.020711663256219207 0.083497674236907723 0.26149564085830074 1.0000000180025095e-35 0.1816061340391196 -0.013930662008032833 0.89042015568619803 1.0000000180025095e-35 0.037848466700402324 0.91370076545351475 0.48605994683227799 1.0000000180025095e-35
decision_type=2 2 2 2 2 2 2 2 2 2 2 2 2 2 2 2 2 2 2 2 2 2 2 2 2 2 2 2 2 2
left_child=1 3 14 9 -5 12 -7 13 23 10 11 -1 -6 29 -2 25 26 21 20 -17 -19 22 -16 -4 -18 -15 -9 -28 -10 -3
right_child=2 7 8 4 5 6 -8 16 28 -11 -12 -13 -14 15 17 19 24 18 -20 -21 -22 -23 -24 -25 -26 -27 27 -29 -30 -31
leaf_value=-0.0038857629422141236 -0.019526551532810361 -0.0053062797306527888 -0.030732315903281106 -0.0044549289275936169 0.01280359699395117 -0.0050789593558599579 0.010469379764940442 -0.022303251351865557 -0.023312753182393321 0.016606801521376991 0.0010004101025368967 0.073585971202429032 0.0050401167895619227 0.002702866394193636 0.038193734101199042 -0.0048435108007735929 0.02252142291538714 0.0090718844358591635 -0.042670431609878059 0.024009533969883867 0.070293406882357676 -0.01389696186550431 -0.0069078543762124169 -0.017935802129372822 -0.021574443238287958 -0.0039214347582160599 0.0098626725993846663 -0.026628646342764652 -0.041680670499812805 -0.028459963121378936
leaf_weight=51.911011651158333 1015.7473209872842 520.30277237296104 706.13360970467329 1050.9231337755919 13268.287464544177 1698.7466276139021 1529.1784074753523 697.40349580347538 438.48322021216154 1185.88283893466 78.326718956232071 181.23840060830116 3345.5736236870289 10810.815359458327 50.538156010210514 185.59872505068779 170.17675499618053 415.87482549250126 54.995045773684978 466.61915824562311 30.302636198699474 2446.4576949998736 10154.106783114374 3544.5869323462248 65.774270907044411 2588.8571730554104 254.08210754394531 146.18798260390759 631.13082283735275 228.58015308529139
leaf_count=211 5808 2770 4515 4875 60685 7827 7028 3536 2885 5251 312 749 15021 54953 289 956 873 2481 325 2509 191 13587 56906 22353 329 12835 1333 724 4205 1148
internal_value=-0.000213125 0.00591648 -0.0123301 0.00993078 0.00906746 0.00978367 0.00228682 0.000345759 -0.0228941 0.0219767 0.0424214 0.0563368 0.0112402 0.00135846 -0.00836313 0.00209029 -0.0108934 -0.00750098 0.00709572 0.015799 0.0132298 -0.00807923 -0.00668449 -0.0200616 0.0102292 0.00142303 -0.0154338 -0.00346481 -0.0341508 -0.0123734
internal_weight=58012.8 38524.5 19488.4 22390.1 20892.7 19841.8 3227.93 16134.4 5320.33 1497.36 311.476 233.149 16613.9 14800.8 14168 14051.9 1333.62 13152.3 501.173 652.218 446.177 12651.1 10204.6 4250.72 235.951 13399.7 1097.67 400.27 1069.61 748.883
internal_count=297470 183925 113545 101959 95436 90561 14855 81966 33958 6523 1272 960 75706 75171 79587 71253 6795 73779 2997 3465 2672 70782 57195 26868 1202 67788 5593 2057 7090 3918
is_linear=0
shrinkage=0.1


Tree=73
num_leaves=31
num_cat=0
split_feature=11 11 11 5 8 3 6 3 6 11 9 19 6 7 4 4 3 8 12 4 4 3 6 9 17 7 13 1 8 19
split_gain=175.864 56.258 27.2087 20.1353 18.646 75.6884 17.866 17.6783 16.6758 15.4889 13.748 12.0677 11.7218 11.1426 9.99134 10.6817 11.1676 32.8538 11.8353 9.12174 8.4564 11.3704 12.1111 10.6906 8.31023 8.24037 8.32955 8.00982 8.2875 7.65158
threshold=0.020888055360552379 0.030655364253488065 0.014966931936318434 -0.02343898656813231 -0.31979632062639346 -0.031985198904809213 -0.0199880853090269 0.044038147567750714 -0.029953309802464575 0.03999171859840122 0.63302001831886201 1.0000000180025095e-35 -0.039075730174413563 0.048467845867092303 0.0069187823586511774 -0.023861955694516542 -0.086052807243310422 -0.80288087299450017 0.075940455772428847 0.017172486105480503 0.016403344406549229 -0.045005852029449837 -0.018317626320716481 0.2798662538154521 1.0000000180025095e-35 -0.15355318940460269 -0.32990291624256907 0.085141214995366546 0.87564574590190702 1.0000000180025095e-35
decision_type=2 2 2 2 2 2 2 2 2 2 2 2 2 2 2 2 2 2 2 2 2 2 2 2 2 2 2 2 2 2
left_child=2 10 3 8 12 6 -6 -7 25 11 -2 -3 29 -10 15 24 17 -17 -18 -14 27 23 -23 -22 -4 -1 -27 -16 -29 -5
right_child=1 9 14 4 5 7 -8 -9 13 -11 -12 -13 19 -15 20 16 18 -19 -20 -21 21 22 -24 -25 -26 26 -28 28 -30 -31
leaf_value=-0.04022317753056287 -0.0041887614101083831 -0.013876848546791935 -0.0039399007127644999 0.010835622751211041 0.022016832902420055 0.0097759751176639403 0.053943108425067755 0.0017231015328001574 0.039466857026967686 -0.021764586002567289 0.0087348421498635431 -0.0011594456240923681 -0.0016109343995273162 -0.0018513650638214555 -0.0062616609564609032 0.0022756741716272889 5.3194773916198114e-05 0.02987095289398202 0.0063161758858569818 0.054403567326341808 0.059202765210503466 -0.05490191388634607 0.0036614330836129538 0.0096022243659294442 -0.043628396477519607 0.045675528679166723 0.010616607723033765 0.05190117845508712 -0.0077935127501709478 0.048735934239907512
leaf_weight=30.171997785568237 14619.75805234164 3627.3902981951833 143.65175184607506 269.87107060849667 313.12322875857353 6200.9179944843054 398.16240322589874 4864.7324218973517 419.88042989373207 2027.0413837656379 872.24925605207682 939.38674469292164 3722.4411754012108 77.281351983547211 2754.5325241535902 1531.00617608428 8589.8612300902605 600.71698623895645 4651.0388018041849 29.300971195101738 69.549285814166069 38.116453468799591 480.10555566847324 115.81328248977661 83.379234850406647 71.998318091034889 1153.3671589046717 48.946242168545723 44.311743333935738 66.367699041962624
leaf_count=136 73649 19511 686 1295 1455 31259 1872 25251 2060 11714 4729 5067 18971 362 13526 7336 42103 2884 23121 129 331 174 2257 548 353 338 5541 263 222 327
internal_value=0.000299305 -0.0067538 0.0045359 0.0073721 0.00624842 0.00826824 0.0398885 0.00623573 0.0175433 -0.0144899 -0.00346112 -0.0112609 0.000429596 0.0330441 0.00192679 0.00301661 0.00333461 0.010052 0.00225315 -0.00117346 -0.00286034 0.00695692 -0.000646039 0.0282127 -0.0185159 0.0114053 0.0126766 -0.00528583 0.0235371 0.0183165
internal_weight=58854.5 22085.8 36768.6 17617.6 15864.9 11776.9 711.286 11065.7 1752.7 6593.82 15492 4566.78 4087.98 497.162 19151 15599.7 15372.6 2131.72 13240.9 3751.74 3551.38 703.585 518.222 185.363 227.031 1255.54 1225.37 2847.79 93.258 336.239
internal_count=297470 114670 182800 88996 80559 59837 3327 56510 8437 36292 78378 24578 20722 2422 93804 76483 75444 10220 65224 19100 17321 3310 2431 879 1039 6015 5879 14011 485 1622
is_linear=0
shrinkage=0.1


Tree=74
num_leaves=31
num_cat=0
split_feature=10 10 10 0 0 13 18 2 3 1 0 2 3 7 13 4 7 18 5 18 3 13 15 0 16 10 19 6 3 3
split_gain=545.186 137.412 75.1898 40.2522 50.4758 37.5519 40.2021 34.0741 41.662 35.7907 32.9516 36.7659 31.7989 30.8697 30.2576 28.0905 27.5015 25.8305 25.2349 24.2892 27.6385 27.5921 23.3947 23.1693 22.7159 22.6904 21.8294 20.6137 18.9368 18.1861
threshold=0.25069434389590151 0.36372451298430203 0.17023904157665407 -0.026413682463280349 0.048090130142190553 -0.56424919216932723 1.0000000180025095e-35 -0.074188565789781377 -0.13660510563901893 -0.014166350496588763 -0.016080993932115591 -0.038335835659185628 0.07475219381768651 -0.21353263976476067 -0.5408551855065008 0.0062950681324878141 -0.047225866029557521 1.0000000180025095e-35 -0.030918733844361942 1.0000000180025095e-35 -0.25509772390075208 0.10687861452767029 0.95571955221260463 -0.0057152676761660351 1.0000000180025095e-35 0.21289329352153197 1.0000000180025095e-35 0.011168605814779744 -0.060373572988855699 -0.012587715909989859
decision_type=2 2 2 2 2 2 2 2 2 2 2 2 2 2 2 2 2 2 2 2 2 2 2 2 2 2 2 2 2 2
left_child=2 5 28 15 7 6 -2 8 -5 -9 -7 13 -13 -12 17 19 27 -4 26 20 -3 -21 -6 -8 25 -18 -17 -16 -1 -29
right_child=1 3 14 4 22 10 23 9 -10 -11 11 12 -14 -15 16 18 24 -19 -20 21 -22 -23 -24 -25 -26 -27 -28 29 -30 -31
leaf_value=-0.0029169291549832571 0.0059951068520981317 0.037145693626407413 -0.0092017740166711742 0.0077352495766325304 0.042131725880683896 0.0057532650601929188 0.13086151396406898 0.014474796607540572 -0.011963448799757425 0.0044292462972163604 0.08505215688133555 0.00070197726003451346 -0.01091185964302312 -0.017080797240726642 -0.0083579383145983913 0.035039818832515265 -0.029827157414971314 0.062265234766201154 0.011843309881993553 0.040481568867931104 0.00738950147692946 0.0052952766264237304 0.01605858865354692 0.019368591379295065 -0.0092173718678853281 -0.017425253491228098 0.084912570473103507 0.11583290425503848 -0.04241978200975878 0.013611349563401926
leaf_weight=131.21311294659972 148.19709450751543 341.69854982197285 119.88113266974688 2017.8169221654534 428.62783409655094 3206.1714079529047 54.764883384108543 4866.3629281744361 2294.5701723098755 13078.573511119932 29.924810722470284 7529.5727504491806 3432.187993876636 2675.5343576297164 1451.8745599836111 271.27995772659779 2665.8167671188712 87.476298116147518 274.99002687633038 612.37962095439434 3609.4125347957015 350.37504126131535 1745.8129770979285 28.25523667037487 1505.2176994457841 3303.251024313271 129.73516252636909 23.974467180669308 1614.8376156017184 63.506688736379147
leaf_count=1274 740 990 804 7157 1566 16151 170 19191 8853 53670 122 42652 19165 14183 10348 825 23149 361 883 2109 12416 1211 5784 126 11248 23836 358 159 17536 433
internal_value=-0.00034163 0.00433166 -0.0204231 0.00840753 0.00665606 -0.00282221 0.0372046 0.00523536 -0.00274619 0.00715343 -0.0033707 -0.00551107 -0.00293438 -0.0159511 -0.01682 0.0160627 -0.0176889 0.0209475 0.0351751 0.0134334 0.00996287 0.0276762 0.0211982 0.0929158 -0.0201956 -0.022964 0.0511745 -0.0055174 -0.0394512 0.0416255
internal_weight=58093.3 47126.2 10967 30021.6 24431.8 17104.6 231.217 22257.3 4312.39 17944.9 16873.4 13667.2 10961.8 2705.46 9221 5589.87 9013.64 207.357 676.005 4913.87 3951.11 962.755 2174.44 83.0201 7474.29 5969.07 401.015 1539.36 1746.05 87.4812
internal_count=297470 208322 89148 115013 96221 93309 1036 88871 16010 72861 92273 76122 61817 14305 70338 18792 69173 1165 2066 16726 13406 3320 7350 296 58233 46985 1183 10940 18810 592
is_linear=0
shrinkage=0.1


Tree=75
num_leaves=31
num_cat=0
split_feature=11 11 11 11 2 3 8 17 9 13 4 1 17 9 8 0 14 5 15 12 14 17 0 8 7 4 5 15 16 3
split_gain=489.002 87.8494 83.7998 34.4105 31.991 33.2557 63.2889 75.8985 30.0218 34.1494 29.9536 38.5798 25.7697 45.2536 24.5651 25.9425 22.818 20.8104 20.7934 19.6663 35.7021 26.7373 40.249 19.6124 19.3452 24.3551 29.3126 19.18 18.8628 18.4672
threshold=0.016857318977181533 0.027990166992178853 0.012839755503580481 0.0090038341794105251 -0.11281456741468519 -0.055028921926334899 -0.61877672273461026 1.0000000180025095e-35 0.17286417283908848 0.18176581022399727 0.010482067362763694 -0.070028546362551833 1.0000000180025095e-35 0.4049379266536926 -1.9263840310849074 -0.03785824764127365 0.046324275109189995 -0.017922001080240332 0.4632181366022306 0.054176099424676945 0.31418022347277053 1.0000000180025095e-35 -0.021554663876791388 -1.6320384157967405 0.33891583618910087 -0.036455710255276046 -0.021486816409178818 0.22878231356821019 1.0000000180025095e-35 0.12447937206945305
decision_type=2 2 2 2 2 2 2 2 2 2 2 2 2 2 2 2 2 2 2 2 2 2 2 2 2 2 2 2 2 2
left_child=2 4 3 -1 12 6 27 -8 9 17 16 -12 14 -14 -2 -16 -7 -4 -5 21 -21 28 -23 -22 -3 -26 -27 -6 -10 -19
right_child=1 24 8 18 5 10 7 -9 19 -11 11 -13 13 -15 15 -17 -18 29 -20 20 23 22 -24 -25 25 26 -28 -29 -30 -31
leaf_value=-0.049646940623524254 0.038672232330395885 0.010435352651547044 -0.018309688630425706 -0.015544494401096813 0.0099670109263537768 -0.014611666679069693 -0.035248378090855619 0.021257071245810749 -0.015472937520160429 -0.043631862005652791 -0.066146758932461289 0.014459429425608426 0.078340141913491951 0.0036360337559641015 -0.03338042695572279 0.0097207585891459503 0.0023058835136043078 0.023567463641479228 -0.028466910326363754 -0.030712420059152087 0.037928423887508916 0.070850737099871816 0.00077098084284947695 -0.012103386271845276 0.089511272783054749 -0.056897220759257405 0.02477644304415753 -0.004152134373444743 0.00089251306758453784 -0.036339598452442404
leaf_weight=519.80409319326282 229.85756787657738 14423.486697226763 181.23567607998848 2274.1585940048099 1426.6944501027465 839.69086848944426 1155.7040768563747 299.26801427453756 2772.7708434686065 123.58791795372963 60.710161209106445 2705.2549698725343 161.99936543405056 162.35851401090622 168.32960515469313 819.5616552606225 15779.779347024858 724.05398930609226 2752.0718697980046 1271.5446095839143 80.449556745588779 89.516995288431644 970.00678834319115 3002.0444026067853 54.694648444652557 46.101201191544533 938.68957212567329 2954.6746014431119 944.08864368498325 55.393946208059788
leaf_count=5990 886 47457 1318 20618 6321 4453 5895 1403 20336 1000 259 11807 604 626 733 3637 74847 4875 25199 8754 446 532 6643 19380 125 129 2664 13991 6518 377
internal_value=-0.000226064 0.00538418 -0.0152573 -0.0251532 0.00191723 0.00106235 -0.00555544 -0.023626 -0.00988434 0.0058476 0.00305475 0.0126902 0.0158993 0.0409467 0.00922764 0.00237662 0.00145113 0.0122129 -0.0226201 -0.0117526 -0.0166135 -0.00732146 0.00669188 -0.0107976 0.0113849 0.0245604 0.020953 0.000445448 -0.0113161 0.01931
internal_weight=57987.6 42226.9 15760.7 5546.03 26763.9 25221.8 5836.34 1454.97 10214.7 1084.27 19385.4 2765.97 1542.11 324.358 1217.75 987.891 16619.5 960.684 5026.23 9130.42 4354.04 4776.38 1059.52 3082.49 15463 1039.49 984.791 4381.37 3716.86 779.448
internal_count=297823 175837 121986 51807 125462 118976 27610 7298 70179 7570 91366 12066 6486 1230 5256 4370 79300 6570 45817 62609 28580 34029 7175 19826 50375 2918 2793 20312 26854 5252
is_linear=0
shrinkage=0.1


Tree=76
num_leaves=31
num_cat=0
split_feature=11 11 3 8 17 2 1 11 4 4 8 12 3 13 7 2 2 4 9 3 12 17 4 13 14 1 14 3 8 13
split_gain=112.588 37.7355 27.665 59.0508 34.8299 32.4632 25.3667 26.3021 23.8784 20.3678 18.7047 18.3089 17.6878 16.3015 16.2515 16.0816 15.2243 13.9675 13.9026 13.7363 13.3381 13.0148 13.009 12.7014 11.9248 11.8083 10.7239 10.4157 15.2003 10.1653
threshold=0.02002116996038724 0.039201535631186661 0.0035674437043193845 -0.014950409894715353 1.0000000180025095e-35 -0.026465303383070623 -0.0064171894324440695 0.012839755503580481 -0.001323516170326444 0.016403344406549229 0.31300787761866727 0.021584641793504142 -0.16802433091432498 -0.59364849126740382 0.26762958522706709 0.032181584808963944 0.032898068091903106 0.017172486105480503 0.11701558563208529 -0.018119827388719308 0.020860417356335457 1.0000000180025095e-35 -0.0034972547116380866 0.29752293239579425 0.5327509557101141 -0.038134913243648143 0.61907966416714755 0.023278976230155738 -0.029481029166412358 -0.48742019221961302
decision_type=2 2 2 2 2 2 2 2 2 2 2 2 2 2 2 2 2 2 2 2 2 2 2 2 2 2 2 2 2 2
left_child=2 12 3 15 6 10 13 11 27 -9 21 -8 -2 -4 20 17 19 22 -15 -7 -14 -5 -1 -22 -19 -12 -3 28 -6 -10
right_child=1 26 4 5 8 16 7 9 29 -11 25 -13 14 18 -16 -17 -18 24 -20 -21 23 -23 -24 -25 -26 -27 -28 -29 -30 -31
leaf_value=-0.00042872008844519762 -0.012173895289146038 -0.010865199356821897 -0.042333941115654784 -0.012522537100321102 -0.018359244270673453 -0.034578213978300111 -0.00035318208304832772 0.009365264387376367 -0.029462347054926702 -0.01709517320915933 -0.008662897951667874 0.021776065041520812 0.067343825908435268 0.038711280206025267 -0.014980636973111632 -0.0075273543939646734 -0.049744824140263363 -0.049710705908411729 0.0019626068024408486 -0.010786531855774106 -0.0027777080243450761 0.03228565758081333 0.0070132388522429773 0.0047898303814226193 0.0013290228068839405 0.064938816762975041 -0.024560389073171783 -0.016998817083985467 0.027836652325354028 0.0055765836667492873
leaf_weight=3212.5949282571673 1998.5271770507097 1400.5040761083364 81.008191056549549 364.54628629237413 143.58318375051022 394.11500903964043 428.9180223941803 7569.4664619043469 85.904880315065384 302.53154802322388 31.243567526340485 2913.4824272915721 27.936173722147942 105.97272995114326 967.18519938737154 1203.502230964601 205.5784367620945 86.740022078156471 3605.5280324965715 631.52788651734591 17213.362966522574 78.841164797544479 8737.3669648170471 2545.9339781925082 96.927444726228714 72.100233539938927 966.23773109167814 1051.058908611536 141.34217015653849 2289.4582850709558
leaf_count=16832 10338 7526 426 1937 788 2123 2325 36538 448 1436 164 14750 149 547 4889 5904 1013 454 18125 3297 85641 397 44296 12866 515 372 5403 5624 723 11977
internal_value=0.000632822 -0.00443893 0.00439837 0.00121622 0.00696797 -0.0159028 0.00911314 0.011504 -0.0017061 0.00834835 0.0043748 0.0189363 -0.00318889 0.00204329 -0.00232369 0.00349833 -0.0249072 0.00459194 0.00301187 -0.0199288 -0.00170503 -0.00455495 0.00501256 -0.00180265 -0.0227753 0.0426871 -0.0164563 -0.0124016 0.00455703 0.0043094
internal_weight=58953 25119.7 33833.3 15115.1 18718.3 1777.95 15006.9 11214.4 3711.35 7872 546.731 3342.4 22752.9 3792.51 20754.4 13337.1 1231.22 12133.6 3711.5 1025.64 19787.2 443.387 11950 19759.3 183.667 103.344 2366.74 1335.98 284.925 2375.36
internal_count=297823 126812 171011 77304 93707 9303 74147 55049 19560 37974 2870 17075 113883 19098 103545 68001 6433 62097 18672 5420 98656 2334 61128 98507 969 536 12929 7135 1511 12425
is_linear=0
shrinkage=0.1


Tree=77
num_leaves=31
num_cat=0
split_feature=11 10 10 4 12 4 11 9 6 13 4 4 9 12 9 1 2 10 14 16 10 7 9 19 12 10 12 14 14 19
split_gain=335.707 71.9676 71.4506 28.9012 26.0201 20.5806 19.7394 18.8812 16.5911 17.5579 14.7777 14.5197 14.2569 13.8554 13.3393 16.5441 28.171 12.7676 12.6107 13.7564 12.3241 11.809 11.4489 11.2305 10.9381 15.7045 10.7972 10.2506 9.83975 9.72294
threshold=0.021161318262219547 0.23618116442216605 0.45207229944034122 -0.023861955694516542 0.024558040138118721 0.010014849050196341 0.032075302626753087 0.66414016779281682 0.021566761426047635 0.43525371185745904 -0.0094645418174226208 0.0074637208407257747 0.18716339660112052 0.08814243431691747 0.12716898450638664 -0.0076385635261106968 0.0090089120192655709 0.82188146017770403 0.29056092398098965 1.0000000180025095e-35 0.29060226722564675 -0.14390803134275273 0.41795915811427697 1.0000000180025095e-35 0.28721206722516152 0.70819486140198606 0.16846548568996492 0.19872442655536579 0.030211483766863039 1.0000000180025095e-35
decision_type=2 2 2 2 2 2 2 2 2 2 2 2 2 2 2 2 2 2 2 2 2 2 2 2 2 2 2 2 2 2
left_child=1 4 13 -4 14 8 7 27 9 10 -3 18 -13 20 15 -1 -17 23 19 -6 -2 -20 28 -10 25 -8 -9 -5 -15 -14
right_child=2 5 3 6 11 -7 24 26 17 -11 -12 12 29 22 -16 16 -18 -19 21 -21 -22 -23 -24 -25 -26 -27 -28 -29 -30 -31
leaf_value=0.00066039089087500274 0.0037121985785700338 -0.0097287771669307323 -0.03722927363344275 -0.0040254047930708961 0.0070140104705217164 -0.0079701693802945398 -0.018680563485442583 -0.012648997216740199 0.0038424432165489204 0.023817608838861193 0.00079643927510326625 -0.016832295490344762 0.012246360197963976 0.039176990125675493 0.015553501184415543 0.07186699619150827 0.015012097596856427 0.064817789989437866 -0.038394980868744683 -0.0091805360956900995 -0.0096577096105036949 0.011331637828517519 0.0060905415617871737 0.013725030199496176 -0.0093242342697752428 -0.033636169241574781 0.012272088569927047 -0.016353021801062854 -0.0071162996301460391 -0.015494507827194987
leaf_weight=112.40697748959064 800.65005431324244 1516.366927690804 668.75365273654461 820.26697105169296 2725.3446985185146 2170.5352288782597 2140.8551240935922 276.8245662599802 5998.4782803058624 304.85615871846676 11089.68698592484 437.60756655037403 562.89751459658146 47.321960382163525 2540.7397677004337 182.83457353711128 166.52625338733196 36.758891090750694 48.013263002038002 649.53915397822857 4963.6786522045732 8942.3031589686871 1684.2592505440116 1422.6021343544126 647.03766539692879 1044.7841727957129 467.3609457090497 3796.0808820202947 1543.5118013843894 162.9109013825655
leaf_count=469 4270 7757 4249 4896 12456 10974 13904 1699 29517 1557 54871 1928 2641 277 11313 767 679 189 204 2884 27526 40041 9790 7244 4316 7059 2802 22299 8492 753
internal_value=-0.000330778 0.00496213 -0.0112716 -0.0171579 0.00997358 0.00128655 -0.0156978 -0.0117797 0.00227297 0.000103851 -0.000469626 0.00810454 -0.00257579 -0.00484961 0.0183951 0.0340299 0.0447666 0.00602811 0.00910943 0.00389716 -0.00780066 0.0110661 0.000344384 0.00573691 -0.0211779 -0.0235855 0.00300186 -0.0141626 -0.00573923 0.0060198
internal_weight=57971.8 39070.4 18901.4 9861.96 16531.1 22539.3 9193.21 5360.53 20368.7 12910.9 12606.1 13528.6 1163.42 9039.42 3002.51 461.768 349.361 7457.84 12365.2 3374.88 5764.33 8990.32 3275.09 7421.08 3832.68 3185.64 744.186 4616.35 1590.83 725.808
internal_count=297823 186244 111579 61224 74135 112109 56975 31696 101135 64185 62628 60907 5322 50355 13228 1915 1446 36950 55585 15340 31796 40245 18559 36761 25279 20963 4501 27195 8769 3394
is_linear=0
shrinkage=0.1


Tree=78
num_leaves=31
num_cat=0
split_feature=11 11 1 13 3 8 17 8 6 19 8 3 15 14 17 4 3 6 10 1 0 20 4 8 7 15 3 10 13 14
split_gain=141.951 53.9654 21.0538 21.8251 19.1744 56.7263 40.1804 21.1656 19.776 18.5112 18.4316 18.2727 17.2578 16.3988 16.1657 20.5308 14.7143 14.4626 16.0748 12.9223 12.619 12.3879 11.0974 10.9165 10.703 10.2085 9.91253 9.82962 9.78952 9.77688
threshold=0.02779561162461569 0.013507857979536849 -0.0036605179610844636 0.092432483307578889 -0.052613986870500666 -0.83430733249948441 1.0000000180025095e-35 -0.36263945355299004 -0.054373909744710118 1.0000000180025095e-35 -0.2865630828479539 0.063019936506838695 0.39912729062547331 0.48605994683227799 1.0000000180025095e-35 0.0041162625552308993 -0.017189222843109416 0.0074135252664836457 0.22903374309443797 -0.039779997586986575 -0.0055373434642047572 1.0000000180025095e-35 -0.012681050250476609 0.95208462547004158 -0.16554725390966499 0.59388638897288815 0.035649671237424581 0.13190094806786273 -0.28188341875446271 0.014108164171667499
decision_type=2 2 2 2 2 2 2 2 2 2 2 2 2 2 2 2 2 2 2 2 2 2 2 2 2 2 2 2 2 2
left_child=1 2 10 14 5 -3 7 -7 -8 13 27 -5 20 25 16 -16 -4 19 29 21 -12 -6 -15 -14 -20 -2 -21 -1 -29 -19
right_child=9 4 3 11 17 6 8 -9 -10 -11 12 -13 23 22 15 -17 -18 18 24 26 -22 -23 -24 -25 -26 -27 -28 28 -30 -31
leaf_value=0.036253360910080787 -0.0038616103453303387 -0.0026057078232252363 0.0098646577133390152 0.021781960216387612 -0.00095821738738651385 0.013058098991445333 -0.032817687334152669 0.030852191385151502 0.0025112516005729511 -0.002180956195144934 0.015773851357485078 -0.0032666807853972339 0.023749840066793239 -0.02901515387984013 0.018454354696304943 -0.012545363138862198 -0.0040094838838003266 0.053035004356018059 0.056997492034852951 -0.004179117840550038 -0.0061389959992834194 0.016639065635250933 -0.01519682778169475 0.070416332433367021 -0.0002289874794621418 -0.014290509533900896 -0.013790343335201667 0.022433386388722363 0.0021409902709221751 0.0083668826522796651
leaf_weight=103.74221794307232 2099.227793186903 5114.533878557384 978.459163852036 1129.2336369007826 2103.8193050101399 2446.2455955147743 215.40203379839659 919.81673735380173 599.20935643464327 1930.0936097204685 971.28898687660694 392.43928039073944 1543.2927346304059 719.30055474489927 997.23228869587183 271.89320394396782 3494.306249782443 50.291039496660233 32.752446949481964 6574.2441032379866 360.28221033513546 493.97084380686283 3026.6201368197799 51.809934236109257 15230.508950255811 1697.6902353614569 1282.3820078447461 272.54176114499569 1861.5521203204989 1910.2677280753851
leaf_count=566 11388 25085 4961 5873 10295 11904 1002 4409 2945 10521 4683 2089 7623 3954 5034 1324 18452 255 175 32192 1795 2436 16632 262 76435 9070 6294 1345 9279 9545
internal_value=0.000293537 0.00244373 0.00814447 0.00467388 0.000527517 0.00445719 0.0130978 0.0179205 -0.00683053 -0.0109198 0.0130256 0.0153219 0.0182495 -0.0131559 0.00185202 0.0118131 -0.000974386 -0.000792187 0.000988711 -0.00372625 0.00984491 0.00238791 -0.0178503 0.0252656 -0.000106189 -0.00852461 -0.00574789 0.00619375 0.0047325 0.00951268
internal_weight=58874.5 49401.5 12428.1 7263.56 36973.4 9295.21 4180.67 3366.06 814.611 9472.93 5164.51 1521.67 2926.67 7542.84 5741.89 1269.13 4472.77 27678.2 17223.8 10454.4 1331.57 2597.79 3745.92 1595.1 15263.3 3796.92 7856.63 2237.84 2134.09 1960.56
internal_count=297823 246258 63286 37733 182972 45345 20260 16313 3947 51565 25553 7962 14363 41044 29771 6358 23413 137627 86410 51217 6478 12731 20586 7885 76610 20458 38486 11190 10624 9800
is_linear=0
shrinkage=0.1


Tree=79
num_leaves=31
num_cat=0
split_feature=10 10 10 12 13 1 13 11 12 7 4 19 4 10 9 7 4 19 14 1 9 8 11 16 4 19 13 1 12 12
split_gain=446.567 89.5264 84.1529 46.3361 42.5188 39.1749 52.0207 42.2669 38.8131 38.6091 34.161 82.8541 31.6801 30.7413 49.816 29.0246 28.3712 57.5013 30.2401 25.9428 24.9409 23.6969 21.9363 21.0636 20.74 59.2715 37.6039 33.4873 21.5773 20.6648
threshold=0.27250265446896887 0.17023904157665407 0.44896346538983534 0.16045738856652381 -0.41533958687105726 0.0047489213590574684 -0.47363273695030123 0.013311785637962889 0.11362905200490464 -0.20347080870478471 0.0085361094752725037 1.0000000180025095e-35 -0.008192632318585245 0.56892307882464022 0.59879122936336093 0.034411562385492485 -0.014423084149291608 1.0000000180025095e-35 0.37399187857333521 -0.0029100694062660355 0.28685486728095649 -0.44331555133349526 0.0085193032384201957 1.0000000180025095e-35 -0.031642664154679194 1.0000000180025095e-35 -0.071669951738904461 -0.10511706597958258 0.040775220679079599 0.04045267868002167
decision_type=2 2 2 2 2 2 2 2 2 2 2 2 2 2 2 2 2 2 2 2 2 2 2 2 2 2 2 2 2 2
left_child=1 22 4 24 19 6 23 29 9 -6 -8 -12 -11 14 20 -10 17 -9 -18 -2 -5 -17 -1 -3 25 27 -27 -4 -26 -7
right_child=2 5 3 13 8 7 10 16 15 12 11 -13 -14 -15 -16 21 18 -19 -20 -21 -22 -23 -24 -25 28 26 -28 -29 -30 -31
leaf_value=-0.068749710452753743 0.034928266446673066 0.046677652099852251 0.065744277506950985 -0.018978524429618428 0.046853809373378748 -0.04247662178041698 -0.011833442112089004 -0.011017828410117133 -0.016151918282997856 0.010360014026571752 -0.0096338342562780482 0.076623009885632809 -0.00073976102530794998 0.006989538064684192 -0.030446318417836394 0.050955372159854961 -0.0041185675065554738 0.16944240910139524 -0.022315038665395168 0.0049049346701925071 0.012705492070429404 -0.0017583677861341262 -0.03331130771964063 -0.031453561594921804 0.055688694844498392 0.16849978799597876 0.05352089261625427 -0.0061812890516620015 0.01220655984539242 -0.02137830874316881
leaf_weight=197.72064981609583 553.73374139517546 231.66652223467827 87.210714846849442 341.77904061600566 186.18645252287388 885.75599429011345 5885.0841660425067 56.897553995251656 2430.0810980200768 3078.7827653735876 405.99794463813305 153.44800139963627 15600.550811581314 6682.8976893946528 628.83791240304708 90.459902226924896 1631.0331861078739 25.601903840899467 2075.3983123749495 599.28606286644936 909.79278440773487 1489.0636923462152 1498.1572716608644 40.543838165700436 115.33919380605221 43.024670213460922 83.935841098427773 251.12983348965645 10827.332219220698 975.50207810103893
leaf_count=2733 2455 1233 262 1893 702 8479 43514 334 12086 13841 2663 917 77194 23029 2531 396 10692 125 14191 3055 3641 7438 16169 277 392 113 259 787 37708 8714
internal_value=-0.000384138 -0.0158967 0.00457389 0.00937087 0.000586818 -0.0129421 -0.00777997 -0.0190786 -0.000357606 0.00154139 -0.00958867 0.0140252 0.00108974 0.00381132 -0.00748395 -0.00929253 -0.0130166 0.0449841 -0.0143076 0.0193235 0.00405323 0.00126057 -0.037443 0.0350406 0.0135441 0.0342214 0.0924852 0.0123583 0.0126649 -0.0314188
internal_weight=58062.2 14062.8 43999.4 19971.3 24028.1 12366.9 6716.74 5650.19 22875.1 18865.5 6444.53 559.446 18679.3 8563.31 1880.41 4009.6 3788.93 82.4995 3706.43 1153.02 1251.57 1579.52 1695.88 272.21 11408 465.301 126.961 338.341 10942.7 1861.26
internal_count=297823 110041 187782 70615 117167 91139 48604 42535 111657 91737 47094 3580 91035 31094 8065 19920 25342 459 24883 5510 5534 7834 18902 1510 39521 1421 372 1049 38100 17193
is_linear=0
shrinkage=0.1


Tree=80
num_leaves=31
num_cat=0
split_feature=11 11 11 17 18 3 8 8 13 0 6 0 8 14 13 7 9 14 17 8 19 6 8 14 9 15 13 15 0 12
split_gain=409.418 91.5622 58.4961 36.081 36.0503 37.1083 58.7407 57.6881 27.692 39.3496 25.5602 37.1819 30.2766 25.4582 38.5514 25.1913 24.685 28.4874 24.4419 24.0245 22.2345 33.3673 28.6224 20.5817 23.7314 19.5321 19.1462 18.6086 19.1737 18.4142
threshold=0.015693816686646055 0.023145541063024976 0.011487381714163008 1.0000000180025095e-35 1.0000000180025095e-35 -0.00099167209205264207 0.11735667358177181 -0.2865630828479539 0.0046671713139633713 0.057507021814539823 0.041215127830407712 0.043952652216487482 0.52725525458564926 0.25847602778316159 -0.19036363017673497 0.15196469494576118 0.13567916308165098 0.19872442655536579 1.0000000180025095e-35 -2.0199563560942573 1.0000000180025095e-35 -0.044549063616903965 -0.92031950674960206 0.92643636606539204 0.39759104108799564 0.81281447071691904 -0.028329469456599286 0.39912729062547331 -0.015168945411622612 0.065177924866138839
decision_type=2 2 2 2 2 2 2 2 2 2 2 2 2 2 2 2 2 2 2 2 2 2 2 2 2 2 2 2 2 2
left_child=2 13 18 4 5 7 -7 -3 9 -6 12 -12 -5 14 -2 -13 25 -18 -1 -16 23 22 -22 24 -15 -4 -27 -19 -29 -21
right_child=1 3 16 10 8 6 -8 -9 -10 -11 11 15 -14 20 19 -17 17 27 -20 29 21 -23 -24 -25 -26 26 -28 28 -30 -31
leaf_value=-0.0336351503398453 -0.021014712639370017 0.0021478889689107187 0.0045134091510479262 0.016667201719524953 0.0083557719663407866 0.029008251482307797 0.004603207473263142 -0.023079509706036474 0.020404936365570302 -0.055263025117599077 -0.00070825242328583404 0.00067809089011919743 0.04397953926074246 0.0040860557590745436 0.092392457860941024 0.062337337126575534 -0.025152279285396175 -0.004530867633930835 -0.011530639605428477 0.0042505180217295617 -0.0070936715394467184 -0.001686090016026081 -0.054612554009550097 0.016638955933826589 -0.0077525594597766083 0.1373226221242704 -0.012539942201636511 -0.072587613462808148 -0.014198512450363382 -0.0091484471012630211
leaf_weight=2290.4324370250106 1407.4814541190863 5655.8751845508814 376.25400958955288 3114.1566323637962 2507.1473414599895 1159.4497012197971 6601.5154014974833 1079.4432327598333 2648.6594936847687 101.14534318447113 1496.9585066139698 106.84118990600109 466.69671177864075 8919.1931832581758 26.873183660209179 174.44994297623634 1758.8470488041639 2776.1395982727408 640.01353443041444 2045.5270248502493 263.43693502247334 2347.2536796107888 244.31317546218634 1027.2567878365517 2090.0258755683899 22.775250196456909 13.624999545514582 56.958139404654503 4457.5654708519578 2057.2220713868737
leaf_count=24281 7691 20573 2850 10757 9036 4244 23319 4127 9064 335 5217 352 1540 46435 109 483 13841 20529 6421 11413 1331 12469 1370 5045 9956 145 109 485 33620 10926
internal_value=-0.000346672 0.00403862 -0.0164619 0.00808282 0.00610848 0.00353587 0.0082492 -0.00189521 0.0132026 0.00588874 0.0153601 0.00555994 0.0202268 -0.000932811 -0.00672207 0.0389177 -0.0126385 -0.0137292 -0.0288075 -0.00185076 0.00121981 -0.00671417 -0.0299582 0.00310172 0.00183857 0.0112804 0.0812275 -0.0109734 -0.0149352 -0.00246806
internal_weight=57933.5 45540.9 12392.6 25112.3 19753.2 14496.3 7760.97 6735.32 5256.95 2608.29 5359.1 1778.25 3580.85 20428.6 5537.1 281.291 9462.16 9049.51 2930.45 4129.62 14891.5 2855 507.75 12036.5 11009.2 412.654 36.4002 7290.66 4514.52 4102.75
internal_count=298073 195792 102281 89047 70698 52263 27563 24700 18435 9371 18349 6052 12297 106745 30139 835 71579 68475 30702 22448 76606 15170 2701 61436 56391 3104 254 54634 34105 22339
is_linear=0
shrinkage=0.1


Tree=81
num_leaves=31
num_cat=0
split_feature=11 0 0 3 8 19 8 5 6 3 17 9 0 8 10 9 3 4 12 4 10 4 0 4 17 14 12 15 4 4
split_gain=102.471 29.8078 21.3193 18.9265 48.3601 34.0645 29.9263 31.6048 25.2029 21.9865 23.3023 20.1498 16.8131 16.3075 15.9051 19.2685 18.0907 13.5619 13.5033 13.4754 13.3933 12.9543 12.3759 11.8367 11.0351 10.7707 10.4457 10.3066 16.0704 12.4646
threshold=0.019861499989908594 -0.049764999412854831 0.062099649645675166 0.0052103481126362103 -0.014950409894715353 1.0000000180025095e-35 0.10280751376128548 0.0040319713426202339 -0.0217454292649738 -0.013452681319508828 1.0000000180025095e-35 0.14074880764330661 0.013089110082086909 0.088332442659078123 0.44614737419451217 0.44756466548859425 -0.038318891611595511 -0.010427048818497207 0.021584641793504142 0.023119357364150165 0.29874081513668888 0.0074637208407257747 -0.0059018788157469962 0.0040290874754549408 1.0000000180025095e-35 0.93756293354848319 0.15798218256291904 0.85930174185665453 0.00067220900428255359 0.0029769229356630959
decision_type=2 2 2 2 2 2 2 2 2 2 2 2 2 2 2 2 2 2 2 2 2 2 2 2 2 2 2 2 2 2
left_child=3 -2 14 4 19 11 18 23 24 10 -10 22 -9 -11 15 20 -17 -13 -7 27 -3 -20 -5 -8 -6 26 -16 28 -1 -29
right_child=1 2 -4 5 8 6 7 12 9 13 -12 17 -14 -15 25 16 -18 -19 21 -21 -22 -23 -24 -25 -26 -27 -28 29 -30 -31
leaf_value=0.001437228490477018 -0.020165215911731621 0.004361861071300259 -0.021649587881308673 -0.0049670508385718931 -0.0009399487278482872 -0.013087276226218292 -0.00063944365301793818 0.0086758748537092267 -0.045898574227741837 0.00865852845593971 0.0071832162530632189 -0.011268892723597228 0.028235762492023548 -0.020803296530927592 -0.0076352006028222348 -0.0046309454405136152 0.013370732156751247 0.0036569008647014014 0.037024068783692035 -0.033867331324799826 -0.0045224981752539795 0.004643305834243848 0.020899812361820834 -0.029101391828792973 0.039263478158015355 -0.016223762879734694 -0.0011585520019186215 0.0055254022179458025 0.0086881905773508392 -0.018495362675273103
leaf_weight=7069.9349427521229 1137.3178010806441 2159.214762814343 637.44781593233347 225.77891483902931 412.6584360525012 70.565275833010674 555.16984588652849 1151.1832324117422 448.06868178397417 293.06880968809128 101.41946544498205 639.48503574728966 710.79990784823895 523.41823437064886 5968.6951251775026 848.19948703795671 1633.077421464026 12670.076261587441 831.15264536440372 95.457412518560886 7923.6055333092809 145.12130388617516 1023.2137434482574 198.31208457052708 81.808122873306274 920.86081752181053 4272.9143846258521 423.76702542603016 5384.4921637624502 440.66319969296455
leaf_count=36649 6374 10569 3416 1184 2234 366 2735 5466 2401 1548 560 3202 3227 2704 30460 4354 8266 63722 3952 507 38373 709 5317 944 402 4749 22583 2147 26826 2127
internal_value=0.0004352 -0.00434118 -0.00360251 0.00407162 0.00147542 0.00624805 0.0148689 0.00914994 -0.0136335 -0.0206362 -0.0361012 0.00407942 0.0161427 -0.0102283 -0.00311765 -0.000677233 0.00721704 0.00293976 0.0291573 0.00357089 -0.00261993 0.0322107 0.0162239 -0.00813046 0.0057116 -0.00586451 -0.00493307 0.00383921 0.00457208 -0.00671974
internal_weight=58996.9 25501.3 24364 33495.6 15274.8 18220.9 3662.3 2615.47 1860.44 1365.98 549.488 14558.6 1861.98 816.487 23726.6 12564.1 2481.28 13309.6 1046.84 13414.3 10082.8 976.274 1248.99 753.482 494.467 11162.5 10241.6 13318.9 12454.4 864.43
internal_count=298073 129144 122770 168929 78105 90824 17399 12372 9849 7213 2961 73425 8693 4252 119354 61562 12620 66924 5027 68256 48942 4661 6501 3679 2636 57792 53043 67749 63475 4274
is_linear=0
shrinkage=0.1


Tree=82
num_leaves=31
num_cat=0
split_feature=10 10 10 12 12 10 9 0 12 0 4 4 16 13 15 15 9 12 12 4 14 1 15 8 5 3 16 3 13 8
split_gain=283.043 54.556 45.4124 33.6009 28.3955 27.8204 21.9404 17.4095 14.6541 13.2637 13.1756 18.4927 12.9106 14.568 14.2447 12.7119 12.6006 12.5369 11.74 11.6642 11.3349 10.6813 16.5268 10.6686 18.5714 12.1037 11.0328 11.9732 11.1702 10.0114
threshold=0.32011823035895143 0.48804313981221242 0.1999148660094881 0.24932359156668996 0.12486478352079149 0.67284554916998263 0.42370036116769788 -0.024584944650013259 0.066502916453776401 -0.023539624473828177 0.0065394216070906461 -0.0085860966903794616 1.0000000180025095e-35 -0.56424919216932723 0.11681773723187042 0.26436002401122938 0.57704468082371474 0.11251376809079087 0.1714057278014752 0.0069187823586511774 0.65435000428771961 -0.021255428138673867 0.89422457182007098 -0.57364677130682751 -0.0051248210763730753 -0.078700473935200618 1.0000000180025095e-35 0.064150705314276926 -0.38112144522095981 -0.99843670516470462
decision_type=2 2 2 2 2 2 2 2 2 2 2 2 2 2 2 2 2 2 2 2 2 2 2 2 2 2 2 2 2 2
left_child=2 4 8 5 -2 18 9 -5 23 15 11 -6 13 -11 -14 20 -13 -8 -3 -10 -4 -9 -23 24 25 -1 28 -28 -25 -26
right_child=1 3 6 7 10 -7 17 21 19 12 -12 16 14 -15 -16 -17 -18 -19 -20 -21 -22 22 -24 26 29 -27 27 -29 -30 -31
leaf_value=-0.0085716711778840438 -0.0067281583802287076 -0.016929373243369985 -0.015013256564338072 -0.023707232053292927 -0.011209228785902886 -0.029445591647268277 0.03159337219096766 -0.01130132427714684 0.0034972316268920365 -0.020468946839550563 -0.0085972279731054719 0.0080419560044993569 0.027706214405871572 0.0056643931621856852 -0.0020337441828224443 0.023745220237895274 0.033184183811001959 0.12646110134596061 -0.0057302634385849906 -0.034787135510583593 0.004006225788892182 0.011449966457740969 -0.014482685086166845 -0.0041180728334138323 0.078091295175057029 0.019922501166756548 -0.00018216599793815692 0.025207377015473726 0.014669911304783435 0.032894010660486153
leaf_weight=196.18293093144894 13288.420026019216 3961.3865254595876 904.7444836050272 365.91888662427664 473.83187368512154 1578.312342852354 43.157898396253586 571.83980622142553 817.40695793926716 216.05741249769926 710.05406904220581 1991.0436601340771 167.72711578011513 16767.449508003891 4048.3917559012771 134.78074739873409 221.51184057444334 20.569215543568134 1225.6683376207948 88.164822280406952 479.36133068799973 996.59994105249643 326.18494815379381 335.51371891796589 56.951154783368111 620.84313204884529 1193.9384866207838 219.95652717351913 5568.3101527690887 351.39434069395065
leaf_count=879 72208 24512 4456 2387 2610 10771 230 3526 3635 1007 3892 10567 826 80722 19159 720 1328 119 7338 408 2356 5894 2034 1471 253 2701 5208 953 24369 1534
internal_value=-0.0002051 -0.00803056 0.00603731 -0.0142935 -0.00464252 -0.0178204 0.00361997 -0.00373825 0.0118659 0.00345561 0.00351744 0.00671954 0.00410237 0.00533194 -0.000850619 -0.00557141 0.0105591 0.0622139 -0.0142831 -0.000230065 -0.00842618 0.000118469 0.00505525 0.0131481 0.0217838 0.0130805 0.011702 0.00376763 0.0136022 0.0391976
internal_weight=57941.7 25710.8 32230.9 9025.91 16684.9 6765.37 22782.2 2260.54 9448.66 22718.5 3396.44 2686.39 21199.6 16983.5 4216.12 1518.89 2212.56 63.7271 5187.05 905.572 1384.11 1894.62 1322.78 8543.09 1225.37 817.026 7317.72 1413.9 5903.82 408.345
internal_count=298073 147067 151006 56462 90605 42621 109595 13841 41411 109246 18397 14505 101714 81729 19985 7532 11895 349 31850 4043 6812 11454 7928 37368 5367 3580 32001 6161 25840 1787
is_linear=0
shrinkage=0.1


Tree=83
num_leaves=31
num_cat=0
split_feature=10 10 12 12 10 12 13 4 13 10 10 18 14 3 8 0 2 3 4 3 8 12 9 12 3 19 15 4 12 10
split_gain=89.5551 29.4545 27.2069 24.8067 16.78 15.8587 13.0885 13.6873 18.2432 19.637 12.4772 12.4738 11.3066 11.2272 54.5231 12.0106 11.0703 16.6725 12.5784 15.643 10.4119 10.1957 12.6127 10.0543 9.69623 9.52231 9.40009 10.3001 12.206 9.10145
threshold=0.32622874728814083 0.6348994637974833 0.20580001656361502 0.16045738856652381 0.50392995159864518 0.080474758718152364 -0.36043481640292557 0.00067220900428255359 0.10979408204529319 0.13673774985080009 0.82188146017770403 1.0000000180025095e-35 0.010665994020859111 0.031140903528391387 0.20159010265979488 0.0081303402724439717 0.075003209488900616 0.093384109062925505 -0.01802952154939574 -0.069022455986555972 0.72052308580576563 0.34337448302621493 1.0631070411599743 0.36132230604538867 0.17392940854113806 1.0000000180025095e-35 0.061053344676560491 0.0083631664285186442 0.34337448302621493 0.87415012801056535
decision_type=2 2 2 2 2 2 2 2 2 2 2 2 2 2 2 2 2 2 2 2 2 2 2 2 2 2 2 2 2 2
left_child=6 3 29 4 5 -2 25 16 13 -10 21 -11 -7 14 -9 -15 18 -18 -8 -20 -19 24 -23 -12 -4 -1 -5 28 -28 -3
right_child=1 2 10 26 -6 12 7 8 9 11 23 -13 -14 15 -16 -17 17 20 19 -21 -22 22 -24 -25 -26 -27 27 -29 -30 -31
leaf_value=0.014245064955745674 -0.0057181366041069888 -0.017680326545673926 0.0025588569558574899 -0.013923376800621402 -0.010513791803416111 0.044784002017648566 -0.012181498490046213 -0.001906258329276633 0.05779269881615582 0.0087385150281602385 -0.021305515496934976 -0.0051561986267486849 0.00022163824486561988 -0.00040762907915531063 0.029625533970617391 -0.011731694132585577 0.03118803280792028 -0.021352264001020822 0.013229919988075205 0.0037835120920855555 0.011935837215429413 0.012006898951393511 0.083408694817308116 -0.003285651198860734 -0.020588189125041078 -0.0054705448964015649 0.010964855928462167 -0.0051975454898913103 -0.019908382635437569 -0.038665017773762002
leaf_weight=1774.0589082017541 8168.6298777982593 1741.9780879318714 840.89915165305138 237.7062506750226 3225.7380682677031 57.346819788217545 432.79357123374939 5330.1166200935841 73.886332638561726 2997.4148266389966 589.48430448770523 823.63334167003632 7973.0321669280529 2027.0142464563251 611.27183690667152 1741.1363910138607 402.49406109750271 122.85764196515083 2041.9690226614475 12388.239036537707 399.50503504276276 255.79300988465548 27.388398692011833 652.21704110503197 230.60012433677912 284.22249104082584 2489.3485877513885 594.83635734766722 135.00349852442741 234.50737895816565
leaf_count=8699 40725 9759 4632 1227 17076 298 1998 26236 414 15042 3408 4101 40556 10410 2962 8868 1993 615 9589 61280 1993 1364 171 3714 1237 1484 13020 3084 668 1450
internal_value=0.000170618 -0.00400265 -0.0113295 -0.00253839 -0.0039274 -0.00261584 0.00381363 0.00327379 0.000949111 0.00673085 -0.00459964 0.00574349 0.000539869 -0.00137021 0.00133785 -0.0056401 0.00527698 0.0158923 0.00461643 0.00512024 0.00410661 0.00203724 0.0189127 -0.0118404 -0.00242268 0.0115226 0.00526666 0.00668366 0.00937666 -0.0201701
internal_weight=58905.1 27454.5 4572.87 22881.6 19424.7 16199 31450.6 29392.3 13604.5 3894.93 2596.38 3821.05 8030.38 9709.54 5941.39 3768.15 15787.9 924.857 14863 14430.2 522.363 1354.68 283.181 1241.7 1071.5 2058.28 3456.89 3219.19 2624.35 1976.49
internal_count=298073 142389 25735 116654 98655 81579 155684 145501 68033 19557 14526 19143 40854 48476 29198 19278 77468 4601 72867 70869 2608 7404 1535 7122 5869 10183 17999 16772 13688 11209
is_linear=0
shrinkage=0.1


Tree=84
num_leaves=31
num_cat=0
split_feature=11 11 11 12 17 18 4 4 1 13 4 13 13 1 19 4 4 19 16 13 18 2 15 7 4 7 18 7 7 4
split_gain=360.48 83.3171 75.9907 51.2251 36.8496 42.0423 41.1614 36.2854 35.7175 38.7011 34.8043 34.5202 32.9945 37.4697 60.5716 66.0027 49.1577 40.9473 40.5275 33.4818 28.2507 28.025 27.7278 27.4431 27.3578 24.7914 23.7912 22.8026 22.7144 19.5863
threshold=0.015031154064531033 0.010744510457786511 0.02410091779322391 0.030694805312937844 1.0000000180025095e-35 1.0000000180025095e-35 -0.031642664154679194 0.048526089622378574 -0.011488687476167046 -0.41533958687105726 -0.0030537834459627429 -0.56424919216932723 0.34281060004276925 -0.013707890205386429 1.0000000180025095e-35 0.0083631664285186442 -0.012681050250476609 1.0000000180025095e-35 1.0000000180025095e-35 -0.59364849126740382 1.0000000180025095e-35 -0.015609427499932103 0.66521162589305061 -0.228557244433398 0.019632874231120038 0.31804793199429376 1.0000000180025095e-35 -0.042720175996497793 -0.083623781609710832 -0.010427048818497207
decision_type=2 2 2 2 2 2 2 2 2 2 2 2 2 2 2 2 2 2 2 2 2 2 2 2 2 2 2 2 2 2
left_child=1 8 12 29 5 6 25 10 9 26 -7 20 13 14 19 -16 17 -15 -18 -2 -5 22 24 -8 -6 -4 -1 -11 -24 -3
right_child=2 3 4 11 21 7 23 -9 -10 27 -12 -13 -14 16 15 -17 18 -19 -20 -21 -22 -23 28 -25 -26 -27 -28 -29 -30 -31
leaf_value=-0.0083518509480148603 0.063628757401602828 0.024085033636766007 0.046970850007358948 0.0020755031027995521 -0.0038350517286731404 0.013349981597210434 0.032522472857459267 0.065834930808136613 -0.045109073665560349 0.0181339930521069 -0.0053936864799229668 -0.01017326649327684 -0.014127606296212868 0.0071394260697914443 0.013445787559997771 0.063493908364162285 -0.006427455459646611 0.056123832580120506 0.0070035399057908846 0.00081020963060504973 0.077229051174352761 0.0066289655393454274 -0.0056681205137989439 0.010563704479949381 0.076354802402597177 -0.033297180905504133 0.096534176937316904 -0.038526048360414206 -0.044439055743191742 -0.030283054312748772
leaf_weight=41.002375617623329 85.965324014425278 69.004094131290913 472.07059067487717 130.72940368205309 1330.3537748008966 1442.50023406744 596.57417926192284 86.542186692357063 1301.6787407547235 90.429678861051798 3162.6739032864571 6768.1475312039256 1589.8833703994751 585.98089676350355 1502.6892740279436 319.53535964339972 11046.182374760509 240.76907778531313 2820.2387522235513 6518.5933111533523 81.016021817922592 2604.5574578940868 276.05848208069801 12375.52243001014 43.949866414070129 41.892917558550835 45.7639195099473 331.05917192623019 333.85213962197304 1667.4935063794255
leaf_count=328 329 522 1394 772 4768 5010 1790 268 15663 1018 11258 52809 8706 2752 7149 1342 59803 1043 14295 32402 295 9360 982 43349 134 117 190 3995 1238 14992
internal_value=-6.47891e-05 -0.0168072 0.00364728 -0.0127531 0.00781528 0.00983665 0.0126732 0.00168305 -0.036331 -0.0138498 0.00047748 -0.00892937 -0.000192931 0.00076531 0.00608117 0.022222 -0.00228342 0.0214048 -0.00369578 0.00162786 0.03083 -0.000192094 -0.00914569 0.0115736 -0.0012706 0.0404282 0.0469691 -0.0263697 -0.0268905 -0.0281226
internal_weight=58002.7 10526.3 47476.4 8716.39 22766.5 18177.8 13486.1 4691.72 1809.93 508.255 4605.17 6979.89 24709.8 23120 8426.78 1822.22 14693.2 826.75 13866.4 6604.56 211.745 4588.77 1984.21 12972.1 1374.3 513.964 86.7663 421.489 609.911 1736.5
internal_count=298073 90584 207489 69390 79668 63186 46650 16536 21194 5531 16268 53876 127821 119115 41222 8491 77893 3795 74098 32731 1067 16482 7122 45139 4902 1511 518 5013 2220 15514
is_linear=0
shrinkage=0.1


Tree=85
num_leaves=31
num_cat=0
split_feature=11 11 11 14 9 10 12 10 7 10 19 18 13 9 8 12 12 11 12 6 5 9 11 17 5 10 10 9 12 9
split_gain=347.657 74.6192 56.329 30.2883 31.4803 30.4665 35.5363 29.7218 27.5041 26.0976 23.6583 29.8798 29.1932 23.3016 22.6405 21.5996 21.061 22.0439 20.4835 20.6676 34.8563 25.9979 20.021 19.9191 17.6599 17.4782 17.4638 17.3857 17.3756 20.0507
threshold=0.016236598037469255 0.026204447388984014 0.011487381714163008 0.058369681174294093 0.36455210589209414 0.34829132990128098 0.1374282485596964 0.30283616813699571 -0.029191495050237822 0.94373126875426505 1.0000000180025095e-35 1.0000000180025095e-35 0.072642977702715564 1.143295006896387 -0.63003617843618542 0.11592903708433362 0.08168744288200093 0.022698553665910139 0.3139714697570683 0.061488696495109137 -0.042272638063085892 1.0631070411599743 0.0078654457755579811 1.0000000180025095e-35 0.0052269703527667586 0.25796426610089301 0.68424248850479819 0.19258777211492906 0.12913891137913078 0.15369772599954304
decision_type=2 2 2 2 2 2 2 2 2 2 2 2 2 2 2 2 2 2 2 2 2 2 2 2 2 2 2 2 2 2
left_child=2 3 22 8 7 -6 -7 14 -2 13 11 12 15 -3 -5 -4 17 -10 19 20 -11 -21 -1 24 -24 -12 -9 -26 -13 -30
right_child=1 9 10 4 5 6 -8 26 16 18 25 28 -14 -15 -16 -17 -18 -19 -20 21 -22 -23 23 -25 27 -27 -28 -29 29 -31
leaf_value=-0.073374668930252615 -0.034613773022910056 0.007941912190628812 0.00076397868856376634 0.011411067053451613 -0.014372260367131774 0.0030681513866525349 -0.013069916634264262 0.0089737016611158953 -0.0037834123480373692 0.023503212922034195 -0.029090441146145007 -0.021760287159064237 -0.016669967547224936 -0.026306432531603183 -0.0042211034586762258 -0.01982962925310448 -0.024023566943598782 0.039813310184795114 0.010771436941801955 -0.02817462408582155 0.079560261446608882 0.041221219822214127 -0.037571927194010576 -0.0096148027814600481 -0.011331997038500656 -0.0097951505382057255 -0.018391738751275373 -0.044649047719100277 0.093419799489955505 -0.0027621441767591245
leaf_weight=89.901318613439798 436.21050783991814 16905.73951792717 4340.2980932071805 1151.8017250597477 1932.4923786148429 6354.4761990383267 1737.5957836657763 7892.3288874998689 541.04134019464254 274.66182793676853 1138.4492660090327 2010.9078611359 1756.9915828257799 201.02055992186069 4736.6495891138911 577.01685482263565 369.82278738170862 147.62494038045406 836.90481056272984 101.59691700339317 186.06639268994331 115.19524620473385 1260.8888718225062 618.45008356496692 672.46004792675376 798.88861467689276 240.30289714038372 204.18113891407847 25.022157944738865 161.9884115755558
leaf_count=1156 2348 57167 31259 6241 9942 27036 7800 37014 3169 680 9868 15611 13505 654 27216 3876 1980 632 2594 255 440 266 13810 6239 7219 5580 1130 2145 151 1089
internal_value=-0.000472734 0.00383926 -0.0144177 0.000329373 0.00118796 -0.00309121 -0.000397146 0.0042474 -0.0134829 0.00865334 -0.0111222 -0.00893608 -0.00560584 0.00753946 -0.0011634 -0.00165256 -0.00477474 0.00556214 0.0212355 0.0341613 0.046142 0.00869973 -0.0269349 -0.02542 -0.029993 -0.0211338 0.00816511 -0.019092 -0.0190488 0.0101071
internal_weight=57817 44161.5 13655.4 25540.3 24045.6 10024.6 8092.07 14021.1 1494.7 18621.2 10809.6 8872.22 6674.31 17106.8 5888.45 4917.31 1058.49 688.666 1514.43 677.52 460.728 216.792 2845.88 2755.98 2137.53 1937.34 8132.63 876.641 2197.92 187.011
internal_count=298072 186564 111508 124508 116379 44778 34836 71601 8129 62056 80939 65491 48640 57821 33457 35135 5781 3801 4235 1641 1120 521 30569 29413 23174 15448 38144 9364 16851 1240
is_linear=0
shrinkage=0.1


Tree=86
num_leaves=31
num_cat=0
split_feature=11 9 14 1 18 19 8 12 13 14 15 0 4 3 3 13 4 12 10 9 10 12 14 4 13 3 14 14 10 13
split_gain=75.1472 31.0842 24.4901 20.0401 47.1912 24.7587 21.3566 19.1606 18.2346 16.4356 15.9635 17.3112 14.4402 14.0648 14.02 13.3734 13.8496 11.845 11.2539 12.6814 17.1001 17.6755 13.5662 10.892 12.9919 10.7707 10.4644 10.4102 10.0257 9.13807
threshold=0.02669331335161634 0.18445680022531213 0.48975503988489039 0.021506217746733561 1.0000000180025095e-35 1.0000000180025095e-35 0.21776173937372137 0.031097566868868786 0.15943005604095445 0.94121638760332305 0.37924089310940912 -0.0062692909446087066 -1.0000000180025095e-35 -0.027901448875882192 0.094922883805674832 -0.51998855132270283 -0.0018220413952592105 0.12763844660355048 0.78128839112576676 0.63302001831886201 0.55215077069945762 0.20140540198955345 0.91479368380304205 0.016403344406549229 0.06983247074917022 -0.069022455986555972 0.9597450474660042 0.43836087252835543 0.40653352095315559 0.5625706169653556
decision_type=2 2 2 2 2 2 2 2 2 2 2 2 2 2 2 2 2 2 2 2 2 2 2 2 2 2 2 2 2 2
left_child=1 8 3 23 5 -5 -6 -4 10 18 15 12 -12 17 27 -1 -17 -9 19 22 -21 -22 28 24 -3 -13 -15 -10 -2 -20
right_child=9 2 7 4 6 -7 -8 13 14 -11 11 25 -14 26 -16 16 -18 -19 29 20 21 -23 -24 -25 -26 -27 -28 -29 -30 -31
leaf_value=-0.01908645473151746 0.00011313328995261605 -0.0052586122335396574 0.01314848152979114 -0.005325757614835995 0.034513734685787799 0.01060258682606917 0.0088712365090086922 -0.0035987415991661845 0.0043600821705854585 -0.02083170226360009 0.0024899094603084201 -0.0095954628389812273 -0.030004038328328181 0.0053967085887555617 0.03466615144424031 0.0074867615521617041 0.02339623723255534 0.0078399950333772166 -0.016211792368858297 0.018171069870907532 -0.0082695887257488877 0.01217324461014902 0.029505527062899661 -0.021739893683071883 0.0017852640029138566 0.009761807586465561 -0.0058141076232611803 -0.0158150844009084 -0.0095730367219631022 0.0086903891404828924
leaf_weight=103.2951375991106 1382.7629877626896 8823.3850370049477 1914.9692269861698 3743.8655017912388 575.84082351624966 1319.8963184729218 745.01001510024071 4721.2898382321 444.67543070018291 772.0071787238121 358.07372941821814 308.51245465129614 221.2766509950161 11241.660959139466 86.410652294754982 854.91765727102757 1520.0745379924774 1120.0262146368623 1384.2776298448443 500.70909880846739 1478.6707925796509 592.39399509876966 101.41593930870295 323.95034492015839 3723.4697720557451 4209.5192334502935 899.2092684134841 601.98744571208954 4703.1694045513868 164.91580503433943
leaf_count=580 6926 43849 9691 18833 2890 6259 3653 23707 2387 4196 1906 1578 1111 55285 420 4440 7598 5791 7844 2684 8038 3273 546 1639 18779 21469 4384 3221 24166 929
internal_value=0.00066272 0.00238074 0.00117883 -0.00136352 0.00321695 -0.00117395 0.0200504 0.00363917 0.0077843 -0.00675826 0.00955396 0.00635318 -0.0099208 0.0026265 -0.00404752 0.0161374 0.0176694 -0.00140545 -0.00570428 -0.00431471 0.00158714 -0.00242225 -0.00676782 -0.00363567 -0.00316823 0.00844 0.00456638 -0.00724365 -0.00737228 -0.0135609
internal_weight=58941.6 47861.3 39152.6 19255.4 6384.61 5063.76 1320.85 19897.2 8708.74 11080.3 7575.67 5097.38 579.35 17982.2 1133.07 2478.29 2374.99 5841.32 10308.3 8759.12 2571.77 2071.06 6187.35 12870.8 12546.9 4518.03 12140.9 1046.66 6085.93 1549.19
internal_count=298072 239470 194760 95902 31635 25092 6543 98858 44710 58602 38682 26064 3017 89167 6028 12618 12038 29498 54406 45633 13995 11311 31638 64267 62628 23047 59669 5608 31092 8773
is_linear=0
shrinkage=0.1


Tree=87
num_leaves=31
num_cat=0
split_feature=11 11 11 16 1 14 2 12 10 12 11 16 9 10 7 7 9 3 10 10 9 10 12 0 15 9 9 7 2 10
split_gain=233.492 51.6097 51.1308 17.3329 14.9157 16.6436 15.3533 14.2172 14.1732 20.0273 12.4743 11.6563 11.5338 11.5119 11.3476 13.425 11.2129 11.1022 10.6785 10.5849 10.5772 17.5292 15.8799 12.0218 10.6592 10.5319 10.2198 10.079 15.0929 12.3344
threshold=0.021161318262219547 0.030655364253488065 0.01509590785450556 1.0000000180025095e-35 0.046474860524288404 0.08654814794809125 0.037793051249134464 0.020115053419348803 0.70819486140198606 0.32735724702380392 0.011029647844176029 1.0000000180025095e-35 0.59879122936336093 0.36019430006645231 -0.063912697234438695 0.022279214485405822 0.27849027485688532 0.086237872910450722 0.15497193296566511 0.87415012801056535 0.56385004591013987 0.43276087763869092 0.19697496294159231 -0.011491174907268141 0.99001341831751133 0.4292650287537631 0.105216722424833 0.036287665215599903 0.011205069939971059 0.27876119922178783
decision_type=2 2 2 2 2 2 2 2 2 2 2 2 2 2 2 2 2 2 2 2 2 2 2 2 2 2 2 2 2 2
left_child=2 20 3 7 27 11 -7 26 12 -10 -5 -6 13 25 18 -16 17 -12 -9 -11 21 -2 24 -24 -22 -3 -1 29 -29 -4
right_child=1 8 4 10 5 6 -8 14 9 19 16 -13 -14 -15 15 -17 -18 -19 -20 -21 22 -23 23 -25 -26 -27 -28 28 -30 -31
leaf_value=0.06654433253926377 -0.0041213565582336464 -0.003698281892816309 0.0053272725280499875 0.010603928821079087 0.042369489308963351 0.019296184339470047 0.00051209523593983121 -0.040644620387610471 -0.030768799558529281 0.019226938816757261 -0.0062834846263760931 -0.014640137338509995 -0.00796094700747608 -0.021680790557521239 0.012143511332760155 0.0059362888734037214 0.016656289995994573 0.013404488057600111 0.0013703724559897847 -0.015403665523679217 -0.0024595712596910454 -0.012215094767679652 -0.009136276136684756 0.029791577743979447 -0.057246177805327092 0.071564098281794566 0.017804457519521297 -0.011005837255711968 -0.00026076987259904543 -0.0017001199281551083
leaf_weight=44.711427569389343 7307.8581752851605 127.90438977628946 4156.4476078003645 1148.5205435305834 200.58610108494759 564.24756726622581 1901.5618624389172 63.621869146823883 1390.804304048419 115.20243344455957 2278.8513254225254 43.673179820179939 1703.0799229294062 1709.3923276886344 7094.685561388731 6847.0727061927319 298.36837717890739 327.59596972167492 1229.8794704377651 377.40077771246433 1147.1520414203405 4221.6853071972728 109.81348089128733 285.80314490199089 36.646548591554165 21.755550995469093 1137.4064614325762 2044.4040730893612 3625.3740981370211 6258.262665271759
leaf_count=185 40653 765 20355 4884 1039 2935 9656 249 9820 805 10239 211 11596 10813 31966 30630 1404 1479 5652 2556 6994 24863 672 1707 215 143 4889 10191 18036 32470
internal_value=-0.000188461 -0.00943284 0.0041799 0.00763759 0.000413839 0.00727692 0.00481043 0.00908344 -0.0176157 -0.0246318 0.00178141 0.0321763 -0.0139061 -0.0193524 0.00826373 0.00909502 -0.00170688 -0.00380897 -0.000696168 -0.00730479 -0.00603364 -0.00708498 0.00164103 0.0189862 -0.00415559 0.00724235 0.019648 -0.000742519 -0.00413522 0.00110447
internal_weight=57819.8 18554.5 39265.3 20470.7 18794.6 2710.07 2465.81 16417.4 5445.54 1883.41 4053.34 244.259 3562.13 1859.05 15235.3 13941.8 2904.82 2606.45 1293.5 492.603 13109 11529.5 1579.42 395.617 1183.8 149.66 1182.12 16084.5 5669.78 10414.7
internal_count=298072 111602 186470 91577 94893 13841 12591 73571 36498 13181 18006 1250 23317 11721 68497 62596 13122 11718 5901 3361 75104 65516 9588 2379 7209 908 5074 81052 28227 52825
is_linear=0
shrinkage=0.1


Tree=88
num_leaves=31
num_cat=0
split_feature=11 11 4 3 8 20 1 2 0 15 20 11 7 1 5 13 14 9 7 9 2 3 1 15 12 7 13 14 4 10
split_gain=111.652 40.0331 14.9429 16.3645 22.4093 21.5027 18.7693 18.7443 15.6249 30.6692 14.8616 14.6548 13.4009 13.3727 19.2507 13.1439 11.5521 10.5144 11.9148 13.9749 11.807 10.8945 10.4171 10.1068 8.90483 8.69185 8.47179 7.81097 7.0657 6.74153
threshold=0.028806659001717905 0.018076730352570219 0.00067220900428255359 -0.11672278220519282 -0.85118153831358589 1.0000000180025095e-35 -0.044201586496381388 0.073659687325079673 0.026417089972615052 0.75092310049986266 1.0000000180025095e-35 0.047412794685604276 -0.085450818772262002 0.026966448165109961 0.016746405923258715 0.026280678282833352 0.85277309260906364 0.73496066068277965 0.26762958522706709 0.2354744789623486 -0.13675641032861827 -0.072108503337530813 0.0028380346322929299 0.42358087767361885 0.2160508325603249 -0.10473200946395449 0.51476551713235663 0.10628995484418122 -0.0018998008561696975 0.5081535448189084
decision_type=2 2 2 2 2 2 2 2 2 2 2 2 2 2 2 2 2 2 2 2 2 2 2 2 2 2 2 2 2 2
left_child=1 2 3 4 23 12 -6 -7 13 22 -11 16 -5 14 -4 -15 24 18 20 -20 26 -22 -10 -1 29 -13 -3 -27 -18 -2
right_child=11 17 8 5 6 7 -8 -9 9 10 -12 25 -14 15 -16 -17 28 -19 19 -21 21 -23 -24 -25 -26 27 -28 -29 -30 -31
leaf_value=0.0013792954423196484 -0.0050233565946192797 -0.017776414118568451 0.0013373796271122719 -0.006956669913706812 -0.00091319146621326563 -0.0039406369387445621 0.080315556086435994 0.034353418208926123 0.11703039092801755 -0.00037195330259260398 0.035242089785476237 -0.0062546765731057415 0.0086030999860689846 -0.010885000290907387 0.015769883419151958 0.0036070914504799513 -0.029092715500276475 0.01777286802006443 0.056937463090636714 -0.022218759679376813 0.0038499333391285844 -0.0017456396826355984 0.042816833779814378 0.032279568383983041 0.00016335540098018112 0.028019189049973459 0.033383705127436478 -0.032432150003570907 -0.01182444478483554 -0.01232737732747408
leaf_weight=301.30518229305744 2148.9083669185638 561.59598959982395 8450.3285806402564 581.10831798613071 39.432501032948494 2548.8356775715947 102.10458095371723 134.57109719514847 21.498249039053917 660.50088711082935 142.43999615311623 211.70627643167973 11656.734653145075 1583.3748998045921 1037.6821056455374 1034.8871699571609 415.27716974914074 293.51422549039125 23.611617162823677 402.69387145340443 4423.78533064574 16300.906072214246 157.32942946255207 163.17250889539719 1222.600349240005 22.257237069308758 34.347343571484089 538.84813058376312 551.79739262163639 3067.5665438324213
leaf_count=1389 11391 2854 42031 2699 182 12684 483 672 114 3312 696 1295 57356 8026 5340 5327 2332 1608 127 2004 21859 81843 809 802 6982 140 179 3269 3171 17096
internal_value=0.000425218 0.00217567 0.00464288 0.0067409 0.0228498 0.00608665 0.0576851 -0.00202022 0.00215386 0.014287 0.0059459 -0.0104161 0.00786425 0.00116992 0.00291583 -0.0051569 -0.00904874 -0.00102753 -0.00128127 -0.0178346 -0.000950288 -0.000551238 0.0517386 0.0122347 -0.00751817 -0.02352 -0.0148278 -0.0300342 -0.0192397 -0.00931851
internal_weight=58834.7 50655.8 28615.3 15527.3 606.015 14921.2 141.537 2683.41 13088 981.769 802.941 8178.96 12237.8 12106.3 9488.01 2618.26 7406.15 22040.5 21746.9 426.305 21320.6 20724.7 178.828 464.478 6439.08 772.812 595.943 561.105 967.075 5216.47
internal_count=298072 252396 141922 76267 2856 73411 665 13356 65655 4931 4008 45676 60055 60724 47371 13353 40972 110474 108866 2131 106735 103702 923 2191 35469 4704 3033 3409 5503 28487
is_linear=0
shrinkage=0.1


Tree=89
num_leaves=31
num_cat=0
split_feature=11 0 11 2 17 18 4 18 13 18 15 0 4 19 1 13 1 6 6 13 0 1 18 13 0 5 7 4 7 5
split_gain=319.626 74.5269 70.0988 62.969 47.8125 47.4894 43.8177 52.2535 55.2542 50.5004 42.7895 37.0841 41.5438 49.0518 34.1278 36.8272 33.4948 32.8311 31.9384 31.3344 30.7576 28.7688 42.4264 27.285 27.2839 26.7535 26.482 26.2045 24.7216 20.2704
threshold=0.015358119856949723 -0.015759331503288451 0.011399130671177777 -0.02230722530907658 1.0000000180025095e-35 1.0000000180025095e-35 0.010014849050196341 1.0000000180025095e-35 0.13177121355479759 1.0000000180025095e-35 0.22475681831481059 0.043952652216487482 -0.0085860966903794616 1.0000000180025095e-35 -0.0080679676579651343 -0.38926066422953126 -0.064365261957189709 -0.017799664164024894 -0.0089471639062226865 -0.2862215067098986 0.030712659720017358 0.013534881172978965 1.0000000180025095e-35 0.24022558506567027 -0.0006054185675241629 -0.017922001080240332 0.055543045386514896 0.00041013128640976509 -0.13550993615462656 0.010445014820686051
decision_type=2 2 2 2 2 2 2 2 2 2 2 2 2 2 2 2 2 2 2 2 2 2 2 2 2 2 2 2 2 2
left_child=2 6 14 4 5 27 7 16 18 10 25 12 13 -5 15 26 23 -14 -9 21 -7 22 29 -2 -24 -8 -1 -3 -6 -4
right_child=1 3 19 11 28 20 9 8 -10 -11 -12 -13 17 -15 -16 -17 -18 -19 -20 -21 -22 -23 24 -25 -26 -27 -28 -29 -30 -31
leaf_value=0.0062346799729817663 0.020745812428115479 -0.0044483299512300453 -0.0061928078410912668 0.0055466676669485718 0.0021197024517273541 -0.018550539504743821 0.049445079172167221 0.019756593543001331 -0.0030725632228228929 -0.014138753416667142 0.10874572009963815 0.015565267888770388 0.015043705746448314 0.035174855064287587 -0.038324849569310038 -0.02303461622414079 0.00083119219433949721 -0.00053775774867387033 0.048137867038221017 -0.01386159542221257 0.018318329277767314 -0.019160956941548422 0.06834201160571339 -0.0017798457608612641 -0.0093558939712554533 0.005408779631767377 0.10330387886401332 0.0082840866514511721 -0.023436366690539528 0.0458606564552822
leaf_weight=105.1587200537324 1874.0420246496797 3024.6677889972925 627.91124549508095 1994.4787191972136 476.8908084705472 2022.5534276738763 402.38220059871674 952.4442405551672 641.28887242078781 192.07048860937357 88.47356116771698 2394.5218265578151 1470.0635093674064 776.26854615658522 1697.8703541867435 763.51251067966223 6262.1725335493684 16878.973517857492 679.2998460829258 7268.7357900813222 254.77621023356915 420.84853957593441 178.63653389364481 754.12371180206537 60.501637816429138 209.94313646107912 38.356647588312626 3471.7924951314926 1835.0207966864109 84.92925900220871
leaf_count=718 6478 13049 4384 8229 1856 9242 1280 3724 2567 651 326 8527 6550 3084 19779 8698 25438 80257 2720 57404 899 3135 949 2685 422 735 207 14917 8594 568
internal_value=-0.000446448 0.0032013 -0.0155792 0.000842075 -0.00537105 -0.00199987 0.00997201 0.00826704 0.0217976 0.0312888 0.0437393 0.00377122 0.00243403 0.0138475 -0.0299589 -0.0142986 0.00480762 0.000710577 0.0315718 -0.0112447 -0.0144258 0.00261129 0.0122363 0.0142823 0.0486845 0.0343467 0.0321779 0.00235604 -0.0181648 8.94714e-06
internal_weight=57902.7 46656.2 11246.5 34600 11085.7 8773.79 12056.2 11163.4 2273.03 892.869 700.799 23514.3 21119.8 2770.75 2604.9 907.028 8890.34 18349 1631.74 8641.56 2277.33 1372.83 951.979 2628.17 239.138 612.325 143.515 6496.46 2311.91 712.841
internal_count=298072 201808 96264 155204 48557 38107 46604 43612 9011 2992 2341 106647 98120 11313 29402 9623 34601 86807 6444 66862 10141 9458 6323 9163 1371 2015 925 27966 10450 4952
is_linear=0
shrinkage=0.1


Tree=90
num_leaves=31
num_cat=0
split_feature=11 11 11 4 14 3 13 14 9 14 4 18 2 17 10 4 3 14 9 9 17 4 0 3 0 4 17 10 13 10
split_gain=295.328 67.5554 42.3375 26.5089 25.8123 28.1146 24.1048 23.8518 23.0392 22.3944 27.0717 28.5233 21.4678 58.0285 29.0275 21.2847 20.7448 20.5675 19.9943 18.845 52.1766 18.1806 20.9864 17.4846 19.8521 16.9219 30.5555 29.3246 27.7222 15.8896
threshold=0.01588942332851534 0.026538297059331716 0.010744510457786511 0.0027471436525021713 0.058369681174294093 -0.086052807243310422 0.27892612616629509 0.3941531780016016 0.55183416485123915 0.52114094911983666 -0.0037767943259532362 1.0000000180025095e-35 -0.0278991475927397 1.0000000180025095e-35 0.3999865101404193 -0.00096752510414965787 0.0026892466960752874 0.22263258998059196 0.19395555052327049 0.18307468982464126 1.0000000180025095e-35 0.0056271462692902849 -0.017063568353701927 -0.1532384201300849 -0.081257705600218708 0.0035237273648596194 1.0000000180025095e-35 0.18726188568833788 0.018979975587653738 0.18726188568833788
decision_type=2 2 2 2 2 2 2 2 2 2 2 2 2 2 2 2 2 2 2 2 2 2 2 2 2 2 2 2 2 2
left_child=2 4 25 7 5 -2 19 18 12 -3 23 16 13 -6 -14 -13 -12 -10 29 20 -5 -7 -23 -11 -25 -1 -27 28 -28 -4
right_child=1 9 3 6 8 21 -8 -9 17 10 11 15 14 -15 -16 -17 -18 -19 -20 -21 -22 22 -24 24 -26 26 27 -29 -30 -31
leaf_value=-0.03259948210694865 -0.045459259141489801 0.0049300200159756932 -0.028691211227029306 -0.0021122336157997578 0.0016336778441742119 -0.013110575080082615 -0.03555795091233549 -0.010457498311576375 -0.055471032306990034 0.0043289119337925125 -0.0048814022312761622 -0.018959960316106458 -0.0029667249545829331 0.022749930286552086 0.00606970394073036 0.02473499191040128 0.0094755426380772403 -0.008475267937914947 -0.029131249116308197 -0.0063480478949582211 0.060383442688121618 0.10447893599987274 0.0068679642470306683 0.065370474569983905 0.020999424696829614 -0.023922721893243362 0.13770419836196571 -0.034647931523487142 -0.020451713327435374 -0.0017281069741716488
leaf_weight=1465.2578757591546 216.53760042786598 9438.7501372545958 333.69176851958036 623.7700070142746 5975.958345644176 1038.7659638747573 231.51256792247295 4510.6523587033153 102.25917482376099 638.9509399086237 1699.354970574379 123.15863043069839 11490.807803884149 1663.6950978636742 5147.1208908259869 1175.8787569850683 2468.2289178073406 1042.5196871012449 1653.9404746517539 2579.2860955223441 169.9986015483737 23.776292197406292 299.25681225210428 105.03739519417286 2519.7234922498465 291.94550505280495 36.685028463602066 29.503435805439949 15.880758695304392 633.47099017351866
leaf_count=17134 1179 32613 3146 4951 29205 5872 1930 35887 445 1951 5655 419 60215 7459 21959 3597 7696 4478 13242 19170 1188 100 1549 265 7670 3228 321 284 167 5088
internal_value=-0.000181333 0.00359207 -0.0137349 -0.0113333 0.000419695 -0.0119892 -0.00434393 -0.0148659 0.0011901 0.00830648 0.0119569 0.00765424 0.00184381 0.00623219 -0.000171209 0.0205924 0.00362142 -0.0126732 -0.0224524 -0.00220153 0.0112722 -0.00666722 0.0140525 0.0191638 0.0227751 -0.0277534 -0.00876829 0.0451407 0.0899234 -0.011031
internal_weight=57745.4 45169.8 12575.6 10736.3 27000.7 1578.34 3604.57 7131.76 25422.4 18169.1 8730.33 5466.62 24277.6 7639.65 16637.9 1299.04 4167.58 1144.78 2621.1 3373.05 793.769 1361.8 323.033 3263.71 2624.76 1839.27 374.015 82.0692 52.5658 967.163
internal_count=298063 192327 105736 84602 132461 8700 27239 57363 123761 59866 27253 17367 118838 36664 82174 4016 13351 4923 21476 25309 6139 7521 1649 9886 7935 21134 4000 772 488 8234
is_linear=0
shrinkage=0.1


Tree=91
num_leaves=31
num_cat=0
split_feature=11 11 9 0 2 1 19 12 4 15 20 7 3 2 3 0 15 13 14 12 12 11 12 7 2 7 10 0 1 1
split_gain=68.4066 23.3573 18.1503 15.8405 13.8105 20.4095 21.2617 17.9878 14.5307 20.6132 14.8731 13.1319 14.0901 13.7449 11.2971 19.2359 16.9313 11.737 10.8279 10.0869 10.0772 10.7884 9.9003 9.24375 9.06605 9.97268 9.03216 8.99846 9.20866 12.0533
threshold=0.02002116996038724 0.038481157001669777 0.15564022594480151 -0.049764999412854831 -0.062134267059415819 0.016540848057619243 1.0000000180025095e-35 0.033335024388720137 -0.0019764054106579105 0.34766544955610829 1.0000000180025095e-35 0.26762958522706709 -0.16802433091432498 -0.05700987550232383 0.025028997706223025 -0.0066462346622826454 0.36323918554492646 -0.014168989865714224 0.78729845447893998 0.26673828363101248 0.2160508325603249 0.045655561766827592 0.11036763829054015 0.07728429562861984 0.034900810622901186 0.043644027570810547 0.18868790344967187 0.0029194220029542532 -0.023919856884465625 -0.052763818262215427
decision_type=2 2 2 2 2 2 2 2 2 2 2 2 2 2 2 2 2 2 2 2 2 2 2 2 2 2 2 2 2 2
left_child=2 3 14 -2 27 8 7 -7 10 -10 -6 12 22 -14 23 -16 17 -17 20 -8 -3 -22 -5 24 25 -1 -26 28 29 -4
right_child=1 18 4 11 5 6 19 -9 9 -11 -12 -13 13 -15 15 16 -18 -19 -20 -21 21 -23 -24 -25 26 -27 -28 -29 -30 -31
leaf_value=0.006113941363102623 -0.016508395354804212 -0.014621445809384612 0.0014011598467630322 -0.018856228686504113 -0.0068095532701592763 0.012992313165130668 0.013296894971612547 0.00072548982312788362 0.008039826245360494 -0.0012093377446332758 0.0061242011200759484 -0.013848098801529219 0.0046171299892555457 -0.0021424663165864788 -0.0087141427925113701 0.027555296143906494 0.015270561437717859 0.073348270974724933 -0.024381661197354861 0.069290520027716976 0.013428307096521803 -0.011255255922368519 -0.003668503687914184 -0.032930241486969547 -0.03634989581361394 0.032874207579320858 0.006894990971442274 0.020743339200045452 -0.0078636612600773859 0.020737597739727401
leaf_weight=2413.8857166022062 792.61143032461405 1212.4249995425344 715.22027909010649 750.49450696259737 4808.3548197001219 1455.498797878623 2087.4288161993027 6689.5045263618231 3526.8469893708825 7606.2419785708189 1090.799835331738 913.29097059369087 3754.7644969895482 15128.497768573463 275.75120034813881 153.28988737612963 1208.8840092644095 88.160327434539795 608.81282180547714 32.675772368907928 334.85889648646116 375.77088697254658 1002.5614878386259 62.103979051113129 96.951341599225998 147.78769436478615 96.24016447365284 569.51623313128948 364.59701115638018 586.90456181019545
leaf_count=12862 4428 6628 3697 3868 24930 7432 9706 33365 17484 37757 5484 4692 19194 75182 1404 746 6063 434 3541 160 1868 2162 5307 328 486 760 464 2809 1827 2995
internal_value=0.000331041 -0.00365608 0.00324142 -0.00262452 0.00233625 0.00171732 0.00523949 0.00291755 -0.000405452 0.0017207 -0.004418 -0.00211386 -0.00159454 -0.000798382 0.00912576 0.0154962 0.0200993 0.0442756 -0.012759 0.0141599 -0.00907942 0.000375991 -0.0101705 0.0052223 0.00608239 0.00765779 -0.014807 0.00989149 0.00618343 0.0101166
internal_weight=58950.7 24874.1 34076.6 22342.2 29533.6 27297.4 10265.1 8145 17032.2 11133.1 5899.15 21549.6 20636.3 18883.3 4543.05 1726.09 1450.33 241.45 2531.87 2120.1 1923.05 710.63 1753.06 2816.97 2754.86 2561.67 193.192 2236.24 1666.72 1302.12
internal_count=298063 126870 171193 112671 147646 136318 50663 40797 85655 55241 30414 108243 103551 94376 23547 8647 7243 1180 14199 9866 10658 4030 9175 14900 14572 13622 950 11328 8519 6692
is_linear=0
shrinkage=0.1


Tree=92
num_leaves=31
num_cat=0
split_feature=11 10 11 13 11 12 10 10 1 4 7 4 14 1 12 13 7 14 20 1 15 15 10 14 6 14 4 13 4 7
split_gain=203.443 44.8971 44.8778 21.7976 17.9672 21.4927 15.8264 15.9655 17.0696 15.481 18.2557 14.2469 10.8778 11.2616 10.8722 10.3677 12.2384 10.2759 10.5376 9.58924 9.1855 13.8284 8.53582 8.40816 8.08236 8.02136 8.16126 8.00218 7.80295 7.7799
threshold=0.022265682913073501 0.45791715800205662 0.016857318977181533 0.1221742636809607 0.042870319968404749 0.16846548568996492 0.73443471160036333 0.15245552163674492 0.013534881172978965 -0.0043671287145632389 0.034411562385492485 0.0038541566608443216 0.98622827137793123 0.046474860524288404 0.11140706985379083 0.46336653637389025 -0.0097263256856535123 0.70550697144083974 1.0000000180025095e-35 0.054087474964629408 0.28384274450156394 0.94427659660778607 0.34012377237699581 0.058369681174294093 -0.12230376434189803 0.25436828746149748 0.0070578211606571193 0.16637529789308117 0.010014849050196341 -0.0026738898845044541
decision_type=2 2 2 2 2 2 2 2 2 2 2 2 2 2 2 2 2 2 2 2 2 2 2 2 2 2 2 2 2 2
left_child=2 14 3 6 5 -3 7 11 -9 -5 19 -1 13 15 22 28 -17 18 -15 -11 -7 -22 25 -12 -16 26 -2 -19 -4 -27
right_child=1 4 12 9 -6 20 -8 8 -10 10 23 -13 -14 17 24 16 -18 27 -20 -21 21 -23 -24 -25 -26 29 -28 -29 -30 -31
leaf_value=0.017746932592494238 0.016170294629885392 -0.016528836738933701 -0.0012506146913250184 0.00084142894409729586 -0.02612201309959794 -0.013403030356266332 0.064970675377032244 0.0015819178257314656 0.0077680059851902503 0.018592831842557247 -0.021880793911517205 -0.0059963076061997946 -0.026290539848202156 0.013924376744554261 -0.036589045162196569 0.033354358414329613 -0.0074285776286045829 -0.011197845396138844 -0.0050924679052500752 0.061240759160734806 0.0029222027412601822 -0.019900028876784853 -0.0081940553707411847 0.0079583064290346967 0.0049360678325321245 -0.014552585760129641 -0.013945238575782526 0.012365406626603894 -0.0095693057257511677 0.0029322951289499338
leaf_weight=1468.1216418594122 446.37006884068251 4970.607586286962 10698.721183203161 1044.8816660940647 1128.5580009631813 954.6786602884531 43.47464719414711 12719.505253516138 6869.6872814148664 2669.7391691058874 100.45673726499081 305.26833847165108 164.44846265763044 1372.3930404186249 48.361700847744942 178.86461677402258 125.00634017586708 501.74400713294744 369.92308714240789 53.7836844176054 1454.3886920362711 324.78302466869354 4042.5602593645453 1575.2016387432814 1522.017192825675 454.9579621553421 112.7076219394803 202.20820707827806 1260.4254208356142 577.49317282438278
leaf_count=6196 2493 31719 55493 4765 8163 6192 219 58280 31546 12052 474 1252 820 7268 278 961 628 2595 1897 264 9239 2106 23320 7099 8842 2452 600 1080 6605 3165
internal_value=1.30298e-05 -0.0095595 0.00369244 0.0061334 -0.0143379 -0.0126118 0.00469651 0.00457385 0.0037513 0.0117833 0.0143821 0.0136598 -0.000713989 -0.000428046 -0.00370089 -0.00166387 0.0165771 0.00576708 0.00988678 0.019435 -0.00548997 -0.00124393 -0.00575181 0.00616943 0.00365725 0.00045162 0.0100991 -0.00442937 -0.00212736 -0.00477256
internal_weight=57761.3 16037.5 41723.9 26850.1 8833.02 7704.46 21406.1 21362.6 19589.2 5444.06 4399.18 1773.39 14873.7 14709.3 7204.47 12263 303.871 2446.27 1742.32 2723.52 2733.85 1779.17 5634.09 1675.66 1570.38 1591.53 559.078 703.952 11959.1 1032.45
internal_count=298063 98569 199494 122147 57419 49256 97493 97274 89826 24654 19889 7448 77347 76527 41150 63687 1589 12840 9165 12316 17537 11345 32030 7573 9120 8710 3093 3675 62098 5617
is_linear=0
shrinkage=0.1


Tree=93
num_leaves=31
num_cat=0
split_feature=10 10 12 12 10 0 9 15 9 10 4 0 3 5 13 0 4 6 12 0 14 3 10 3 3 6 9 5 14 6
split_gain=75.4624 23.1228 21.9999 21.5954 14.729 17.8469 14.3716 12.1425 12.067 11.9063 10.3365 10.1635 11.2757 9.87756 18.6342 16.3696 9.60951 10.0902 9.52269 9.47721 9.4772 10.407 9.30618 9.24395 8.85138 11.3475 11.631 8.68908 8.53345 8.6047
threshold=0.35165614261253669 0.6348994637974833 0.28721206722516152 0.14901713029273003 0.24471080131746317 -0.032977965413073733 0.28959819575780493 0.12881584810878699 0.18987163960200454 0.78128839112576676 0.0070578211606571193 0.068442997507758077 -0.058942900896974175 -0.015534098699831909 -0.34797698789877202 0.0067813944750543262 -0.013072874785667715 -0.14821905958549145 0.034054257715499719 0.029932645384534554 0.66207609045931048 -0.10869402087701417 1.1512602599222104 0.13173226970830035 0.012085606965315245 -0.094927918238540673 0.46855197205989013 -0.044305242545809302 0.010665994020859111 0.055200763860577269
decision_type=2 2 2 2 2 2 2 2 2 2 2 2 2 2 2 2 2 2 2 2 2 2 2 2 2 2 2 2 2 2
left_child=4 3 9 24 5 7 20 -1 13 11 18 12 -3 14 -7 -15 -5 -18 -8 -12 -6 -22 -4 -21 25 -2 -27 -10 -26 -30
right_child=1 2 22 16 6 8 10 -9 27 -11 19 -13 -14 15 -16 -17 17 -19 -20 23 21 -23 -24 -25 28 26 -28 -29 29 -31
leaf_value=0.01992154832367201 -0.011998531194139498 -0.0027019727575122304 0.0016567630491164536 -0.010999591226196714 -0.0037912892937931215 0.046131457178890722 -0.0066571267213032916 0.08136957384140675 -0.01352218763517952 -0.025176945446040828 -0.0070919531701825397 0.02231784393377452 -0.018690332585335243 -0.0027310086422036757 0.0060414256183199434 0.0084209154728632409 -0.039225850386469419 0.0060467482849209889 0.0066292828532631912 0.016319074953748409 0.023611694613072734 0.0013367786684105748 -0.022808440271434374 -0.024284267398398132 0.050156502174344822 -0.0035843749472289814 0.0053598473768335202 0.0079415133397504126 -0.010141083139110116 -0.0033579832383815659
leaf_weight=98.315141528844833 982.38256442546844 687.10156837105751 1383.5285729989409 395.28655949980021 6388.900208324194 127.50693437457085 585.6015103161335 47.790314987301826 192.84959982335567 925.74164274334908 1333.730415083468 85.264612279832363 1232.0274188816547 4642.7470097690821 1278.1733056902885 1837.066310942173 49.918968237936497 3567.3523786142468 6843.5343479961157 361.22231104969978 226.87874475121498 2777.4731545597315 175.16461604833603 66.373210653662682 26.15844651311636 4154.7903268933296 2236.5122748017311 8579.5057875812054 4114.9093251153827 3428.2513543218374
leaf_count=455 5173 3860 7747 2004 30705 609 2830 215 885 5662 6579 504 6886 23792 6155 9428 263 18696 34116 1777 1099 13596 1035 321 139 20553 11899 42110 20984 17986
internal_value=0.000162522 -0.0042376 -0.0106912 -0.00270933 0.00307761 0.00522307 0.00113762 0.0400209 0.00491786 -0.0157972 0.00394904 -0.0114651 -0.0129661 0.00207907 0.00967793 0.000430629 0.00380425 0.00542198 0.00558198 -0.00293856 -0.00161311 0.00301891 -0.00109262 0.0100165 -0.00445839 -0.00199251 -0.000454518 0.00746966 -0.00686054 -0.00705827
internal_weight=58832.1 23444.4 4488.83 18955.6 35387.7 16804 18583.7 146.105 16657.8 2930.14 9190.46 2004.39 1919.13 7885.49 1405.68 6479.81 4012.56 3617.27 7429.14 1761.33 9393.25 3004.35 1558.69 427.596 14943 7373.69 6391.3 8772.36 7569.32 7543.16
internal_count=298063 123391 25694 97697 174672 83649 91023 670 82979 16912 45623 11250 10746 39984 6764 33220 20963 18959 36946 8677 45400 14695 8782 2098 76734 37625 32452 42995 39109 38970
is_linear=0
shrinkage=0.1


Tree=94
num_leaves=31
num_cat=0
split_feature=10 10 12 11 12 14 9 11 1 13 14 9 13 14 18 13 10 4 18 0 12 15 8 10 4 8 9 11 13 14
split_gain=290.745 61.4195 59.8712 40.2402 33.7534 31.5576 31.3276 27.7047 27.9373 24.7838 24.5403 25.545 25.5915 23.7308 23.642 20.211 19.5636 22.0741 18.2437 34.347 17.4989 16.0523 15.3646 22.9403 14.6884 14.5267 14.0232 17.7372 12.7501 12.5529
threshold=0.25069434389590151 0.36539546522168248 0.04045267868002167 0.010842283545387911 0.042486331225176081 0.9597450474660042 0.28255935859956066 0.022265682913073501 0.016540848057619243 0.47729109250623042 0.98991596524719616 0.4292650287537631 -0.41533958687105726 0.66207609045931048 1.0000000180025095e-35 -0.34797698789877202 0.21658873563816428 -0.0083833982385073096 1.0000000180025095e-35 -0.0060889820768146299 0.10442457456876907 0.23683330407500938 1.7482107250723731 0.87415012801056535 -0.0040732992662042547 1.2284939267417097 0.33482683324506474 0.018300203351900659 1.0000000180025095e-35 0.99000672721233218
decision_type=2 2 2 2 2 2 2 2 2 2 2 2 2 2 2 2 2 2 2 2 2 2 2 2 2 2 2 2 2 2
left_child=2 10 3 -1 -3 7 15 8 -6 -9 11 12 14 -14 -2 18 17 -17 24 -20 -13 -18 23 -7 -4 28 -12 -28 -5 -24
right_child=1 4 6 25 5 22 -8 9 -10 -11 26 20 13 -15 -16 16 21 -19 19 -21 -22 -23 29 -25 -26 -27 27 -29 -30 -31
leaf_value=-0.041481822146088781 0.006082263338066894 0.026962640248055492 0.044845023538062245 -0.025186315629685898 0.0036412148012717888 0.01860515256765689 -0.029761561900747715 0.0068753711806776047 -0.010685342134243854 -0.0065131229549854263 0.014342199524956405 -0.0085166866625792439 0.00040237049954207696 -0.0081169798012104052 0.045723765399115865 0.02226569053489056 -0.019758620891559636 -0.016867317724483008 0.084686018543766325 -0.018112845868940235 -0.039770402947328615 0.0031868280824348563 0.026492034926558168 -0.018520783794674339 -0.0089581718958988525 0.035600077083891887 0.14293664291312855 0.027190741279750366 -0.013731366312210747 0.070535381221619661
leaf_weight=992.15660921484232 580.30448749661446 728.32070995122194 62.853464111685753 2001.2634506970644 3577.6533697135746 1144.6990555971861 603.10059676319361 20518.70569190383 2196.990911334753 1482.5221331566572 78.539133742451668 493.66532901674509 10850.937804102898 4679.7649920061231 203.10252849012613 154.76868666708469 369.07241370528936 2099.7073116116226 83.970816299319267 53.02708812057972 281.18573247641325 1753.2514436841011 306.18694697320461 194.75101336836815 263.30400975048542 48.222849644720554 24.669982276856899 28.574793174862862 1888.7573190890253 82.05378220975399
leaf_count=13517 3068 2842 462 16880 17122 4238 4122 71732 11198 5263 482 2309 58631 27174 913 1184 2607 19064 380 394 1549 12693 978 546 2107 315 123 133 15791 246
internal_value=-0.000334763 0.00298056 -0.0155005 -0.0234828 0.00569585 0.00517086 -0.00826999 0.00435519 -0.00180939 0.00597321 -0.00178627 -0.00211777 -0.00127517 -0.00216471 0.0163595 -0.00559196 -0.00769408 -0.0141809 0.014273 0.0448962 -0.0198583 -0.000803389 0.0182843 0.0132072 0.00141019 -0.0189483 0.0412011 0.0808195 -0.0196245 0.0358005
internal_weight=57826.1 47452.6 10373.5 4930.4 30231.9 29503.6 5443.06 27775.9 5774.64 22001.2 17220.7 17089 16314.1 15530.7 783.407 4839.96 4376.8 2254.48 463.155 136.998 774.851 2122.32 1727.69 1339.45 326.157 3938.24 131.784 53.2448 3890.02 388.241
internal_count=298063 208547 89516 46503 114165 111323 43013 105315 28320 76995 94382 93644 89786 85805 3981 38891 35548 20248 3343 774 3858 15300 6008 4784 2569 32986 738 256 32671 1224
is_linear=0
shrinkage=0.1


Tree=95
num_leaves=31
num_cat=0
split_feature=11 11 13 4 3 19 13 14 7 6 11 14 18 15 20 0 9 3 11 1 0 2 9 2 3 0 9 4 10 6
split_gain=235.318 47.7807 27.5437 29.9193 27.0059 33.1333 29.163 28.8405 25.7299 36.242 23.6753 23.3017 22.2899 20.6894 38.2591 31.6015 25.6949 26.6473 24.2171 23.5738 22.8582 25.9383 20.6313 22.6654 20.6175 20.6114 20.3954 33.8766 26.7889 19.898
threshold=0.015158644645076663 0.023145541063024976 0.27892612616629509 0.0013927045725470324 -0.086052807243310422 1.0000000180025095e-35 0.064422692840995763 0.12647159183991183 0.024020182045983777 -0.0037275604708600914 0.009184399634467039 0.94121638760332305 1.0000000180025095e-35 0.093015163385603936 1.0000000180025095e-35 -0.030139697294706443 0.35085780418505075 1.0000000180025095e-35 0.030162522327864434 -0.0720340917248916 -0.012944889962075877 -0.074188565789781377 0.18307468982464126 0.021597218384569409 0.049803763682460873 0.023092515951995466 0.31825448752639135 -0.023861955694516542 0.34829132990128098 -0.059508893317202764
decision_type=2 2 2 2 2 2 2 2 2 2 2 2 2 2 2 2 2 2 2 2 2 2 2 2 2 2 2 2 2 2
left_child=2 4 3 10 5 6 -2 -8 22 -10 -1 26 29 19 15 -15 -16 -18 -17 -3 21 -21 23 -5 -11 -7 27 -6 -28 -12
right_child=1 13 -4 8 11 25 7 -9 9 24 12 -13 -14 14 16 18 17 -19 -20 20 -22 -23 -24 -25 -26 -27 28 -29 -30 -31
leaf_value=-0.042056164422192975 -0.011689501919925068 0.0024764740061566687 -0.034739677244918873 -0.0086309092102597549 0.061465928778550893 -0.033594333514669367 -0.039600984827361164 0.015941639369567273 0.043819740373662416 0.011388629572493956 0.030745336091412598 0.016587107704987468 -0.027983950298408562 -0.017112861084143262 0.017435157086043828 0.0037272705844459894 -0.017391718118266886 0.00045543023412667415 0.011458014536446506 0.037060634914690908 -0.037291572996039031 0.013790518506945333 -0.020725877227370484 0.034189510824965151 -0.010936805777767093 0.053822467330111791 -0.010085177919074685 0.0027099843626567574 0.0015361234967630152 -0.013213440613763189
leaf_weight=354.34065349772573 1764.1655630022287 1698.6379180401564 584.1721784286201 663.30949725210667 99.174224197864532 593.29748781770468 104.85761416703463 862.09252755343914 192.01955938711762 690.64900595322251 105.53234137222171 909.02437248826027 1116.9221731051803 545.42245548963547 469.69610530138016 8628.024258941412 1513.1602617204189 1871.0753070861101 7640.2915785163641 605.61306159198284 74.917026713490486 2291.3728215098381 1376.0815368294716 151.92473167553544 1031.3786137402058 28.25691107660532 3512.8327788412571 9307.7926147356629 4556.3671798110008 4243.6120820678771
leaf_count=4699 9087 5450 5564 6174 453 3260 592 4282 1475 5913 787 4513 10158 1984 1896 33795 5673 6638 23783 1912 290 7528 11108 1319 8613 133 19198 53408 21063 36940
internal_value=-0.000108619 0.00291181 -0.0136377 -0.0123958 -0.00052777 -0.00878168 -0.0040392 0.00991851 -0.00585854 0.00261216 -0.0170067 0.000977389 -0.0153829 0.00586266 0.00450427 0.00656414 -0.00448246 -0.00752439 0.00735796 0.0118737 0.0172448 0.0186551 -0.0132574 -0.000651018 -0.0019828 -0.0296202 0.000165449 0.00332943 -0.00352308 -0.0121468
internal_weight=57586 47076.1 10509.9 9925.77 21737.9 3352.67 2731.12 966.95 4105.36 1914.05 5820.41 18385.2 5466.07 25338.2 20667.7 16813.7 3853.93 3384.24 16268.3 4670.54 2971.9 2896.99 2191.32 815.234 1722.03 621.554 17476.2 9406.97 8069.2 4349.14
internal_count=297688 204938 92750 87186 115989 17354 13961 4874 34602 16001 52584 98635 47885 88949 73769 59562 14207 12311 57578 15180 9730 9440 18601 7493 14526 3393 94122 53861 40261 37727
is_linear=0
shrinkage=0.1


Tree=96
num_leaves=31
num_cat=0
split_feature=11 0 15 15 4 14 4 0 7 15 0 11 9 1 9 4 13 9 11 10 14 10 8 14 1 0 4 7 15 10
split_gain=43.165 20.6363 24.6502 18.1884 20.7429 20.4649 16.4236 14.257 14.2521 13.5797 17.8691 13.2311 11.3931 11.2499 10.0305 9.35048 9.05272 8.73438 13.481 12.9948 8.84478 8.678 11.6353 8.66692 8.65099 8.11396 7.64423 7.24973 7.2054 7.0914
threshold=0.02669331335161634 -0.013474932280729044 0.14089233386898575 0.66118207404200058 -0.0030537834459627429 0.63050058990100322 0.012834420241843116 0.0019152143889349384 -0.07312324392528928 0.036900373156162937 -0.040920870652533241 0.045655561766827592 0.25289100523291769 -0.0064171894324440695 0.55183416485123915 -0.010965150626808693 -0.4477216092818222 0.70249997788288554 0.033072153381949958 0.5081535448189084 0.41820633409007829 0.55749680245071975 0.73358287790761711 0.06239517642769369 -0.026682913196768073 -0.012217775749381319 0.0017919794096168398 -0.24375575593010682 0.048976858916361714 1.0576442978465754
decision_type=2 2 2 2 2 2 2 2 2 2 2 2 2 2 2 2 2 2 2 2 2 2 2 2 2 2 2 2 2 2
left_child=1 9 7 4 14 13 -6 8 25 -1 28 17 -10 -5 -4 -7 -12 19 21 20 27 22 -19 -18 -22 -3 -13 -2 -11 -20
right_child=11 2 3 5 6 15 -8 -9 12 10 16 26 -14 -15 -16 -17 23 18 29 -21 24 -23 -24 -25 -26 -27 -28 -29 -30 -31
leaf_value=0.0088996280853228995 -0.039270204352410479 0.043876682736348663 -0.001429034969691754 -0.0092155751578166471 0.00670838424565096 0.027619225795319446 -0.007401819264104559 -0.063842596130647439 0.040526191445187792 0.00065588669268568827 -0.020235409781946705 -0.0081267494668725033 0.013985366113166538 -0.001204186525605961 0.032388049108367949 0.0036495937063322778 -0.015312087105054002 0.019835189127888436 -0.0046326932963188525 -0.010029627474582506 -0.016386856314232298 0.01030207457445083 0.112176450938948 -0.0012164205389222299 -0.0020811404282736865 -0.02069580740295458 -0.025665014934291672 0.0033789695226937679 -0.030594659997689212 0.02815340458399055
leaf_weight=918.93946237117052 40.622320868074894 24.017564788460732 5821.8913247808814 2305.3433222994208 15833.154536746442 167.41984788328409 870.24238503724337 19.718080252408981 349.24694427847862 94.502974472939968 286.73684574663639 540.36756110191345 301.24822945147753 7313.1975404396653 89.051599621772766 5830.1278531178832 466.08728294074535 41.983788199722767 1550.3674645647407 3663.3423948287964 627.90827430784702 514.52081999182701 20.21588359028101 6804.4195873588324 1293.5319930836558 102.54427344352007 460.1430740877986 2114.5702637657523 336.47287852317095 68.90290404856205
leaf_count=4832 205 131 29319 11397 78393 840 4341 103 1749 489 1527 3236 1492 35955 477 28692 2406 229 8647 19332 3238 2891 123 34691 6640 499 2680 10901 1826 407
internal_value=0.000437253 0.00173065 0.00272188 0.00235907 0.0041716 -0.000265746 0.00597325 0.0201304 0.0222613 -0.00261252 -0.00393684 -0.00523167 0.028235 -0.00312433 -0.000919562 0.0043187 -0.00280738 -0.00412793 0.00143835 -0.0057072 -0.00182299 0.0145671 0.0498476 -0.00212005 -0.00675611 -0.00844192 -0.0161927 0.00257509 -0.0237421 -0.00323759
internal_weight=58870.8 47934.4 39027.2 38230.4 22614.3 15616.1 16703.4 796.775 777.057 8907.16 7988.22 10936.5 650.495 9618.54 5910.94 5997.55 7557.24 9935.97 2195.99 7739.98 4076.63 576.72 62.1997 7270.51 1921.44 126.562 1000.51 2155.19 430.976 1619.27
internal_count=297688 239159 193388 189414 112530 76884 82734 3974 3871 45771 40939 58529 3241 47352 29796 29532 38624 52613 12297 40316 20984 3243 352 37097 9878 630 5916 11106 2315 9054
is_linear=0
shrinkage=0.1


Tree=97
num_leaves=31
num_cat=0
split_feature=10 10 12 12 4 16 13 10 9 10 10 9 6 2 7 19 7 7 15 15 9 16 6 8 15 14 7 20 13 13
split_gain=164.368 45.1885 37.3513 28.4267 23.886 23.5015 20.9058 16.6981 15.4061 14.6692 14.3768 14.1541 14.1085 17.0878 16.5939 15.8069 25.7187 13.3003 12.1728 13.2214 13.274 11.3715 11.3914 10.8716 10.1665 10.0114 9.75596 9.58729 9.13847 9.08141
threshold=0.3141938505536529 0.48804313981221242 0.10538739948808244 0.18452942165999206 0.0053157516467388097 1.0000000180025095e-35 -0.56424919216932723 0.6348994637974833 0.42076467674462426 0.1758123218313429 0.37105302383855615 0.31351356833056365 0.012640790332913434 0.03636044908418757 0.024020182045983777 1.0000000180025095e-35 -0.044913473161247768 -0.065343542197270718 0.18502338848152808 0.92145014220615618 0.73496066068277965 1.0000000180025095e-35 0.051478423484627174 0.61751786691522825 0.80893227556326541 0.97883826060896573 0.19007219716366333 1.0000000180025095e-35 -0.51998855132270283 -0.47363273695030123
decision_type=2 2 2 2 2 2 2 2 2 2 2 2 2 2 2 2 2 2 2 2 2 2 2 2 2 2 2 2 2 2
left_child=4 2 21 7 5 6 24 -3 25 17 -10 -11 14 23 15 27 -17 -8 -5 20 -20 22 28 -14 -1 -4 -24 -6 -2 -7
right_child=1 3 8 18 12 29 9 -9 10 11 -12 -13 13 -15 -16 16 -18 -19 19 -21 -22 -23 26 -25 -26 -27 -28 -29 -30 -31
leaf_value=-0.023911457391994077 -0.030808524349232886 -0.013414290436799826 0.00043518589925047957 -0.015125719058347215 0.0061210024993244277 0.022993746240300886 -0.013508258331231711 -0.026527360427699188 0.029417040214063953 0.0054869978020613743 0.0069109314624850905 0.014319438996535115 0.01830491800178936 -0.0024562700355739335 -0.019622149135586214 -0.048436147728997014 -0.00036217636753165336 0.01488375184335216 -0.0039531174389664143 -0.015755672462308131 0.012528637639962946 -0.012467383624913994 0.0051411911037370526 -0.0068836747093748126 0.039526227774951551 -0.039705272301422838 -0.011051559202391568 -0.010535075475165218 -0.0060593726706172626 -0.00092421069852782257
leaf_weight=283.55662959069014 152.28439810872078 3712.9041301459074 3292.1665604487062 937.43593892455101 1460.1155646890402 164.07124835252762 173.10543735325336 1315.0272091291845 342.52533909678459 14565.171315431595 1656.4225681200624 2072.5155899077654 910.7770612090826 1636.8752724975348 676.63514862209558 176.72707752138376 300.51177728921175 3521.020889133215 1464.5052642524242 552.73988599330187 733.32726827263832 2346.4648045450449 1717.146423779428 211.05949345231056 27.733284309506416 63.329669691622257 474.99618878960609 452.73529458045959 7352.9880703091621 4891.718597099185
leaf_count=1289 805 23598 17317 6203 7055 762 735 9408 1914 67742 9740 10670 4298 7685 3120 814 1434 14985 8549 3686 4918 12638 9557 993 129 299 2674 2138 40191 22342
internal_value=-0.00020834 -0.00607561 -0.00313134 -0.0119528 0.00465202 0.00596257 0.00745915 -0.0168439 0.0038177 0.00785291 0.0107674 0.00658723 -0.0011295 0.00405922 -0.00579709 -0.00188321 -0.0181645 0.0135533 -0.00528468 -0.00193071 0.00154617 -0.00622073 -0.00470924 0.013566 -0.0182597 -0.000322402 0.00163253 0.00217883 -0.00656154 -0.000148022
internal_weight=57638.6 26114.3 17398.3 8715.94 31524.3 25698.9 20643.1 5027.93 5354.44 20331.8 1998.95 16637.7 5825.44 2758.71 3066.72 2390.09 477.239 3694.13 3688.01 2750.57 2197.83 12043.9 9697.42 1121.84 311.29 3355.5 2192.14 1912.85 7505.27 5055.79
internal_count=297688 151497 95135 56362 146191 118654 95550 33006 29270 94132 11654 78412 27537 12976 14561 11441 2248 15720 23356 17153 13467 65865 53227 5291 1418 17616 12231 9193 40996 23104
is_linear=0
shrinkage=0.1


Tree=98
num_leaves=31
num_cat=0
split_feature=11 11 11 9 1 8 3 9 9 8 15 1 11 4 2 4 11 0 4 4 17 3 5 17 2 3 0 3 3 8
split_gain=82.2623 25.1081 13.5064 14.2645 13.7552 17.167 54.1922 18.4035 11.7627 11.3889 10.4788 10.492 11.0712 9.83611 13.9766 9.55512 9.54507 8.88174 8.66386 14.4308 12.4869 11.6354 8.66981 8.70303 8.54157 13.592 8.93744 8.41786 8.12951 17.0579
threshold=0.020977633906524986 0.030912807076674337 0.014298081066476948 0.23286631358775403 -0.0048448243272063421 -0.20020267302171058 -0.019064094623259194 0.10955955964639948 0.36049410972899715 0.058110064354580528 0.60973159305058033 -0.0084787114521465128 0.010218902372549986 -0.0041673482632418315 -0.01690177906783696 0.0083631664285186442 0.047412794685604276 0.010677694381722393 -0.0024479504824419514 -0.007638655396560611 1.0000000180025095e-35 -0.090016289784879286 -0.0077270987967833485 1.0000000180025095e-35 0.073659687325079673 0.079614531956432547 -0.012217775749381319 0.032952621439181769 -0.21307987678110638 -1.9263840310849074
decision_type=2 2 2 2 2 2 2 2 2 2 2 2 2 2 2 2 2 2 2 2 2 2 2 2 2 2 2 2 2 2
left_child=2 8 4 18 10 27 9 -8 -2 -7 13 12 -12 14 -1 -15 -3 -13 19 20 -4 -21 23 -20 25 26 -5 -6 29 -18
right_child=1 16 3 24 5 6 7 -9 -10 -11 11 17 -14 15 -16 -17 28 -19 22 21 -22 -23 -24 -25 -26 -27 -28 -29 -30 -31
leaf_value=0.0043853111142047986 -0.0067796133059577551 -0.0086888912555148877 -0.0010718033427493058 0.0076641406913387404 -0.0030266696125553173 0.031395999358440507 -0.023294371427314088 0.0044572626915466802 -0.00075846744610634346 0.069863318789039716 0.034426417772508877 0.021659070356873075 0.0080207968335758786 0.0028188717963559332 0.025535066674895159 0.025685240420303429 -0.015174197003555571 0.061541408719364969 -0.0084577336571659157 0.036384018593372515 -0.032946699184511985 0.0057634087113374007 -0.0022453696684074181 -0.029271920185985303 0.0089334221358011636 -0.0052000109049405857 0.0016445584961149501 -0.038214490747022031 -0.026074957744136002 0.072840271436773615
leaf_weight=662.23322206735611 4662.1806422322989 5333.2096118405461 499.00904136896133 3413.3804228156805 2576.3279779180884 268.22575822472572 248.79400657117367 6044.8096261993051 10669.844372674823 107.93827801942825 191.59023717045784 163.75945319235325 927.26810616999865 3360.3420894965529 591.58005903661251 193.25306251645088 133.94951633363962 84.730290219187737 1016.7210306450725 143.2354169934988 163.06149697303772 928.6654090732336 2270.7932590097189 250.35239194333553 2036.0311688035727 2211.9144563227892 8891.3626966327429 69.828307181596756 595.67870552092791 26.352100022137165
leaf_count=3057 22999 30583 2320 16330 13060 1238 1375 30999 55452 501 1003 841 4451 16490 2737 900 838 424 4845 649 722 4432 11105 1190 10153 11091 43624 364 3735 180
internal_value=0.000192369 -0.00474696 0.00302784 0.00142501 0.00528605 0.00286003 0.0055639 0.00336021 -0.00258938 0.042434 0.00894622 0.0166706 0.0125424 0.00674922 0.0143643 0.0040624 -0.0101795 0.0352582 -0.00310511 0.0026855 -0.00892228 0.00985516 -0.00594319 -0.0125703 0.0028678 0.00201706 0.00331441 -0.00395523 -0.0206955 -0.000705434
internal_weight=58736.4 21421.2 37315.2 21824.5 15490.7 9315.92 6669.77 6293.6 15332 376.164 6174.76 1367.35 1118.86 4807.41 1253.81 3553.6 6089.19 248.49 5271.84 1733.97 662.071 1071.9 3537.87 1267.07 16552.7 14516.7 12304.7 2646.16 755.98 160.302
internal_count=297688 113787 183901 106461 77440 47537 34113 32374 78451 1739 29903 6719 5454 23184 5794 17390 35336 1265 25263 8123 3042 5081 17140 6035 81198 71045 59954 13424 4753 1018
is_linear=0
shrinkage=0.1


Tree=99
num_leaves=31
num_cat=0
split_feature=10 10 10 12 3 2 3 13 12 3 7 6 13 4 2 3 19 16 1 13 7 19 19 13 1 7 4 0 8 8
split_gain=242.353 61.5154 40.4201 42.4076 42.1206 36.6643 67.2584 36.1098 30.1909 26.9012 31.7044 26.2309 25.6283 25.2319 33.2351 93.056 34.7237 26.503 40.7435 44.2684 25.1409 24.7286 24.3045 24.0841 23.7713 35.0139 23.6107 22.9038 21.39 20.3175
threshold=0.28395397224084978 0.17206222653602618 0.48804313981221242 0.10733177267857226 -0.12606324886165041 -0.028673357731575862 0.019798483211742383 -0.59364849126740382 0.16045738856652381 -0.34376032254024963 -0.01785435715655492 -0.014633784086056477 0.0046671713139633713 -0.0071334239043470129 0.038518862114694137 0.01033260392056934 1.0000000180025095e-35 1.0000000180025095e-35 -0.0020878731231297461 -0.34215810956265791 -0.059738389359484383 1.0000000180025095e-35 1.0000000180025095e-35 0.29134344441098653 0.041678103748391322 0.027348159334696701 -0.011973399062860322 -0.032977965413073733 1.0400588485001327 0.76216216935663239
decision_type=2 2 2 2 2 2 2 2 2 2 2 2 2 2 2 2 2 2 2 2 2 2 2 2 2 2 2 2 2 2
left_child=1 20 3 4 12 27 -7 -5 -4 -10 -11 -12 21 14 -3 16 -16 18 19 -15 -1 -2 -20 29 -19 -26 -22 -6 -17 -9
right_child=2 13 8 7 5 6 -8 23 9 10 11 -13 -14 17 15 28 -18 24 22 -21 26 -23 -24 -25 25 -27 -28 -29 -30 -31
leaf_value=0.01544354995031082 0.021636083963470304 -0.0038376459353421846 0.011567231946158324 0.060057905386674319 0.010705267553393185 0.014319724720778757 -0.00075248150395128017 -0.0077150594278051826 0.032991109266811459 -0.0056863693579844339 0.023498642473166072 0.0037305114896605028 0.0070740668536793221 0.025707831705722547 0.064593101274192696 -0.0058497327804103725 0.23641271957753152 -0.0047276251525129511 -0.015164611759428258 -0.0089344637957660192 0.067101802306203648 0.063312845455332695 -0.031544519801368159 -0.0242730352528676 0.077716320895379984 0.0015329752400968909 -0.034385610356400198 -0.008830328644548616 0.072710331071274545 0.0067852791366889197
leaf_weight=116.05027703940868 669.16925105452538 1344.6265527047217 8512.1178707405925 81.96877558529377 710.63478972017765 4605.6681619286537 8289.4357049241662 4497.2570648863912 288.89702072739601 3216.7813898585737 818.2118042036891 3737.0742876678705 1035.8722200319171 408.21313783526421 20.943170100450516 195.02338707447052 26.830135688185692 2157.2759988717735 4132.2439729608595 3827.952492184937 23.278760809451342 180.84293427318335 1160.2027055807412 698.08173617720604 89.860961891710758 183.56346765905619 1503.0712466835976 3859.8558276742697 42.148632973432541 1230.7508176788688
leaf_count=1130 2825 8929 27853 349 2867 21627 39376 21583 810 11622 2699 13378 4229 2498 133 1288 131 15625 32254 28324 224 710 9421 3227 560 1236 18766 17942 230 5842
internal_value=-0.00032563 -0.0111463 0.00355847 0.00108766 0.0034361 0.00190306 0.00463077 -0.00589535 0.00741376 0.00302784 0.00191407 0.00728123 0.017634 -0.00893691 0.00273653 0.0337594 0.161089 -0.0105275 -0.0129052 -0.0055962 -0.0294263 0.030503 -0.0187554 -0.00673663 -0.00120695 0.0265706 -0.0328378 -0.00579287 0.00811144 -0.00459944
internal_weight=57663.9 15231.3 42432.6 25859.5 19351.5 17465.6 12895.1 6508.06 16573.1 8060.96 7772.07 4555.29 1885.88 13588.9 1629.57 284.945 47.7733 11959.3 9528.61 4236.17 1642.4 850.012 5292.45 6426.09 2430.7 273.424 1526.35 4570.49 237.172 5728.01
internal_count=297688 120749 176939 120577 89576 81812 61003 31001 56362 28509 27699 16077 7764 100629 10711 1782 264 89918 72497 30822 20120 3535 41675 30652 17421 1796 18990 20809 1518 27425
is_linear=0
shrinkage=0.1


Tree=100
num_leaves=31
num_cat=0
split_feature=11 11 13 19 4 4 6 11 9 8 1 14 10 9 15 9 9 4 19 0 14 2 9 2 18 4 6 0 3 10
split_gain=187.18 48.6975 31.1649 29.6342 82.8271 76.3987 31.4386 25.7902 35.8047 24.7584 26.261 23.7596 23.8111 22.7945 21.8888 26.8601 21.8848 21.3913 23.1069 20.9833 20.9769 21.8402 20.1698 24.0733 19.6317 19.0405 18.2147 18.1261 17.8205 17.4956
threshold=0.015031154064531033 0.02009798044134373 0.067008022619079358 1.0000000180025095e-35 -0.013072874785667715 -0.0068172865034918919 -0.12230376434189803 0.011646662650234403 0.23677373259817611 -1.9263840310849074 0.03877229069626776 0.5721476835042042 0.20523366018174863 0.20573366291106632 0.88638654178507659 0.39759104108799564 0.6427410241879421 0.0037664959374756894 1.0000000180025095e-35 0.034305333438614312 0.81781510546601022 0.042186083240757906 0.34900567557405521 -0.10565941832873936 1.0000000180025095e-35 0.0066724981801427061 0.2109715547101873 -0.081257705600218708 0.1372076249115213 0.5631806141644623
decision_type=2 2 2 2 2 2 2 2 2 2 2 2 2 2 2 2 2 2 2 2 2 2 2 2 2 2 2 2 2 2
left_child=2 14 7 4 20 9 -7 13 11 16 -11 12 -9 17 15 19 -5 -1 -19 25 21 -3 23 -6 -24 -2 -8 -22 -21 -10
right_child=1 3 -4 5 22 6 26 8 29 10 -12 -13 -14 -15 -16 -17 -18 18 -20 28 27 -23 24 -25 -26 -27 -28 -29 -30 -31
leaf_value=-0.019620767960748787 -0.0039135705692381392 0.021129280926189004 -0.022175224346369881 0.049443459959258057 0.033423445782252689 -0.031368851460793018 0.0067451905562256791 -0.021448642337627912 -0.018296890078343953 -0.028285660551323939 -0.00075837960809967792 0.0095300287633284936 0.0014919587388858751 -0.043770032028477075 0.0096158432385502948 -0.01972365460385047 -0.018284626183800685 0.017439341948209872 -0.04830816956019509 -0.052328661071831088 0.089963403442978165 0.0019140534700559455 0.00019277376375242486 0.0074150658726126308 0.0074759329895872284 0.0066802229402999711 0.061263384599179987 0.029841941111132184 0.05467089907959341 0.071863892276998687
leaf_weight=1556.4081620275974 9617.4006175622344 2095.1569056138396 2569.4910166859627 98.136558696627617 389.68988740444183 218.28884141147137 4216.0239724814892 722.90852556377649 1741.3147370740771 1368.9914245307446 464.03734022378922 1550.0099519267678 1209.3489854410291 305.34683847427368 1334.4788484200835 983.17887450754642 92.847967118024826 324.52041672542691 63.995687440037727 132.08466636389494 53.61604243516922 824.21011447906494 13414.539468280971 4102.4111094400287 5111.1389947235584 2059.9825724735856 62.186699822545052 775.06044697761536 17.644565381109715 21.791942678391933
leaf_count=17894 57264 7142 24307 333 1515 773 16686 6358 13378 5446 1685 12055 9132 3242 7150 5307 292 3082 748 778 130 2794 49367 18113 18559 11276 170 2325 90 133
internal_value=-0.000285269 0.00234311 -0.0126713 0.00443186 0.00590456 -0.00161338 0.00564888 -0.00941335 -0.0055714 -0.017747 -0.021317 0.000307424 -0.00709073 -0.0183689 -0.00257227 -0.00384193 0.0165172 -0.014381 0.00660953 -0.0025217 0.0196901 0.0157043 0.00365982 0.00967129 0.00220216 -0.00204474 0.00753765 0.0337318 -0.0397195 -0.0171825
internal_weight=57496.2 47431.1 10065.1 33286.3 26765.8 6520.51 4496.5 7495.65 5245.37 2024.01 1833.03 3482.27 1932.26 2250.27 14144.8 12810.3 190.985 1944.92 388.516 11827.1 3748.04 2919.37 23017.8 4492.1 18525.7 11677.4 4278.21 828.676 149.729 1763.11
internal_count=297524 207195 90329 125330 99945 25385 17629 66022 41056 7756 7131 27545 15490 24966 81865 74715 625 21724 3830 69408 12391 9936 87554 19628 67926 68540 16856 2455 868 13511
is_linear=0
shrinkage=0.1


Tree=101
num_leaves=31
num_cat=0
split_feature=10 3 2 17 9 3 2 9 0 4 9 1 12 3 20 2 14 4 13 14 0 15 5 14 14 5 0 9 3 10
split_gain=44.7933 21.3487 29.9164 19.0334 18.5646 18.0374 18.9575 17.3469 15.6843 14.7359 14.5451 13.6891 13.6741 12.9308 11.9083 11.6875 14.7761 11.599 10.3824 10.0814 9.61606 13.4878 8.96856 8.40481 9.50308 8.89522 7.77673 7.61016 7.51332 7.36268
threshold=0.44896346538983534 0.0035674437043193845 0.032181584808963944 1.0000000180025095e-35 0.47596938027976632 -0.16802433091432498 -0.067893702136522002 0.15564022594480151 -0.062512078019365078 0.017172486105480503 0.45082167882091212 -0.02611934083846856 0.15323509824164419 0.2767245202169149 1.0000000180025095e-35 -0.010123993627702886 0.19872442655536579 0.00521901854720186 -0.19333787206373243 0.58784002744140496 -0.011261828243503301 0.43135290236039897 0.031933076529680034 0.15441425036396664 0.1785834373774571 0.0034872069494638063 -0.011261828243503301 0.38827641767438054 0.0086586938209070059 0.61036261544181591
decision_type=2 2 2 2 2 2 2 2 2 2 2 2 2 2 2 2 2 2 2 2 2 2 2 2 2 2 2 2 2 2
left_child=1 2 5 7 15 -1 26 20 -2 10 -9 -8 23 -14 19 28 -17 -16 -11 22 -3 -22 -4 -10 25 -25 -7 -15 -5 -26
right_child=8 3 14 4 -6 6 11 9 12 18 -12 -13 13 27 17 16 -18 -19 -20 -21 21 -23 -24 24 29 -27 -28 -29 -30 -31
leaf_value=-0.013071914655993 -0.022642133323531877 -0.014183312290275857 -0.030629807711582382 0.037186868405477788 0.028405656778959228 0.0025938854741723405 -0.0052110176405378078 0.0038900288646365085 -0.016517476716839074 -0.040740275735736874 0.015852217954388285 0.001609704212958539 0.00060765559456773676 0.0083085988558311199 -0.007661815548282153 -0.017040052042315033 -0.0021188988217207562 0.032731302253439669 -0.0053840763268161842 -0.0066336325768374896 0.027744587919276826 0.0097164754380658549 -0.0088192929631261078 -0.0071507541763818835 -0.0047746062938300764 0.040026749997361069 0.012667477246181015 -0.023339554010522928 0.004845115957311001 -0.013528802805425986
leaf_weight=928.42256321012974 478.6068220436573 114.88916383683681 599.75060787796974 80.137264594435692 195.08153805881739 1352.1301937922835 4068.2771487832069 16220.425171621144 858.3551376760006 97.854831002652645 1084.4310736507177 10633.236493058503 5557.9640760198236 95.812346167862415 262.11346945911646 838.30431555956602 3185.9098771363497 97.545522138476372 549.15764578431845 564.70861308276653 616.85148471593857 1268.1594618707895 274.97406050562859 74.792350433766842 4612.4181271567941 85.828502155840397 1768.9420277774334 367.05819680541754 692.90043603628874 1213.4979230761528
leaf_count=4753 2835 603 2940 407 1020 7075 20653 78582 4426 466 5458 54004 29543 498 1271 4416 16498 474 2683 2817 3005 6249 1353 392 23630 467 8735 2096 3440 6735
internal_value=0.000227518 0.00172185 -0.000664781 0.00368806 -0.00183416 0.000517068 0.00122495 0.00506983 -0.00486702 0.00408566 0.00463965 -0.00027776 -0.00420579 -0.000729729 -0.0129826 -0.00306387 -0.0052272 0.00329347 -0.0107314 -0.0170493 0.0139041 0.015616 -0.0237736 -0.00726336 -0.00593649 0.0180588 0.00830333 -0.0167885 0.00819784 -0.00659804
internal_weight=58838.5 45494.2 20550.1 24944.1 4992.33 18751 17822.6 19951.8 13344.3 17951.9 17304.9 14701.5 12865.7 6020.83 1799.09 4797.25 4024.21 359.659 647.012 1439.43 1999.9 1885.01 874.725 6844.89 5986.54 160.621 3121.07 462.871 773.038 5825.92
internal_count=297524 226902 104075 122827 25781 95220 90467 97046 70622 87189 84040 74657 67787 32137 8855 24761 20914 1745 3149 7110 9857 9254 4293 35650 31224 859 15810 2594 3847 30365
is_linear=0
shrinkage=0.1


Tree=102
num_leaves=31
num_cat=0
split_feature=10 4 10 4 9 3 12 7 9 10 6 10 12 9 0 9 4 8 4 10 0 18 7 4 9 12 10 14 8 8
split_gain=136.749 37.5435 28.125 23.0058 21.6513 18.9587 16.9165 15.8276 15.1473 15.4828 15.0544 14.3605 19.9459 18.8138 12.4376 13.7891 13.6755 12.7959 11.5734 10.8223 10.4824 10.8999 10.1808 10.9335 9.99042 16.3193 9.60189 8.99992 7.87886 7.75796
threshold=0.36019430006645231 -0.028150225931021785 0.23136958624672441 0.018682779402839692 0.31351356833056365 0.021541035931495815 0.063462949502694654 0.14861212323128162 0.21205827859962392 0.74913418590299907 -0.041733265361899301 0.49175856942967727 0.15798218256291904 0.47223083189027121 -0.024584944650013259 0.23286631358775403 0.0074637208407257747 0.036555377364331308 0.010482067362763694 0.29060226722564675 0.034305333438614312 1.0000000180025095e-35 0.010232206755751207 -0.0051408578694829279 0.46855197205989013 0.13221604330406847 0.30562847672137705 0.79106480679101965 0.91411430195041188 0.2252453129735961
decision_type=2 2 2 2 2 2 2 2 2 2 2 2 2 2 2 2 2 2 2 2 2 2 2 2 2 2 2 2 2 2
left_child=2 -2 14 8 5 22 10 18 9 28 -6 13 -13 -10 -1 16 17 -16 -7 -12 21 -17 27 -24 26 -26 -8 -4 -3 -5
right_child=1 3 4 29 6 7 24 -9 11 -11 19 12 -14 -15 15 20 -18 -19 -20 -21 -22 -23 23 -25 25 -27 -28 -29 -30 -31
leaf_value=-0.011839885893313144 -0.032379277031765234 0.013254629990488037 -0.004571343733001206 -0.010473586397974084 -0.014394568544376521 0.0055017050168394976 0.015618383332148445 -0.01037700324355343 -0.0060243596047032926 0.0891527806287504 0.01361266667623059 -0.015057841589170102 -0.004354783934084166 0.0037878140579133282 0.0093674056404034287 0.011293793076493195 -0.0056002477040369841 0.0028189114182857813 -0.011534202893009255 -0.00034332709907986919 -0.034527876864561401 0.028109956476979833 0.0047764921917762314 -0.014568189323388223 0.014999641745419602 0.1015499793527732 0.0051354765524104029 0.0050016055764137649 -0.01458106891698382 -0.025020281793285831
leaf_weight=362.84936773777008 567.14899689331651 453.75241895020008 4677.0820036455989 684.3382832556963 575.85416124761105 5707.8785769864917 1421.634330637753 833.20802772790194 7198.5849113166332 23.887297779321671 753.61010547727346 3224.6260986886919 3784.743576772511 2682.2029470354319 6897.5703031867743 1917.3682977482677 1005.5350005477667 5259.0165914744139 428.73060861229897 2115.2437194287777 44.0957962423563 482.43552991747856 359.5468373298645 1559.1678860038519 74.019661977887154 30.871342033147812 2267.2640178278089 1243.1038054600358 131.05470421165228 789.67940281704068
leaf_count=1653 3796 2244 22837 4430 3027 27342 7294 4074 39790 121 3724 21353 24174 16004 30022 8894 4492 22875 2072 11251 196 2249 1788 7363 402 180 12182 6032 623 5040
internal_value=-0.000227793 -0.00702666 0.00326678 -0.00626881 0.000951934 -0.00123901 0.00543422 0.00255556 -0.00525816 0.01024 0.000360916 -0.00581669 -0.00927867 -0.00336078 0.00646275 0.00688829 0.00560744 0.00653449 0.0043115 0.00332273 0.0137866 0.0146744 -0.00461288 -0.0109432 0.0100407 0.040473 0.0091754 -0.00256124 0.00701668 -0.0182667
internal_weight=57556.1 19540 38016.1 18972.9 22047.2 14808.7 7238.5 6969.82 17498.9 608.694 3444.71 16890.2 7009.37 9880.79 15968.9 15606 13162.1 12156.6 6136.61 2868.85 2443.9 2399.8 7838.9 1918.71 3793.79 104.891 3688.9 5920.19 584.807 1474.02
internal_count=297524 117575 179949 113779 109568 71508 38060 33488 104309 2988 18002 101321 45527 55794 70381 68728 57389 52897 29414 14975 11339 11143 38020 9151 20058 582 19476 28869 2867 9470
is_linear=0
shrinkage=0.1


Tree=103
num_leaves=31
num_cat=0
split_feature=10 10 12 8 3 1 3 8 0 16 12 14 0 9 6 12 17 8 17 9 3 19 13 6 13 10 9 12 15 10
split_gain=54.6061 19.4772 20.4419 12.617 41.4652 18.8373 15.4104 32.4269 19.3171 16.25 12.5907 12.0973 11.3914 11.0052 10.9876 15.279 12.861 10.4781 10.4087 10.7388 10.2699 10.2098 8.71407 14.1245 8.17691 8.27876 7.92209 11.4646 7.92746 7.82935
threshold=0.31273030937989771 0.6348994637974833 0.20580001656361502 -0.55115596330727623 -0.067472394388109466 -0.020260982930641044 0.034787546166182411 0.19381857115485321 0.00076622788768010441 1.0000000180025095e-35 0.15112387966146482 0.010665994020859111 -0.0059018788157469962 0.25550930177858167 0.026398241608208032 0.021584641793504142 1.0000000180025095e-35 2.0217201782913672 1.0000000180025095e-35 0.20573366291106632 -0.058942900896974175 1.0000000180025095e-35 0.17014054597390502 0.074483227494994711 0.59615939034088872 0.12525894537470142 0.79186648244982416 0.26673828363101248 0.14089233386898575 0.84427182283439006
decision_type=2 2 2 2 2 2 2 2 2 2 2 2 2 2 2 2 2 2 2 2 2 2 2 2 2 2 2 2 2 2
left_child=3 10 20 24 5 18 7 9 -9 -6 11 -2 13 -7 15 -8 -16 -13 19 -5 29 -14 23 -22 25 -1 -12 28 -28 -3
right_child=1 2 -4 4 6 12 14 8 -10 -11 26 17 21 -15 16 -17 -18 -19 -20 -21 22 -23 -24 -25 -26 -27 27 -29 -30 -31
leaf_value=0.042023321410897797 0.027821040366934849 -0.0015314899323523733 -0.0032263184862543351 -0.0050245679465872372 0.0015376611386362482 0.083224842721187811 0.02153155136593516 0.007338661035459282 0.026748310438559748 0.011256366116968543 0.0022783372535537935 -0.0026766442949846966 0.019053090469861936 0.02493768996770333 0.00050520971127455949 -0.0057735373130133952 0.011224840970311579 -0.017289562871891047 -0.022285139460946578 0.029139401603114998 -0.026997774667087523 0.061191861063266365 -0.035800754400583064 -0.00107928688333996 0.055442699710749478 -0.0018500953041128969 -0.03381067649801766 0.070849762154716611 0.023740595738580353 -0.030977410628881197
leaf_weight=43.36335301399231 127.84718745946884 522.43333489447832 2557.0867123305798 141.08381007611752 8821.4772797897458 91.406348675489426 218.37199234217405 1016.1586609259248 1035.0134972035885 2137.248893879354 4001.2913419157267 19965.190826229751 253.18681754171848 50.174253538250923 5234.3583456426859 3329.3480488583446 1423.6199421733618 503.05459710210562 79.650407329201698 264.49604675173759 548.93402274698019 74.392243430018425 344.57426216453314 340.79372783005238 25.345687910914421 5267.9393454417586 31.529286779463291 40.343759655952454 99.362556830048561 109.16563656926155
leaf_count=248 642 3056 14593 641 43178 425 1153 4833 5005 10168 20711 101781 1184 235 26737 16511 6992 2663 358 1220 3241 337 2009 2086 139 25649 172 247 583 727
internal_value=0.000145476 -0.00292099 -0.00903362 0.00317921 0.00415087 0.0245791 0.00331106 0.00559299 0.0171327 0.00343307 -0.00182945 -0.00284425 0.0388667 0.0625687 0.000402141 -0.00409283 0.0027973 -0.00303579 0.0107647 0.0172552 -0.0169921 0.0286227 -0.0222991 -0.0170702 -0.00122149 -0.0014919 0.00317974 0.0242429 0.00987762 -0.00662093
internal_weight=58698.2 29191.6 4422.99 29506.6 24170 954.39 23215.6 13009.9 2051.17 10958.7 24768.6 20596.1 469.16 141.581 10205.7 3547.72 6657.98 20468.2 485.23 405.58 1865.9 327.579 1234.3 889.728 5336.65 5311.3 4172.53 171.236 130.892 631.599
internal_count=297524 152511 25712 145013 118977 4400 114577 63184 9838 53346 126799 105086 2181 660 51393 17664 33729 104444 2219 1861 11119 1521 7336 5327 26036 25897 21713 1002 755 3783
is_linear=0
shrinkage=0.1


Tree=104
num_leaves=31
num_cat=0
split_feature=11 10 12 18 0 13 4 19 6 0 12 0 18 7 4 15 13 2 6 9 1 1 2 4 1 1 4 2 17 15
split_gain=197.809 93.454 42.3107 38.1572 59.3043 54.8904 38.0118 35.7262 53.0578 28.9723 28.7486 27.3377 33.8654 26.7489 24.2582 23.4452 21.6775 24.3367 23.3305 40.6656 21.2743 20.7394 40.5257 32.4883 20.4163 20.28 18.1472 17.4805 16.9401 17.6125
threshold=0.012554178236870434 0.35666476180273021 0.042486331225176081 1.0000000180025095e-35 -0.0048388141426418665 -0.40622342362987945 0.010977996879329101 1.0000000180025095e-35 -0.00090215057466974658 0.048090130142190553 0.04045267868002167 -0.0059018788157469962 1.0000000180025095e-35 0.032685049765290304 0.02696836887897858 0.88638654178507659 -0.42499557310063635 0.038518862114694137 0.0190187645983706 0.19258777211492906 -0.030996125211167899 -0.031653442488329901 -0.072497473311671876 -0.010177196612847437 -0.012376872752096755 -0.0060250511381179086 0.010727960650763426 0.030229451550333634 1.0000000180025095e-35 0.97853069198186893
decision_type=2 2 2 2 2 2 2 2 2 2 2 2 2 2 2 2 2 2 2 2 2 2 2 2 2 2 2 2 2 2
left_child=10 3 -3 6 5 -5 21 15 -9 11 25 20 -13 -7 -6 -8 24 -18 19 -19 -4 22 -2 -23 -12 26 27 -1 29 -11
right_child=1 2 9 4 14 13 7 8 -10 28 16 12 -14 -15 -16 -17 17 18 -20 -21 -22 23 -24 -25 -26 -27 -28 -29 -30 -31
leaf_value=-0.021544593460637307 -0.011627309565568671 0.027056355762881779 0.011529892989471699 0.066925472110688444 -0.022392864397014062 -0.011058041719392096 -0.0040053956939390808 0.08035387599103698 0.0091070579618801398 0.030734865720086227 0.048807505361177721 0.0033735865947375852 -0.0081406327257752473 0.016401782255740675 0.047092045235089808 0.034008608444659132 -0.021311864174160144 -0.016145591849859125 -0.00060050625285692507 0.1979100711979741 0.003355623327894608 0.011619832181089725 0.012324130032856503 -0.0059254073620253304 -0.0066902311271516621 -0.036648380234467301 0.088028132290582983 0.056150267485026308 -0.0031354452130712782 0.010928203200357376
leaf_weight=756.52039772644639 1040.9241364225745 867.95965386927128 6068.8397653326392 123.72906450182199 2584.8719094321132 1096.661857187748 767.67650800943375 178.42822145670652 252.3576173633337 810.803870677948 102.61283972114325 12412.073462359607 3216.3028543144464 524.35338231921196 51.239111207425594 205.72094996273518 1613.1040948405862 18.699476353824139 274.60380694270134 16.892713248729706 6697.6966117620468 1160.8519454151392 2198.3284354507923 11615.534775555134 187.2452974319458 1290.3900081533939 16.30094875395298 30.110585335642099 392.7569944858551 1005.9610081017017
leaf_count=8799 5440 3400 20882 506 16504 6750 4348 796 1376 2708 536 49114 13005 3069 280 1083 16292 177 2738 129 25325 6007 12324 73212 1442 16297 154 294 1336 3201
internal_value=0.000131761 0.00179822 0.00528413 -0.00323417 -0.0115767 0.00272477 -0.00113615 0.0146399 0.0386169 0.00466665 -0.0204831 0.00380838 0.00100397 -0.00217555 -0.0210423 0.00402861 -0.012537 -0.0163791 0.00927292 0.0854492 0.00724143 -0.00251932 0.00462741 -0.00433126 0.0129566 -0.0288842 -0.0164065 -0.0185706 0.0156965 0.0197677
internal_weight=57579.6 53273.1 31472.4 21800.7 4380.86 1744.74 17419.8 1404.18 430.786 30604.4 4306.48 28394.9 15628.4 1621.02 2636.11 973.397 2213.16 1923.3 310.196 35.5922 12766.5 16015.6 3239.25 12776.4 289.858 2093.32 802.932 786.631 2209.52 1816.76
internal_count=297524 250666 118971 131695 27109 10325 104586 7603 2172 115571 46858 108326 62119 9819 16784 5431 21314 19336 3044 306 46207 96983 17764 79219 1978 25544 9247 9093 7245 5909
is_linear=0
shrinkage=0.1


Tree=105
num_leaves=31
num_cat=0
split_feature=11 11 9 11 9 15 3 17 6 13 2 10 10 11 10 11 12 9 17 4 5 10 9 3 13 3 12 17 11 11
split_gain=146.534 30.2836 29.4672 27.6099 28.0274 23.7543 24.2282 40.9822 26.1077 22.8224 21.2835 22.1284 20.5775 20.2639 19.5066 19.3018 21.7424 17.9884 17.9664 30.4812 17.5672 17.5474 16.3908 18.2825 15.8973 15.5128 15.3131 15.1251 14.9558 13.2495
threshold=0.015693816686646055 0.010744510457786511 0.21081616019520369 0.026538297059331716 0.44443835107664692 0.21685131681548359 -0.061720328222602643 1.0000000180025095e-35 -0.02860034183786658 -0.14729727590945049 0.15432369116186087 0.39789175839441027 0.20389771591099734 0.013111929027842405 0.94373126875426505 0.012483009639482763 0.04045267868002167 1.143295006896387 1.0000000180025095e-35 -0.028150225931021785 -0.038572637595305152 0.33226463024795277 0.34900567557405521 -0.027901448875882192 0.27301530636608712 -0.0099050252315833181 0.3139714697570683 1.0000000180025095e-35 0.025598995947582488 0.0078654457755579811
decision_type=2 2 2 2 2 2 2 2 2 2 2 2 2 2 2 2 2 2 2 2 2 2 2 2 2 2 2 2 2 2
left_child=1 29 13 4 5 18 7 -7 -8 28 11 -11 -4 24 17 20 -17 22 21 -20 -14 -2 25 -24 27 -5 -16 -3 -6 -1
right_child=3 2 12 14 9 6 8 -9 -10 10 -12 -13 15 -15 26 16 -18 -19 19 -21 -22 -23 23 -25 -26 -27 -28 -29 -30 -31
leaf_value=-0.061617031608522083 -0.0024933053099265618 -0.010337893831348661 -0.03065984888268149 0.032867354098191998 -0.023993537365802224 -0.012498615507206523 0.016276695371981328 0.012994510380157441 0.00092567478308378654 -0.014032122946348667 -0.03350317158004696 0.0044371208474451584 0.078671679935410965 0.0056730681157676896 0.027564578065323822 0.0021253490267877087 -0.013202378332876069 -0.025134408793343055 0.095504192590378498 0.015558217608381537 -0.031026099029452799 0.010809577505034335 6.2935850138722379e-05 0.0070644038117723025 -0.04328052096128316 0.0063963572958548156 0.0074035430409978833 0.0084784231541480629 0.0043778941411616009 -0.020135110965448733
leaf_weight=80.742693323642015 1788.9682905822992 1856.2337602376938 573.55045118182898 399.56863115727901 945.70271773636341 2858.3298950195312 1213.1109205409884 809.0916783362627 12772.29215349257 880.62408463656902 206.55592115223408 2463.3018281310797 15.000476896762846 2009.6514161601663 687.48037508130074 1355.7215092331171 2915.9259525462985 199.8522911965847 49.810815751552582 1120.7603882923722 544.75588286668062 2224.5745113566518 6173.8019347786903 9420.3721363693476 120.12909803539515 496.45101952552795 833.48499062657356 554.90433829277754 231.22951616346836 1660.3466750457883
leaf_count=1192 9976 17310 5574 1434 4141 14811 6049 3874 65822 4246 910 10137 130 15201 1646 10435 21391 644 166 5034 5061 9798 20811 30694 1317 1832 2559 4711 906 20023
internal_value=0.000101694 -0.00989238 -0.00776256 0.00265329 0.000657068 0.00210788 0.000360113 -0.00687443 0.00225724 -0.00635142 -0.00235104 -0.000426761 -0.0127517 -0.00182412 0.0056748 -0.0106258 -0.00833771 0.0046868 0.00805932 0.0189601 -0.0280864 0.00488004 0.00504822 0.00429249 -0.00777638 0.0182008 0.0165164 -0.00600747 -0.0184195 -0.0220588
internal_weight=57462.3 11687 9945.87 45775.4 27564.4 22836.9 17652.8 3667.42 13985.4 4727.41 3550.48 3343.93 5404.95 4540.92 18211 4831.4 4271.65 16690 5184.11 1170.57 559.756 4013.54 16490.2 15594.2 2531.27 896.02 1520.97 2411.14 1176.93 1741.09
internal_count=297835 102345 81130 195490 135870 115530 90556 18685 71871 20340 15293 14383 42591 38539 59620 37017 31826 55415 24974 5200 5191 19774 54771 51505 23338 3266 4205 22021 5047 21215
is_linear=0
shrinkage=0.1


Tree=106
num_leaves=31
num_cat=0
split_feature=11 11 9 1 8 11 3 2 14 13 19 18 0 1 13 13 19 9 13 2 13 0 1 0 11 9 14 1 3 2
split_gain=37.7389 15.4602 16.7542 13.2564 20.5824 20.5668 16.3466 22.8492 19.555 14.4882 14.3384 19.1085 15.2555 13.0097 11.34 11.1308 10.5482 10.4647 9.85517 14.8384 9.54532 9.386 9.20683 8.92379 8.90421 13.0368 9.04985 8.74313 8.02088 10.8406
threshold=0.02002116996038724 0.033815274845010256 0.45082167882091212 0.016540848057619243 0.87564574590190702 0.010744510457786511 0.087516363492432539 -0.0058855369189609865 0.63474468451224697 -0.42499557310063635 1.0000000180025095e-35 1.0000000180025095e-35 -0.0081917095471397677 0.024901574029176036 0.5625706169653556 0.11903252471538132 1.0000000180025095e-35 0.12387611204864847 -0.16029276249199123 0.06292689906088357 -0.4477216092818222 0.062099649645675166 0.038099050516353657 -0.04703002965502278 0.027608775200853048 0.62356355567131938 0.030211483766863039 -0.015481462246375697 -0.16305247754268756 -0.13115273357814369
decision_type=2 2 2 2 2 2 2 2 2 2 2 2 2 2 2 2 2 2 2 2 2 2 2 2 2 2 2 2 2 2
left_child=3 2 28 4 6 15 7 9 -9 -1 11 13 -13 -7 21 16 22 -8 19 -12 -6 23 -5 -3 -4 26 -26 -22 -2 -30
right_child=1 14 24 5 20 10 17 8 -10 -11 18 12 -14 -15 -16 -17 -18 -19 -20 -21 27 -23 -24 -25 25 -27 -28 -29 29 -31
leaf_value=-0.012523948866774224 -0.013365837528876576 -0.021571766111360382 0.0051326656606330004 0.01418046321738662 -0.035826855885061945 0.0069407375327748171 0.071562307841133141 -0.0067402543289719723 0.0028968010785635698 0.0044518347259375653 0.030816898507059161 -0.01268293421456743 0.012950620598733399 -0.0036519056115079441 0.010436910583494328 -0.0051565904254103926 0.050309535781898486 0.011773357266911505 0.0067459527933068936 -0.0051813657236642781 -0.024692065949736695 -0.028202470343107064 0.051148682043721833 -0.0067282255052923097 0.040253893256556345 0.0070429256759077007 -0.0065146938730913225 -0.0031306773413365277 0.016875882481848167 -0.0038532764347951722
leaf_weight=526.39276280999184 866.73296611011028 459.86435185372829 3975.8644954785705 506.09858632832766 151.61921183019876 1542.7604125365615 30.120170369744301 5472.5236761868 3422.3069592937827 11194.392960868776 453.56100451946259 264.08806736022234 1921.0577579066157 4666.9349181950092 298.97417443245649 148.89585665613413 132.97038194537163 1042.25339846313 1588.0304125249386 153.17446398735046 255.783367857337 257.9270863905549 77.712343290448189 3395.910340860486 42.076591476798058 1168.5946381539106 2479.6363280788064 710.38728223741055 257.98177031427622 11424.701893433928
leaf_count=2783 4478 2868 20484 2628 799 7745 144 27573 17279 56627 2102 1298 9258 23314 1674 787 649 5170 7280 706 1240 1514 407 18715 229 6406 13107 3451 1295 55825
internal_value=-1.88468e-05 -0.00300464 -0.00183406 0.00212746 0.000733369 0.0049029 0.00141539 0.000789237 -0.00303237 0.00368943 0.00369142 0.00180994 0.00985265 -0.00102023 -0.00836734 0.0197227 0.0248908 0.0134527 0.0108879 0.0217289 -0.0124995 -0.00973399 0.0191014 -0.00849856 0.00184926 -0.00168821 -0.00573433 -0.00883882 -0.00408413 -0.00339553
internal_weight=58889.3 24628.3 20215.6 34261.1 22805.8 11455.3 21688 20615.6 8894.83 11720.8 10589.6 8394.84 2185.15 6209.7 4412.68 865.677 716.781 1072.37 2194.77 606.735 1117.79 4113.7 583.811 3855.77 7666.17 3690.31 2521.71 966.171 12549.4 11682.7
internal_count=297835 126595 101824 171240 115066 56174 109576 104262 44852 59410 51703 41615 10556 31059 24771 4471 3684 5314 10088 2808 5490 23097 3035 21583 40226 19742 13336 4691 61598 57120
is_linear=0
shrinkage=0.1


Tree=107
num_leaves=31
num_cat=0
split_feature=10 10 12 0 12 3 8 19 10 9 2 6 10 5 9 10 5 9 0 15 9 12 15 9 9 8 16 6 14 8
split_gain=97.0782 28.5541 29.2419 18.1635 18.5246 17.7628 38.2901 21.7691 16.4762 20.7859 17.4336 15.1189 14.3525 13.5611 13.1363 13.5428 12.2928 11.6527 11.2569 11.2272 10.8942 12.802 10.7156 10.582 10.3052 9.9915 9.84971 10.9965 10.1527 10.1512
threshold=0.3141938505536529 0.49561819653407146 0.12486478352079149 -0.021076205826730861 0.24932359156668996 0.05564678036449245 0.17880058310224384 1.0000000180025095e-35 0.23136958624672441 0.28403974445651903 0.03636044908418757 0.043286803470853237 0.67284554916998263 0.048888069205622282 0.81598476868463998 0.69555007409325897 0.039006742374573918 0.58383386745037125 -0.01401194507010217 0.75092310049986266 0.24181288116586941 0.025067426484421517 0.20879492114432011 0.12387611204864847 0.63302001831886201 -0.022353409483930244 1.0000000180025095e-35 0.033393674325066576 0.018126890260117826 -0.17765589454006644
decision_type=2 2 2 2 2 2 2 2 2 2 2 2 2 2 2 2 2 2 2 2 2 2 2 2 2 2 2 2 2 2
left_child=5 2 26 22 12 8 11 13 10 -10 20 25 24 18 23 -16 -11 -4 -8 -18 21 -1 -3 -6 -5 -7 27 29 -29 -2
right_child=1 3 17 4 14 6 7 -9 9 16 -12 -13 -14 -15 15 -17 19 -19 -20 -21 -22 -23 -24 -25 -26 -27 -28 28 -30 -31
leaf_value=0.010965511185248253 -0.002462901814761425 -0.020465686152159941 0.0035729816179476633 -0.011079035609904274 0.06844272394631977 0.059731752074181847 -0.0096976044019978155 0.016687013824203494 -0.0042295415782409541 0.0033648256707447897 -0.0067294931207340898 -0.00068613992007119263 -0.021104823081568688 -0.01183993173702127 0.046961243795582537 0.006788694731940036 0.050031253196481641 0.022851234707034783 0.0058835334944172526 0.0062660070205482997 0.01413591779126238 0.0026237709551648167 0.0096431654279676496 -0.0058321166596574841 0.00074484292269673554 0.029352484751010034 -0.010083490451777467 0.049980235804075498 0.00051044638681198827 -0.0098551271735822042
leaf_weight=2405.2056505382061 4450.360289119184 1738.6878819204867 3266.0317612066865 2477.9830384030938 19.50576588511467 150.81281667202711 515.20786209404469 1380.208716288209 6776.2390472218394 4090.3444074317813 1250.325303375721 125.16855677962303 1005.6262198872864 577.08586642891169 101.38165069371462 487.1406115591526 110.76669177412987 346.8337555155158 4636.5362919718027 124.49786027520895 1352.0414262413979 7826.0704906210303 126.82470110058784 1154.1428482234478 1049.2276730760932 383.71374753117561 2705.9656868129969 41.955430462956429 3707.0803768709302 3188.662556193769
leaf_count=10352 24735 12101 17579 15620 85 700 2381 6614 32128 20523 5390 574 7427 2763 677 3327 576 2112 21340 612 6334 34258 893 6789 7117 1753 14789 240 20641 17405
internal_value=-0.000312177 -0.00485827 -0.00260276 -0.00975234 -0.00718406 0.00339697 0.00755171 0.00541309 0.00204847 -0.000772411 0.0044887 0.030598 -0.0105664 0.00269693 0.00151631 0.013709 0.00464332 0.00542369 0.00432532 0.0268715 0.00569962 0.00458478 -0.0184188 -0.00459769 -0.00756183 0.0379238 -0.00466026 -0.00337163 0.00106406 -0.00554855
internal_weight=57571.6 25867.4 17706.9 8160.52 6295.01 31704.2 7768.73 7109.04 23935.5 11101.8 12833.6 659.695 4532.84 5728.83 1762.17 588.522 4325.61 3612.87 5151.74 235.265 11583.3 10231.3 1865.51 1173.65 3527.21 534.527 14094 11388.1 3749.04 7639.02
internal_count=297835 151537 97501 54036 41042 146298 36125 33098 110173 53839 56334 3027 30164 26484 10878 4004 21711 19691 23721 1188 50944 44610 12994 6874 22737 2453 77810 63021 20881 42140
is_linear=0
shrinkage=0.1


Tree=108
num_leaves=31
num_cat=0
split_feature=11 11 3 8 2 0 6 0 8 3 9 14 14 3 8 3 1 5 16 13 12 11 9 12 0 1 8 8 9 7
split_gain=48.3926 22.3152 15.4117 35.2748 19.2181 15.3778 14.8753 18.8926 14.5175 17.2751 13.7623 12.5636 11.3706 10.5365 14.7575 21.7173 12.0893 13.9578 10.258 9.96661 8.80754 8.63171 16.6372 10.5287 8.18158 8.09798 8.00827 7.55523 7.31697 7.05011
threshold=0.029226419954834739 0.013244819933480421 -0.052613986870500666 -0.45244805159929308 -0.013126969953794808 -0.031966024183264545 -0.050891925541884368 -0.015451110139237832 -0.058920082724291015 -0.014393750652905489 0.43808852662770276 0.010658381588983723 0.93017790418324997 0.054664385843651082 -0.20020267302171058 -0.022824802315576372 0.0012928601845143552 0.0072953475550165967 1.0000000180025095e-35 0.061951627771298735 0.039112184226962991 0.041798065718542006 0.70249997788288554 0.383058881376456 0.042104009217848855 -0.056640830946480751 -0.83430733249948441 -0.014950409894715353 0.81598476868463998 -0.17854102884560877
decision_type=2 2 2 2 2 2 2 2 2 2 2 2 2 2 2 2 2 2 2 2 2 2 2 2 2 2 2 2 2 2
left_child=1 11 3 24 5 18 10 -8 20 -10 -5 -1 21 14 19 -16 17 -15 -4 -13 -6 22 29 -24 26 -7 -3 -18 -25 -2
right_child=12 2 4 6 8 25 7 -9 9 -11 -12 13 -14 16 15 -17 27 -19 -20 -21 -22 -23 23 28 -26 -27 -28 -29 -30 -31
leaf_value=0.059843940025655532 -0.01952470847745227 -0.0015136409180779638 0.0036002514070822759 -0.0036931199982504583 -0.012717897435147979 0.002470296233733927 0.050171928206568343 0.017198831972371591 0.020830762432467589 0.001631250634603855 0.048590721860222758 -0.0005293656961631412 -0.020068708462487456 0.0054189729375049567 0.029502709494011126 0.0081460489684908356 -0.046780483354312348 0.05043538132531368 0.035762548554929878 0.010135139582210639 -0.0019457460238636562 -0.013169349249034172 0.0031758631998759649 -0.009984434612640777 0.025333520571441309 -0.007755823855805347 0.0050490266075515124 -0.0041257913374578336 0.054034010792773791 -0.0058597121960831944
leaf_weight=42.210944280028343 418.87488546222448 5418.7256023287773 561.91034924983978 434.40332613885403 932.22841189056635 887.36171923577785 211.21870090067387 980.05503708124161 482.49361480772495 16322.625859573483 56.944713369011879 3122.5020966082811 616.0591389015317 595.50778176635504 533.99094618856907 4395.3633516579866 42.581280678510666 77.885728634893894 120.41902236640453 1218.2182307392359 4084.9561627656221 1316.3072795346379 1220.4381772577763 23.902768038213253 137.50410126894712 6082.0781123936176 2830.8070021569729 1674.6489493176341 70.54381588101387 3827.1240450516343
leaf_count=215 2282 26724 2747 2053 4477 4403 989 4556 2250 82044 306 15663 3768 3010 2411 21930 227 404 611 6187 20069 8295 7287 142 728 30083 13660 8793 449 21072
internal_value=0.00045271 0.00155026 0.000415054 0.00379258 -0.000738861 -0.00505112 0.0170066 0.0230451 0.000773187 0.00218249 0.00236631 0.00538609 -0.0070535 0.00518896 0.00671547 0.0104596 -0.000730348 0.0106256 0.00927633 0.00246362 -0.00394729 -0.00588759 -0.00416394 0.00566518 0.00114156 -0.00645382 0.000738322 -0.00518348 0.0378321 -0.00720779
internal_weight=58739.9 51246.6 39543.7 10069.7 29474.1 7651.77 1682.62 1191.27 21822.3 16805.1 491.348 11702.9 7493.25 11660.7 9270.07 4929.35 2390.62 673.394 682.329 4340.72 5017.18 6877.19 5560.88 1314.88 8387.04 6969.44 8249.53 1717.23 94.4466 4246
internal_count=297835 254540 195700 49016 146684 37844 7904 5545 108840 84294 2359 58840 43295 58625 46191 24341 12434 3414 3358 21850 24546 39527 31232 7878 41112 34486 40384 9020 591 23354
is_linear=0
shrinkage=0.1


Tree=109
num_leaves=31
num_cat=0
split_feature=11 10 11 13 1 16 3 19 4 18 1 4 18 17 3 6 2 2 3 1 1 16 13 18 4 2 10 9 11 13
split_gain=166.809 46.0969 41.8271 34.5523 37.3877 43.6941 63.5706 41.0142 48.1494 37.0864 31.035 29.2377 28.8901 28.7586 40.4932 34.4948 28.491 27.951 60.0029 28.5675 27.0771 28.7445 27.5435 36.6824 32.7351 26.2447 23.4795 22.32 20.4252 18.0214
threshold=0.014966931936318434 0.36372451298430203 0.010095729651715556 0.18582616476636463 -0.0084787114521465128 1.0000000180025095e-35 -0.052613986870500666 1.0000000180025095e-35 -0.01802952154939574 1.0000000180025095e-35 -0.0080679676579651343 -0.0069672709569803528 1.0000000180025095e-35 1.0000000180025095e-35 -0.022824802315576372 0.0078746675779129988 -0.0076635511834508554 0.039220172924385739 0.015481961530109835 0.024391441303118103 0.0094554731379310492 1.0000000180025095e-35 -0.34215810956265791 1.0000000180025095e-35 0.010014849050196341 0.24388808479880444 0.19724028262607265 0.31037037743612528 0.023619596384349142 -0.59364849126740382
decision_type=2 2 2 2 2 2 2 2 2 2 2 2 2 2 2 2 2 2 2 2 2 2 2 2 2 2 2 2 2 2
left_child=2 12 10 4 7 25 -7 9 -9 -3 -1 17 13 14 15 -2 -15 -4 19 -19 22 -22 23 -13 -24 -6 -14 29 -5 -28
right_child=1 3 11 28 5 6 -8 8 -10 -11 -12 20 26 16 -16 -17 -18 18 -20 -21 21 -23 24 -25 -26 -27 27 -29 -30 -31
leaf_value=-0.0076803291762791524 0.0088673306800833331 0.0035229931580026408 -0.00066878476093319955 -0.014487440453444628 -0.00049545932550834799 0.04260531031236077 0.0057692875250873778 0.061576479972021272 0.01735553276562863 0.018785317702387866 -0.044044167268316746 -0.0039485182906720765 -0.062760291296916029 -0.01788769322592763 -0.0018927831249895542 0.052498024282447486 1.8818187447669838e-05 0.21122691378171898 0.0052205729409328713 0.047487430188523944 -0.024029663536876973 -0.00074991178803883983 -0.012274612590765547 0.047683456410738678 0.027708176379902923 0.043830215140966057 0.088260201049690304 -0.017517091589740803 0.00062849445888421215 -0.0024098127333877684
leaf_weight=362.44360014423728 3610.4212629273534 5893.6191456019878 772.94314696267247 1062.5670940801501 10583.488844402134 615.46696352958679 1961.9986869245768 283.54172830283642 1870.9543300271034 2181.3996770381927 665.90347400680184 439.06670738011599 82.301348358392715 1529.2585846930742 6619.4765787050128 190.77984526008368 2120.8562055081129 26.132225848734379 103.64047450572252 17.991021424531937 2477.8964913114905 674.8436851836741 3791.9581872746348 200.40631121397018 216.45993829146028 135.28412528336048 22.184338942170143 1566.3686774522066 5632.0114206969738 1847.087590098381
leaf_count=4509 18854 21363 5975 4972 41096 2252 7358 844 6608 7838 9823 3235 656 8322 36313 946 11884 136 782 115 22845 5548 33703 1015 1658 417 75 8200 19538 10955
internal_value=-0.000231994 0.00219906 -0.012153 0.00456797 0.00637173 0.00287505 0.0145653 0.0109167 0.0231752 0.00764598 -0.0312276 -0.00990393 -0.00187111 0.000155367 0.00283102 0.0110571 -0.00748333 0.00694934 0.0467993 0.144463 -0.0118931 -0.0190466 -0.00704076 0.0122326 -0.0101155 6.39853e-05 -0.00997646 -0.00871202 -0.00177071 -0.00133375
internal_weight=57558.8 47809.1 9749.69 30220.3 23525.8 13296.2 2577.47 10229.5 2154.5 8075.02 1028.35 8721.34 17588.7 14070.8 10420.7 3801.2 3650.11 920.707 147.764 44.1232 7800.63 3152.74 4647.89 639.473 4008.42 10718.8 3517.94 3435.64 6694.58 1869.27
internal_count=297835 208491 89344 112286 87776 51123 9610 36653 7452 29201 14332 75012 96205 76319 56113 19800 20206 7008 1033 251 68004 28393 39611 4250 35361 41513 19886 19230 24510 11030
is_linear=0
shrinkage=0.1


Tree=110
num_leaves=31
num_cat=0
split_feature=9 4 17 8 5 4 7 8 16 2 1 0 17 1 15 0 17 15 20 6 3 19 15 5 1 0 14 2 4 9
split_gain=62.6086 44.309 66.4785 46.9994 64.1528 43.731 31.6434 43.3664 28.6843 28.2754 27.3896 27.079 36.8222 24.3712 23.134 32.3391 49.8535 35.4355 30.0097 37.4541 48.3458 38.4106 29.1862 24.5721 23.8329 22.9801 22.438 21.9977 22.0156 17.0609
threshold=0.28542508028904029 -0.0165321369405067 1.0000000180025095e-35 0.17153408834237346 -0.0051248210763730753 0.0011219390594543468 0.023115192366270468 0.5063050459807602 1.0000000180025095e-35 -0.11281456741468519 -0.025001317960535282 0.0042735123860246924 1.0000000180025095e-35 -0.028453147193807201 0.057027849423160894 -0.030139697294706443 1.0000000180025095e-35 0.12084593506745216 1.0000000180025095e-35 -0.002319967891269314 0.022378572211858131 1.0000000180025095e-35 0.23683330407500938 0.026730471488457978 -0.031653442488329901 -0.017437380155131962 0.070446166934492876 -0.15753679660324113 -0.028150225931021785 0.18307468982464126
decision_type=2 2 2 2 2 2 2 2 2 2 2 2 2 2 2 2 2 2 2 2 2 2 2 2 2 2 2 2 2 2
left_child=1 2 8 10 -5 26 7 9 -1 -7 -4 12 -8 -10 -2 16 17 24 19 21 -21 -17 23 -20 -16 -24 -3 -18 -29 -28
right_child=14 5 3 4 -6 6 11 -9 13 -11 -12 -13 -14 -15 15 18 27 -19 22 20 -22 -23 25 -25 -26 -27 29 28 -30 -31
leaf_value=-0.021393585754459921 0.0092388928116194698 -0.02656418019289036 0.089192304178497731 0.24261866924512773 0.048211820175377534 0.046247686016369964 0.008049562704570903 -0.052015618044130012 0.13178767375098152 -0.0052495851687799 -0.041109346546583068 -0.00098113267369993136 0.043765272630189735 0.0046719093240084695 -0.020705233965079037 0.011082371162345409 -0.058346330529354465 -0.038762048131442808 0.01733475833750343 -0.0098238514213023573 0.003414001241588359 -0.0030431772002897251 -0.038421946299032186 -0.021782353287582341 0.010039726532683183 -0.0059324330204401643 -0.015843271982600712 0.076743691542504655 0.01571767150424767 -0.0060609361277203381
leaf_weight=185.61017675697803 4168.7281254082918 765.13341687247157 32.725682985037565 33.508202530443668 34.40081912279129 109.57524693012238 1285.5406270287931 196.03708287701011 25.651439197361469 3954.0293953642249 31.814929261803627 2125.9088285341859 372.25078334659338 36.606993094086647 594.34027928858995 8720.8246063664556 30.907538756728172 567.97638908773661 917.99935852736235 3576.5738437771797 12066.143747564405 2470.3515010848641 227.93452858179808 194.63363097608089 437.89802867174149 4849.9641966819763 2450.4265120476484 76.940658822655678 255.16432420164347 6544.2496547661722
leaf_count=1111 14638 6111 151 122 183 460 9249 1323 120 29202 202 15236 2433 203 2303 35538 97 2526 3871 15864 49986 10831 1078 807 1662 20947 24243 212 937 46082
internal_value=-5.46242e-05 -0.00490362 0.0288704 0.0860646 0.144138 -0.00562511 -0.000165665 -0.00607713 -0.00169162 -0.00386096 0.0249608 0.00648939 0.0160694 0.0570456 0.00219715 0.00135814 -0.0111111 -0.0187009 0.00209941 0.0035473 0.000387279 0.00796428 -0.00417671 0.010492 -0.00766255 -0.00739081 -0.0101244 0.0223462 0.0298559 -0.00872595
internal_weight=57339.9 18183.5 380.318 132.45 67.909 17803.2 8043.34 4259.64 247.869 4063.6 64.5406 3783.7 1657.79 62.2584 39156.4 34987.7 1963.23 1600.21 33024.4 26833.9 15642.7 11191.2 6190.53 1112.63 1032.24 5077.9 9759.81 363.013 332.105 8994.68
internal_count=297728 136431 2092 658 305 134339 57903 30985 1434 29662 353 26918 11682 323 161297 146659 7737 6491 138922 112219 65850 46369 26703 4678 3965 22025 76436 1246 1149 70325
is_linear=0
shrinkage=0.1


Tree=111
num_leaves=31
num_cat=0
split_feature=9 0 7 3 7 15 4 17 2 16 4 15 12 1 0 15 13 14 17 15 11 7 12 13 10 4 3 2 15 1
split_gain=29.2464 24.5619 17.0991 18.9075 25.0674 16.6235 13.011 12.0163 13.448 11.5707 10.5093 10.001 14.162 10.1419 9.13358 14.2506 10.0396 29.3045 13.0516 8.82346 8.77254 8.95259 8.58822 7.43985 7.71096 7.0317 6.39437 6.1522 5.78978 7.5716
threshold=0.18307468982464126 -0.040920870652533241 0.25440565039228691 0.0018658516189580256 0.02824247547323611 0.13686683861558616 0.014472590030852219 1.0000000180025095e-35 -0.070891986924304526 1.0000000180025095e-35 0.023119357364150165 0.03287487790276334 0.055339777066045877 0.055177081492555631 -0.011974005536858899 0.17712179114958207 -0.03501576624581771 0.25436828746149748 1.0000000180025095e-35 0.55477153011345715 0.0085193032384201957 0.069859069020199463 0.28721206722516152 -0.38112144522095981 0.78128839112576676 0.00041013128640976509 0.13173226970830035 0.0952003405240789 0.94427659660778607 0.079975644615429178
decision_type=2 2 2 2 2 2 2 2 2 2 2 2 2 2 2 2 2 2 2 2 2 2 2 2 2 2 2 2 2 2
left_child=6 5 3 4 9 11 14 10 -9 -3 -5 12 25 -13 19 20 18 -18 -17 -1 -16 -22 -6 24 27 -2 -15 -4 29 -25
right_child=1 2 23 7 22 -7 -8 8 -10 -11 -12 13 -14 26 15 16 17 -19 -20 -21 21 -23 -24 28 -26 -27 -28 -29 -30 -31
leaf_value=-0.0018849124885128264 0.039963194023200706 0.00026180558172929965 0.063517965352428526 0.0033670983026069857 -0.010529148401786998 -0.060651607526504059 -0.030940817895342934 0.02949123186776853 -0.0033014938440325985 -0.0060265769422175562 -0.0097770166520284446 -0.02073199669104572 -0.0078753036953696613 -0.0085249423902144274 -0.023694467704924727 0.012023397957934867 0.019560131495291941 -0.0037615807455494998 -0.0017776206793082225 -0.063267951219777963 0.040122766514805432 -0.012458700835386714 -0.039328550755274569 -0.015406622064737644 -0.012603298279096224 -0.013873613485662174 0.074671126447324571 -0.0047852402792922825 -0.022964273476615851 0.0018020623449969246
leaf_weight=887.42242904752493 100.30065128207207 15203.550236016512 37.680457085371017 19699.843349128962 2270.5912593007088 66.738355033099651 96.661421217024326 128.29192382097244 4956.525363072753 3623.4187068045139 627.67385265231133 782.02290645986795 999.03323698043823 18.563198409974575 29.852378405630589 3447.9429632797837 705.00264234095812 2285.1892786175013 855.19539400935173 24.052300184965134 248.63643810898066 37.228886902332306 108.49444118887186 655.80793537944555 55.22024979442358 32.00098142772913 18.390826188027859 20.286913968622684 386.82531791180372 419.05172961950302
leaf_count=4633 560 77460 212 96638 11257 391 503 659 25545 18693 3217 4379 5868 106 162 16956 3584 11724 4583 135 1223 173 526 3418 314 165 115 112 2151 2266
internal_value=0.000158978 -0.000764726 -0.000312245 3.39635e-05 -0.00217064 -0.0115758 0.00554118 0.00187366 -0.00247412 -0.00094845 0.00296123 -0.00989647 -0.00380376 -0.0183129 0.00595505 0.00708822 0.00618782 0.00173702 0.00928062 -0.00350471 0.0278883 0.033275 -0.0118425 -0.0105605 0.0141389 0.0269412 0.0328791 0.0396138 -0.0124731 -0.00869753
internal_weight=58827.5 50210.3 48193.3 46618.4 21206.1 2017.05 8617.18 25412.3 5084.82 18827 20327.5 1950.31 1131.33 818.977 8520.52 7609.05 7293.33 2990.19 4303.14 911.475 315.718 285.865 2379.09 1574.87 113.188 132.302 36.954 57.9674 1461.68 1074.86
internal_count=297728 254052 242468 233995 107936 11584 43676 126059 26204 96153 99855 11193 6593 4600 43173 38405 36847 15308 21539 4768 1558 1396 11783 8473 638 725 221 324 7835 5684
is_linear=0
shrinkage=0.1


Tree=112
num_leaves=31
num_cat=0
split_feature=11 11 11 0 7 8 3 18 13 4 9 10 9 0 10 9 10 9 4 7 10 13 13 13 19 9 11 9 13 8
split_gain=112.838 22.842 21.5666 13.6843 15.3579 15.3811 13.6905 13.4109 13.2815 12.6649 13.3078 13.0798 19.9873 13.4096 12.4738 16.7397 14.2555 12.1162 11.8086 11.4936 11.3326 10.6916 9.81457 9.73819 9.64123 9.50803 7.93767 7.80275 7.01889 6.48277
threshold=0.022265682913073501 0.013507857979536849 0.045655561766827592 -0.0036160234935498354 0.22421986943116115 -0.61877672273461026 -0.037277717560686867 1.0000000180025095e-35 0.24022558506567027 0.032641961516666658 0.39759104108799564 0.28000519017111808 0.29831150903968751 -0.0036160234935498354 0.45207229944034122 0.59879122936336093 0.6348994637974833 0.47223083189027121 0.0011884315506358603 -0.10715765824288669 0.30562847672137705 -0.0093980290437689819 0.21653887336406505 0.32647205287723219 1.0000000180025095e-35 0.86264717983639627 0.028588716499675284 0.13296832674858114 1.0000000180025095e-35 -0.52022919582229543
decision_type=2 2 2 2 2 2 2 2 2 2 2 2 2 2 2 2 2 2 2 2 2 2 2 2 2 2 2 2 2 2
left_child=1 3 14 8 5 6 -5 -7 18 10 11 12 -3 -13 17 26 22 -2 24 -19 -12 -21 -17 -22 -1 -18 -16 -20 -28 -10
right_child=2 9 -4 4 -6 7 -8 -9 29 -11 20 13 -14 -15 15 16 25 19 27 21 23 -23 -24 -25 -26 -27 28 -29 -30 -31
leaf_value=0.00090333285382940612 -0.0055841813011514047 0.0010215952738689429 -0.023846219914078069 0.012422893888602963 0.085175415675281127 0.0044667595466386821 0.038269193976415178 0.014583400859513044 0.042471411438201538 -0.027506764718743849 0.047252217325485929 -0.005871424150680914 0.012596682216504363 0.00080868683213635773 -0.0095214372452349302 -0.0029252057275755538 -0.016894176975085492 -0.017042820217558662 -0.026658219041900546 0.020302553451682945 0.0040669710011813059 0.0012577415783320463 0.013033484062825769 0.020938883052005731 0.014763479598258095 -0.0015951563167224542 -0.013037394730645713 -0.0047252458752032947 -0.025217858601870188 0.012180185928018493
leaf_weight=3072.0874712243676 5391.5050408318639 10268.653804384172 753.343067150563 773.48947420716286 25.774782866239548 6714.160163924098 278.80979056656361 1628.0746719241142 95.571223735809326 155.88331273943186 70.930425703525543 5085.0390417724848 1745.3344436436892 7346.4745257943869 2602.4407029598951 1121.2319637984037 963.1009819060564 210.13381645083427 192.86170633137226 463.93868519365788 2164.7278160974383 808.42546236515045 587.18558547645807 406.30702993273735 599.8761864900589 702.54526619613171 1175.7200876995921 1020.2620479241014 791.61765813827515 270.97264602780342
leaf_count=13340 30625 48177 5812 3354 125 29088 1197 7099 417 792 378 26312 8534 37823 15978 7597 7046 1246 781 2813 11752 4777 3951 2139 2649 4956 8103 4401 5298 1168
internal_value=-7.1903e-05 0.00262844 -0.00734082 0.00580947 0.00808971 0.00787822 0.0192709 0.00644113 0.0017192 0.000915294 0.00107886 0.000350183 0.00270317 -0.00192377 -0.00650168 -0.00920064 -0.00385832 -0.00338267 0.00034166 0.00462372 0.00782112 0.008202 0.00255982 0.00673328 0.00316762 -0.0104413 -0.0131451 -0.00821214 -0.0179386 0.0200782
internal_weight=57486.5 41915.3 15571.2 14671.9 9420.31 9394.53 1052.3 8342.23 5251.63 27243.4 27087.5 24445.5 12014 12431.5 14817.8 7943.84 3374.06 6874 4885.09 1482.5 2641.97 1272.36 1708.42 2571.03 3671.96 1665.65 4569.78 1213.12 1967.34 366.544
internal_count=297728 199526 98202 63619 40863 40738 4551 36187 22756 135907 135115 120846 56711 64135 92390 52929 23550 39461 21171 8836 14269 7590 11548 13891 15989 12002 29379 5182 13401 1585
is_linear=0
shrinkage=0.1


Tree=113
num_leaves=31
num_cat=0
split_feature=11 11 3 6 5 9 9 10 0 15 11 5 0 3 13 15 0 12 10 9 12 13 7 13 14 10 12 0 15 6
split_gain=48.6348 21.009 12.3244 11.6846 13.335 11.2584 9.71558 17.0611 11.9967 13.685 11.6869 13.2696 17.0791 10.5196 9.69967 9.59855 11.0208 9.50444 9.31646 16.5621 9.1401 8.48577 8.46508 8.01844 12.9502 7.85097 10.5097 7.58188 11.7515 7.54598
threshold=0.019299484093833922 0.038481157001669777 -0.086052807243310422 -0.065555185393901691 0.014990503437163684 0.71735124252824012 0.18987163960200454 0.26638435050738413 -0.035220040732456541 0.12084593506745216 0.012839755503580481 -0.018338603840901743 0.0067813944750543262 -0.018119827388719308 -0.2578947737311475 0.15296881962918454 -0.026413682463280349 0.098181705785413534 0.39572721769625419 0.45777048364592871 0.383058881376456 -0.48742019221961302 0.22421986943116115 0.038395967236305582 0.06239517642769369 0.68424248850479819 0.27667748396244579 -0.0027808399326785245 0.57818795468130035 0.006440375769251828
decision_type=2 2 2 2 2 2 2 2 2 2 2 2 2 2 2 2 2 2 2 2 2 2 2 2 2 2 2 2 2 2
left_child=2 5 3 27 15 18 10 8 9 -8 11 13 -13 -4 -10 -5 -17 29 19 21 25 -2 -12 24 -20 26 -7 28 -1 -9
right_child=1 -3 6 4 -6 20 7 17 14 -11 22 12 -14 -15 -16 16 -18 -19 23 -21 -22 -23 -24 -25 -26 -27 -28 -29 -30 -31
leaf_value=0.0020671926130928788 0.023145298550160742 -0.012272779563294711 0.0049575842614696065 -0.0021938705183825158 -0.010464127106736498 0.0073414372036020642 0.018198562247842543 -0.0051092498500302629 0.014001445218389599 0.095009162015597753 -0.0064708459232560413 -0.0029572926136304015 0.0094968969581873224 0.030617982303323788 0.0047215819270462183 0.076083020075802379 0.017819325750752426 0.0058807994372201836 0.015995147599779616 0.013671110298751482 0.035426132002772247 -0.0018848195595725572 0.05501398698008414 -0.0079904982344869094 -0.0034713740247284287 -0.0048917734669701729 0.048798326692942887 -0.01457806364265752 0.059038795289795498 0.0013606862138644546
leaf_weight=584.65165209770203 137.43587121367455 2202.2599680200219 398.60483561456203 246.09508894383907 210.47245718538761 647.29778874665499 95.61961966753006 3093.3177225068212 1278.2518230229616 30.624241203069687 2692.8856570720673 4190.6188838332891 1493.5667204856873 266.62384213507175 9478.3177672177553 33.178780347108841 1509.3651022613049 2418.2520562559366 357.72641552239656 776.13578236848116 103.27036186307669 9353.6923053637147 22.579861745238304 4214.6667706817389 7648.5084564462304 520.00103306770325 67.529348373413086 265.73957090079784 38.595819443464279 4320.4733481705189
leaf_count=2699 684 13967 1920 1140 1028 3663 439 14956 6215 138 12996 21639 7709 1284 46147 147 7138 12043 1892 4028 604 46113 118 22406 40288 3004 405 1273 186 21459
internal_value=0.000296851 -0.00292795 0.00286626 0.00910328 0.0133449 -0.00206421 0.00226138 0.00345623 0.00618404 0.0368313 -0.000469071 0.00187907 0.000315149 0.0152423 0.00582435 0.0161465 0.0190725 0.000436891 -0.00259446 -0.000373847 0.00684715 -0.00152237 -0.00595958 -0.00446008 -0.00260159 0.00445705 0.0112578 -0.000435023 0.00559527 -0.00133882
internal_weight=58696.4 26028.5 32667.8 2888.1 1999.11 23826.3 29779.7 20714.9 10882.8 126.244 9064.88 6349.41 5684.19 665.229 10756.6 1788.64 1542.54 9832.04 22488.2 10267.3 1338.1 9491.13 2715.47 12220.9 8006.23 1234.83 714.827 888.987 623.247 7413.79
internal_count=297728 137054 160674 13611 9453 123087 147063 101397 52939 577 45666 32552 29348 3204 52362 8425 7285 48458 115411 50825 7676 46797 13114 64586 42180 7072 4068 4158 2885 36415
is_linear=0
shrinkage=0.1


Tree=114
num_leaves=31
num_cat=0
split_feature=11 10 12 13 8 3 7 8 12 11 4 19 5 18 13 9 0 2 12 5 8 11 2 3 2 10 20 12 1 2
split_gain=143.891 46.6535 36.7896 32.7326 31.1146 31.698 37.0756 27.3323 26.5664 25.2892 24.8711 41.2211 40.2388 23.1532 23.1156 22.4763 21.5512 28.8396 20.5498 18.9747 25.551 18.1847 18.0094 17.8336 37.9038 17.6781 17.0079 15.1269 23.2124 20.0364
threshold=0.013244819933480421 0.35666476180273021 0.060906587923565535 -0.5408551855065008 2.1323340227097787 -0.17347452274481553 -0.032252950508699189 -1.0888915189512109 0.32735724702380392 0.010095729651715556 0.010977996879329101 1.0000000180025095e-35 0.016371378384131611 1.0000000180025095e-35 -0.04897033508534003 0.39279931018774988 -0.031966024183264545 -0.074188565789781377 0.063866558277528573 -0.007073882092942795 0.54885800096141268 0.018374034255976005 0.13687957190524361 -0.042686006640817002 -0.021600785225068361 0.82188146017770403 1.0000000180025095e-35 0.04045267868002167 0.0094554731379310492 0.045308669221624694
decision_type=2 2 2 2 2 2 2 2 2 2 2 2 2 2 2 2 2 2 2 2 2 2 2 2 2 2 2 2 2 2
left_child=3 10 21 13 5 7 -7 -4 22 19 15 -12 14 26 -13 16 -2 -18 -17 20 -5 -3 -6 24 -23 -10 -1 28 -11 -29
right_child=1 2 4 9 8 6 -8 -9 25 27 11 12 -14 -15 -16 18 17 -19 -20 -21 -22 23 -24 -25 -26 -27 -28 29 -30 -31
leaf_value=-0.027393721159758896 0.01414327786119577 0.039403703109159499 0.0087375005563100332 -0.016848981794173039 0.0078881057076096769 -0.005841876094624914 0.0029258652020724574 0.057852908560212926 -0.05402490054115177 -0.01223039573136455 9.3536064242609042e-05 0.098266501932990746 -0.0054596332006665547 0.048520828021658094 0.037710234476937061 0.0070678920846445684 -0.018049075208520449 -0.0020678334322295168 -0.021935558738272059 -0.042115652258269 0.13495694778029599 0.0090810249755058654 0.02988110950725352 0.0063629498842233539 0.04881420671213229 0.0014413046772872944 0.04517825289806289 -0.012742562437756403 -0.034624451836409414 0.013209671413233579
leaf_weight=120.85644805803895 744.41600029915571 242.98156102001667 3384.3998495414853 250.93875491991639 643.33188632130623 7060.9155098944902 15216.712960988283 117.22717487812042 71.419509373605251 1203.9918948858976 1312.0889094099402 94.537027478218079 155.08091286569834 129.27586840838194 189.17300892621279 313.03600469976664 1219.569129742682 15237.627134442329 1112.4160980731249 633.33671144209802 11.599927328526972 759.61730827391148 883.8834880143404 2449.5295902490616 351.04567497968674 294.02439041435719 44.068567510694265 2067.6569192521274 751.94501985609531 347.48281964659691
leaf_count=945 3747 1179 11130 3529 2212 27350 58291 422 274 12753 7180 399 864 538 867 1464 6786 93329 5769 9892 125 2795 2750 9586 1288 998 295 19210 8591 3170
internal_value=-0.000339824 0.00129964 0.00371317 -0.0156265 0.00244572 0.00153713 0.000146921 0.0103818 0.0148212 -0.0174397 -0.00242821 0.00896671 0.0354996 0.0168348 0.0578886 -0.00349929 -0.00249933 -0.00325213 -0.0155663 -0.0327456 -0.0101416 0.0129352 0.0206167 0.0111287 0.0216394 -0.00939858 -0.00800222 -0.0143027 -0.0208396 -0.00900864
internal_weight=57414.2 51853 31475.1 5561.15 27671.9 25779.3 22277.6 3501.63 1892.66 5266.95 20377.9 1750.88 438.791 294.201 283.71 18627.1 17201.6 16457.2 1425.45 895.875 262.539 3803.17 1527.22 3560.19 1110.66 365.444 164.925 4371.08 1955.94 2415.14
internal_count=297728 238680 118275 59048 103427 97193 85641 11552 6234 57270 120405 9310 2130 1778 1266 111095 103862 100115 7233 13546 3654 14848 4962 13669 4083 1272 1240 43724 21344 22380
is_linear=0
shrinkage=0.1


Tree=115
num_leaves=31
num_cat=0
split_feature=10 19 4 14 7 15 15 12 10 19 4 4 5 18 4 8 8 3 2 4 3 14 0 6 5 10 3 6 14 18
split_gain=113.993 38.0228 37.1974 35.1706 30.9478 20.9138 26.3629 23.9925 22.6733 20.1988 66.2253 46.8408 33.8324 23.6025 46.0559 23.279 20.3343 24.7363 19.9776 30.3122 22.6435 19.6868 19.3926 17.5479 30.8321 16.7065 16.6071 16.5797 16.0719 15.6718
threshold=0.27013865040105861 1.0000000180025095e-35 0.0064183651018505658 0.27443729323036797 -0.074822393825373465 0.95198155983649047 0.24076559784621201 0.082294524627186325 0.61036261544181591 1.0000000180025095e-35 -0.0033176696973056248 -0.0074691599314109505 -0.018756591122490392 1.0000000180025095e-35 -0.031642664154679194 0.14743169004811094 -0.86767599556311203 -0.056335676827193197 -0.13115273357814369 0.037616175390250646 -0.055028921926334899 0.77546215950423392 0.022591343366251241 -0.06242837701233505 -0.032244682727645961 0.1999148660094881 -0.073648969536679751 0.0037103951249696236 0.19482702903731308 1.0000000180025095e-35
decision_type=2 2 2 2 2 2 2 2 2 2 2 2 2 2 2 2 2 2 2 2 2 2 2 2 2 2 2 2 2 2
left_child=1 2 4 5 -1 6 -2 8 -8 11 16 13 15 21 -15 -12 -11 -18 19 -13 -20 -5 -7 24 -4 -3 -25 -28 -24 -6
right_child=3 25 23 9 29 22 7 -9 -10 10 12 18 -14 14 -16 -17 17 -19 20 -21 -22 -23 28 26 -26 -27 27 -29 -30 -31
leaf_value=0.010269830050259913 0.0033831873644031094 -0.033923598365880797 0.014510643146488334 0.011553776505486025 -0.0080407045376325453 -0.064746719685575105 -0.0017847576161358046 -0.012349394369732525 0.081492510503686194 0.001493533758798552 -0.0008600786186722597 0.011739238984064216 0.012170181864607246 0.058982025153833967 -0.0063262413203150876 -0.036563637513712208 -0.045678050241871555 -0.014534626089789874 -0.0044256799941532147 0.10271741335294288 0.0036666999447167226 0.025616884648282958 0.0054152689127349093 -0.027625296506081639 0.1499068342755944 -0.015014724088584498 0.022247449802108549 -0.00018991712243068194 0.035547496157203741 -0.018160706057294605
leaf_weight=783.34309328719974 3384.7513485997915 657.80499424412847 59.943895354866982 3089.65536756441 6224.8980967439711 31.155216544866562 3318.6528984829783 4134.1135312244296 33.018843665719032 593.99692938476801 833.67251571267843 1345.3749529570341 2870.9435287155211 120.10781957954168 1069.512753598392 233.83998616039753 307.35569056123495 1498.2294818535447 4513.5186338573694 37.646818995475769 14781.929296694696 1468.5871733389795 518.90283687412739 138.64854727685452 23.377763234078884 1613.0409440398216 544.78466576337814 832.72529415413737 268.66029607504606 2029.008249733597
leaf_count=5463 14016 7498 312 11644 52731 146 16367 18498 96 2384 3600 4566 12773 344 4115 950 1520 6490 19997 85 64266 5171 1909 924 114 12858 3685 5966 939 18449
internal_value=-0.000472612 -0.0087456 -0.00623782 0.00192953 -0.00872566 -0.00277963 -0.00394045 -0.00725188 -0.000964355 0.00360961 -0.00146033 0.00482557 0.0065185 0.012811 0.000267486 -0.00868099 -0.0145561 -0.019836 0.00260591 0.0142157 0.00177376 0.0160847 0.0126332 0.00781881 0.0524991 -0.0204921 0.00536337 0.00868373 0.0156942 -0.0105284
internal_weight=57361.2 12907.6 10636.7 44453.6 9037.25 11689.3 10870.5 7485.79 3351.67 32764.4 6338.04 26426.3 3938.46 5747.86 1189.62 1067.51 2399.58 1805.59 20678.5 1383.02 19295.4 4558.24 818.718 1599.48 83.3217 2270.85 1516.16 1377.51 787.563 8253.91
internal_count=297876 108000 87644 189876 76643 51971 48977 34961 16463 137905 27717 110188 17323 21274 4459 4550 10394 8010 88914 4651 84263 16815 2994 11001 426 20356 10575 9651 2848 71180
is_linear=0
shrinkage=0.1


Tree=116
num_leaves=31
num_cat=0
split_feature=4 0 15 4 2 3 3 18 0 15 11 12 4 11 7 2 18 15 14 4 2 13 8 13 6 15 10 19 4 6
split_gain=33.0721 32.4414 16.7959 23.511 12.5762 24.2264 14.2033 12.4405 12.6566 12.2279 12.0359 11.9713 10.9886 10.9111 10.4704 13.2956 10.0959 9.78069 9.51227 8.69573 8.54151 8.50874 7.88574 7.74982 6.66941 7.27102 6.47544 6.21708 12.603 7.57002
threshold=0.015797673194783982 -0.020600962502576477 0.72306148720278673 0.0034492078769425842 0.026471245859843288 -0.0054200667790829096 -0.069022455986555972 1.0000000180025095e-35 -0.0019404962391984524 0.29180665702351299 0.019861499989908594 0.098181705785413534 -0.010685921631843119 0.042870319968404749 -0.21353263976476067 -0.074188565789781377 1.0000000180025095e-35 0.54685913261690822 0.15441425036396664 -0.046526222821306716 -0.00064176727197073891 0.53618007470662654 -0.21618870712801982 -0.064883683094419317 0.010672207544974778 0.048976858916361714 0.36190024001687088 1.0000000180025095e-35 0.017894328104024918 -0.054373909744710118
decision_type=2 2 2 2 2 2 2 2 2 2 2 2 2 2 2 2 2 2 2 2 2 2 2 2 2 2 2 2 2 2
left_child=1 9 3 4 6 -6 -3 17 -9 10 12 -11 19 18 -4 22 -14 -5 -2 -1 -13 -15 -16 -17 25 -12 -26 29 -29 -20
right_child=13 2 14 7 5 -7 -8 8 -10 11 24 20 16 21 15 23 -18 -19 27 -21 -22 -23 -24 -25 26 -27 -28 28 -30 -31
leaf_value=0.049044458848324868 -0.024191255438149772 -0.0024601475179044097 -0.025243046442275593 0.0081305209275801208 -0.015235751937356446 0.00041935342284515399 0.0045417393952801319 0.0043432783768675848 0.021067850871062735 -0.034486518720652184 -0.0041151183631360682 -0.016045407046698341 0.0096045875495897309 -0.034035247895590107 0.0062430551572218518 0.0011313794533732353 -0.0073612327097307435 0.00047318015079300777 0.01309702079902832 -0.013857517674841134 0.039637046943724365 0.02255304296860967 0.029391141486904873 -0.0037368890899230119 0.016594427095244838 -0.013561162956326304 -0.0040078717961000649 -0.043164552063286919 -0.0072174457448178596 -0.0054509265082550128
leaf_weight=22.96730825304985 314.11890912801027 3731.9399116262794 176.73859799653292 4787.0977843850851 1156.6104566678405 6800.9474716931581 12950.254156243056 742.3208556547761 1158.9129896238446 265.70452789962292 1392.2063331156969 78.672961607575417 1345.2045121043921 257.37190129607916 748.89163211733103 5903.7782100141048 474.45520452409983 2560.1535869389772 251.45761033892632 509.94115250557661 42.393018819391727 29.630307473242283 183.16147638857365 7329.7083871513605 176.79635785520077 1965.0763140842319 1112.8221068605781 123.89708027243614 458.33140980452299 1761.249326094985
leaf_count=122 1617 19253 944 23491 5833 33907 65462 3637 5649 1491 7923 441 6912 1582 3848 29324 2439 12557 1372 2673 242 173 950 36569 904 10406 5981 604 2355 9215
internal_value=0.000301122 0.00086958 0.00181472 0.00302874 0.00141502 -0.00185608 0.00297536 0.007328 0.0145379 -0.00530199 -0.00434555 -0.0226109 0.00148241 -0.00959102 -0.00105378 -0.00075198 0.00518095 0.00546232 -0.00775577 -0.0111466 0.00345262 -0.028193 0.010792 -0.00156504 -0.00729605 -0.00964405 -0.00118346 -0.00576625 -0.0148669 -0.00313364
internal_weight=58812.8 55616.8 48230.5 33888.2 24639.8 7957.56 16682.2 9248.49 1901.23 7386.24 6999.47 386.771 2352.57 3196.06 14342.3 14165.5 1819.66 7347.25 2909.05 532.908 121.066 287.002 932.053 13233.5 4646.9 3357.28 1289.62 2594.94 582.228 2012.71
internal_count=297876 280958 241424 169789 124455 39740 84715 45334 9286 39534 37360 2174 12146 16918 71635 70691 9351 36048 15163 2795 683 1755 4798 65893 25214 18329 6885 13546 2959 10587
is_linear=0
shrinkage=0.1


Tree=117
num_leaves=31
num_cat=0
split_feature=11 11 11 14 1 15 1 14 8 0 7 7 8 3 12 0 15 15 0 17 7 0 3 7 8 12 7 0 11 4
split_gain=97.2487 27.6064 14.9627 14.4463 19.1148 12.8145 19.0202 11.4958 14.7252 11.3831 11.5171 10.9274 13.215 12.2073 10.7274 10.6324 9.86705 9.82169 27.6519 12.7658 8.66891 8.00675 8.46642 7.69334 12.2372 7.46495 7.39845 7.16532 7.00052 6.92422
threshold=0.02410091779322391 0.013507857979536849 0.042870319968404749 0.23430684076967115 0.026430660244964214 0.8168399659703186 -0.023919856884465625 0.87201901403937321 1.8237049564154189 0.0083293757424540722 0.10611546680797691 0.17920218169922145 0.85760910529904943 0.057736102958403819 0.3139714697570683 0.027683694251975813 0.23280780882160976 0.39912729062547331 -0.01401194507010217 1.0000000180025095e-35 -0.034204048345061903 0.0042735123860246924 -0.078700473935200618 -0.074822393825373465 -0.58458839711277366 0.050122366623886618 0.11354355480265389 -0.004665706855741635 0.0099636009810396466 -0.007638655396560611
decision_type=2 2 2 2 2 2 2 2 2 2 2 2 2 2 2 2 2 2 2 2 2 2 2 2 2 2 2 2 2 2
left_child=1 3 11 4 29 6 17 15 -9 10 -6 12 16 -13 23 -8 27 19 -19 -3 -14 22 -7 -5 -25 -18 -22 -2 -16 -1
right_child=2 5 -4 14 9 21 7 8 -10 -11 -12 13 20 -15 28 -17 25 18 -20 -21 26 -23 -24 24 -26 -27 -28 -29 -30 -31
leaf_value=-0.025922039429374374 -0.013004279364303626 -0.0033066122823460784 -0.019462164293724802 -0.0045155209312170213 0.039936847424302632 0.076110414047816086 0.003388594919552429 -0.002597926142343629 -0.051981099441864881 0.00084691607408086088 -0.035333559415387711 -0.048707218985802214 0.034610240641592377 -0.012350006216919328 0.091747136841153876 0.020587143016865581 -0.016610612626457948 0.043290931579578293 -0.0008512305983265603 -0.016393794724789409 -0.0063287779199147493 -0.0049268949908338406 0.0082826176348465615 0.015948419202141535 0.0061045436705047772 -0.0035542236320627828 0.0090602452564876746 0.017167271732664725 0.024569227168293194 -0.0033218610631506988
leaf_weight=144.78169670701027 2657.6882881820202 3635.442221917212 1060.7193923033774 572.42550960183144 215.30787706375122 22.865451492369175 15860.291035108268 2062.837488502264 62.202127024531364 209.18526586890221 22.447372421622276 98.117594793438911 84.003217361867428 1571.2157400362194 22.459723576903343 367.79234137386084 481.22082897275686 150.69608601182699 2434.4858690798283 937.55809213221073 620.13361426442862 4989.9752205014229 94.291931092739105 1448.7703059464693 9840.6279874742031 4865.0193212330341 629.56012697890401 81.114259317517281 50.148705571889877 2129.5262016281486
leaf_count=641 17309 18945 8253 2495 979 130 79401 10228 293 912 92 625 570 10365 106 1967 2813 824 12508 4714 3999 25322 484 6207 42564 31039 4091 535 225 9240
internal_value=-0.000171231 0.00196054 -0.00811557 0.00552972 -0.00104522 0.000252135 0.00116747 0.00287272 -0.00404342 0.0178608 0.0328303 -0.00703012 -0.0057085 -0.014487 0.00702891 0.00377838 -0.00722984 -0.00320468 0.00172192 -0.00598975 0.00351403 -0.00432019 0.0215205 0.00679435 0.00736781 -0.00472944 0.00142377 -0.0121107 0.0453491 -0.00476058
internal_weight=57422.9 45274.1 12148.8 14655.7 2721.25 30618.4 25511.3 18353.1 2125.04 446.941 237.755 11088.1 9418.74 1669.33 11934.4 16228.1 8085.04 7158.18 2585.18 4573 1333.7 5107.13 117.157 11861.8 11289.4 5346.24 1249.69 2738.8 72.6084 2274.31
internal_count=297876 218277 79599 63461 11864 154816 128880 91889 10521 1983 1071 71346 60356 10990 51597 81368 51696 36991 13332 23659 8660 25936 614 51266 48771 33852 8090 17844 331 9881
is_linear=0
shrinkage=0.1


Tree=118
num_leaves=31
num_cat=0
split_feature=11 11 8 3 1 7 4 3 8 9 5 15 0 14 11 8 0 11 3 20 8 6 0 1 4 20 1 12 6 5
split_gain=37.965 19.9443 10.7264 37.673 22.1357 14.9914 16.5867 13.7288 16.1145 13.3442 12.5626 15.8674 14.4229 14.2361 19.0281 11.5628 11.1021 10.8913 10.714 10.1361 15.6932 10.0963 16.8276 9.85689 8.06248 9.50561 11.3674 12.7141 9.99003 7.98568
threshold=0.019224410525937031 0.036673773158874365 -0.46163394924072548 -0.052613986870500666 -0.033004285225034728 -0.016001083036772942 -0.0078208019919432364 -0.11672278220519282 -0.90182665013196395 0.42076467674462426 -0.021963024161751273 0.38730270848471998 -0.013474932280729044 0.23833503860525287 0.010650376687797001 -0.99843670516470462 -0.0038026165433753252 0.012483009639482763 0.014716359648824897 1.0000000180025095e-35 -0.20816969982078956 -0.05563459676409193 -0.0068399596688137878 0.019665095089242527 -0.022212283467711643 1.0000000180025095e-35 -0.037404614834011245 0.072790674280165543 1.0000000180025095e-35 0.0058207274337922508
decision_type=2 2 2 2 2 2 2 2 2 2 2 2 2 2 2 2 2 2 2 2 2 2 2 2 2 2 2 2 2 2
left_child=2 24 7 4 19 6 -6 8 17 18 13 16 -13 14 -5 -11 -12 -1 -9 -4 -21 22 -10 -17 25 28 27 -27 -2 -23
right_child=1 -3 3 10 5 -7 -8 9 21 15 11 12 -14 -15 -16 23 -18 -19 -20 20 -22 29 -24 -25 -26 26 -28 -29 -30 -31
leaf_value=0.042380056195535941 -0.025144562559935871 -0.010398814407064673 -0.0096348929479418005 0.11873955583747955 -0.0038645226876535621 0.004914750794858422 0.041077141961319757 -0.0027764564965773245 0.038720169642630808 -0.021975514531652397 0.00035352842630221481 0.03252413307973645 0.0035499891523467133 0.0058218514990642832 0.021540931716876637 0.029577284864530668 -0.0091938670493530716 -0.00039034740380622878 -0.043028924256814614 0.053999094119244299 -0.023718925960677095 0.061621039790247717 -0.019767234855998628 0.10633296409381957 -0.0010675507290826079 0.084947711521905389 -0.018848629803925428 0.0095625473670108083 -0.00054144803570942135 0.0021632107947968868
leaf_weight=63.522160016000271 450.70105228573084 2782.4168196544051 286.90361991524696 21.138339340686798 94.363219186663628 209.97089816629887 633.07266663014889 6030.5660150945187 113.63590544462204 31.892794698476791 4905.0401982218027 173.80165061354637 14942.246092822403 1506.3425307869911 426.76766611635685 70.132733762264252 1620.2989279329777 949.17292401194572 66.858287923038006 71.594042107462883 40.781469389796257 105.24410870671272 86.743235148489475 21.972690522670746 22482.98316051811 29.692916870117188 89.870891682803631 90.745397008955479 260.38904091715813 28.762130573391914
leaf_count=311 2305 17538 1285 103 402 894 2924 29624 514 160 23892 837 74233 7188 2006 364 8427 4498 341 327 185 490 394 115 115877 165 475 479 1391 132
internal_value=0.000438674 -0.00239484 0.00272171 0.00372264 0.0200545 0.0284531 0.0352473 -0.000575568 0.00857734 -0.00255738 0.00279744 0.00210406 0.00388313 0.010476 0.0261281 0.029919 -0.00201717 0.00229246 -0.00321783 0.000336695 0.025795 0.0276112 0.0134012 0.0478881 -0.00144329 -0.0106116 0.00806507 0.028148 -0.0161353 0.0488594
internal_weight=58687.6 26186.8 32500.8 24932.3 1336.69 937.407 727.436 7568.5 1347.08 6221.42 23595.6 21641.4 15116 1954.25 447.906 123.998 6525.34 1012.7 6097.42 399.279 112.376 334.385 200.379 92.1054 23404.4 921.399 210.309 120.438 711.09 134.006
internal_count=297876 138230 159646 122703 6017 4220 3326 36943 6339 30604 116686 107389 75070 9297 2109 639 32319 4809 29965 1797 512 1530 908 479 120692 4815 1119 644 3696 622
is_linear=0
shrinkage=0.1


Tree=119
num_leaves=31
num_cat=0
split_feature=10 11 15 9 4 14 12 6 16 0 17 4 6 0 0 19 13 15 1 4 14 13 18 11 0 7 16 20 1 13
split_gain=136.07 39.4285 29.5071 37.4124 36.7595 28.4882 30.7696 28.4574 44.2989 27.156 25.9383 32.4851 29.3076 28.9051 39.3597 27.8742 38.4942 26.7591 25.9808 25.7622 22.8081 22.6771 33.608 22.2689 21.4898 19.1683 19.0746 17.8457 19.4247 17.6517
threshold=0.21658873563816428 0.019068322798504799 0.65738262122544999 0.28403974445651903 -0.0066738337813094786 0.33400470024447765 0.057702207131349124 0.023702585034624527 1.0000000180025095e-35 -0.0026128523527195742 1.0000000180025095e-35 -0.028150225931021785 0.022605318018325552 0.043952652216487482 -0.012217775749381319 1.0000000180025095e-35 -0.014168989865714224 0.95198155983649047 -0.1798268167862257 0.037616175390250646 0.48975503988489039 -0.46053046328635167 1.0000000180025095e-35 0.015293030908113379 0.020829857800601651 -0.053191698912188327 1.0000000180025095e-35 1.0000000180025095e-35 0.0094554731379310492 -0.69130140627902681
decision_type=2 2 2 2 2 2 2 2 2 2 2 2 2 2 2 2 2 2 2 2 2 2 2 2 2 2 2 2 2 2
left_child=5 2 4 20 -2 6 25 -8 -9 21 11 15 18 14 -13 -3 -17 -15 -12 -20 -4 22 -7 -23 29 -1 -27 28 -5 -6
right_child=1 10 3 27 24 9 7 8 -10 -11 12 13 -14 17 -16 16 -18 -19 19 -21 -22 23 -24 -25 -26 26 -28 -29 -30 -31
leaf_value=0.024651043585935135 0.00623194359635323 0.010088925856406838 0.019994442757227421 0.00219801176532541 0.038866531353769843 -0.034246641572359064 0.0039693328766419872 0.028751357623283808 0.18429433296763403 -0.027691217837688593 0.050775061069759091 0.0084673625608038938 0.0056437995113086843 0.034268944467728032 0.00020592018595545921 0.08486169054282032 0.016650232283626026 0.0087911065191003928 -0.0076617285105826192 -0.092410921956456282 0.0023823038960170306 -0.018691902536936318 0.082323591213719488 0.016437803223485654 -0.044647967031263947 -0.021630448012562118 0.0087508604824498536 0.012138668408772445 -0.019358022110560293 -0.0082435724000257497
leaf_weight=131.98916930705309 2106.172721169889 612.63016422092915 1427.8886920884252 691.68076680600643 80.284890104085207 41.497288424521685 269.67405917495489 75.402903582900763 24.182392500340939 2100.0898971483111 75.551893711090088 8779.6111585944891 2920.5265218615532 537.55898170918226 16805.626111730933 144.71577897667885 193.16493971645832 1768.2374923378229 4172.5268949940801 36.179346114397049 1515.9479704014957 1204.7442697510123 61.219447478652 212.23581160604954 161.27301567792892 1006.6854000296444 260.03269300237298 419.41510923951864 1056.6675185710192 8517.0447933264077
leaf_count=1050 11916 1910 9387 3969 324 356 2237 632 154 23835 234 31786 11621 1886 68517 393 584 5698 16859 107 10558 13548 284 1440 1193 10373 2492 2467 6304 55762
internal_value=-0.000113435 0.00145329 -0.00268194 0.00358357 -0.0056297 -0.0152413 -0.00483654 0.0208391 0.066522 -0.0203232 0.0032861 0.00462683 -0.00208099 0.00400728 0.00304085 0.0228065 0.0458655 0.0147309 -0.00734689 -0.00839026 0.010925 -0.0101412 0.0352295 -0.0134302 -0.00848206 -0.0116149 -0.0153938 -0.00638609 -0.01083 -0.00780364
internal_weight=57410.5 52022.7 15976.4 5111.6 10864.8 5387.75 1767.97 369.259 99.5853 3619.79 36046.3 28841.5 7204.78 27891 25585.2 950.511 337.881 2305.8 4284.26 4208.71 2943.84 1519.7 102.717 1416.98 8758.6 1398.71 1266.72 2167.76 1748.35 8597.33
internal_count=297876 241475 101880 32685 69195 56401 16938 3023 786 39463 139595 110774 28821 107887 100303 2887 977 7584 17200 16966 19945 15628 640 14988 57279 13915 12865 12740 10273 56086
is_linear=0
shrinkage=0.1


Tree=120
num_leaves=31
num_cat=0
split_feature=10 19 4 10 13 14 3 12 7 20 15 3 19 4 6 4 15 3 6 6 17 0 15 0 15 14 7 3 17 10
split_gain=92.1548 26.8847 39.4903 29.5404 25.0584 55.9271 33.4722 42.1448 30.0455 29.6106 27.6642 25.2739 23.213 78.2967 36.6499 31.2065 26.5109 26.1842 22.8905 20.6583 35.4216 41.8682 17.8518 25.1111 25.1356 17.3835 16.4497 26.8057 20.0512 15.8783
threshold=0.27498214330789067 1.0000000180025095e-35 0.0064183651018505658 0.19152124861231662 -0.13977209201579519 0.31418022347277053 0.072276743480083297 0.11036763829054015 -0.044913473161247768 1.0000000180025095e-35 0.18905294578499918 -0.10128086905972687 1.0000000180025095e-35 -0.0038744991650487832 0.033393674325066576 -0.0099648187829379769 0.96712512209723678 -0.18650124962610479 0.005968136730916008 0.012640790332913434 1.0000000180025095e-35 -0.0012680079079609994 0.83999998192217873 0.011594306383669652 0.45127685971502302 0.4579972928577784 0.09915851380338471 0.041197883692023936 1.0000000180025095e-35 0.82188146017770403
decision_type=2 2 2 2 2 2 2 2 2 2 2 2 2 2 2 2 2 2 2 2 2 2 2 2 2 2 2 2 2 2
left_child=1 2 26 -3 5 -2 29 18 -9 12 -11 -12 14 -14 15 -6 -16 -15 -8 20 -4 -22 23 24 -5 -13 27 28 -1 -7
right_child=4 3 19 22 9 6 7 8 -10 10 11 25 13 17 16 -17 -18 -19 -20 -21 21 -23 -24 -25 -26 -27 -28 -29 -30 -31
leaf_value=-0.0097737692770436344 -0.011322442583454747 -0.038399645605064703 0.0069018678864264695 -0.0022839256607589012 0.020996243492964611 -0.0031256829973776955 0.05844445358969072 0.057045611926855026 -0.0021370199001308899 0.0086365179728913697 -0.024515370587233517 0.0041259625717548635 -0.016510813532290787 -0.026800516846198059 -0.0017462047170508591 0.0077152072817917921 0.016808333815789722 0.010150900555208054 0.018844064717982535 -0.0040664790045133771 0.10679533870175387 0.020507587694329012 -0.039749780344842223 0.01823442203451944 -0.029839911346555031 -0.010416155090699661 0.0044160749373750871 -0.019494970488963096 0.0026773384980722965 0.013102797251259363
leaf_weight=4626.5743644200265 4147.9562514275312 515.5442247428 726.12419869378209 796.69896228983998 2174.5243777111173 6225.2332004420459 164.15729347616434 90.086546689271927 1794.7900603804737 1480.1836198940873 707.26327458769083 1529.8395339548588 1983.5406569540501 202.91633473336697 5586.8239169865847 9492.0146419852972 893.16831600666046 3490.5689296163619 1317.3149113841355 748.49547649547458 86.555210366845131 160.51274836808443 197.78640887141228 299.76244407519698 566.32726122438908 1776.6648895144463 951.28347366303205 2022.3097256012261 1795.2354794442654 667.55527412891388
leaf_count=40484 19355 6233 4816 6352 7700 28657 625 318 7079 5714 2999 6794 8632 753 22640 39986 2915 15170 5886 5316 458 1051 1552 2500 4739 7875 6994 17379 14419 2026
internal_value=-0.000338321 -0.00756267 -0.00549903 -0.0172178 0.00189108 -0.00152391 0.00243782 0.0106113 0.000691578 0.00356926 -0.00304865 -0.00735787 0.00509542 -0.000485415 0.00684134 0.0101907 0.000811256 0.00812083 0.0232321 0.00842388 0.0180304 0.0507367 -0.0113485 -0.0079702 -0.0137332 -0.00368787 -0.00805038 -0.0094548 -0.00629303 -0.00155398
internal_weight=57217.8 13493.2 11117.1 2376.12 43724.6 14407.1 10259.1 3366.35 1884.88 29317.5 5493.95 4013.77 23823.6 5677.03 18146.5 11666.5 6479.99 3693.49 1481.47 1721.69 973.192 247.068 1860.58 1662.79 1363.03 3306.5 9395.4 8444.12 6421.81 6892.79
internal_count=297417 112293 90917 21376 185124 63946 44591 13908 7397 121178 23382 17668 97796 24555 73241 47686 25555 15923 6511 11641 6325 1509 15143 13591 11091 14669 79276 72282 54903 30683
is_linear=0
shrinkage=0.1


Tree=121
num_leaves=31
num_cat=0
split_feature=4 0 16 2 1 4 8 18 1 3 8 12 4 15 4 5 8 2 15 16 7 2 0 15 12 17 7 0 7 5
split_gain=18.8018 17.5962 17.9384 17.343 24.5183 19.309 17.576 13.9325 13.8904 19.7918 14.9572 13.2257 12.4389 11.91 11.2116 11.0033 10.4937 10.0968 9.49292 9.35009 10.1836 8.76667 8.7635 9.55864 8.2219 6.85421 11.1421 7.42748 6.95892 6.34998
threshold=0.016403344406549229 -0.018938532999283272 1.0000000180025095e-35 0.041443121073101226 0.0020742008466814181 -0.0016017847220097801 2.3884422435430768 1.0000000180025095e-35 -0.016870073230448309 -0.027901448875882192 -0.33683435918402677 0.032220730514334703 0.0040290874754549408 0.54685913261690822 -0.010685921631843119 0.030233054308881905 -0.27878471386920817 0.073659687325079673 0.31195444354086865 1.0000000180025095e-35 -0.028244702936455254 -0.030236476401259701 -0.049764999412854831 0.044951363662962117 0.16846548568996492 1.0000000180025095e-35 0.17464608305549936 -0.01032650012063163 -0.10715765824288669 -0.1009459867116043
decision_type=2 2 2 2 2 2 2 2 2 2 2 2 2 2 2 2 2 2 2 2 2 2 2 2 2 2 2 2 2 2
left_child=1 12 3 4 13 15 -7 -6 14 10 -10 -11 18 -3 -4 -5 24 -16 22 -20 -21 -18 -1 -24 -14 29 27 -27 -29 -2
right_child=25 2 8 5 7 6 -8 -9 9 11 -12 -13 16 -15 17 -17 21 -19 19 20 -22 -23 23 -25 -26 26 -28 28 -30 -31
leaf_value=-0.009512527093380593 -0.049288003598490317 0.0037172346585568738 0.025480388013002783 -0.013416432595952469 0.0053848278172878485 0.0029711553223256302 -0.023783955272828096 0.013239014870283176 -0.0098989944041180389 0.0099015141372636433 -0.03529378930334863 -0.003927051469396624 0.0032980349865225481 -0.0018442589295169524 0.0010646596334359156 -0.0018956373831721764 -0.044655481659959105 0.050022213617288286 -0.025478697859583427 0.048511253384541139 -0.022433439149696584 -0.015667018129021881 0.0088552093014473143 -0.0014534144805702478 -0.031076700691663524 0.060620498113266467 -0.026787615186854564 0.038662736330610396 0.0011210693070175376 -0.0087514035635044857
leaf_weight=1022.4370721429586 39.27127643674612 9221.3799496330321 225.37338360399008 1504.1727619618177 8696.6445799469948 7242.8259467855096 254.14670395851135 3050.8314098641276 1163.4813262447715 818.64218346774578 289.67849526554346 4457.2375826388597 400.86837922036648 6611.3427863493562 2114.0834168121219 1846.9186743572354 137.71740172058344 42.981709152460098 296.82368580251932 40.269155710935593 40.664711907505989 430.24173244088888 1113.7667011022568 4675.2794500738382 84.195904210209846 28.245189137756824 96.216126598417759 59.196920327842236 297.61535153537989 2417.810992307961
leaf_count=6105 231 46268 1116 7623 43233 35405 1348 15044 5907 4234 1532 22153 2118 33349 10663 9339 726 232 1714 231 211 2209 5964 24489 455 161 503 326 1599 12929
internal_value=0.000534738 0.000945425 0.00168496 0.00263083 0.00396317 -0.00075652 0.00206416 0.00742457 -0.00230432 -0.00462758 -0.0149613 -0.00178132 -0.00332005 0.0013949 0.00425758 -0.00706687 -0.0134706 0.00204019 -0.00183328 -0.0172635 0.0128655 -0.0226961 -0.000977532 0.000529883 -0.00266862 -0.00726176 0.00365114 0.011257 0.00734942 -0.0093993
internal_weight=58720.4 55782 47539.7 38428.3 27580.2 10848.1 7496.97 11747.5 9111.48 6729.04 1453.16 5275.88 8242.26 15832.7 2382.44 3351.09 1053.02 2157.07 7189.24 377.758 80.9339 567.959 6811.48 5789.05 485.064 2938.36 481.274 385.057 356.812 2457.08
internal_count=297417 281668 237446 191609 137894 53715 36753 58277 45837 33826 7439 26387 44222 79617 12011 16962 5508 10895 38714 2156 442 2935 36558 30453 2573 15749 2589 2086 1925 13160
is_linear=0
shrinkage=0.1


Tree=122
num_leaves=31
num_cat=0
split_feature=11 11 3 8 7 4 19 10 9 4 9 12 10 9 15 4 15 14 13 11 11 10 10 17 6 16 13 10 7 13
split_gain=78.308 25.2188 17.1333 16.2235 15.7491 17.2198 12.6746 11.3119 10.9242 12.0385 10.5054 13.0264 11.6736 14.1735 10.2077 10.0402 10.0385 11.0007 9.96043 10.0022 9.70901 9.5379 9.28848 8.93331 8.80338 8.96389 9.21714 8.71815 8.6797 12.7983
threshold=0.019299484093833922 0.030912807076674337 0.056689906602472646 0.081057435858055124 0.03533247728016143 -0.0094645418174226208 1.0000000180025095e-35 0.35666476180273021 0.27849027485688532 0.0096462455217567484 0.55183416485123915 0.18452942165999206 0.42541056714538955 0.33482683324506474 0.9825210064284734 -0.013524355331282488 0.23280780882160976 0.89579830755436018 0.32647205287723219 0.010842283545387911 0.025155626670288814 0.48463163343710364 0.25195138821694635 1.0000000180025095e-35 0.046453167181824136 1.0000000180025095e-35 -0.044261703962624258 0.23377977674637176 0.12659230591191542 -0.62952693969664753
decision_type=2 2 2 2 2 2 2 2 2 2 2 2 2 2 2 2 2 2 2 2 2 2 2 2 2 2 2 2 2 2
left_child=2 10 4 24 5 23 28 -3 9 22 12 21 13 -2 15 -9 -13 -18 19 -7 -14 -12 -6 -1 25 -4 -27 -25 29 -5
right_child=1 7 3 6 8 18 -8 14 -10 -11 11 16 20 -15 -16 -17 17 -19 -20 -21 -22 -23 -24 27 -26 26 -28 -29 -30 -31
leaf_value=-0.0031454487310161603 -0.0064156351440660944 0.018218781701803684 0.02454999598770179 -0.036579371376732346 -0.0017031516005099113 0.0079884456258268576 0.01371653274463424 -0.020525320174920481 0.0047965068431575384 -0.028739348677135231 0.010268615743093255 -0.0058196328867252903 -0.0037251572197401816 0.00096406553072289061 -0.027877779950677223 -0.0082286885993027841 0.032272750162333767 -0.013529687486510048 0.01366578914352176 0.0019832241753273763 -0.012621861775639662 -0.0071041745010851434 -0.012937181573374071 0.0019214772317644856 -0.0075795529881577343 0.017160074006154036 0.09101031010858962 -0.031847626430288815 -0.0027053407895266612 0.0064018040388180847
leaf_weight=1030.5467773452401 4326.3958564847708 128.20038538426161 231.20708912611008 70.218449756503105 3110.8600206151605 3427.9996197223663 1625.4668560400605 817.30882177874446 1331.4504601582885 213.1604588329792 482.28627202659845 140.95693146437407 2650.5272397100925 6531.7065059170127 368.06005550175905 3539.9962383136153 339.53559175133705 62.015324965119362 944.45310509204865 14528.083711147308 2283.3540278896689 916.66963223367929 964.08307020366192 110.40353222191334 60.346321955323219 26.296767771244049 47.296219632029533 248.60000570118427 1543.677890971303 5171.9150311201811
leaf_count=5080 23056 789 1031 312 13581 14280 7752 6274 6580 966 2874 900 15326 36698 2761 25411 2005 355 4332 68455 14599 5997 4512 492 281 119 225 1194 7381 23799
internal_value=-0.000121585 -0.0047038 0.00286228 0.00668097 0.00156877 0.00286627 0.00578517 -0.0110908 -0.00311601 -0.00557283 -0.0029557 0.00398597 -0.00380911 -0.00197637 -0.011886 -0.0105352 0.0171396 0.025199 0.00365617 0.00312968 -0.00784247 -0.00111495 -0.00436099 -0.00787788 0.0273163 0.0342252 0.0646216 -0.0214627 0.00388529 0.00582607
internal_weight=57273.1 22587 34686.1 8776.42 25909.6 20290.1 8411.28 4853.57 5619.55 4288.1 17733.4 1941.46 15792 10858.1 4725.37 4357.31 542.508 401.551 18900.5 17956.1 4933.88 1398.96 4074.94 1389.55 365.146 304.8 73.593 359.004 6785.81 5242.13
internal_count=297417 137045 160372 40900 119472 93833 39244 35235 25639 19059 101810 12131 89679 59754 34446 31685 3260 2360 87067 82735 29925 8871 18093 6766 1656 1375 344 1686 31492 24111
is_linear=0
shrinkage=0.1


Tree=123
num_leaves=31
num_cat=0
split_feature=11 11 13 1 10 9 14 13 11 4 3 4 7 15 0 0 3 17 7 18 4 4 8 14 4 19 20 9 4 7
split_gain=38.2349 13.7522 11.8352 23.3946 12.1926 12.0325 14.7755 10.1663 18.0243 13.9889 11.7338 10.2094 14.2512 9.59263 13.3335 13.3084 9.22067 8.30793 11.7613 8.11987 16.5171 15.4316 19.4824 10.3924 8.84715 12.7625 10.943 8.10354 9.06239 8.01515
threshold=0.019299484093833922 0.040812358544193246 -0.36043481640292557 -0.0044603849076727533 0.69555007409325897 0.11701558563208529 0.66588321786822557 0.048705462513997155 0.013111929027842405 0.0065394216070906461 0.086237872910450722 0.016403344406549229 -0.053191698912188327 0.38340048497319285 -0.013474932280729044 -0.034059908505445817 0.12447937206945305 1.0000000180025095e-35 0.06536231109413794 1.0000000180025095e-35 0.00060711580205685689 0.032641961516666658 -0.20816969982078956 0.27040638554271251 -0.0065266015561198367 1.0000000180025095e-35 1.0000000180025095e-35 0.14974741262225771 -0.0028805104646678621 -0.018769003338460207
decision_type=2 2 2 2 2 2 2 2 2 2 2 2 2 2 2 2 2 2 2 2 2 2 2 2 2 2 2 2 2 2
left_child=2 19 3 4 5 6 -1 9 10 13 29 -11 -13 15 -15 -4 -7 -10 -19 24 23 -22 -23 -21 25 26 -2 28 -5 -9
right_child=1 -3 7 27 -6 16 -8 8 17 11 -12 12 -14 14 -16 -17 -18 18 -20 20 21 22 -24 -25 -26 -27 -28 -29 -30 -31
leaf_value=0.086331336544411885 -0.012110575203882907 -0.011686467883964595 0.018998274524859131 0.019330126317938068 0.083383247318495932 0.012912966372428936 -0.005783930891360485 0.0044631078711534012 0.003359790750941677 -0.0082629711699902537 -0.010894220441411367 0.050677733104342898 -4.325163553345392e-06 0.025210861394623925 0.0028847914507993239 -0.002446795125114502 0.057418874665302357 -0.0099986389289745351 0.010239793204354556 0.01061135503454508 -0.012807099007737086 0.080605227206270239 -0.0036356276120150925 -0.0039097385726207792 4.6006612179181499e-05 0.002959615383372095 -0.00010775135053312476 0.0039951448717935141 -0.024357983468760686 0.015867122056652694
leaf_weight=52.053830340504646 2324.056616127491 1611.7483036741614 303.66326020658016 60.837936855852604 28.905121199786663 1038.059141792357 26.166591070592403 885.82365825027227 5655.8213395476341 2490.726214542985 233.6502261608839 69.007403776049614 283.04693089425564 274.88904199004173 9947.9167224988341 6153.3013081029058 48.736358933150768 1149.2279401421547 382.78708299994469 697.21512842178345 2546.3744925633073 40.055125884711742 87.261780746281147 1681.4420379027724 14318.295862704515 1461.9955603629351 1128.3581721261144 1361.1317144557834 216.25769528374076 2025.6051356643438
leaf_count=260 12034 10554 1377 304 150 4938 125 4355 27623 12172 1243 316 1298 1259 49274 30054 250 5453 1837 3652 13283 226 454 8849 74434 7631 5928 6692 1167 10225
internal_value=0.000128787 -0.00274138 0.00240268 0.00858072 0.019227 0.0176352 0.0555166 0.00181662 0.00435307 0.000474128 0.010667 -0.00600992 0.00993004 0.00157922 0.00348513 -0.00143826 0.0149088 0.00159037 -0.00494189 -0.00214772 -0.00571534 -0.0111083 0.0228674 0.000346581 -0.00121052 -0.00487145 -0.00818767 0.000821816 -0.014766 0.0123974
internal_weight=58584.4 25896.8 32687.6 2832.15 1193.92 1165.02 78.2204 29855.5 10332.9 19522.6 3145.08 2842.78 352.054 16679.8 10222.8 6456.96 1086.8 7187.84 1532.02 24285.1 5052.35 2673.69 127.317 2378.66 19232.7 4914.41 3452.41 1638.23 277.096 2911.43
internal_count=297417 137045 160372 13886 5723 5573 385 146486 50736 95750 15823 13786 1614 81964 50533 31431 5188 34913 7290 126491 26464 13963 680 12501 100027 25593 17962 8163 1471 14580
is_linear=0
shrinkage=0.1


Tree=124
num_leaves=31
num_cat=0
split_feature=11 3 2 0 1 16 3 8 7 16 13 1 7 3 13 11 1 18 8 3 3 8 15 18 0 14 12 16 14 1
split_gain=112.964 35.9117 47.224 60.0698 45.484 44.6155 42.8578 37.6691 26.0872 25.5433 32.0797 23.0599 22.369 26.5709 22.0793 27.3504 22.4215 21.5771 30.1608 23.8558 23.2255 33.578 21.0616 16.851 19.3725 16.0031 15.6259 15.0241 22.2827 17.8659
threshold=0.013244819933480421 -0.18650124962610479 -0.074188565789781377 -0.030968344364866947 -0.031653442488329901 1.0000000180025095e-35 0.018932877126099926 0.95208462547004158 -0.043824060375504396 1.0000000180025095e-35 -0.16549751272263022 -0.15545240214495834 -0.038424000111321903 -0.10378412780080336 -0.46053046328635167 0.010440678944405446 -0.022847822599594721 1.0000000180025095e-35 -1.6320384157967405 -0.23849488598251731 -0.27498950731864341 -2.0199563560942573 0.024840553319420724 1.0000000180025095e-35 0.0071528926260091561 0.99000672721233218 0.050494746445504134 1.0000000180025095e-35 0.11436260964247345 0.027463547686173543
decision_type=2 2 2 2 2 2 2 2 2 2 2 2 2 2 2 2 2 2 2 2 2 2 2 2 2 2 2 2 2 2
left_child=14 17 3 8 9 7 -7 -6 22 10 -4 -10 -5 -14 23 16 -16 18 20 -20 21 -2 -3 24 -1 27 -11 29 -29 -17
right_child=1 2 4 12 5 6 -8 -9 11 26 -12 -13 13 -15 15 25 -18 -19 19 -21 -22 -23 -24 -25 -26 -27 -28 28 -30 -31
leaf_value=-0.022712599636892362 0.013568118004341857 -0.01876329906329198 0.022723956259954634 -0.018133460805558176 -0.0036054976278830815 0.017091258836981208 0.00089990100994383258 0.0052108048834536456 0.086964290956008772 0.017856741816867354 0.006876342174804261 0.019740685327123191 0.029048495394869207 -0.0086020609823002168 0.008469714450023055 -0.012301493012251309 -0.035683891886810107 -0.0051164088078602694 0.075311390470936268 0.024836561383597956 -0.00051643235086469108 0.071319196238902441 0.011520306844070459 0.032158787766208279 0.042384575583139877 0.069619481017504606 -0.0084790265268998057 0.046767142714829762 -0.0062592982099716355 -0.032688451107009041
leaf_weight=205.07686383835971 828.7776225283742 382.20968824625015 1803.7451217472553 3092.173760920763 21409.696707814932 2741.2875728979707 4050.1278124824166 6264.323742389679 56.455943048000336 280.12417985498905 4376.7277300134301 530.80792529135942 214.43040950596333 1489.1731358617544 131.36725359410048 2541.3590318523347 923.60190994292498 668.62158361822367 111.45472328364849 585.69085937738419 1167.0234853997827 114.59932306408882 575.37995848059654 170.14038005843759 58.829419251531363 23.854985080659389 1151.0728089809418 88.983537260442972 724.24038248509169 517.3594327121973
leaf_count=1740 2452 1253 7302 13784 110785 13324 18609 25624 148 1463 19307 1740 810 6018 1790 25936 14537 2324 393 2162 4000 361 2089 804 461 211 4683 801 6878 5628
internal_value=-0.000220385 0.00121016 0.000505287 -0.00753989 0.00171762 0.00017253 0.00743538 -0.00160983 0.00960946 0.00871376 0.0115014 0.0262032 -0.0130642 -0.00386303 -0.0140066 -0.0159026 -0.0301858 0.0110279 0.0148727 0.0329061 0.00891556 0.0205836 -0.000567008 0.00761932 -0.00820128 -0.0120348 -0.0033244 -0.0125379 -0.000457107 -0.0157498
internal_weight=57278.7 51893.9 48417.7 6340.63 42077.1 34465.4 6791.42 27674 1544.85 7611.67 6180.47 587.264 4795.78 1703.6 5384.81 4950.77 1054.97 3476.17 2807.55 697.146 2110.4 943.377 957.59 434.047 263.906 3895.8 1431.2 3871.94 813.224 3058.72
internal_count=297417 238631 226939 25842 201097 168342 31933 136409 5230 32755 26609 1888 20612 6828 58786 55781 16327 11692 9368 2555 6813 2813 3342 3005 2201 39454 6146 39243 7679 31564
is_linear=0
shrinkage=0.1


Tree=125
num_leaves=31
num_cat=0
split_feature=11 11 12 9 16 12 4 8 6 17 4 8 7 7 2 15 7 4 17 10 9 7 10 4 18 4 10 4 0 0
split_gain=107.645 41.5377 34.4853 27.477 19.4823 18.9047 18.4842 20.8927 17.9326 20.7196 45.7027 17.7253 20.9021 19.6679 17.0874 16.9546 16.8949 16.7961 32.112 16.5003 16.254 19.173 18.2561 15.9008 15.1234 58.4506 27.3477 25.9232 22.6714 19.7576
threshold=0.019299484093833922 0.012977434251688994 0.019299566535988261 0.23803181623763769 1.0000000180025095e-35 0.053795087832405233 0.0030556101745267132 -1.0418092699994876 0.028059112901076658 1.0000000180025095e-35 0.0034492078769425842 0.87564574590190702 -0.089236576616470539 0.33891583618910087 0.24388808479880444 0.68055090425747988 0.13394975243546772 -0.0165321369405067 1.0000000180025095e-35 0.21539097771181984 0.14545064042864483 0.016370364450336908 0.19862384611556419 -0.036455710255276046 1.0000000180025095e-35 0.0048431003243250012 0.73443471160036333 -0.020865001061538987 0.053634785086693094 -0.0012680079079609994
decision_type=2 2 2 2 2 2 2 2 2 2 2 2 2 2 2 2 2 2 2 2 2 2 2 2 2 2 2 2 2 2
left_child=1 2 -1 17 6 -6 7 -5 9 15 -11 24 -13 14 -14 -4 -10 18 -3 -8 21 -19 -22 -15 -2 26 29 -28 -27 -26
right_child=11 3 8 4 5 -7 19 -9 16 10 -12 12 13 23 -16 -17 -18 20 -20 -21 22 -23 -24 -25 25 28 27 -29 -30 -31
leaf_value=-0.044302622492538427 0.003105721093006521 -0.0032417442380678913 -0.0084607241016975265 0.0078701917268033193 0.013232414110376196 -0.0058476393343416264 -0.045517630692153567 -0.013985252706529339 -0.027748957625367096 -0.0077909506474691127 0.045680187753030475 0.042338896415400444 -0.0027666890190886635 0.064633879584723164 -0.037695089541696244 -0.027199798506098799 0.016159618117075458 6.4478024857805174e-05 0.11504381909331114 -0.0011874966841324316 -0.013451924298465964 0.043765858880359353 0.0026457156374562994 0.0080797148450078224 -0.007810882603945718 0.025868072874252482 0.074040748364847073 0.012894359874848044 -0.013698571356864498 0.0076887907353518879
leaf_weight=344.77021599560976 21619.63427144289 57.784167803823948 2253.6325743086636 479.81540647149086 894.96295418590307 1237.1127627640963 86.342198461294174 4947.4566669687629 898.99535808339715 661.89667288959026 210.73979333788157 110.15264791250229 6976.3198863044381 52.084181040525436 142.93111352622509 614.47260941192508 97.09550760500133 210.8587333932519 38.07339745759964 3048.6376874744892 842.90639509260654 191.62902557849884 4290.5856650769711 1093.1235970109701 1982.881613381207 1833.39837384969 87.735436260700226 330.57757288217545 157.23673097789288 1405.2476071864367
leaf_count=4567 84744 393 24370 2741 5541 7205 729 31928 9325 6705 1663 377 25822 118 443 6634 915 1533 190 18141 7447 1274 29371 3159 7918 6847 195 1009 537 5803
internal_value=-0.000263082 -0.00587233 -0.0137678 -0.00341483 -0.00639191 0.00216143 -0.00852177 -0.0120531 -0.0115453 -0.00837028 0.00512221 0.00309196 -0.000934591 -0.00151136 -0.00346794 -0.0124754 -0.0234689 0.00223837 0.0437398 -0.00240842 0.00151976 0.0208712 2.52393e-06 0.0106518 0.0043219 0.00885752 0.00159603 0.025719 0.0227428 -0.0013823
internal_weight=57199.1 21407.8 5081.6 16326.2 10694.3 2132.08 8562.25 5427.27 4736.83 3740.74 872.636 35791.3 8374.61 8264.46 7119.25 2868.11 996.091 5631.84 95.8576 3134.98 5535.98 402.488 5133.49 1145.21 27416.7 5797.08 3806.44 418.313 1990.64 3388.13
internal_count=297644 160672 54179 106493 66285 12746 53539 34669 49612 39372 8368 136972 29919 29542 26265 31004 10240 40208 583 18870 39625 2807 36818 3277 107053 22309 14925 1204 7384 13721
is_linear=0
shrinkage=0.1


Tree=126
num_leaves=31
num_cat=0
split_feature=11 3 8 6 19 8 3 19 4 1 2 2 10 8 11 3 8 6 20 15 19 13 17 3 14 5 17 4 1 15
split_gain=22.1671 17.1448 38.9332 36.9559 17.36 30.7652 22.9449 14.7421 24.597 13.6256 12.848 12.8148 11.9167 12.6557 12.2846 11.5971 23.734 32.2082 18.9511 19.2096 14.7151 10.9611 10.7257 10.0701 9.81352 9.43016 9.28758 12.1566 8.75321 8.64799
threshold=0.02669331335161634 0.0069930484649378686 0.014506357725265122 -0.0027918200591038884 1.0000000180025095e-35 0.41849828713972442 0.071000976069282032 1.0000000180025095e-35 0.0035237273648596194 -0.041441173420051484 0.0062465918467327084 -0.060812489269639773 0.14427930618163662 0.26426351856303631 0.011882355037247208 -0.03100589995581848 -0.25416507183965714 -0.050891925541884368 1.0000000180025095e-35 0.13284134336218659 1.0000000180025095e-35 0.20741917015783004 1.0000000180025095e-35 -0.056335676827193197 0.9597450474660042 0.004336394578389525 1.0000000180025095e-35 -0.001323516170326444 -0.0017019880614272951 0.31195444354086865
decision_type=2 2 2 2 2 2 2 2 2 2 2 2 2 2 2 2 2 2 2 2 2 2 2 2 2 2 2 2 2 2
left_child=1 2 15 7 12 9 25 11 -9 29 -11 -4 13 14 -3 16 23 -18 20 -20 -17 -15 -5 -1 -2 -7 -14 -28 -8 -6
right_child=24 4 3 22 5 6 28 8 -10 10 -12 -13 26 21 -16 18 17 -19 19 -21 -22 -23 -24 -25 -26 -27 27 -29 -30 -31
leaf_value=-0.0017183534356674177 -0.0032675959129995131 -0.0025093422371957573 0.027457732985346362 -0.033972778262149471 0.0093108864559120746 -0.034288184530901301 -0.0079874347135152068 -0.0043310038574341115 -0.069896225950473179 0.027668973406583027 0.012342880417848767 -0.0021201768584888561 0.0023812882501623861 0.049320914084313182 0.078115165257150676 -0.0016929238474436309 0.022202499374541305 -0.02124214061672311 -0.019172432856762706 0.018763255375301928 0.010564064811611871 -0.026507298958262999 -0.007722085529822344 0.0047245844464292239 -0.01677179983944143 -0.0064189346325673295 -0.0091966719577685936 0.0011104783028287471 0.0080928876328715867 -0.037407119404395554
leaf_weight=8702.3231460228562 10143.78323238343 232.94546607881784 176.51395388692617 747.95709066092968 82.632348261773586 228.83353260904551 430.05935331434011 202.39418243616819 79.769724354147911 793.30716370791197 1761.5810183063149 860.86392614990473 15081.114090096205 146.05622959136963 20.567071005702019 4183.710403457284 203.13383939117193 1066.9600214287639 150.47812227159739 1181.7965544611216 1278.8926752209663 21.924619898200035 196.54880478233099 3363.4602036997676 568.27662529796362 258.64547313004732 1789.5033594928682 3173.6527011431754 1590.2823096141219 76.126047700643539
leaf_count=44013 55111 1274 870 3843 417 1119 2095 1093 374 3727 8256 4589 73445 752 106 21203 1075 5593 742 5806 6266 116 1057 16812 3318 1235 9434 16200 7351 352
internal_value=0.000129796 0.0010463 -0.000976068 -0.013409 0.00280945 0.00795621 -2.85546e-05 -0.00259991 -0.0228668 0.0153353 0.0171017 0.00291262 0.00149634 0.0181368 0.0040316 0.000422228 -0.00129104 -0.0142938 0.00378475 0.0144785 0.00117666 0.0394239 -0.0285101 7.76812e-05 -0.003984 -0.0195014 0.00114643 -0.00260584 0.00466996 -0.0130908
internal_weight=58794.1 48082 22394.8 2264.05 25687.2 5221.47 2507.82 1319.54 282.164 2713.65 2554.89 1037.38 20465.8 421.493 253.513 20130.8 13335.9 1270.09 6794.88 1332.27 5462.6 167.981 944.506 12065.8 10712.1 487.479 20044.3 4963.16 2020.34 158.758
internal_count=297644 239215 113336 11826 125879 24552 11800 6926 1467 12752 11983 5459 101327 2248 1380 101510 67493 6668 34017 6548 27469 868 4900 60825 58429 2354 99079 25634 9446 769
is_linear=0
shrinkage=0.1


Tree=127
num_leaves=31
num_cat=0
split_feature=11 11 11 7 13 1 17 4 1 5 7 9 4 1 4 9 10 14 10 9 14 4 11 15 7 9 15 14 9 15
split_gain=74.7356 20.796 18.3373 16.0994 16.0298 14.5451 13.2546 18.4518 11.8619 12.2975 10.7403 10.6707 10.4244 10.4136 10.34 12.5514 11.5803 11.8595 9.73849 10.7238 9.21702 9.02203 8.5739 8.40419 8.2655 8.22623 8.02276 7.52571 9.01733 7.51171
threshold=0.020977633906524986 0.035092706489029464 0.009184399634467039 0.11759568390503007 0.20281728789209713 -0.023919856884465625 1.0000000180025095e-35 0.011540200991565943 -0.0080679676579651343 0.0026410440672790529 -0.013261373703481847 0.12074491249042593 0.012834420241843116 0.049162686593969836 -0.036455710255276046 0.62356355567131938 0.48103751066369632 0.16649884387071187 0.44614737419451217 0.4292650287537631 0.82924367818585465 0.029382727285699465 0.010545993514001149 0.24840553319420722 0.10965064846518692 0.12387611204864847 0.83999998192217873 0.030211483766863039 0.24430044010440022 0.26049012670095245
decision_type=2 2 2 2 2 2 2 2 2 2 2 2 2 2 2 2 2 2 2 2 2 2 2 2 2 2 2 2 2 2
left_child=2 14 3 8 5 6 7 -4 25 -10 13 26 -8 22 -2 18 24 -18 19 -16 -3 -13 -6 -11 -17 -1 -7 28 -12 -27
right_child=1 20 4 -5 10 11 12 -9 9 23 27 21 -14 -15 15 16 17 -19 -20 -21 -22 -23 -24 -25 -26 29 -28 -29 -30 -31
leaf_value=-0.015967139048677251 -0.029746560757862851 -0.01068068145575256 0.00038007248493361346 0.078525144581664916 0.043003475728694229 -0.011529045837066498 -0.013936585039491287 -0.028469476278905437 0.02938296688845517 0.047278391249396381 0.010172181977393661 0.0026046388207114049 0.047497847528507484 0.066016293654763594 -0.0049724431483726891 0.025926829440865176 0.027383641916170327 -0.00045957339922922678 -0.0081779345400321852 0.0026668188384386597 -0.02571606095919908 -0.025388550826173629 0.010578291542264563 0.0052524007064152552 0.10670554527672033 -0.016645137268758006 0.033320886546578173 0.0046121769990838104 -0.042861556273872663 0.018239581664838047
leaf_weight=222.51773318648338 153.96960854530334 2261.9440632648766 4751.7901552990079 36.068029299378395 85.539688959717751 766.28309624642134 1208.3084204867482 232.54768884181976 461.45864936709404 51.362488925457001 56.550465434789658 25193.613675050437 28.266319528222084 36.524979546666145 6012.6460294872522 63.045080624520779 173.46967586874962 1294.9509312212467 5007.684939019382 2646.3546332642436 497.37214782461524 115.66152555495501 1747.5303825885057 646.80335994064808 15.85204868763685 83.686075747013092 42.074064254760742 3099.8431161344051 74.033126428723335 235.2274798899889
leaf_count=907 1021 17094 23419 168 363 3240 5770 1207 1917 217 267 118428 150 187 33603 387 1172 8612 32150 15501 3996 598 8334 2635 105 342 185 14356 345 968
internal_value=-8.83972e-05 -0.00539745 0.0023682 0.0124121 0.00190217 0.00108043 -0.00326505 -0.000965923 0.0110103 0.0167163 0.00711266 0.00211548 -0.0125323 0.0131449 -0.00396224 -0.0037013 0.00483493 0.00282964 -0.00466775 -0.00263774 -0.0133908 0.00247671 0.0120914 0.00834416 0.0421569 -0.00121066 -0.00919466 0.00362153 -0.0198948 0.00908549
internal_weight=57303 18127.3 39175.7 1737.12 37438.6 32338.5 6220.91 4984.34 1701.06 1159.62 5100.02 26117.6 1236.57 1869.6 15368 15214 1547.32 1468.42 13666.7 8659 2759.32 25309.3 1833.07 698.166 78.8971 541.431 808.357 3230.43 130.584 318.914
internal_count=297644 113641 184003 7154 176849 152997 30546 24626 6986 4769 23852 122451 5920 8884 92551 91530 10276 9784 81254 49104 21090 119026 8697 2852 492 2217 3425 14968 612 1310
is_linear=0
shrinkage=0.1


Tree=128
num_leaves=31
num_cat=0
split_feature=11 19 4 20 12 13 1 2 11 5 8 0 0 15 4 17 5 4 2 14 15 0 0 1 17 10 1 0 15 15
split_gain=28.5773 12.1623 15.9075 11.0745 13.8517 9.99538 13.6553 18.2998 11.0143 11.6835 12.8155 10.3416 8.74731 48.8657 18.5021 13.4138 13.3159 12.8129 14.9416 12.0371 10.9857 22.8741 13.1953 9.41771 8.61414 8.09165 7.84468 7.8061 17.1932 7.90927
threshold=0.022479546772528065 1.0000000180025095e-35 -0.011973399062860322 1.0000000180025095e-35 0.11036763829054015 -0.38112144522095981 0.0012928601845143552 0.054892213416811726 0.0112192716923571 -0.02343898656813231 1.0000000180025095e-35 0.024109257937961152 -0.018938532999283272 0.23683330407500938 0.0062950681324878141 1.0000000180025095e-35 -0.017922001080240332 -0.013072874785667715 0.0050739232326422199 0.51310484462837336 0.37924089310940912 -0.012217775749381319 0.012824081624933205 0.035444741905663608 1.0000000180025095e-35 0.28263658763050575 -0.03662004214014835 -0.031966024183264545 0.073129830436759274 0.16101981013598371
decision_type=2 2 2 2 2 2 2 2 2 2 2 2 2 2 2 2 2 2 2 2 2 2 2 2 2 2 2 2 2 2
left_child=5 2 3 -2 26 6 8 -8 9 -1 -11 -10 13 15 19 16 -7 18 24 -15 22 -22 -19 -17 -14 -20 -5 28 -3 -29
right_child=1 27 -4 4 -6 12 7 -9 11 10 -12 -13 17 14 -16 23 -18 20 25 -21 21 -23 -24 -25 -26 -27 -28 29 -30 -31
leaf_value=0.096569711237461053 -0.0173091035036218 0.00058054677670013046 -0.0032053914154035247 0.033901953499684251 -0.015448929949232866 0.0094937957120725062 -0.0059004688227413228 0.021049656256588094 0.0082062767464924271 0.0024423345764431051 0.045526446904755581 0.073819501730918557 -0.013868280667518138 0.038633180116786382 0.099797872284382846 -0.013099897242462872 -0.0044749777563380336 -0.002374868297920529 -0.012996582378830918 0.011687712116108334 0.023271966077379701 0.0015970651106074812 0.036632319914045419 0.043137907080705418 -0.041973525550090506 0.014266614107359464 -0.00057331648975055373 -0.013904389152925307 0.037832925052039071 0.001813451407358572
leaf_weight=24.791156515479088 1479.3444000519812 379.83078779280186 11849.866881251335 125.98305474966764 304.06440112739801 1698.1445275098085 1123.9796311073005 324.75521263480186 1219.6237911358476 132.38989685475826 144.28235877305269 24.504317671060562 361.30505566298962 347.45050925016403 35.575440779328346 754.95598918199539 1140.918977111578 9194.2481695413589 189.83820940554142 317.08398368954659 497.36434978246689 23115.814676165581 87.547627195715904 31.000274643301964 156.19822230935097 255.22245433926582 138.63104899227619 364.33516822010279 183.86774652451277 2639.6982279196382
leaf_count=114 8351 2213 64708 706 1791 7963 5633 1617 5826 671 713 127 1683 1629 178 3471 5422 45544 852 1492 2336 113914 470 157 698 1252 755 1916 1042 14400
internal_value=0.000114664 -0.00327487 -0.00461188 -0.0127499 -0.000889567 0.00155237 0.00711597 0.000140798 0.013654 0.0308033 0.0249104 0.00949859 0.00111606 0.00535086 0.0295374 0.000679635 0.00388024 0.000575089 -0.0107972 0.0257761 0.000907861 0.0020536 -0.00200695 -0.0108817 -0.0223513 0.00263765 0.0158404 0.0019334 0.0127316 -9.28397e-05
internal_weight=58642.6 17465.6 13897.9 2048.02 568.679 41177 2994.33 1448.73 1545.59 301.463 276.672 1244.13 38182.7 4325.13 700.11 3625.02 2839.06 33857.5 962.564 664.534 32895 23613.2 9281.8 785.956 517.503 445.061 264.614 3567.73 563.699 3004.03
internal_count=297644 95882 76311 11603 3252 201762 14701 7250 7451 1498 1384 5953 187061 20312 3299 17013 13385 166749 4485 3121 162264 116250 46014 3628 2381 2104 1461 19571 3255 16316
is_linear=0
shrinkage=0.1


Tree=129
num_leaves=31
num_cat=0
split_feature=11 0 0 18 15 0 4 18 13 18 2 17 1 1 11 5 5 13 12 17 4 0 2 9 18 1 15 17 19 5
split_gain=82.0427 31.7304 39.1602 60.4092 59.5311 73.9654 35.0097 31.3896 47.9677 30.0912 29.4655 29.9433 29.6208 27.5627 30.1314 29.6308 23.7625 21.6194 17.1431 15.5405 14.5995 26.5052 13.9592 15.0961 13.7089 13.8104 13.4222 44.4712 36.4307 22.2285
threshold=0.013111929027842405 0.036570959090822759 -0.015759331503288451 1.0000000180025095e-35 0.16101981013598371 -0.0059018788157469962 0.014472590030852219 1.0000000180025095e-35 -0.13977209201579519 1.0000000180025095e-35 -0.032530202518377564 1.0000000180025095e-35 -0.031653442488329901 -0.0080679676579651343 0.010095729651715556 0.0091506481539631607 -0.019200633721198731 -0.34215810956265791 0.04045267868002167 1.0000000180025095e-35 -0.0083833982385073096 0.0025924219818151966 0.044512749402271463 0.19796675501643066 1.0000000180025095e-35 -0.01594191842957415 0.93277310164797422 1.0000000180025095e-35 1.0000000180025095e-35 0.02402767630544245
decision_type=2 2 2 2 2 2 2 2 2 2 2 2 2 2 2 2 2 2 2 2 2 2 2 2 2 2 2 2 2 2
left_child=13 2 6 10 -5 -6 7 19 -9 16 11 -4 -12 15 -15 17 -8 24 -16 -2 21 -20 23 -19 -1 -26 27 28 29 -3
right_child=1 26 3 4 5 -7 9 8 -10 -11 12 -13 -14 14 18 -17 -18 22 20 -21 -22 -23 -24 -25 25 -27 -28 -29 -30 -31
leaf_value=0.0030501188573993903 0.0038637286294426997 0.062792993972150796 -0.00078684972167066621 -0.055610167283504319 0.013528965620611172 -0.012993335678712699 0.059626220772014543 0.034890057002899239 0.0050297971111650025 -0.016839724911392805 0.014459924083815828 -0.01518391884928706 0.0015761067357590195 -0.038309632517195796 -0.022292697489189696 0.15654013894580787 0.0090061450863460676 -0.0011826782863578447 0.0028105443946419345 -0.0053508226455070973 -0.0082773267030950923 0.14184868076749452 0.094570152727948609 -0.02178032157057257 0.069115559450725964 -0.0017177809753848164 0.0062875224271911698 -0.025347440193833632 -0.0088612153732253382 0.025408168565102598
leaf_weight=174.81079192832112 7432.4401210844517 258.43549610674381 5633.9940238371491 270.3200276196003 1311.6685902625322 5301.0796093344688 277.2372267767787 770.19989660382271 1784.2512459903955 106.63387341797352 1976.1791046112776 1942.7518809735775 18394.023628294468 579.37330768071115 1148.153757173568 11.67021659016609 139.34666069597006 931.12787937745452 54.899987854063511 2428.2427486553788 1410.0188413448632 18.274821139872074 13.112996261566876 575.88955946266651 85.494110807776451 40.594815224409103 3398.9594408124685 184.93990131467581 199.6859260648489 413.54619861394167
leaf_count=1480 29549 991 25708 1412 6605 27295 807 2992 7445 346 8446 9398 94474 9705 13668 92 460 11000 464 9875 13709 141 105 5546 399 215 11788 861 825 1843
internal_value=0.000100547 0.00127678 0.000523974 -0.0012211 -0.00961282 -0.00773252 0.00522172 0.00415385 0.014033 0.0305607 0.000845697 -0.0044784 0.00282601 -0.0120792 -0.0176645 -0.00229437 0.0426939 -0.00331227 -0.0131188 0.0015946 -0.00601717 0.0375342 -0.00815995 -0.00905383 0.0211779 0.0463105 0.00934768 0.0191918 0.0286416 0.0397859
internal_weight=57267.4 52223.9 47768.4 34830 6883.07 6612.75 12938.4 12415.1 2554.45 523.218 27946.9 7576.75 20370.2 5043.42 3210.72 1832.7 416.584 1821.03 2631.35 9860.68 1483.19 73.1748 1520.13 1507.02 300.9 126.089 4455.57 1056.61 871.668 671.982
internal_count=297644 241120 224812 173338 35312 33900 51474 49861 10437 1613 138026 35106 102920 56524 37687 18837 1267 18745 27982 39424 14314 605 16651 16546 2094 614 16308 4520 3659 2834
is_linear=0
shrinkage=0.1


Tree=130
num_leaves=31
num_cat=0
split_feature=11 11 14 15 14 15 4 9 10 13 3 10 11 13 17 9 9 7 7 1 9 9 14 4 0 4 0 13 14 3
split_gain=73.7469 34.5355 29.256 34.0439 20.6629 17.7604 21.1807 17.6214 28.6967 22.4873 17.6114 17.1047 20.6249 19.232 18.7341 15.8495 15.6861 15.4543 14.4186 16.8678 16.3475 14.2866 20.7648 12.7635 12.6797 38.6735 12.6723 12.6178 29.2208 19.3553
threshold=0.019624340580183742 0.010744510457786511 0.19872442655536579 0.82453779530121274 0.75235215478696027 0.065078839929960094 0.00047540901779608019 0.19395555052327049 0.22416877553275158 0.26179484631578659 0.096430676167291743 0.19862384611556419 0.0078654457755579811 0.10979408204529319 1.0000000180025095e-35 0.25416699925583591 0.37485277134188016 0.09915851380338471 -0.228557244433398 -0.028453147193807201 0.96303345466954904 0.21824717660888451 0.82163257697824454 -0.0071334239043470129 0.025258106371430781 -0.0042644004324070553 0.0083293757424540722 -0.12759462210260838 0.33008745140648876 0.063019936506838695
decision_type=2 2 2 2 2 2 2 2 2 2 2 2 2 2 2 2 2 2 2 2 2 2 2 2 2 2 2 2 2 2
left_child=1 11 3 5 27 6 -3 9 17 10 -4 12 -1 14 -14 -7 -10 -9 19 26 21 22 -20 -23 -5 -26 -6 28 -2 -30
right_child=4 2 7 24 18 15 -8 8 16 -11 -12 -13 13 -15 -16 -17 -18 -19 20 -21 -22 23 -24 -25 25 -27 -28 -29 29 -31
leaf_value=-0.066536390536058754 -0.0088846297831157422 -0.0042419599936817281 0.0099149700197664146 0.00093048050499882891 -0.015147964582936897 -0.010197647109421578 0.086132635828172807 -0.017267563872823109 2.7536501932577355e-05 -0.029273665109460525 -0.014976293934650525 -0.03587905878672689 -0.011170364051790092 -0.036799838309072304 0.022212993177143904 -0.024049252924764328 -0.011623846851616777 0.01263260727555713 0.12521532358684792 -0.061000949200282296 0.023485800036792678 0.013278292330870307 0.011560468989909738 0.0035588373710320007 0.17183495101374779 0.018926045628160811 0.054808608181285669 0.002913057033220133 -0.0016033224810867988 0.011213035932985976
leaf_weight=66.751459904015064 3416.4821258559823 87.674063496291637 2624.1590045057237 309.32487443834543 119.47084099054337 1983.7699563652277 36.824983939528465 1779.1574168093503 10153.291057694703 179.14066169410944 318.77982262521982 425.83009221963584 695.63094769231975 207.73190678097308 221.66853316128254 1415.496873266995 1303.8566024973989 191.46553190052509 24.745526693761349 64.454959854483604 627.91883882880211 1848.9653018340468 45.877760723233223 5017.6442586109042 18.336667962372303 168.85714115947485 33.05911485850811 18729.812859639525 3229.048286408186 1855.4220551252365
leaf_count=1120 14109 579 21558 2171 388 16186 208 16252 63389 1781 2429 5067 9398 2931 2559 9497 7179 1576 103 221 1620 6178 207 18518 100 1030 103 71787 12552 6809
internal_value=-9.68135e-05 -0.00460736 -0.003501 -0.0111527 0.00276153 -0.014607 0.0224895 -0.00164225 -0.00321567 0.00512486 0.00721874 -0.0186762 -0.0125295 -0.0093251 -0.00310316 -0.0159656 -0.00129842 -0.0143625 0.00730577 -0.0181102 0.00803476 0.00663622 0.0513837 0.00617599 0.013362 0.0339043 1.43185e-05 0.00146285 -0.00173233 0.00307362
internal_weight=57200.6 22187.7 20570.1 4020.28 35012.9 3523.77 124.499 16549.9 13427.8 3122.08 2942.94 1617.61 1191.78 1125.03 917.299 3399.27 11457.1 1970.62 7782.14 216.985 7565.15 6937.23 70.6233 6866.61 496.519 187.194 152.53 27230.8 8500.95 5084.47
internal_count=297605 165010 143935 29771 132595 26470 787 114164 88396 25768 23987 21075 16008 14888 11957 25683 70568 17828 27338 712 26626 25006 310 24696 3301 1130 491 105257 33470 19361
is_linear=0
shrinkage=0.1


Tree=131
num_leaves=31
num_cat=0
split_feature=10 3 2 8 8 6 9 1 19 0 15 10 8 9 3 15 5 11 11 3 8 11 12 9 12 9 12 6 10 0
split_gain=15.9721 16.0694 31.1001 19.8917 14.6174 20.1955 15.8857 12.9823 17.462 15.4964 16.8477 12.8346 12.6991 12.6816 14.0526 12.4363 12.547 10.8132 11.3289 9.18573 8.4912 11.1215 8.50055 8.3573 7.97778 7.72692 9.30171 9.23666 8.71547 8.86136
threshold=0.51699808759639254 0.0094766363788512126 0.032898068091903106 0.17880058310224384 1.0000000180025095e-35 -0.01352391805553793 0.19123544034800352 -0.017798001918386316 1.0000000180025095e-35 0.01362848235364811 0.73496815804082816 0.25308099283568025 0.095556845664201057 0.62356355567131938 -0.16802433091432498 0.754621821015106 0.061491349874512109 0.021747113704729336 0.013712926319132361 -0.026902809994346463 0.91411430195041188 0.015561853788378628 0.024558040138118721 0.55773892699219918 0.064282606593058816 0.41795915811427697 0.27667748396244579 0.15995048045833407 0.82188146017770403 0.079619522096536124
decision_type=2 2 2 2 2 2 2 2 2 2 2 2 2 2 2 2 2 2 2 2 2 2 2 2 2 2 2 2 2 2
left_child=1 2 4 -4 13 6 -6 20 15 12 -11 -5 -10 14 -1 16 -9 18 -2 -7 21 -3 -23 -17 -22 -19 28 -28 29 -27
right_child=17 7 3 11 5 19 -8 8 9 10 -12 -13 -14 -15 -16 23 -18 25 -20 -21 24 22 -24 -25 -26 26 27 -29 -30 -31
leaf_value=-0.0095160426234314911 -0.035359286481865794 -0.00935948954167992 -0.0091902400824750811 -0.080411321328328275 0.02573159179787924 -0.037398468623369693 -0.0035707040458076659 0.0031888271250520399 0.017230526495831282 0.033960740958878015 0.010747959988105148 -0.024834780048420796 0.0012644067231908297 0.027507634359249862 0.0015584542791102461 -0.0027848353009636267 0.019274795853767346 -0.013652199889128625 0.0091943164159917334 -0.012405566227571919 -0.032506766215843343 0.055290220628987766 0.0021546202663739931 0.019382845628321082 -0.0058246923581294421 -0.0036216191158328021 0.0068970785429149604 -0.020159878035842294 -0.01692630599938269 -0.033459625944906292
leaf_weight=1224.0373071879148 60.999076146632433 1078.0286983177066 2172.300859965384 61.803889833390713 236.8179694339633 169.36339015513659 845.7577158883214 11814.777275271714 640.17774075269699 432.28392361849546 1129.9798054620624 126.81328523904085 2245.7084104791284 180.14326752722263 17927.040570124984 4930.4434321820736 505.64513105154037 909.17289549857378 886.48411739617586 1116.4421261623502 168.49643964320421 30.482646927237511 2446.8233995065093 176.14490427076817 334.54806856065989 4924.9402387291193 1130.3815079331398 142.02252419292927 605.26879124343395 101.58456677943468
leaf_count=6392 360 5480 10787 318 1289 956 4387 58672 3000 1926 5259 654 10633 990 90535 24149 2496 4613 4439 5852 817 151 12061 928 1716 26970 6513 844 3838 580
internal_value=0.000175807 0.000866004 -0.000995305 -0.011895 0.000190581 -0.00722446 0.0028393 0.00259288 0.00355659 0.00914892 0.017171 -0.0430455 0.00480618 0.00109904 0.00085063 0.00212918 0.00384901 -0.00376282 0.00632595 -0.0156976 -0.00260162 -0.000881051 0.00280844 -0.00202019 -0.0147619 -0.00498623 -0.00384506 0.00387705 -0.00558973 -0.00422464
internal_weight=58754.9 49994.1 24060.5 2360.92 21699.6 2368.38 1082.58 25933.5 21875.2 4448.15 1562.26 188.617 2885.89 19331.2 19151.1 17427 12320.4 8760.85 947.483 1285.81 4058.38 3555.33 2477.31 5106.59 503.045 7813.37 6904.2 1272.4 5631.79 5026.52
internal_count=297605 249448 122160 11759 110401 12484 5676 127288 107063 20818 7185 972 13633 97917 96927 86245 61168 48157 4799 6808 20225 17692 12212 25077 2533 43358 38745 7357 31388 27550
is_linear=0
shrinkage=0.1


Tree=132
num_leaves=31
num_cat=0
split_feature=11 4 0 18 4 15 15 16 4 8 17 3 15 0 17 7 4 15 4 5 9 10 12 10 10 9 1 0 15 13
split_gain=53.4142 17.3443 15.2022 28.5862 24.2496 19.0533 15.2453 16.2766 15.3492 12.0984 11.1427 22.065 10.5452 11.778 10.3765 11.2111 9.22239 11.0871 8.50548 8.33363 8.06992 7.65633 11.8212 12.1215 12.1015 9.22567 9.69096 7.47547 11.9971 8.00042
threshold=0.02410091779322391 0.011540200991565943 -0.0036160234935498354 1.0000000180025095e-35 -0.010177196612847437 0.44709450585160887 0.63340059788369596 1.0000000180025095e-35 -0.0053699594206650927 0.11017083423760886 1.0000000180025095e-35 -0.018119827388719308 0.98591076661310162 -0.035220040732456541 1.0000000180025095e-35 -0.047225866029557521 0.0040290874754549408 0.21282311897990186 0.013203932391811614 -0.0048130809176445957 0.12716898450638664 0.87415012801056535 0.24932359156668996 0.59562729551883042 0.51699808759639254 1.2781522268868624 -0.064365261957189709 -0.0086002842600718648 0.60167789814778538 -0.014168989865714224
decision_type=2 2 2 2 2 2 2 2 2 2 2 2 2 2 2 2 2 2 2 2 2 2 2 2 2 2 2 2 2 2
left_child=1 2 6 4 19 -6 10 8 -8 -9 20 -12 13 -2 27 18 -5 -18 -16 -4 -1 22 23 -15 -24 -23 -27 -3 -29 -30
right_child=12 14 3 16 5 -7 7 9 -10 -11 11 -13 -14 21 15 -17 17 -19 -20 -21 -22 25 24 -25 -26 26 -28 28 29 -31
leaf_value=-0.012402222434750436 -0.014054675082162361 -0.027530937557333005 3.145920979992318e-05 0.012735287671900805 0.00895872199872229 0.00088760174886878124 0.042303089627192765 0.014311577648642999 -0.0012602853542110224 0.10649540300699577 -0.016178912719596244 8.3361985154618043e-05 -0.021238246315272546 -0.0029942512951199995 -0.0090808995432108408 -0.0019209522885707282 0.075896190601420929 0.0022079334020551375 0.049285162537214565 -0.021680739743169204 0.00081593726329034014 -0.020933062058011369 -0.019156422111809845 -0.012556998719790805 0.013260203640455185 -0.027643929667974011 0.033844697330251687 0.0045525854680089481 -0.020144598988025186 -0.0053568382265540022
leaf_weight=479.39580249786377 1453.905261054635 203.90514976531267 254.56980831921101 3636.0797018259764 3586.9326478168368 15845.597370140254 109.91885256767273 25.017962820827961 306.15624064207077 33.038091585040092 1328.7408565729856 2242.3293237015605 450.51825560629368 6978.0351264774799 34.774359963834286 376.05452841520309 20.717278644442558 1415.5272022113204 88.535052552819252 578.49091555923223 12639.676674172282 505.87628569453955 138.65789820253849 1636.3821538798511 679.56795538961887 40.743057176470757 69.107713848352432 592.50462681800127 690.06759907305241 778.69721460342407
leaf_count=2031 10551 1070 1344 17321 16764 74942 568 125 1444 170 6292 10692 3299 43875 181 1892 104 6818 484 2878 62041 3713 827 12063 4590 286 521 3121 3574 4024
internal_value=-0.000284225 0.00128578 0.001785 0.0033416 0.00166118 0.0023774 -0.00051284 0.0171693 0.0102483 0.0667708 -0.00101515 -0.00596758 -0.00623003 -0.0056422 -0.0063893 0.00665907 0.0100554 0.00327086 0.0328254 -0.0150458 0.000332921 -0.00442499 -0.00371974 -0.00481078 0.00776683 -0.015229 0.0110389 -0.00926585 -0.00745903 -0.0123045
internal_weight=57219.5 45266.7 42502.2 25337.9 20265.6 19432.5 17164.3 474.131 416.075 58.0561 16690.1 3571.07 11952.8 11502.3 2764.54 499.364 5072.32 1436.24 123.309 833.061 13119.1 10048.4 9432.64 8614.42 818.226 615.727 109.851 2265.17 2061.27 1468.76
internal_count=297605 217880 203534 120171 95928 91706 83363 2307 2012 295 81056 16984 79725 76426 14346 2557 24243 6922 665 4222 64072 65875 61355 55938 5417 4520 807 11789 10719 7598
is_linear=0
shrinkage=0.1


Tree=133
num_leaves=31
num_cat=0
split_feature=11 19 4 11 9 14 14 11 9 10 8 2 3 4 14 13 10 5 9 8 10 4 13 5 4 10 14 13 11 5
split_gain=28.5731 10.8586 15.0699 12.9449 11.1527 10.8293 9.81091 9.57023 18.4664 11.9296 15.954 11.916 11.3576 16.307 9.56293 18.3959 24.2999 13.7137 12.3502 25.4936 10.2686 10.1281 11.0011 10.0446 10.032 9.35994 9.40424 9.31593 12.7557 9.23712
threshold=0.020888055360552379 1.0000000180025095e-35 0.0060530747562119744 0.033424281850104792 0.34535881839568722 0.21860303267712081 0.78341174597461494 0.013244819933480421 0.2231522432819045 0.21658873563816428 0.28014959689898172 0.075003209488900616 -0.073648969536679751 -0.00089771855341225215 0.44642268790366629 -0.016480438169027108 0.19862384611556419 0.028679566485966371 0.18445680022531213 -0.38007259627289669 0.13190094806786273 0.011851083467159908 0.24022558506567027 -0.022933562398632919 -0.00029351942529043379 0.23017659357343329 0.23833503860525287 -0.2048810043964589 0.021355693918592242 -0.035983413057737661
decision_type=2 2 2 2 2 2 2 2 2 2 2 2 2 2 2 2 2 2 2 2 2 2 2 2 2 2 2 2 2 2
left_child=7 3 27 4 -2 -6 -5 14 9 10 -9 25 13 -11 17 16 29 18 23 -20 24 22 -19 -1 -17 -10 -27 -3 -29 -16
right_child=1 2 -4 6 5 -7 -8 8 11 12 -12 -13 -14 -15 15 20 -18 21 19 -21 -22 -23 -24 -25 -26 26 -28 28 -30 -31
leaf_value=0.027423236493852129 -0.0075518225702699161 -0.0045040300932654874 -0.0073839786637669678 -0.0065140103157929306 0.0052949532012777356 -0.0024956043305432354 -0.019795920334340088 -0.0034085634914971918 0.0080213577001255094 0.020228470991604797 0.014977977634030368 0.0095177480860294643 -0.0096062964408132924 -0.0097147792182437093 0.059362989658290302 0.0018747578036507478 0.0051333899093341899 -0.024857525441351992 -0.0060132140925516844 0.02254683045497894 0.0069736588265294705 0.049285162973123492 0.035325738568809467 0.0027803762447834446 0.057319149784069656 0.0050876877770534542 -0.00069771610865223231 0.039120970945197724 0.006879046814418927 -0.010281609853906772
leaf_weight=179.79611325263977 3185.4214507937431 697.26171302050352 1247.3679155111313 2630.2405751906335 2283.4797851294279 8161.7128759026527 705.2697950489819 1612.3050760030746 1986.7030391991138 339.30101490020752 667.2130209505558 2117.6531631052494 3273.2669161111116 392.00042892992496 19.218589529395103 54.444450251758099 2341.7241712361574 249.65107852220535 406.55651465058327 1351.6339184939861 2852.9942789040506 24.650469958782196 34.579714022576809 2066.7217800393701 81.462810590863228 3723.3219947516918 11450.079275071621 129.82867947220802 2236.4453142359853 2098.164937928319
leaf_count=838 15838 3736 6706 16111 12004 43130 4666 7645 9574 1512 3291 10485 15662 1853 91 298 11577 1302 1918 6506 14208 116 177 10443 444 17955 55907 671 12182 10759
internal_value=0.000324807 -0.00259978 0.00188188 -0.00373851 -0.0023721 -0.000792469 -0.00932238 0.00199203 0.000905833 -0.00380179 0.00197316 0.00244041 -0.00708906 0.00417795 0.00435269 0.00218268 -0.00188617 0.00809951 0.00966542 0.0159427 0.00825295 -0.0122029 -0.0175356 0.00475262 0.0351081 0.00156702 0.000721934 0.00565463 0.00864804 -0.00964948
internal_weight=58600.5 21277 4310.9 16966.1 13630.6 10445.2 3335.51 37323.4 25561.8 6284.09 2279.52 19277.8 4004.57 731.301 11761.6 7448.01 4459.11 4313.59 4004.71 1758.19 2988.9 308.881 284.231 2246.52 135.907 17160.1 15173.4 3063.54 2366.27 2117.38
internal_count=297605 115044 23295 91749 70972 55134 20777 182561 123884 29963 10936 93921 19027 3365 58677 37377 22427 21300 19705 8424 14950 1595 1479 11281 742 83436 73862 16589 12853 10850
is_linear=0
shrinkage=0.1


Tree=134
num_leaves=31
num_cat=0
split_feature=11 4 8 17 2 4 0 18 4 6 5 11 5 13 13 7 7 6 18 9 14 5 4 4 13 0 8 2 0 16
split_gain=84.3634 27.811 26.8213 26.4854 37.1812 34.5602 35.5705 81.9397 25.9233 25.0849 23.7424 23.0386 22.4475 22.5529 19.3871 19.2969 18.8737 18.4317 17.9894 17.7179 16.1098 16.7018 15.9709 14.4055 14.367 14.3394 13.8339 13.0654 13.3338 12.244
threshold=0.014966931936318434 -0.0069672709569803528 2.2538634756336564 1.0000000180025095e-35 -0.027226601890634635 0.048526089622378574 -0.0048388141426418665 1.0000000180025095e-35 0.0017202593438874205 -0.031308560154766789 -0.056967117591221243 0.010095729651715556 -0.0067370906712777004 -0.36043481640292557 -0.5408551855065008 -0.010587683196219831 0.049465183022765598 -0.081206548693438171 1.0000000180025095e-35 0.17123389999590008 0.21457347537364968 -0.002373945408270683 -0.002290989586801961 0.029382727285699465 -0.021395909561443587 -0.0012680079079609994 -0.022353409483930244 0.040698907205238173 0.0039363304405681818 1.0000000180025095e-35
decision_type=2 2 2 2 2 2 2 2 2 2 2 2 2 2 2 2 2 2 2 2 2 2 2 2 2 2 2 2 2 2
left_child=1 9 3 5 10 6 8 -8 -2 19 17 12 13 22 18 20 -4 -5 -13 -1 21 -11 -3 25 -7 -6 -12 -17 -29 -16
right_child=2 11 16 4 23 24 7 -9 -10 15 26 14 -14 -15 29 27 -18 -19 -20 -21 -22 -23 -24 -25 -26 -27 -28 28 -30 -31
leaf_value=0.047028701778960381 0.0031048189299177705 -0.040252345814624717 -0.059134488716996905 -0.0066235733117043063 -0.0040184112693638025 0.071836704805411947 0.0029564835794442909 -0.011465030102073613 0.012171304311512603 0.025968182425670089 -0.013286541942059516 -0.0048316154372577934 -0.037463812689843751 -0.020254404965332193 -0.012083296572923018 -0.0032712610902074024 0.015091763903023209 0.027156371465936947 0.045299306625233779 -0.038365125225596354 0.026982351153322755 0.15168867866268176 0.068768870689920505 -0.03378581461557402 0.022375638574315272 0.005908622153185562 -0.031469184818417262 0.053093205197269622 -0.024726077653523117 -0.0019684765256539108
leaf_weight=28.655666466802359 11334.471811927855 17.463641289621592 34.945260435342789 619.60782910138369 2553.3087328672409 84.648793160915375 15673.084376558661 5262.6775770261884 4369.3558294549584 19.206507060676813 1867.4873096421361 170.12145017459989 578.60632286965847 204.27566072717309 5673.3538614697754 419.45589522272348 1737.7060683891177 218.48617471009493 123.58236508071423 159.75203564018011 184.73016918450594 23.491460576653481 58.2801210321486 117.0569259300828 191.77728826552629 3383.0644930154085 539.26765216886997 90.617942646145821 29.085106153041124 1516.6943613551557
leaf_count=251 47002 125 105 2231 11611 267 69955 24908 17892 159 8742 1068 9874 3159 53468 3528 5612 832 439 1216 1452 156 367 421 628 15978 2371 630 237 12921
internal_value=-0.000132014 -0.00885049 0.00155717 0.00109415 -0.00367588 0.00229561 0.00202985 -0.00066869 0.00562743 0.00731441 -0.0123129 -0.010701 -0.0262156 -0.00297328 -0.00892095 0.0153492 0.0136285 0.00218266 0.0162621 -0.0253772 0.0397778 0.0951368 0.0436327 0.000953863 0.0375219 0.00163888 -0.0173606 0.00504468 0.0341849 -0.00994964
internal_weight=57284.3 9297.37 47986.9 46214.3 9298.28 36916 36639.6 20935.8 15703.8 954.995 3244.85 8342.38 858.626 280.019 7483.75 766.587 1772.65 838.094 293.704 188.408 227.428 42.698 75.7438 6053.43 276.426 5936.37 2406.75 539.159 119.703 7190.05
internal_count=297605 89050 208555 202838 42186 160652 159757 94863 64894 7629 14176 81421 13525 3651 67896 6162 5717 3063 1507 1467 1767 315 492 28010 895 27589 11113 4395 867 66389
is_linear=0
shrinkage=0.1


Tree=135
num_leaves=31
num_cat=0
split_feature=11 12 7 9 11 14 2 9 8 12 10 6 8 14 6 12 10 8 7 7 7 11 7 9 10 9 11 11 9 7
split_gain=80.5151 19.1615 19.4016 16.991 22.9046 23.039 21.1913 17.2945 17.2305 16.2539 18.8376 18.2411 16.0522 25.6357 25.5824 18.3863 19.1991 26.9398 19.151 16.7357 16.8423 15.7982 15.0602 18.7913 14.7164 16.966 16.8945 13.7139 13.5943 22.1961
threshold=0.015224370079283392 0.020115053419348803 0.12427691384632079 0.21081616019520369 0.010744510457786511 0.038242204907296136 0.002327795625131746 0.105216722424833 -0.93827978445997284 0.03944383377082971 0.24587947375402622 0.076081863435796052 0.28833397037096137 0.20255291281109722 -0.088892175915106883 0.12763844660355048 1.1512602599222104 2.0217201782913672 0.26762958522706709 0.33891583618910087 -0.07312324392528928 0.010095729651715556 -0.030221737498375974 0.71735124252824012 0.54691369210906771 0.34718262399267513 0.036673773158874365 0.045655561766827592 0.10955955964639948 -0.0052330397705510614
decision_type=2 2 2 2 2 2 2 2 2 2 2 2 2 2 2 2 2 2 2 2 2 2 2 2 2 2 2 2 2 2
left_child=1 2 28 4 5 21 -7 -6 -5 11 -11 -10 13 14 -2 18 19 -18 24 20 -17 -3 27 -24 25 -14 -26 -16 29 -1
right_child=12 3 -4 8 7 6 -8 -9 9 10 -12 -13 15 -15 22 16 17 -19 -20 -21 -22 -23 23 -25 26 -27 -28 -29 -30 -31
leaf_value=0.20605303056947305 0.012556434704826905 0.17844127376054331 0.11130051353230921 0.011632955778627751 0.055634351350139 -0.030512358920638073 -0.0046535559887394499 -0.00060609604326401941 -0.0066081340286378411 -0.029134388477036907 -0.01172134121439479 0.078806839449861929 0.0034218171842856047 0.0044244603301577768 -0.012898589439586295 0.017515454464387483 0.076918451737518934 -0.0080840073916117923 0.015459511773946936 0.0075179077322098491 -0.0093576953033365912 -0.004563459443809449 0.00064368055479910877 -0.046071304362234014 0.019552533204178435 -0.0047967087994456982 -0.0060464360385903727 0.042603907695618018 -0.033673048414339206 -0.013466140438592639
leaf_weight=6.2199992053210762 905.37570241838694 10.245101504027845 9.9090578854083997 286.01101282611489 55.458643853664398 597.29559947922826 675.11822672747076 3883.8035610802472 1370.6457966640592 1008.0354700647295 1619.1781692057848 25.467090576887131 4709.6463833898306 22715.70989459753 2211.003471814096 244.34882710874081 67.517135366797447 83.267320454120636 895.23550490289927 782.87777172774076 5119.9637268781662 8.7425921522080881 2737.7741832509637 88.90453714132309 767.35387669503689 5382.5887560993433 388.25257575511932 45.432800263166428 479.32293118909001 17.751773022115231
leaf_count=96 3181 122 93 2127 459 7965 8443 34072 12211 9657 12360 187 25278 98607 10609 935 159 228 2888 2198 19313 105 14080 312 2420 22505 1085 128 5869 359
internal_value=-0.00032149 -0.0084463 -0.0272694 -0.00743371 -0.00360316 -0.0151605 -0.0167922 0.000185681 -0.0120832 -0.0137692 -0.0184026 -0.00505004 0.00141104 0.00289003 -0.00293039 -0.000891082 -0.00527557 0.0299778 0.00138292 -0.0061403 -0.0081336 0.0941796 -0.00568882 -0.000825596 0.00026254 -0.000961448 0.010952 -0.0117811 -0.0299977 0.0434929
internal_weight=57198.5 10053.2 513.204 9540 5230.66 1291.4 1272.41 3939.26 4309.34 4023.33 2627.21 1396.11 47145.3 28704.2 5988.49 18441.1 6297.97 150.784 12143.1 6147.19 5364.31 18.9877 5083.11 2826.68 11247.8 10092.2 1155.61 2256.44 503.295 23.9718
internal_count=298051 94125 6417 87708 51166 16635 16408 34531 36542 34415 22017 12398 203926 126917 28310 77009 22833 387 54176 22446 20248 227 25129 14392 51288 47783 3505 10737 6324 455
is_linear=0
shrinkage=0.1


Tree=136
num_leaves=31
num_cat=0
split_feature=11 2 3 3 7 14 13 17 2 3 9 5 2 12 9 3 2 12 13 20 4 4 9 11 14 7 4 13 3 13
split_gain=17.5236 12.7188 11.0617 14.1104 23.9321 10.4738 23.828 11.8349 16.6265 15.9982 14.6949 14.6918 13.2459 11.778 10.9504 9.9135 9.33925 9.23877 8.86496 8.16703 10.3404 8.01124 9.23523 10.9521 9.52733 7.81847 7.65349 7.05477 6.92378 9.78193
threshold=0.019861499989908594 -0.074188565789781377 0.29600141520590212 -0.010807335619173795 -0.013261373703481847 0.47815859228604479 -0.046633614047138075 1.0000000180025095e-35 -0.012523002234915646 0.018031003861258336 0.15564022594480151 0.006702901545314722 0.051167485368476491 0.026937584166148009 0.41533657482422043 -0.069022455986555972 0.13207285045426279 0.022301275739201657 0.23499997186463065 1.0000000180025095e-35 0.0054212225837368963 0.037616175390250646 0.45082167882091212 0.030912807076674337 0.64237749873710048 -0.10215979550722913 -0.014423084149291608 0.011754833427215994 -0.080541582218118343 0.38920390898346557
decision_type=2 2 2 2 2 2 2 2 2 2 2 2 2 2 2 2 2 2 2 2 2 2 2 2 2 2 2 2 2 2
left_child=1 28 3 4 19 7 13 9 11 12 -11 -9 -3 15 17 -7 -16 -8 -10 25 -21 22 24 -24 -5 -2 -15 -4 -1 -30
right_child=2 5 27 21 -6 6 14 8 18 10 -12 -13 -14 26 16 -17 -18 -19 -20 20 -22 -23 23 -25 -26 -27 -28 -29 29 -31
leaf_value=0.0051584492130902779 -0.0035612454089553832 -0.0017976719106878533 -0.0032652474453978377 -0.0034424923913259028 -0.012987128613144936 -0.027640755586519114 -0.01378908952638765 0.0021270896707771387 -0.013400911519514298 0.018391126705688113 0.0026713551912945937 0.05844254979221826 -0.023045854630397739 -0.013979443749530238 0.011784298143978029 0.019394056569935675 0.069399060811456345 -0.00062461292796676276 0.0083417171629434073 -0.012458791958190461 0.0058855570531613248 -0.018469371352714259 0.0078235439525556946 -0.00084842857759037302 0.0045497811020816662 0.0032898593038273409 0.0057562757185886243 -0.025764084471882255 0.015847223602303208 0.068487113108853442
leaf_weight=861.8979504108429 3250.4780182950199 5512.6010505706072 254.26820686459541 5547.8394474312663 2376.8365694992244 47.161060273647308 573.18608725070953 812.82536586374044 1853.7775577232242 671.45145593211055 5200.2766902819276 49.125243648886681 309.87793376296759 201.36137844622135 278.83692182600498 899.40683130174875 31.292256973683834 7622.2660031467676 208.62624338269234 1239.6640007644892 408.54631254076958 214.4023065790534 3286.4055771902204 2615.2650234140456 2039.966619245708 3416.5186777338386 8132.2514107488096 308.41359778493643 559.15328163653612 37.680537238717079
leaf_count=4399 17435 28025 1468 27052 12209 253 3076 4063 9959 3183 25078 261 1495 1002 1403 4634 161 37727 1137 6575 2166 1182 16971 14614 9947 17742 40066 1800 2765 203
internal_value=0.000275391 0.00175719 -0.00173507 -0.00141535 -0.00413806 0.001346 0.00297592 -0.000637051 -0.00632688 0.000785798 0.00446896 0.00533668 -0.00292852 0.00648006 -0.000847341 0.0170506 0.0175977 -0.00154533 -0.0112015 -0.00160863 -0.00791173 0.000708967 0.00101379 0.00398065 -0.00129379 -5.03801e-05 0.00527941 -0.0155972 0.0108915 0.0191706
internal_weight=58821.7 33863.1 24958.6 24395.9 10692 32404.3 17785.8 14618.6 2924.35 11694.2 5871.73 861.951 5822.48 9280.18 8505.58 946.568 310.129 8195.45 2062.4 8315.21 1648.21 13703.9 13489.5 5901.67 7587.81 6667 8333.61 562.682 1458.73 596.834
internal_count=298051 168890 129161 125893 56127 161523 88322 73201 15420 57781 28261 4324 29520 45955 42367 4887 1564 40803 11096 43918 8741 69766 68584 31585 36999 35177 41068 3268 7367 2968
is_linear=0
shrinkage=0.1


Tree=137
num_leaves=31
num_cat=0
split_feature=11 11 16 1 12 5 4 4 14 7 20 9 7 2 10 12 9 9 3 8 6 10 9 11 16 14 7 15 11 14
split_gain=49.1895 15.4229 14.1231 13.231 13.5294 13.8014 12.064 12.1618 12.0575 14.8759 11.4251 10.2197 11.7115 12.111 10.6194 9.49799 9.16292 8.84984 8.6827 12.294 9.31286 7.73364 9.94662 13.4889 7.67481 7.39367 11.1436 8.05115 6.92421 6.88432
threshold=0.025155626670288814 0.017071682295616234 1.0000000180025095e-35 0.024391441303118103 0.024558040138118721 0.012020327348898576 -0.031642664154679194 0.019632874231120038 0.46202955274343172 0.063117852553649226 1.0000000180025095e-35 0.41259485550045116 -0.14390803134275273 -0.069404526304581479 0.32317489813414835 0.17441790527665002 0.1301437920196182 0.28255935859956066 0.10114259516495495 0.39227575098078943 0.060349743571666455 0.34012377237699581 0.59879122936336093 0.042870319968404749 1.0000000180025095e-35 0.90359451459768036 -0.10715765824288669 0.40718369355920475 0.028588716499675284 0.014108164171667499
decision_type=2 2 2 2 2 2 2 2 2 2 2 2 2 2 2 2 2 2 2 2 2 2 2 2 2 2 2 2 2 2
left_child=1 2 3 4 16 -6 -2 21 9 -5 -10 25 -13 -14 -15 18 -1 -17 20 -20 -4 -8 28 -24 -9 29 27 -27 -23 -3
right_child=6 11 15 8 5 -7 7 24 10 -11 -12 12 13 14 -16 17 -18 -19 19 -21 -22 22 23 -25 -26 26 -28 -29 -30 -31
leaf_value=0.024086326580562908 -0.025985972281872383 0.014621933559183536 -0.0029764695977255728 0.021164405909771717 0.002967485088916351 -0.0051861338738397903 0.0068001063656505586 -0.021620845557405663 0.0080259733904745282 0.0041556218756425766 -0.006439859927070234 -0.018627163747053706 0.018905832163094966 0.032255053103451663 0.0015896818419356728 0.0118037744280376 0.0070703611333234016 0.074765954128771142 0.073188961445610365 0.00660026498807623 -0.033904470296046312 -0.0044046098947420065 0.0026924994657942063 -0.013161206239023567 0.00064388705623743658 -0.0039376638778681776 -0.014192770386932077 0.051717940833225944 -0.011576095273428148 -0.0017282864409595327
leaf_weight=383.68264089524746 300.63833774253726 262.42740135639906 4780.378512814641 1262.0400328636169 12829.351943358779 2476.7508073598146 562.8044990003109 704.06017737463117 2112.7359216809273 867.76837295293808 736.23084959387779 222.69923806935549 535.6296846345067 117.11619739234447 3158.5374033749104 139.28729796409607 1806.2879831492901 26.58512419462204 29.786214634776115 400.91624853014946 99.383842319250107 2758.2118416279554 2429.8303838409483 688.81827159970999 198.46409302577376 59.977036215364933 865.13231449574232 45.870940215885639 2630.1565111391246 13775.958332598209
leaf_count=1587 2387 1361 21355 5789 58068 11050 3272 5075 9602 3964 3286 1226 3056 608 17796 665 7800 140 139 1835 428 17202 17352 5610 1514 319 4529 263 17907 72866
internal_value=1.911e-05 0.00138938 0.00288469 0.00399428 0.00269996 0.00164811 -0.0062493 -0.0056543 0.00854266 0.0142344 0.00428771 -0.000805379 0.00366311 0.00496557 0.00268608 -0.00166905 0.0100516 0.021895 -0.00240507 0.0112054 -0.00360637 -0.00455268 -0.00530376 -0.00080912 -0.0167249 -0.00200635 -0.0104456 0.0201816 -0.00790514 -0.00142264
internal_weight=57267.5 46994.5 27951.2 22474.8 17496.1 15306.1 10273 9972.35 4978.78 2129.81 2848.97 19043.3 4033.98 3811.28 3275.65 5476.34 2189.97 165.872 5310.46 430.702 4879.76 9069.82 8507.02 3118.65 902.524 15009.4 970.98 105.848 5388.37 14038.4
internal_count=298051 227732 125708 101146 78505 69118 70319 67932 22641 9753 12888 102024 22686 21460 18404 24562 9387 805 23757 1974 21783 61343 58071 22962 6589 79338 5111 582 35109 74227
is_linear=0
shrinkage=0.1


Tree=138
num_leaves=31
num_cat=0
split_feature=10 9 2 4 0 15 15 0 15 18 6 14 20 18 14 11 17 13 9 10 10 9 15 2 2 11 2 13 7 9
split_gain=23.1041 17.4234 11.6508 9.65458 11.1731 34.6466 11.7353 10.7671 21.1768 15.2477 14.3104 13.7114 13.1667 9.33403 10.8426 9.21287 11.9748 9.21561 8.87361 14.917 8.44446 8.38117 8.18461 7.93769 7.87758 7.74017 7.58404 9.27623 8.03112 7.45408
threshold=0.45499043769733477 0.56385004591013987 -0.093839312500280755 -0.0016017847220097801 0.030712659720017358 0.71951634523814911 0.90991595620828558 -0.017802016296135866 0.20073852547315665 1.0000000180025095e-35 -0.083431846390088257 0.93756293354848319 1.0000000180025095e-35 1.0000000180025095e-35 0.13427326118605795 0.023851719945575414 1.0000000180025095e-35 -0.1549549813211534 0.65317830252663855 0.56892307882464022 0.293293335678043 0.46855197205989013 0.6137584405019777 0.11599733462954466 0.0073770854270309725 0.047412794685604276 0.072300914835343746 -0.19036363017673497 -0.15355318940460269 0.36864277987169558
decision_type=2 2 2 2 2 2 2 2 2 2 2 2 2 2 2 2 2 2 2 2 2 2 2 2 2 2 2 2 2 2
left_child=1 3 -3 7 20 22 -7 8 11 -10 -9 -1 -12 15 -15 16 17 -2 -17 23 29 -22 -6 -20 -18 26 28 -28 -16 -5
right_child=13 2 -4 4 5 6 -8 10 9 -11 12 -13 -14 14 25 18 24 -19 19 -21 21 -23 -24 -25 -26 -27 27 -29 -30 -31
leaf_value=0.004867111904075027 0.0056377477852395663 0.069598171599438291 0.016303901384922676 0.00044101166445576216 0.0031927221350736938 0.014144016549797252 -0.0023479169364777445 -0.020246824824288159 0.013397673287291309 0.043488145934334789 0.0033097367702710039 -0.024282104559044171 -0.0052619147284898565 0.0099733829863042946 0.0030517027934723229 -0.0068805607222377349 0.0032712717668821438 -0.0094421825612683863 0.011730653048376566 -0.0027569432157788019 -0.0038913515362803686 0.0057668505018792469 0.072353143312155865 0.049527793434031027 0.027341447946767829 -0.035428448433429849 0.022743716644741039 -0.0073775086917638151 -0.016713471820075057 0.026391448895532951
leaf_weight=2755.5540253445506 914.09584517404437 49.068178683519363 250.08478081971407 16502.434359461069 20.850312829017639 680.19036334753036 1179.9646958783269 299.47719936817884 726.4749239385128 219.21761703491211 10647.721514612436 171.40990233421326 2154.6875966489315 261.10638219863176 243.09224797785282 4601.597169674933 256.14941570907831 728.00302167609334 347.67282140254974 2448.9595778621733 9655.0115585923195 990.67991371452808 95.419218711555004 66.130077242851257 289.79265754669905 128.05028606578708 134.85579227656126 422.75107008218765 1332.1070334613323 111.43650712072849
leaf_count=13217 4616 290 1420 81804 112 3501 5887 1439 3493 1048 51536 784 10490 1456 1379 25169 1292 3671 2033 15372 48473 5275 474 405 1485 875 775 2440 7266 574
internal_value=-2.54868e-05 0.000989677 0.0250454 0.000833948 -0.00026743 0.00699274 0.00368258 0.0027309 0.00736338 0.0203728 0.00136163 0.00316007 0.0018671 -0.00390371 -0.00932073 -0.00248837 0.00321785 -0.00104774 -0.00416104 0.000210309 -0.000793821 -0.00299257 0.0599508 0.017771 0.016048 -0.011549 -0.0101153 -9.27674e-05 -0.0136632 0.000615073
internal_weight=58684 46509.7 299.153 46210.5 29236 1976.42 1860.16 16974.5 3872.66 945.693 13101.9 2926.96 12802.4 12174.4 2521.96 9652.4 2188.04 1642.1 7464.36 2862.76 27259.6 10645.7 116.27 413.803 545.942 2260.86 2132.81 557.607 1575.2 16613.9
internal_count=298051 229817 1710 228107 146100 9974 9388 82007 18542 4541 63465 14001 62026 68234 14191 54043 11064 8287 42979 17810 136126 53748 586 2438 2777 12735 11860 3215 8645 82378
is_linear=0
shrinkage=0.1


Tree=139
num_leaves=31
num_cat=0
split_feature=10 12 3 7 3 14 11 7 12 2 7 3 13 11 2 13 5 12 15 10 9 12 4 17 17 18 2 10 10 13
split_gain=74.4347 48.1915 30.5555 44.3917 68.873 54.6388 42.6285 39.1155 30.8372 29.9531 29.0061 23.9057 20.6219 20.1093 20.0862 19.8549 18.6022 17.7472 17.0948 16.9679 16.7353 16.4634 16.0605 19.3185 16.0185 21.5278 21.9029 16.1524 15.5967 13.6223
threshold=0.24828854475535689 0.04045267868002167 -0.18650124962610479 -0.038424000111321903 -0.018119827388719308 0.16649884387071187 0.038481157001669777 1.0000000180025095e-35 0.13221604330406847 -0.072497473311671876 -0.071512850977464446 0.34972730116166534 -0.19921427025782176 0.0090038341794105251 -0.14939228811539149 0.21653887336406505 -0.11215193902068975 0.026034610384421189 0.69207511376260256 0.5878226282027571 0.25416699925583591 0.047661215706869216 -0.0054817607151373951 1.0000000180025095e-35 1.0000000180025095e-35 1.0000000180025095e-35 -0.10565941832873936 0.66296589692800756 0.23136958624672441 0.059265164567011426
decision_type=2 2 2 2 2 2 2 2 2 2 2 2 2 2 2 2 2 2 2 2 2 2 2 2 2 2 2 2 2 2
left_child=1 13 14 5 7 9 11 17 15 21 -11 -6 20 -1 -2 -7 -10 -5 -9 -8 22 -4 28 -24 25 27 -27 -16 -3 -15
right_child=2 12 3 4 6 8 19 18 16 10 -12 -13 -14 29 24 -17 -18 -19 -20 -21 -22 -23 23 -25 -26 26 -28 -29 -30 -31
leaf_value=-0.046163218943286941 0.0014905438521614885 0.068209400730207259 0.040510316661698749 0.070678279223998552 -0.00098155829174749877 -0.0012811412843463171 -0.007843999086686813 0.025815467808162691 0.029163223647027531 0.03239818985193068 0.0031693979858260337 0.033875430893388396 -0.0049411725380425243 -0.018760702835745973 0.03670652774723273 -0.014799778343833956 -0.017226311156082367 0.0035293649049823943 0.010080791356441701 0.016165224099152293 -0.020325782431037484 -0.012543079617711658 0.017918634078369123 -0.01948531657439187 -0.001441159118119646 0.037713816794698596 -0.01377040675293565 0.013733433182219146 -0.0086745329105024967 -0.006831063596385252
leaf_weight=208.79489841125906 1420.812637552619 97.75264797359705 65.221039988100529 39.882007047533989 23367.972636573017 6120.5861571319401 339.85584379732609 2011.2755509018898 89.166094556450844 754.25687356293201 617.47021925076842 198.42348365858197 3787.5523056909442 2589.0354638881981 765.98558261245489 1320.8935995921493 2829.4626286923885 3005.4591646268964 1051.4380127191544 2198.6085976958275 152.58678926900029 566.8849218711257 666.21429657563567 174.18524359352887 385.61115844547749 115.9604115486145 287.51529582589865 509.71105170994997 36.140290431678295 1518.6315418444574
leaf_count=4100 4415 748 276 226 109971 27848 1085 8295 283 3153 2976 635 32238 26494 2708 6087 11827 14008 4313 6278 1096 2236 5507 1583 1432 411 1051 1586 248 14937
internal_value=4.52245e-05 -0.00817941 0.00162485 0.000919792 0.00287485 -0.0041739 0.000638189 0.012434 -0.00709752 0.0109416 0.0192411 -0.000688071 -0.00140782 -0.0158891 0.0106418 -0.00368076 -0.0158091 0.00440875 0.0204137 0.0129508 0.0104681 -0.007069 0.0152908 0.0101661 0.0169389 0.0211597 0.00102635 0.0275275 0.0474569 -0.0143502
internal_weight=57293.3 9230.89 48062.5 44576.9 32212.9 12363.9 26104.9 6108.05 10360.1 2003.83 1371.73 23566.4 4914.43 4316.46 3485.6 7441.48 2918.63 3045.34 3062.71 2538.46 1126.88 632.106 974.292 840.4 2064.78 1679.17 403.476 1275.7 133.893 4107.67
internal_count=298051 86951 211100 199497 144811 54686 117969 26842 46045 8641 6129 110606 41420 45531 11603 33935 12110 14234 12608 7363 9182 2512 8086 7090 7188 5756 1462 4294 996 41431
is_linear=0
shrinkage=0.1


end of trees

feature_importances:
parkinson_10d=477
vol_21d=396
overnight_gap=372
ret_21d=287
vol_10d=283
ret_1d=263
volume_ratio=263
vol_of_vol=233
dollar_volume_pctile=208
ret_21d_z=179
ret_1d_rank=170
ret_5d=163
close_vs_sma63=161
ret_10d=143
dow_tue=113
dow_thu=104
close_vs_sma21=97
close_vs_sma10=94
dow_wed=86
dow_mon=66
dow_fri=42

parameters:
[boosting: gbdt]
[objective: multiclass]
[metric: multi_logloss]
[tree_learner: serial]
[device_type: cpu]
[data_sample_strategy: bagging]
[data: ]
[valid: ]
[num_iterations: 28]
[learning_rate: 0.1]
[num_leaves: 31]
[num_threads: 4]
[seed: 42]
[deterministic: 1]
[force_col_wise: 0]
[force_row_wise: 1]
[histogram_pool_size: -1]
[max_depth: 6]
[min_data_in_leaf: 100]
[min_sum_hessian_in_leaf: 0.001]
[bagging_fraction: 0.8]
[pos_bagging_fraction: 1]
[neg_bagging_fraction: 1]
[bagging_freq: 1]
[bagging_seed: 400]
[bagging_by_query: 0]
[feature_fraction: 0.8]
[feature_fraction_bynode: 1]
[feature_fraction_seed: 30056]
[extra_trees: 0]
[extra_seed: 12879]
[early_stopping_round: 0]
[early_stopping_min_delta: 0]
[first_metric_only: 0]
[max_delta_step: 0]
[lambda_l1: 0]
[lambda_l2: 0]
[linear_lambda: 0]
[min_gain_to_split: 0]
[drop_rate: 0.1]
[max_drop: 50]
[skip_drop: 0.5]
[xgboost_dart_mode: 0]
[uniform_drop: 0]
[drop_seed: 17869]
[top_rate: 0.2]
[other_rate: 0.1]
[min_data_per_group: 100]
[max_cat_threshold: 32]
[cat_l2: 10]
[cat_smooth: 10]
[max_cat_to_onehot: 4]
[top_k: 20]
[monotone_constraints: ]
[monotone_constraints_method: basic]
[monotone_penalty: 0]
[feature_contri: ]
[forcedsplits_filename: ]
[refit_decay_rate: 0.9]
[cegb_tradeoff: 1]
[cegb_penalty_split: 0]
[cegb_penalty_feature_lazy: ]
[cegb_penalty_feature_coupled: ]
[path_smooth: 0]
[interaction_constraints: ]
[verbosity: -1]
[saved_feature_importance_type: 0]
[use_quantized_grad: 0]
[num_grad_quant_bins: 4]
[quant_train_renew_leaf: 0]
[stochastic_rounding: 1]
[linear_tree: 0]
[max_bin: 255]
[max_bin_by_feature: ]
[min_data_in_bin: 3]
[bin_construct_sample_cnt: 200000]
[data_random_seed: 175]
[is_enable_sparse: 1]
[enable_bundle: 1]
[use_missing: 1]
[zero_as_missing: 0]
[feature_pre_filter: 1]
[pre_partition: 0]
[two_round: 0]
[header: 0]
[label_column: ]
[weight_column: ]
[group_column: ]
[ignore_column: ]
[categorical_feature: ]
[forcedbins_filename: ]
[precise_float_parser: 0]
[parser_config_file: ]
[objective_seed: 16083]
[num_class: 5]
[is_unbalance: 0]
[scale_pos_weight: 1]
[sigmoid: 1]
[boost_from_average: 1]
[reg_sqrt: 0]
[alpha: 0.9]
[fair_c: 1]
[poisson_max_delta_step: 0.7]
[tweedie_variance_power: 1.5]
[lambdarank_truncation_level: 30]
[lambdarank_norm: 1]
[label_gain: ]
[lambdarank_position_bias_regularization: 0]
[eval_at: ]
[multi_error_top_k: 1]
[auc_mu_weights: ]
[num_machines: 1]
[local_listen_port: 12400]
[time_out: 120]
[machine_list_filename: ]
[machines: ]
[gpu_platform_id: -1]
[gpu_device_id: -1]
[gpu_device_id_list: ]
[gpu_use_dp: 0]
[num_gpu: 1]

end of parameters

pandas_categorical:null
