tree
version=v4
num_class=5
num_tree_per_iteration=5
label_index=0
max_feature_idx=20
objective=multiclass num_class:5
feature_names=ret_1d ret_5d ret_10d ret_21d overnight_gap close_vs_sma10 close_vs_sma21 close_vs_sma63 ret_21d_z vol_10d vol_21d parkinson_10d vol_of_vol volume_ratio dollar_volume_pctile ret_1d_rank dow_mon dow_tue dow_wed dow_thu dow_fri
feature_infos=[-0.15997403471786201:0.14017071250872426] [-0.31340040265715152:0.26965066158191475] [-0.4040455429429361:0.35598927864952951] [-0.51253452172128233:0.56259063107542651] [-0.10570992069131928:0.11367856126279947] [-0.238400875109851:0.23745390707314201] [-0.27026635889480138:0.39004459049913276] [-0.3436984516943839:0.66736997602550463] [-3.4064349307075794:3.5803397550605585] [0.070108588012499168:1.6085481828646395] [0.11114048089463083:1.2960013558920744] [0.0061714999497073063:0.064260343557538721] [0.013134977279223935:0.68722629090407683] [-1.0974626654027457:0.85769703605886904] [0.010644295302013421:0.99002684563758392] [0.010644295302013421:0.99002684563758392] [0:1] [0:1] [0:1] [0:1] [0:1]
tree_sizes=3441 3454 3442 3440 3455 3525 3566 3532 3549 3543 3547 3565 3536 3554 3545 3540 3567 3524 3547 3551 3556 3550 3531 3547 3540 3547 3574 3544 3551 3559 3559 3557 3530 3539 3562 3569 3574 3547 3568 3556 3549 3576 3529 3564 3550 3554 3581 3546 3577 3540 3549 3556 3549 3579 3559 3555 3568 3520 3565 3565 3572 3570 3554 3541 3568 3539 3589 3538 3540 3555 3561 3595 3562 3570 3553 3562 3566 3554 3552 3566 3559 3535 3556 3561 3559 3548 3557 3537 3552 3580 3572 3569 3571 3535 3583 3551 3559 3553 3568 3553 3566 3589 3552 3564 3548 3574 3582 3552 3531 3571 3555 3585 3545 3564 3548 3574 3562 3564 3541 3571 3573 3583 3537 3557 3575 3580 3561 3548 3550 3575 3557 3574 3550 3555 3530

Tree=0
num_leaves=31
num_cat=0
split_feature=11 11 11 10 11 10 12 10 10 11 11 4 13 20 14 7 14 14 0 9 9 14 10 12 10 2 14 12 11 11
split_gain=5899.62 1076.91 594.865 242.52 181.158 153.348 119.831 105.803 62.2459 53.7232 51.0472 51.0421 49.9042 44.5922 43.0421 41.9068 40.2878 38.8762 37.0005 34.5219 33.427 33.2977 30.1877 30.1416 28.5207 27.4969 34.9443 26.6534 26.4379 26.1844
threshold=0.018504016668525445 0.026989520915399905 0.01505561606670911 0.70768858675509283 0.011858739656917269 0.3262895824185672 0.28850763632409554 0.84552856525772624 0.22752360704616864 0.022638306130335382 0.032047388851515791 0.037889020957005082 0.046169933745669377 1.0000000180025095e-35 0.091305817606519415 0.40994011427147997 0.050989606543061512 0.29516462144307226 -0.0069756760780235174 0.37068268475452976 0.22871159811518232 0.19926201504327984 0.94301017942886756 0.17730810462552346 0.35316566588504333 0.13245743742308205 0.83042324784844468 0.12945007125136287 0.0087608554196822782 0.023329636579187952
decision_type=2 2 2 2 2 2 2 2 2 2 2 2 2 2 2 2 2 2 2 2 2 2 2 2 2 2 2 2 2 2
left_child=2 5 4 10 28 29 7 27 -4 16 -3 -9 13 21 -10 22 -7 23 -15 -18 -16 -6 -8 -11 -22 -12 -27 -5 -1 -2
right_child=1 3 8 6 12 9 15 11 14 17 25 -13 -14 18 20 -17 19 -19 -20 -21 24 -23 -24 -25 -26 26 -28 -29 -30 -31
leaf_value=-1.6815636612041871 -1.6103473457828439 -1.5703022385830225 -1.6415370868672641 -1.5081715951148131 -1.658948921720071 -1.6300489045018172 -1.5793522361818795 -1.4939322772916157 -1.6405161794210601 -1.5881408942910997 -1.5583706111412436 -1.4027180843794791 -1.6548942571405185 -1.6501204317023059 -1.6051290613678271 -1.4808412381625435 -1.5849851671003621 -1.5763127533230368 -1.6150367502414089 -1.599806399310292 -1.6246885737448717 -1.6403130062595441 -1.5454641525920363 -1.6240778808922034 -1.6095805805315113 -1.545870908621604 -1.480361288354817 -1.5413701897471441 -1.6631657233661188 -1.5901299759807261
leaf_weight=895.69334429502487 4713.7939641773701 4835.9212162792683 1670.333445623517 320.40697978436947 1207.6728543490171 297.1031853556633 516.94604720175266 635.73183819651604 979.34540787339211 1703.5440743714571 3204.0676472038031 67.901006400585175 3383.5934859961271 416.67102153599262 1557.6091365069151 67.506433203816414 3156.3742320388556 4646.1870526224375 1079.1667410582304 3129.9097057282925 5557.350597396493 4651.8302307128906 534.82629700005054 270.44135497510433 1611.9685759395361 467.89032889902592 98.582922652363777 986.11697927117348 6103.3060220181942 741.36090537905693
leaf_count=4679 23611 23431 8551 1490 6220 1500 2515 2928 4985 8364 15375 300 17474 2143 7785 309 15550 22679 5463 15538 28111 23822 2540 1348 8057 2236 451 4677 31713 3673
internal_value=-1.60938 -1.57857 -1.64155 -1.55483 -1.653 -1.5935 -1.53099 -1.51639 -1.62371 -1.58767 -1.5635 -1.48513 -1.64484 -1.64022 -1.62064 -1.55722 -1.59407 -1.58131 -1.62481 -1.59236 -1.61841 -1.64415 -1.56212 -1.59306 -1.62129 -1.55478 -1.53447 -1.53323 -1.66552 -1.6076
internal_weight=59509.2 30394.6 29114.5 11735.9 17737.9 18658.7 3129.44 2010.16 11376.6 13203.6 8606.46 703.633 10738.9 7355.34 9706.27 1119.28 6583.39 6620.17 1495.84 6286.28 8726.93 5859.5 1051.77 1973.99 7169.32 3770.54 566.473 1306.52 6999 5455.15
internal_count=297518 148515 149003 56252 91514 92263 14759 9395 57489 64979 41493 3228 55122 37648 48938 5364 32588 32391 7606 31088 43953 30042 5055 9712 36168 18062 2687 6167 36392 27284
is_linear=0
shrinkage=1


Tree=1
num_leaves=31
num_cat=0
split_feature=11 11 11 3 13 14 8 11 1 20 11 13 3 8 4 14 8 8 0 9 9 2 3 8 14 0 0 5 3 8
split_gain=1277.92 188.603 130.416 76.1529 55.0406 40.0245 51.3619 37.9162 31.8097 34.1606 29.986 28.3343 21.9729 21.0472 19.8543 18.0971 17.2222 15.8606 15.0368 13.9558 13.8899 23.9081 13.6867 31.4747 13.0858 11.8828 11.8827 11.6929 11.5094 11.3407
threshold=0.022864033068450772 0.015785024753896929 0.034198398899639819 0.020512165489975146 -0.5625481495394028 0.48572412492000011 0.029306254955976281 0.026166410110065031 -0.018682931506860397 1.0000000180025095e-35 0.019922575626497387 -0.24642576697790031 -0.05365096701681437 -0.32937158746622108 0.0096230419834972842 0.81894530033498447 -0.58242218007231317 -1.0858193969057173 1.0000000180025095e-35 0.50026516380600083 0.22993831946647236 -1.0000000180025095e-35 1.0000000180025095e-35 0.36628442017902196 0.60745471602800039 0.031748705100687731 -0.035143474283387814 -0.0047961451443880856 0.072553497453647267 0.87939388660427842
decision_type=2 2 2 2 2 2 2 2 2 2 2 2 2 2 2 2 2 2 2 2 2 2 2 2 2 2 2 2 2 2
left_child=1 3 7 5 27 6 11 17 29 -10 14 -1 16 -14 22 19 -7 -2 -8 -4 21 -9 24 -24 -3 26 -22 -5 -16 -6
right_child=2 10 15 4 8 12 18 20 9 -11 -12 -13 13 -15 28 -17 -18 -19 -20 -21 25 -23 23 -25 -26 -27 -28 -29 -30 -31
leaf_value=-1.6172683307679481 -1.6326475266211995 -1.6099115189838422 -1.6255729179269287 -1.6699672543373327 -1.5993361305842113 -1.5958149893091664 -1.6140167582282752 -1.6390321329276214 -1.5792649734591933 -1.5955513173378617 -1.6114573942695882 -1.5964137623450296 -1.5815997257993548 -1.5950727585464901 -1.6200251120845399 -1.6569942528156978 -1.6170111299671275 -1.6179251435765181 -1.6425460254367676 -1.6440111039618661 -1.6397888319102518 -1.497716038923264 -1.5916003229774836 -1.6056266608605632 -1.5995612507678463 -1.6401464074807843 -1.6275724229706645 -1.6197667961540789 -1.6006724334117621 -1.6390195261904521
leaf_weight=817.29965826869011 852.97792641818523 3146.616417825222 464.45135082304478 69.823590099811554 757.61149789392948 1194.1794391423464 345.62476961314678 27.400981068611145 6273.8782542049885 1620.549792766571 7284.1765206158161 3211.3735976368189 1964.6850784868002 2829.1155398190022 1046.9587554782629 986.21272829174995 564.55412085354328 5148.8007499873638 396.8985708206892 3534.1308427602053 923.28926031291485 21.261081174015999 3045.11316421628 3370.7117082327604 1996.5671571940184 1177.3026028722525 5784.7275276184082 138.30448949337006 434.98192393779755 79.579076662659645
leaf_count=4184 4176 15877 2228 355 3899 6127 1781 133 32358 8307 36117 16542 10092 14592 5243 4579 2949 25251 2049 16797 4460 110 15320 16945 10037 5663 28065 710 2165 407
internal_value=-1.60952 -1.59951 -1.63098 -1.59268 -1.58579 -1.59813 -1.6051 -1.62601 -1.58457 -1.58261 -1.60632 -1.60064 -1.59306 -1.58955 -1.60345 -1.64486 -1.60262 -1.62002 -1.62927 -1.64187 -1.63055 -1.57729 -1.60205 -1.59897 -1.60589 -1.63088 -1.62925 -1.63661 -1.61434 -1.60311
internal_weight=59509.2 40588.6 18920.6 20263.5 8939.75 11323.7 4771.2 13935.8 8731.62 7894.43 20325.1 4028.67 6552.53 4793.8 13040.9 4984.79 1758.73 6001.78 742.523 3998.58 7933.98 48.6621 11559 6415.82 5143.18 7885.32 6708.02 208.128 1481.94 837.191
internal_count=297518 206056 91462 104352 46036 58316 24556 67858 44971 40665 101704 20726 33760 24684 65587 23604 9076 29427 3830 19025 38431 243 58179 32265 25914 38188 32525 1065 7408 4306
is_linear=0
shrinkage=1


Tree=2
num_leaves=31
num_cat=0
split_feature=11 11 11 12 9 11 10 12 11 5 11 10 11 2 13 10 13 10 10 11 6 10 10 4 13 11 6 12 10 0
split_gain=4628.38 830.197 817.914 189.641 186.07 167.557 158.13 138.098 124.695 64.7071 56.8199 54.8278 54.4646 47.6405 43.7332 32.1861 28.95 28.8905 28.6133 28.1297 26.997 26.3198 20.4548 20.0266 17.9256 17.6676 24.8767 17.0671 16.9518 16.3202
threshold=0.016602304762718855 0.025108207039482158 0.011102320382114854 0.019203036636450028 0.12037084930905458 0.013937903968197095 0.32914670736756552 0.26767050964610645 0.033024870511269323 -0.0060851765805358662 0.0096689189064459048 0.2087678393465969 0.008502504389704766 0.018196471424185793 0.20307525599018458 0.2529513937194604 -0.53900217481006318 0.45511019392507418 0.26166733147223414 0.021805096093526745 -0.0018826299380526599 0.84552856525772624 0.15449327047832809 0.0070148368245033241 0.32728825736241313 0.008248395454542758 -0.00046414400758104652 0.092508555498631129 0.46398949026493325 0.016814557685272961
decision_type=2 2 2 2 2 2 2 2 2 2 2 2 2 2 2 2 2 2 2 2 2 2 2 2 2 2 2 2 2 2
left_child=2 6 3 4 9 18 15 12 17 -1 -9 27 22 -11 -13 -2 -14 -3 20 24 23 28 -5 -4 -8 26 -6 -7 -10 -16
right_child=1 8 5 7 25 11 19 10 21 13 -12 14 16 -15 29 -17 -18 -19 -20 -21 -22 -23 -24 -25 -26 -27 -28 -29 -30 -31
leaf_value=-1.5402257772432764 -1.5991918358920172 -1.6357378272890692 -1.5762351030084401 -1.4997122977675983 -1.5443606003011265 -1.5716362968005535 -1.6237370432217408 -1.2656782010825964 -1.6403294874318384 -1.3338517349230239 -1.4884977644137312 -1.5996000846213181 -1.5966153111281187 -1.4762770072489233 -1.571787295627638 -1.6127448100474087 -1.5498927353843932 -1.6473121558913657 -1.5858254992520682 -1.6320714503117559 -1.5664131047999537 -1.6740029799608678 -1.5398837318584462 -1.6045143756214073 -1.6027733696551019 -1.5254300202192421 -1.3905252435672444 -1.6169174908901758 -1.6599875033431353 -1.6053170942562554
leaf_weight=25.288320973515511 2318.0078602582216 3675.3874980807304 2614.795301169157 294.66135108470917 18.68776436150074 1231.2694716006517 6598.9591872692108 23.770650163292885 493.90806986391544 104.39259281754494 22.070109724998474 6853.9356743842363 137.59780888259411 30.30300310254097 853.79729290306568 7179.4966575652361 3662.5655813217163 5218.7005525827408 1730.8499030470848 5332.8524320572615 4241.4722033590078 1294.6495854109526 222.44044381380081 276.94463405013084 434.75928562879562 407.2316964417696 24.027136400341988 89.273694381117821 3922.1564728915691 174.90271143615246
leaf_count=133 11727 17992 13486 1540 100 6348 32776 121 2393 532 115 34783 717 155 4372 35981 19053 25215 8865 26149 21895 6023 1166 1421 2171 2134 124 457 18677 897
internal_value=-1.60931 -1.63147 -1.57422 -1.53831 -1.48608 -1.5841 -1.61914 -1.54561 -1.64993 -1.39345 -1.37296 -1.59356 -1.54744 -1.36589 -1.59671 -1.60944 -1.55158 -1.64253 -1.57429 -1.62659 -1.57149 -1.66146 -1.51699 -1.57894 -1.62244 -1.51901 -1.45783 -1.5747 -1.65779 -1.57749
internal_weight=59509.2 36468.9 23040.3 4973.04 609.931 18067.2 21864.1 4363.11 14604.8 159.984 45.8408 9203.18 4317.27 134.696 7882.64 9497.5 3800.16 8894.09 8864.06 12366.6 7133.21 5710.71 517.102 2891.74 7033.72 449.947 42.7149 1320.54 4416.06 1028.7
internal_count=297518 179104 118414 25890 3178 92524 108804 22712 70300 820 236 46857 22476 687 40052 47708 19770 43207 45667 61096 36802 27093 2706 14907 34947 2358 224 6805 21070 5269
is_linear=0
shrinkage=1


Tree=3
num_leaves=31
num_cat=0
split_feature=11 11 11 1 11 10 10 3 8 9 10 11 3 8 8 3 9 11 2 8 5 10 10 1 10 1 14 14 9 1
split_gain=1906.73 317.27 205.312 70.4893 68.2114 55.0947 48.6035 40.8697 141.747 38.5037 40.4979 38.3826 28.3308 27.0931 25.9074 25.1646 24.925 23.5776 23.307 23.1351 22.4115 21.5033 21.043 22.8598 20.4827 20.0971 18.4175 16.4799 16.4186 15.0712
threshold=0.019361855176151271 0.027924888881527107 0.014863749111867344 -0.0056551460922382715 0.03785062095668832 0.34801164121839423 0.27759084489526448 -0.030987152952090199 -0.3041864023855339 0.14259692285760517 0.26042239776700532 0.012158450953393364 -0.05365096701681437 -0.57195098084725693 -0.080681378403595794 -0.025837853451828648 0.17962154392503563 0.021415522233453801 0.033645810848372155 -0.56095900714708791 -0.035094417799390425 0.47724090890967502 0.37492681597706573 -0.020710496748922887 0.20355520387549167 0.031365164831666854 0.030557025181801412 0.47412633240039154 0.31309050062492966 0.065161102336022805
decision_type=2 2 2 2 2 2 2 2 2 2 2 2 2 2 2 2 2 2 2 2 2 2 2 2 2 2 2 2 2 2
left_child=2 5 3 11 21 25 12 8 -5 -9 -11 22 13 -4 -10 29 -13 -7 -17 -14 -15 -3 23 -1 -18 26 -2 -6 -21 -8
right_child=1 4 6 7 27 17 15 9 14 10 -12 16 19 20 -16 18 24 -19 -20 28 -22 -23 -24 -25 -26 -27 -28 -29 -30 -31
leaf_value=-1.5587224674702289 -1.5845344442486684 -1.6290245706164832 -1.5920571590899104 -1.5908735568758674 -1.6461297193835149 -1.6160839369100954 -1.5996077467324834 -1.6067456955119968 -1.5392996682510869 -1.5860655351934521 -1.6041932795236804 -1.5999680145417483 -1.6228713088628803 -1.6020242538126899 -1.4817104649819106 -1.6161744866985597 -1.5626697209561364 -1.6268004285538888 -1.6032037326467774 -1.598329411803691 -1.5484965583017507 -1.6406982768055669 -1.4841102483161706 -1.5769025983460039 -1.5840527418657504 -1.602167379453981 -1.6171741660599064 -1.6605782590346825 -1.5783497656601972 -1.5399174088413277
leaf_weight=1181.9269543141127 180.52893413603306 2302.5961158871651 831.19629989564419 1254.4632701277733 1368.5277038663626 2668.0846557915211 2696.6031945347786 1648.5049813836813 204.40446507930756 5892.9058342576027 1558.2586612701416 770.84330177307129 354.65074510872364 102.5397344827652 126.435970723629 3093.779974848032 566.08484128117561 8905.8205275684595 2508.6857839673758 4210.2863091528416 329.78562848269939 5013.818995937705 29.251424461603165 1667.307778775692 2146.9577839970589 1452.0242547392845 4078.5571562200785 1865.5220679938793 455.83090119063854 42.973923340439796
leaf_count=6171 914 11207 4220 6446 6529 13195 13583 8486 1075 30475 7931 3933 1781 524 675 15448 2943 43575 12628 21374 1715 24050 156 8678 11015 7276 20248 8708 2338 221
internal_value=-1.60961 -1.62871 -1.59283 -1.58537 -1.64237 -1.62036 -1.60152 -1.59033 -1.57552 -1.59292 -1.58986 -1.57704 -1.59488 -1.5815 -1.51729 -1.60653 -1.5841 -1.62433 -1.61037 -1.59825 -1.56119 -1.63702 -1.56849 -1.56936 -1.57959 -1.61233 -1.61579 -1.65446 -1.59638 -1.59867
internal_weight=59509.2 27835.5 31673.7 17047.3 10550.5 17285 14626.3 10685 1585.3 9099.67 7451.16 6362.37 6284.29 1263.52 330.84 8342.04 3483.89 11573.9 5602.47 5020.77 432.325 7316.42 2878.49 2849.23 2713.04 5711.11 4259.09 3234.05 4666.12 2739.58
internal_count=297518 135702 161816 87984 50494 85208 73832 55088 8196 46892 38406 32896 31952 6459 1750 41880 17891 56770 28076 25493 2239 35257 15005 14849 13958 28438 21162 15237 23712 13804
is_linear=0
shrinkage=1


Tree=4
num_leaves=31
num_cat=0
split_feature=11 11 10 10 11 13 11 13 3 10 13 11 13 3 5 12 12 0 13 13 3 10 3 1 1 1 14 11 6 15
split_gain=4423.78 1198.19 569.596 276.567 145.74 143.119 109.376 105.117 101.548 97.1866 77.8329 74.2286 62.6152 64.0998 54.4771 54.3396 51.3102 46.8261 43.9842 43.7926 41.6516 41.1346 37.211 34.6375 34.2115 30.5739 28.93 28.3477 27.7933 25.2147
threshold=0.021136409578927342 0.013202693954268721 0.4409438774463606 0.27881006914422796 0.028741948256311965 -0.49979355817152948 0.011010005984163967 0.28488853706356682 -0.34437524507926182 0.35485159231159891 -0.62858171608165914 0.016397385935230262 0.1128025912944423 -0.10317902805481748 -0.010737317203255601 0.058109820359706764 0.054113871611941179 -0.05297086855070287 -0.14530432690405304 -0.12097830489359886 0.0060959542017182686 0.217469135672161 -0.028946330512659376 -0.019167019424446204 0.0020449373842716949 -0.014052095545316055 0.018468353271388026 0.017309190757085608 -0.068666275425970744 0.045011761881034403
decision_type=2 2 2 2 2 2 2 2 2 2 2 2 2 2 2 2 2 2 2 2 2 2 2 2 2 2 2 2 2 2
left_child=1 5 9 16 15 14 23 8 -6 -2 25 -12 13 28 -1 -4 21 -10 -13 20 -18 -3 -17 -7 -8 -5 -15 -23 -11 -9
right_child=2 3 4 10 7 6 24 29 17 12 11 18 -14 26 -16 22 19 -19 -20 -21 -22 27 -24 -25 -26 -27 -28 -29 -30 -31
leaf_value=-1.5406932325136298 -1.6060352389746884 -1.6460053257740306 -1.5371344036635095 -1.4567031730255047 -1.4604822669256334 -1.6515776705912886 -1.6441807188075555 -1.5494610278841268 -1.5191909544834308 -1.5658893281348516 -1.6224342544149501 -1.5966347145674782 -1.5999424372140971 -1.4917081027775592 -1.6222567157813848 -1.5667503686712669 -1.5886172688109252 -1.5518247383790265 -1.6104727617501113 -1.628337503471551 -1.6238963293187783 -1.6345589558751872 -1.5848638873785934 -1.6759164922364695 -1.6588809901706594 -1.5636654637218683 -1.5843156220540038 -1.6169500183391452 -1.5209528231249354 -1.5809400755883425
leaf_weight=107.8090647906065 3789.6921505481005 2429.5238991826773 354.36828410625458 38.472829535603523 131.02939510345459 690.27036879956722 3042.5147015154362 309.78274695575237 474.82343089580536 323.38522639870644 3533.018683090806 3551.7321521788836 1952.6897985935211 34.093891650438309 340.58979447185993 1871.4186367541552 655.94009608030319 5943.6279222369194 6501.4663467854261 3024.4128827899694 683.23584133386612 3552.1675143390894 2878.7419839352369 3823.8792033195496 3300.5656096041203 87.502507969737053 3187.0004273056984 1231.0596749335527 239.63092681765556 1424.7099195122719
leaf_count=550 18768 12478 1725 194 631 3613 15724 1459 2261 1590 17890 17705 9527 172 1771 9165 3341 28341 32491 15407 3480 18098 13999 19890 17028 435 15605 6198 1187 6795
internal_value=-1.60937 -1.63095 -1.57492 -1.61885 -1.56162 -1.65801 -1.6603 -1.55343 -1.54763 -1.59361 -1.60924 -1.60997 -1.5854 -1.57789 -1.60265 -1.57491 -1.63023 -1.54941 -1.60558 -1.62167 -1.60662 -1.63541 -1.57773 -1.67219 -1.65183 -1.531 -1.58334 -1.63003 -1.54676 -1.57532
internal_weight=59509.2 36594.2 22915 25288.5 13388.5 11305.6 10857.2 8283.97 6549.48 9526.49 13712.2 13586.2 5736.8 3784.11 448.399 5104.53 11576.3 6418.45 10053.2 4363.59 1339.18 7212.75 4750.16 4514.15 6343.08 125.975 3221.09 4783.23 563.016 1734.49
internal_count=297518 186293 111225 127717 64376 58576 56255 39487 31233 46849 68715 68086 28081 18554 2321 24889 59002 30602 50196 22228 6821 36774 23164 23503 32752 629 15777 24296 2777 8254
is_linear=0
shrinkage=1


Tree=5
num_leaves=31
num_cat=0
split_feature=11 11 11 11 11 14 10 10 3 8 14 12 14 3 10 10 10 9 3 10 14 10 12 2 12 9 3 10 14 12
split_gain=4910.31 725.036 671.997 185.841 170.184 95.224 86.8407 63.7866 60.6876 58.1722 51.0683 51.8152 48.8193 44.0615 41.1438 40.3559 39.4696 37.9823 37.929 34.2962 34.2944 42.1352 34.9831 32.7403 31.3224 42.1785 34.8237 27.6394 27.5037 26.9085
threshold=0.019203700433683565 0.031447400669470417 0.014993320834952624 0.022976514244206877 0.011785704356360732 0.82287820885041796 0.30398602696436322 0.6829909997065674 -0.024853987492999382 -0.2874883811116779 0.52133005059509041 0.1711076546093849 0.099362213277682895 -0.085816044012495304 0.22752360704616864 0.26166733147223414 0.87584830217393617 0.14259692285760517 -0.34437524507926182 0.33988456645701565 0.94890755725246045 0.94301017942886756 0.17730810462552346 -0.12559119084406209 0.15791381554699643 0.37068268475452976 0.090656517899403224 0.49524866074908908 0.30322373605001457 0.30127431689664347
decision_type=2 2 2 2 2 2 2 2 2 2 2 2 2 2 2 2 2 2 2 2 2 2 2 2 2 2 2 2 2 2
left_child=2 3 4 19 -1 16 14 -7 9 23 11 -10 -8 -14 -4 17 -3 -6 -18 -2 22 -22 -9 -5 26 -26 -21 -12 -16 -20
right_child=1 5 6 8 15 7 12 20 10 -11 27 -13 13 -15 28 -17 18 -19 29 24 21 -23 -24 -25 25 -27 -28 -29 -30 -31
leaf_value=-0.053962880768362233 0.0031991107404338442 0.048023154466566798 -0.031414264026752611 0.041005530634814887 -0.011741911737202874 0.053709561434785336 -0.032087792074189679 0.15191664390746168 0.031656232847309729 -0.011666847855656274 0.036521404997886441 -0.0002575261730108261 -0.020248369518450972 0.0049161082658937087 -0.023540507586381064 -0.023384152021973675 0.0062865396590700206 -0.03921165560881773 0.097603986572677146 0.013767395299362776 0.055098039024029322 0.12181776124072362 0.092363406736516052 0.019264843977938106 0.017373037787991416 -0.024706560154609803 0.034186698743084019 0.055736716473395044 -0.009416070682927281 0.060962700200021369
leaf_weight=6493.5525016188622 4151.0067188888788 5009.6636921912432 1808.7392748147249 872.60590296983719 542.56282222270966 520.04894770681858 491.28935945034027 181.49683067202568 3576.7344661056995 520.91920398175716 1927.2682815343142 593.1092893332243 828.1121778190136 4354.7873186022043 2095.7142860591412 2927.3863255679607 82.576483994722366 6965.068264901638 364.03109149634838 3470.0689846873283 270.1553605645895 145.70294137299061 216.06368887424469 3359.4850272387266 541.74146163463593 425.13524052500725 1099.9518091082573 1223.9786631464958 4029.1391464620829 445.94759517908096
leaf_count=35269 20684 23008 9466 4115 2838 2362 2536 767 17042 2529 9160 2875 4198 21795 10775 15288 380 36970 1550 16961 1191 609 946 16067 2634 2128 5329 5700 20518 2019
internal_value=3.38564e-05 0.0295051 -0.0279524 0.0203873 -0.0412526 0.0569276 -0.0114065 0.0810628 0.028665 0.0198662 0.0343774 0.0271169 -0.0019604 0.000895384 -0.0181624 -0.0333432 0.0514749 -0.0372265 0.0708485 0.0100708 0.0985507 0.0784744 0.119551 0.0237475 0.0152225 -0.00112934 0.0186821 0.0439848 -0.014249 0.0774305
internal_weight=59534 28997.7 30536.4 21762 16928.6 7235.69 13607.8 1333.47 12074.1 4753.01 7321.09 4169.84 5674.19 5182.9 7933.59 10435 5902.22 7507.63 892.555 9687.9 813.419 415.858 397.561 4232.09 5536.9 966.877 4570.02 3151.25 6124.85 809.979
internal_count=297709 138056 159653 105224 90365 32832 69288 5875 57488 22711 34777 19917 28529 25993 40759 55096 26957 39808 3949 47736 3513 1800 1713 20182 27052 4762 22290 14860 31293 3569
is_linear=0
shrinkage=0.1


Tree=6
num_leaves=31
num_cat=0
split_feature=10 11 3 11 10 13 3 14 8 6 3 11 1 8 11 12 10 15 3 20 14 8 14 4 7 14 10 8 4 6
split_gain=1048.71 218.167 103.648 84.2745 60.7879 54.6421 50.0321 39.1771 27.6212 45.4031 34.2837 25.1783 24.6482 24.0616 23.0898 21.8692 19.938 17.891 17.3734 17.1805 16.8628 15.6458 15.4785 16.3108 15.1011 14.9024 14.9504 14.491 14.1775 13.8922
threshold=0.36184757158583436 0.026166410110065031 -0.036225501605067649 0.015457983596831476 0.55122560864558012 -0.47122742058122563 0.078538634444570224 0.58448093770169218 -0.3463158285116204 -0.039784230084062115 -0.06026550901678273 0.03666353773530228 -0.019674483378190773 -0.58242218007231317 0.019121878062349423 0.047980385710598185 0.26770907202979638 0.81900616882194321 -0.11636480775176226 1.0000000180025095e-35 0.39872361359974368 -0.23203458961042112 0.71701918500248818 -0.0013133105612745941 0.043678824171013549 0.52536095828274587 0.34638606948296879 1.0666025141675202 0.018730874962141101 -0.085641485660516811
decision_type=2 2 2 2 2 2 2 2 2 2 2 2 2 2 2 2 2 2 2 2 2 2 2 2 2 2 2 2 2 2
left_child=2 12 8 5 29 15 7 -7 10 -10 13 -6 20 -1 -14 17 19 -4 -15 21 -2 -5 28 -24 -12 26 -18 -8 -11 -3
right_child=1 4 3 16 11 6 27 -9 9 22 24 -13 14 18 -16 -17 25 -19 -20 -21 -22 -23 23 -25 -26 -27 -28 -29 -30 -31
leaf_value=0.0026155211433323347 -0.022198846911936361 -0.030989584727402333 0.0013120919013494036 0.033010631889965135 -0.026543094344388559 0.011988002078696033 0.036750784956029466 0.02349384219133242 0.013859703936068718 -0.030498589584506158 0.015943130745394826 -0.039026524785209148 0.0051502179880770042 0.019070481770805212 -0.0069143085075658072 -0.030690244460208616 0.0037579480380081492 0.09675924496906553 -0.021716807321070789 -0.00023231068814499355 -0.0082480813518876258 0.013762422748007791 0.024323635234587367 -0.020025102024148849 -0.028187197677790928 0.009887301947424881 -0.011391448961108951 0.015240312748605113 0.048122902971219676 -0.016192220298323023
leaf_weight=4123.8489424586296 1382.7322473675013 733.25218242406845 230.36893007159233 506.20253537595272 3372.0012449771166 6288.8245784938335 1983.9604482799768 5589.7082767337561 548.69230508804321 815.90629452466965 2159.1429684460163 3102.0193840712309 2193.5739110857248 121.92684328556061 5730.6866287887096 294.43384148180485 4154.775576621294 21.46866999566555 727.82450963556767 718.62002281844616 2320.4366809874773 2547.6678463220596 132.94508048892021 220.43618804216385 80.430114299058914 3541.1217683553696 772.54932245612144 371.88996763527393 23.599381268024445 4708.8734767436981
leaf_count=20772 6835 3591 1198 2547 16513 32072 10046 28399 2810 4233 10851 15009 10965 622 28326 1511 20725 112 3749 3612 11477 12834 685 1145 398 17637 3802 1874 125 23234
internal_value=-5.8639e-05 -0.0164671 0.0106794 0.0137693 -0.0259761 0.0188515 0.0200426 0.0174023 0.00135542 -0.00994738 0.00408441 -0.0325245 -0.00672208 -0.000541822 -0.00357464 -0.0121857 0.00763261 0.00944878 -0.0158644 0.0136793 -0.0134572 0.016953 -0.0208979 -0.00334072 0.0143583 0.00493894 0.00138269 0.0333552 -0.0282885 -0.018186
internal_weight=59519.9 23543.6 35976.3 27021.6 11916.1 14780.7 14234.4 11878.5 8954.75 1741.58 7213.17 6474.02 11627.4 4973.6 7924.26 546.271 12240.9 251.838 849.751 3772.49 3703.17 3053.87 1192.89 353.381 2239.57 8468.45 4927.32 2355.85 839.506 5442.13
internal_count=297709 115950 181759 136369 58347 75212 72391 60471 45390 8998 36392 31522 57603 25143 39291 2821 61157 1310 4371 18993 18312 15381 6188 1830 11249 42164 24527 11920 4358 26825
is_linear=0
shrinkage=0.1


Tree=7
num_leaves=31
num_cat=0
split_feature=11 11 11 11 10 11 12 9 10 12 10 10 6 0 10 11 5 11 11 13 11 14 1 14 13 13 10 6 10 9
split_gain=3784.99 645.728 616.879 155.183 132.493 120.852 84.9346 89.2827 65.7243 61.1487 47.2129 37.4174 35.8976 35.8506 28.5124 27.5504 25.3192 23.4615 22.5268 21.3665 21.3022 24.167 20.7822 18.9619 18.2986 18.2191 18.1953 17.6401 15.1508 15.2212
threshold=0.016958818053425386 0.027171441426836852 0.01127726258380332 0.013874951652455983 0.15449327047832809 0.0219933064777048 0.019203036636450028 0.12690374497050902 0.50339092722033618 0.34407823517132513 0.27640509670850633 0.2529513937194604 0.034620849111531633 -0.0058726785073355261 0.22002008001999721 0.032679232147815492 -0.0073735546184425229 0.010203725145284523 0.0089788543026652536 0.21174587669699832 0.01842494922025879 0.050989606543061512 0.0024229724525535183 0.083193568570258253 0.46425689098508122 -0.30404344918139553 0.87584830217393617 0.04578194077545706 0.18683182353970951 0.30677189752558548
decision_type=2 2 2 2 2 2 2 2 2 2 2 2 2 2 2 2 2 2 2 2 2 2 2 2 2 2 2 2 2 2
left_child=2 5 4 12 6 10 7 13 -3 16 -2 28 14 -1 22 -10 25 -18 -8 27 -12 -22 -4 -14 -7 -6 -17 -13 -5 -30
right_child=1 8 3 11 9 24 18 -9 15 -11 20 19 23 -15 -16 26 17 -19 -20 -21 21 -23 -24 -25 -26 -27 -28 -29 29 -31
leaf_value=0.049468887463575618 0.0042803040565232604 -0.030163812207345 0.027835771536663868 0.035315942686141112 0.0069105553238707623 -0.021801750966214048 0.085629639351750081 0.073407378668815471 -0.03823659611275454 0.21987636691192544 -0.0022371772599711769 0.0033506924689123913 0.083060937228608522 0.17518651926628315 0.02116999395770354 -0.047709896155729639 0.06281924559032008 0.044517283395614865 0.058034318790054266 0.025173097062266142 0.011496219726441124 -0.013315907677319173 0.043043350181029082 0.041755300171765319 0.00074246469488558578 0.040909379857954162 -0.062456286199905321 0.018064052246554833 0.016776503084304693 0.050758228133768492
leaf_weight=25.416548624634743 3310.2190611213446 3662.2953429967165 2154.5927015691996 570.03529499471188 189.61630414426327 8808.7697209566832 478.70228865742683 222.54543361067772 2612.2775912731886 20.775947242975235 3065.6340661644936 4419.6621893644333 120.03585697710514 210.92049899697304 3096.6074786186218 3782.5216072797775 1295.3821369856596 1525.003981217742 774.33104446530342 655.91553971171379 413.89268685877323 7612.7805864065886 1541.5331760644913 1499.2890942245722 375.3808950483799 933.91893215477467 1074.4015210717916 999.03865152597427 3945.5004875957966 136.36836841702461
leaf_count=124 16648 18234 10868 2873 951 43940 2342 1099 12949 94 15478 22188 606 956 15530 18688 6428 7591 3852 3285 2099 38144 7704 7534 1887 4685 5266 5038 19931 697
internal_value=3.18996e-05 -0.0212854 0.0298563 0.0212695 0.0588065 -0.0119165 0.0820561 0.118863 -0.0411373 0.0487675 -0.00620048 0.0132953 0.0314378 0.161666 0.0282482 -0.0465179 0.0478662 0.0529232 0.0685767 0.00812678 -0.0093282 -0.0120365 0.0341784 0.0448172 -0.0208803 0.0351715 -0.0509719 0.00606337 0.0200444 0.0179118
internal_weight=59533.4 34718.2 24815.2 19138.6 5676.61 23586.7 1711.92 458.882 11131.5 3964.7 14402.5 10726.5 8412.06 236.337 6792.73 7469.2 3943.92 2820.39 1253.03 6074.62 11092.3 8026.67 3696.13 1619.32 9184.15 1123.54 4856.92 5418.7 4651.9 4081.87
internal_count=297709 173333 124376 96254 28122 118196 8373 2179 55137 19749 72369 54012 42242 1080 34102 36903 19655 14019 6194 30511 55721 40243 18572 8140 45827 5636 23954 27226 23501 20628
is_linear=0
shrinkage=0.1


Tree=8
num_leaves=31
num_cat=0
split_feature=11 10 11 3 8 8 3 3 11 10 12 8 11 7 10 11 2 11 1 9 14 11 10 11 9 1 12 14 5 4
split_gain=1676.96 272.519 170.304 48.1287 109.443 72.9684 71.8223 46.5582 39.5128 38.5971 32.0769 31.2006 33.6296 27.6674 24.3047 23.9137 23.4621 21.4277 20.5709 19.2255 19.0061 17.7987 17.7263 16.6086 15.5206 14.8494 14.5458 14.2471 14.0336 13.4581
threshold=0.021415522233453801 0.26042239776700532 0.033390417963445856 -0.056114781438342469 -0.57195098084725693 -0.38951877283373088 -0.037329996352306598 -0.030987152952090199 0.011541596911396184 0.47724090890967502 0.18428424274105296 -0.63853570568739071 0.017027663091548673 0.11828060956079446 0.26529183027931874 0.013267867499468214 0.0012184876495753285 0.03924277595886546 -0.015414284463986403 0.59097996934418184 0.61538456330705049 0.01433443486345492 0.31257173613742367 0.01200892335922187 0.59097996934418184 -0.00050833765185487312 0.092508555498631129 0.51343183950350013 0.11251303215306675 -0.015798904921015208
decision_type=2 2 2 2 2 2 2 2 2 2 2 2 2 2 2 2 2 2 2 2 2 2 2 2 2 2 2 2 2 2
left_child=1 3 9 4 -1 23 21 11 18 14 -11 -3 20 -8 -2 -6 -10 -4 -9 -16 -13 -7 -18 25 27 -5 -17 -12 -26 -14
right_child=2 7 17 5 15 6 13 8 16 10 24 12 29 -15 19 26 22 -19 -20 -21 -22 -23 -24 -25 28 -27 -28 -29 -30 -31
leaf_value=0.018901607349502962 0.0098175212187417253 0.0058568204089867008 -0.031205166197427855 0.021709356014852969 0.084058757822625091 0.06992681124641667 0.022043052970942625 0.091968015960542771 -0.0063607447400165183 -0.028236178280815774 -0.0092353120356568567 0.048210828736261896 -0.029303174239361653 0.0047075179237660789 -0.014921516638578906 0.056293338564630591 0.0079727091065205195 -0.043918702135421095 0.024162255837358385 0.015051034081633675 0.019524029606043439 0.033636487886161567 -0.0012569529439955308 -0.0025072262678372918 0.0028221313938567067 -0.00069348056217514683 0.0091448807242592387 -0.031072383038820053 -0.052875433602562132 0.013114814830294886
leaf_weight=1660.0668787509203 437.12299965322018 3565.7671048045158 2665.747089728713 765.01005892455578 324.09630227088928 368.83780753612518 12267.68304567039 53.871863439679146 3993.9860869348049 4144.3241085857153 632.58707991242409 517.02915965020657 79.704468458890915 995.34580367803574 9837.3522252440453 486.41910891234875 3824.7155573964119 2637.185015141964 264.02069285511971 218.76765643060207 417.41269999742508 213.30560410022736 4563.960181877017 1527.4638970941305 668.29578584432602 482.46861226856709 75.604203835129738 566.17250271141529 48.521709635853767 1214.7406333386898
leaf_count=8339 2196 17837 13050 3889 1657 1875 62346 275 19923 20340 3160 2620 396 5005 48784 2466 19248 12835 1359 1113 2093 1082 22807 7673 3382 2462 373 2784 237 6103
internal_value=0.000102558 0.0128898 -0.0219319 0.021246 0.0340488 0.0192846 0.022251 0.00423036 0.000841362 -0.0169356 -0.0232898 0.0116583 0.0209394 0.0207421 -0.0132661 0.0624257 -5.23365e-05 -0.0375277 0.035653 -0.0142695 0.0353965 0.0566295 0.0029512 0.00448427 -0.0125884 0.0130449 0.0499509 -0.0195489 -0.000948063 0.010503
internal_weight=59517.6 37661.5 21856.1 19166.3 2546.19 16620.1 13845.2 18495.2 12700.6 16553.1 6059.9 5794.65 2228.89 13263 10493.2 886.12 12382.7 5302.93 317.893 10056.1 934.442 582.143 8388.68 2774.94 1915.58 1247.48 562.023 1198.76 716.817 1294.45
internal_count=297709 189828 107881 97167 12835 84332 70308 92661 63612 81996 29903 29049 11212 67351 52093 4496 61978 25885 1634 49897 4713 2957 42055 14024 9563 6351 2839 5944 3619 6499
is_linear=0
shrinkage=0.1


Tree=9
num_leaves=31
num_cat=0
split_feature=11 11 11 13 13 11 11 13 11 3 13 3 2 5 14 13 3 13 5 11 8 3 3 3 2 6 2 14 8 7
split_gain=3626.15 850.236 506.622 145.908 131.691 113.362 101.063 95.9612 89.5068 76.2873 50.7586 60.8194 84.1227 48.3382 45.6765 45.2006 41.3701 43.4658 39.3052 38.9306 36.9187 41.8553 33.1169 32.7924 38.3727 29.0616 27.8326 26.3942 26.0128 25.1368
threshold=0.017238907811270087 0.024962595728285939 0.013202693954268721 -0.51731876989679637 0.18182893995234309 0.029644310130660798 0.010438708093063751 -0.59193301882767668 0.021136409578927342 -0.23888391317825761 0.19877634343736192 -0.0044802512666357588 0.027033313554510444 -0.01399544891198856 0.94890755725246045 -0.12584314833500146 -0.075101881029751003 -0.023691372963461844 0.00057832979320615607 0.01505561606670911 2.5607691747974779 -0.22414569702929829 1.0000000180025095e-35 0.0051981925058846032 0.043726456131482301 -0.085641485660516811 -0.024833848706303559 0.51343183950350013 -0.5186804961264414 -0.14850022041834229
decision_type=2 2 2 2 2 2 2 2 2 2 2 2 2 2 2 2 2 2 2 2 2 2 2 2 2 2 2 2 2 2
left_child=2 8 3 13 5 22 -5 18 15 29 11 12 -9 -1 -11 25 17 28 -4 -13 21 -6 26 24 -8 -2 -3 -24 -10 -7
right_child=1 4 7 6 20 9 23 10 16 14 -12 19 -14 -15 -16 -17 -18 -19 -20 -21 -22 -23 27 -25 -26 -27 -28 -29 -30 -31
leaf_value=0.089195282449074653 0.067510410202973131 0.03230442729087326 0.11465649054457594 -0.063068067312357576 0.050214920541160439 0.10373338365946426 -0.036184177847478738 -0.011299341212199367 0.037653750679692677 0.047142620351592897 -0.032709871260095329 -0.029094705174599368 0.029948888183176727 -0.0020438587576859179 0.079191260341348407 -0.0035732625889329812 0.010946070332480436 0.013070509612031923 0.010641357911322816 -0.013993554239074626 0.062294889283247182 0.017828664817695499 0.033909203961384589 -0.047561582944491108 0.023629169929347934 0.0083283831121514496 0.054791242267564016 0.013555818728150031 0.091076237762226689 0.04620255231077923
leaf_weight=71.325804486870766 84.745295137166977 1354.9530693292618 74.681580081582069 3087.6568017303944 447.51351085305214 371.37586839497089 3233.6609923988581 4203.0839765071869 788.40189598500729 5157.8689898997545 1911.5813854932785 3249.6827375590801 560.34283702075481 312.36808124184608 486.66625790297985 7394.479513540864 6346.5365675091743 947.8757151812315 70.74238745868206 3596.4671842902899 232.44066742062569 3684.9792278259993 1440.4178152233362 4074.6074429154396 110.93684467673302 3969.045108050108 927.00035098195076 1142.5058796554804 103.0611914396286 95.47029909491539
leaf_count=348 419 6451 368 16900 2067 1688 17272 21672 3796 23702 9993 16908 2849 1631 2184 37177 30857 4589 358 18363 1069 17314 6865 21840 589 19697 4410 5398 501 434
internal_value=-0.000109663 0.0205705 -0.0295632 -0.0456533 0.0382091 0.0440518 -0.0478652 -0.0167415 0.00678848 0.053119 -0.0176105 -0.0151243 -0.00644713 0.0149168 0.0499058 0.00107916 0.0147732 0.0279785 0.0640577 -0.0211617 0.023517 0.0213358 0.0326614 -0.0415382 -0.0342002 0.0095656 0.0414393 0.0249063 0.0438299 0.0919683
internal_weight=59532.5 34975.3 24557.1 10890.6 15341.2 10976.3 10506.9 13666.6 19634.1 6111.38 13521.2 11609.6 4763.43 383.694 5644.54 11448.3 8185.88 1839.34 145.424 6846.15 4364.93 4132.49 4864.88 7419.21 3344.6 4053.79 2281.95 2582.92 891.463 466.846
internal_count=297709 168618 129091 58580 71582 51132 56601 70511 97036 28008 69785 59792 24521 1979 25886 57293 39743 8886 726 35271 20450 19381 23124 39701 17861 20116 10861 12263 4297 2122
is_linear=0
shrinkage=0.1


Tree=10
num_leaves=31
num_cat=0
split_feature=11 11 11 11 11 11 14 14 11 13 3 8 20 2 3 8 2 14 13 9 6 11 14 14 1 3 8 8 3 13
split_gain=3908.4 607.015 542.817 144.215 96.5495 89.8314 72.5257 66.8853 49.0476 47.2822 38.4495 40.4995 38.3614 37.1028 59.0294 39.968 37.1951 33.252 31.2653 31.1661 25.8132 25.7955 23.9456 22.8643 28.7088 22.5494 30.1944 29.7398 21.5835 21.2328
threshold=0.019361855176151271 0.014993320834952624 0.028116329546130112 0.011858739656917269 0.034657703752336073 0.021896912404622007 0.075142578063459073 0.81894530033498447 0.016673835256244038 0.21174587669699832 -0.065920072434515239 -0.93453538168835049 1.0000000180025095e-35 -0.1427284445872323 -0.037329996352306598 -0.3041864023855339 -0.0076317942630257365 0.311051429118193 0.083751751594152088 0.19994622590925948 0.21124932262586352 0.0089788543026652536 0.91865545299404883 0.34240584280238456 -0.085366500921704377 -0.087665359356838821 -1.8348672253657932 -0.66239283246067104 -0.34437524507926182 0.1128025912944423
decision_type=2 2 2 2 2 2 2 2 2 2 2 2 2 2 2 2 2 2 2 2 2 2 2 2 2 2 2 2 2 2
left_child=1 3 5 21 18 10 -3 28 25 12 11 -2 17 -7 15 -15 -16 -5 23 -14 22 -1 -9 -4 -25 26 -8 -27 -6 -23
right_child=2 6 4 9 7 13 8 20 -10 -11 -12 -13 19 14 16 -17 -18 -19 -20 -21 -22 29 -24 24 -26 27 -28 -29 -30 -31
leaf_value=-0.064426245969181159 0.007064843972218674 -0.033017064479508619 0.017984482268918352 -0.041947343676304871 0.0080561635446022156 0.048841210548634176 0.043799329288374038 0.088989736727046798 -0.0024556165933951797 -0.050152905491790946 0.010557073916668946 -0.025433086853456799 0.0023593580185558086 0.012606928298821192 0.03664047800496914 -0.023326267876378117 0.020577977154159727 -0.026981684057249818 0.043958676977884047 -0.025148728663911785 0.1336835293953049 -0.044109054522260494 0.057685334293978499 -0.0016042407429232919 0.038159928619883224 0.011844781280911588 -0.0411674172349661 -0.015436290234279414 0.049167255803249911 -0.060270996377163655
leaf_weight=1020.467415869236 866.15198071300983 1225.7424904853106 1227.5178133547306 2122.8040659725666 131.94689692556858 460.23891711235046 45.577483013272285 445.10535794496536 7611.9087877571583 1101.5261994153261 5316.1536783874035 688.14014008641243 651.97997756302357 3066.4007254242897 1973.5487520694733 344.29852193593979 5349.0562208592892 4938.7199462205172 2315.9305217415094 1118.3777966201305 72.357400164008141 4406.2541206479073 541.7704496383667 198.23864547908306 2158.6184767484665 442.32620544731617 507.88844995200634 4135.8073892593384 3971.1357389986515 996.75147706270218
leaf_count=5903 4249 6496 5666 11594 595 2121 228 1821 38578 6084 26011 3446 3439 14617 9237 1692 25233 26677 10479 5983 283 24796 2266 915 9778 2263 2673 21444 17291 5659
internal_value=3.41246e-05 -0.0250934 0.0261965 -0.038168 0.043641 0.0155132 -0.00978412 0.0536286 -0.00754944 -0.0306172 0.00651206 -0.00732314 -0.0281807 0.021038 0.0198458 0.00897959 0.0249071 -0.0314806 0.0349026 -0.0150182 0.0760314 -0.0498447 0.0718044 0.0290514 0.0348153 -0.0151053 -0.0341705 -0.0128005 0.0478452 -0.0470906
internal_weight=59452.7 30326.1 29126.6 16356.9 11062.6 18064 13969.3 5162.32 12743.5 9933.41 6870.45 1554.29 8831.88 11193.5 10733.3 3410.7 7322.6 7061.52 5900.31 1770.36 1059.23 6423.47 986.876 3584.37 2356.86 5131.6 553.466 4578.13 4103.08 5403.01
internal_count=297517 161817 135700 90135 49094 86606 71682 22256 65186 53777 33706 7695 47693 52900 50779 16309 34470 38271 26838 9422 4370 36358 4087 16359 10693 26608 2901 23707 17886 30455
is_linear=0
shrinkage=0.1


Tree=11
num_leaves=31
num_cat=0
split_feature=10 10 10 9 5 13 4 12 13 10 9 7 5 7 20 6 14 7 20 5 19 12 10 19 5 2 9 9 9 4
split_gain=842.173 118.497 75.1811 42.0674 30.6864 26.1729 26.305 26.0484 24.7899 23.6632 22.9469 32.8961 23.5241 20.0135 19.925 20.4138 19.4214 18.1221 17.4565 15.182 15.1897 15.121 16.2805 13.1389 26.6519 10.113 9.68177 10.6717 18.1514 9.28972
threshold=0.36725836505745152 0.53539937593855647 0.24809931003811556 0.45384852073307752 -0.012900774669101332 -0.53900217481006318 0.0083267406316172039 0.11851313085569597 -0.45828610206435599 0.42803100813915618 0.19068489788914558 0.039908694295188958 0.050145056086659874 -0.135530212765714 1.0000000180025095e-35 0.067650637986989351 0.84941174769146233 0.22426607976330495 1.0000000180025095e-35 0.029702604200611996 1.0000000180025095e-35 0.15555609512175131 0.82199011938888855 1.0000000180025095e-35 0.012770133388979922 -0.13108779010672486 0.71840779499720087 0.33148088062486553 0.53421525542471382 -0.003840803751815169
decision_type=2 2 2 2 2 2 2 2 2 2 2 2 2 2 2 2 2 2 2 2 2 2 2 2 2 2 2 2 2 2
left_child=2 7 4 -3 8 -4 13 9 -1 19 11 16 -13 -7 15 -12 -6 21 -15 20 -2 -5 -23 -8 -25 -10 27 -9 -29 -27
right_child=1 3 5 17 10 6 23 26 25 -11 14 12 -14 18 -16 -17 -18 -19 -20 -21 -22 22 -24 24 -26 29 -28 28 -30 -31
leaf_value=-0.039162218034852675 -0.0079426063663236429 -0.011051155821671613 -0.02534291282086909 -0.031113685596819065 0.012420732317811236 -0.011114393712575207 0.00019061080301989306 0.0029963754780495018 0.073438933978159357 -0.017910740657317292 0.01371881848262577 0.029105382912320239 0.10881470127431636 0.0093667901309181147 0.0014968263296029404 0.042114967409821284 0.030749518807538897 -0.03880365181650966 0.0011384242592953593 0.0013274597061820092 -0.023971544080468636 -0.015313046004890613 -0.031044048567269136 -0.035598356475456068 0.0063413695095297156 -0.00064619959627489607 0.040575225819796022 -0.014003372681876985 0.0020713135155845312 0.010435422365101808
leaf_weight=115.94667781889439 3000.083935931325 1860.9061925858259 278.09316219389439 2593.1706679612398 3476.8976348042488 585.04006570577621 2152.2202580273151 1551.4077246934175 23.311475992202759 4309.7110130339861 5258.2173838764429 2232.8743691593409 37.649291217327118 12842.809676244855 1340.8755896538496 265.97200122475624 693.4095051586628 1267.7365785092115 3225.9023138582706 1333.6090648174286 736.30500793457031 1944.0654730349779 994.40905494987965 331.51894481480122 279.07519111037254 1045.6011439263821 49.960953935980797 1681.1745988875628 1206.6546403318644 2735.7590837329626
leaf_count=608 14921 9281 1409 12857 17649 2902 10724 7767 115 21403 26478 11185 191 63974 6757 1330 3499 6289 16076 6657 3645 9806 4973 1645 1379 5304 255 8391 6112 13935
internal_value=4.0915e-05 -0.0151957 0.00933825 -0.0243735 0.0141632 0.00511797 0.00555425 -0.00946474 0.00638786 -0.0124629 0.0164542 0.0207416 0.0304271 0.00705342 0.0124318 0.015086 0.0154683 -0.0280196 0.00771489 -0.00783206 -0.0111013 -0.0255481 -0.0206366 -0.00348253 -0.0164296 0.00777599 -0.00320034 -0.00369301 -0.0072867 0.00737119
internal_weight=59450.4 22529.2 36921.2 8660.29 17226.5 19694.7 19416.6 13868.9 3920.62 9379.71 13305.9 6440.83 2270.52 16653.8 6865.06 5524.19 4170.31 6799.38 16068.7 5070 3736.39 5531.65 2938.47 2762.81 610.594 3804.67 4489.2 4439.24 2887.83 3781.36
internal_count=297517 112357 185160 43206 87051 98109 96700 69151 19962 46626 67089 32524 11376 82952 34565 27808 21148 33925 80050 25223 18566 27636 14779 13748 3024 19354 22525 22270 14503 19239
is_linear=0
shrinkage=0.1


Tree=12
num_leaves=31
num_cat=0
split_feature=11 11 11 11 11 12 12 11 9 1 13 13 3 8 11 1 13 8 11 12 13 7 12 8 11 2 11 8 11 13
split_gain=3059.45 652.92 420.796 131.342 94.603 84.7734 91.0242 83.9509 72.1591 39.0153 35.0948 33.4407 29.6164 32.3464 25.4057 20.6269 24.5995 20.2651 19.1947 19.0359 18.8932 17.767 17.1596 15.4411 13.7552 13.6216 12.1964 11.829 11.284 11.736
threshold=0.016259463834901684 0.025108207039482158 0.010323607214828489 0.013068247663871442 0.033390417963445856 0.26767050964610645 0.018273379900259793 0.020512685269949097 0.12355671282667714 -0.0081210917932337239 0.31952424759559866 0.18182893995234309 0.0042962529917296441 0.64323613664558221 0.014863749111867344 -0.010596508541538706 -0.47122742058122563 -0.88103378990722903 0.01842494922025879 0.024374851613088031 -0.20748696192751101 0.14633062192748539 0.073820718003458172 -0.26323329446498672 0.045623160981048044 0.1696696969672167 0.027539727506758132 -0.65040869146296598 0.0219933064777048 -0.011947823525978491
decision_type=2 2 2 2 2 2 2 2 2 2 2 2 2 2 2 2 2 2 2 2 2 2 2 2 2 2 2 2 2 2
left_child=2 7 5 12 26 6 8 10 9 -1 18 14 19 23 22 16 -8 -17 -2 -4 -15 27 -5 -14 -6 28 -3 -13 29 -9
right_child=1 4 3 11 24 -7 15 25 -10 -11 -12 21 13 20 -16 17 -18 -19 -20 -21 -22 -23 -24 -25 -26 -27 -28 -29 -30 -31
leaf_value=0.044167972964284749 -0.00040893194208337823 -0.024495068544593754 0.04343191408039223 0.021012289921154254 -0.04352038654222623 0.21076094244014443 -0.019959985900585321 -0.016334613545692291 0.065892740485277171 0.16403655302780551 0.015684262148987986 0.048565643272061344 0.064529179579626311 -0.002888094348422101 0.0074594550446554072 0.10400644024067907 0.04381475521632161 0.055306336862022125 -0.0083984855178769451 0.022574059238182231 0.030081449018964763 -0.023757629199566328 0.0079519838280455776 0.039881126497361537 -0.056024359601541465 0.014534629153229842 -0.032155064539073651 0.026519541642449726 -0.018026093842412085 -0.0049222424436467828
leaf_weight=32.356024205684662 6564.3426168560982 3447.4769683480263 510.9532615095377 4153.7060258090496 3902.5454204231501 37.015059322118759 65.700826853513718 1907.0285094827414 273.90518547594547 168.87047009170055 971.58502635359764 295.2098700106144 274.4739800542593 255.83348239958286 4124.5894951820374 89.088954776525497 761.46347665786743 2089.2171906381845 5548.8775117695332 3046.0115862190723 542.13847616314888 62.862895488739014 1327.5221787244081 3434.678823530674 1135.8316114544868 155.01247164607048 5235.0466247200966 1386.2526623159647 5948.3699593991041 1708.2494927793741
leaf_count=146 32962 17553 2511 20548 20008 150 327 9620 1279 687 4918 1448 1341 1245 20593 419 3666 9889 28050 14938 2624 311 6606 16718 5805 796 26755 6862 30133 8609
internal_value=-0.000228202 -0.0182025 0.0284001 0.022634 -0.0354389 0.0602238 0.0586229 -0.00783126 0.0992954 0.144762 -0.0026021 0.015701 0.0323921 0.0377757 0.013388 0.0521931 0.0387492 0.0572981 -0.00406882 0.0255703 0.0195113 0.0284387 0.0178492 0.0417051 -0.0463392 -0.0148716 -0.0291136 0.0303901 -0.0153482 -0.0109422
internal_weight=59456.2 36524.4 22931.8 19414.2 13720.9 3517.62 3480.6 22803.5 475.132 201.226 13084.8 11350.1 8064.09 4507.12 9605.82 3005.47 827.164 2178.31 12113.2 3556.96 797.972 1744.33 5481.23 3709.15 5038.38 9718.66 8682.52 1681.46 9563.65 3615.28
internal_count=297517 185209 112308 95745 70121 16563 16413 115088 2112 833 65930 56368 39377 21928 47747 14301 3993 10308 61012 17449 3869 8621 27154 18059 25813 49158 44308 8310 48362 18229
is_linear=0
shrinkage=0.1


Tree=13
num_leaves=31
num_cat=0
split_feature=10 10 10 9 10 8 3 19 4 12 12 12 10 12 8 3 8 12 3 8 3 9 3 4 4 3 10 9 2 14
split_gain=1174.98 224.569 131.177 51.3689 32.3173 30.4157 101.545 29.6241 29.0202 27.1361 27.1145 26.4306 32.4704 25.9773 24.2633 22.3779 37.1675 21.2916 21.2854 24.3012 19.1117 18.2434 16.7431 16.1555 15.64 15.3118 15.1471 14.5125 13.85 12.715
threshold=0.31852383468093082 0.47724090890967502 0.26529183027931874 0.44715879289082389 0.64273402643263466 -0.52914631810310786 -0.037329996352306598 1.0000000180025095e-35 0.0072800209242762657 0.24954482501842143 0.18822591212013365 0.11381249587869656 0.36016018262258948 0.2274354751288756 -0.22421676791645248 -0.073460645509585851 -0.75540399697590865 0.10081564352849852 -0.019036965580258688 -1.1868589974634058 -0.056114781438342469 0.23614505747939815 -0.037329996352306598 0.004197188706406064 -0.014873856865862843 -0.089784781584517623 0.94301017942886756 0.15511714152195558 -0.06192222330234242 0.70550697144083974
decision_type=2 2 2 2 2 2 2 2 2 2 2 2 2 2 2 2 2 2 2 2 2 2 2 2 2 2 2 2 2 2
left_child=2 11 5 10 13 15 17 14 -9 -6 -3 12 -2 -5 -8 16 -1 20 19 -4 -7 -12 27 -20 -21 -26 -11 -13 -24 -17
right_child=1 3 18 4 9 6 7 8 -10 26 21 22 -14 -15 -16 29 -18 -19 23 24 -22 -23 28 -25 25 -27 -28 -29 -30 -31
leaf_value=0.010939005025752381 -0.00294350432662141 -0.023048058880568174 -0.010478764235326274 -0.025101265786740386 -0.041519672502642831 0.056605760648732663 0.0099099837318062638 0.0046966700992361488 0.035093557764633868 -0.016727975356010887 0.020780499060925592 0.066969111153578356 -0.013134075873228419 0.0024210049221171318 0.021701046396960497 -0.0012254375540523702 0.0490728042804277 0.0023825435676303945 0.004008376208228014 -0.018721011214177428 0.035381558416661643 -0.0087541219192200925 -0.032694235351304925 -0.0072675955755998169 0.029984786576671071 0.011818483518053341 -0.036914383481654829 0.0065177352785975445 -0.0030419509852195881 0.014073992268282671
leaf_weight=1030.8719508945942 5123.5674199312925 1427.5934847146273 462.82335788011551 4518.7180327177048 2506.5282351523638 804.26140819489956 2105.1731619983912 2542.5180614590645 358.34819021821022 940.68587748706341 251.76442231237888 40.774043291807175 8022.7080705314875 371.11103950440884 10206.008389770985 1499.2694406956434 339.85039882361889 123.34086011350155 4276.6870495080948 136.4073394536972 897.95703132450581 1235.3996877223253 167.47227869927883 1807.6778296977282 603.24533784389496 2009.6511439830065 614.56471475958824 1525.8601930141449 2650.6019115447998 851.83933198451996
leaf_count=5085 25632 7131 2292 22689 12520 3930 10547 12693 1799 4775 1275 208 40050 1898 51168 7486 1702 600 21461 681 4432 6206 830 9006 3050 10004 3076 7680 13330 4281
internal_value=0.000103901 -0.0141108 0.0140071 -0.0247343 -0.0284887 0.0184281 0.0202171 0.0175427 0.00845164 -0.0350813 -0.0132039 -0.00692002 -0.00916245 -0.0230125 0.0196848 0.0102384 0.0203937 0.0425025 0.00413498 0.0107205 0.0454095 -0.00375416 -0.000196735 0.000658261 0.0142893 0.0160126 -0.0247047 0.00809107 -0.00480412 0.00431776
internal_weight=59453.3 29397.3 30055.9 11866.4 8951.61 20759.4 17037.6 15212 2900.87 4061.78 2914.76 17531 13146.3 4889.83 12311.2 3721.83 1370.72 1825.56 9296.49 3212.13 1702.22 1487.16 4384.71 6084.36 2749.3 2612.9 1555.25 1566.63 2818.07 2351.11
internal_count=297517 147300 150217 59570 44958 103723 85169 76207 14492 20371 14612 87730 65682 24587 61715 18554 6787 8962 46494 16027 8362 7481 22048 30467 13735 13054 7851 7888 14160 11767
is_linear=0
shrinkage=0.1


Tree=14
num_leaves=31
num_cat=0
split_feature=11 11 11 13 13 11 13 11 11 12 13 13 12 18 3 5 13 1 4 1 3 8 3 1 8 14 9 5 14 3
split_gain=2976.82 642.734 492.975 112.979 98.2941 84.8267 81.5115 77.8094 63.933 55.4056 57.1616 48.4077 47.9188 53.1649 45.3584 43.9095 42.6813 44.2792 41.6085 36.868 33.3356 32.4504 30.8977 30.8437 29.3764 29.0166 28.097 26.8378 26.5312 24.1534
threshold=0.017238907811270087 0.026655296096050472 0.012933436733905164 -0.45828610206435599 0.18182893995234309 0.021136409578927342 -0.62858171608165914 0.01054007550812013 0.03785062095668832 0.054113871611941179 -0.081542808130490849 0.08912365172127619 0.039332914516404333 1.0000000180025095e-35 -0.087665359356838821 -0.0096847829050755712 -0.023691372963461844 -0.033710857163067313 0.010691840157894596 0.0098867048392423679 -0.14823419159719139 1.33814003492823 -0.075101881029751003 -0.013190540990782649 2.5607691747974779 0.55693640183604676 0.18940700244800721 0.0008755028227278584 0.15144374428593532 -0.34437524507926182
decision_type=2 2 2 2 2 2 2 2 2 2 2 2 2 2 2 2 2 2 2 2 2 2 2 2 2 2 2 2 2 2
left_child=2 5 3 12 8 16 27 23 20 22 18 14 -1 -14 28 -15 17 25 -11 -9 -3 -22 -8 -5 -6 -2 -24 -4 -7 -10
right_child=1 4 6 7 24 11 9 19 29 10 -12 -13 13 15 -16 -17 -18 -19 -20 -21 21 -23 26 -25 -26 -27 -28 -29 -30 -31
leaf_value=-0.043664479953617129 0.039697360426942621 0.053508601787906673 0.11225635767287177 -0.041821883218627183 0.02043240298009745 0.067861037685760656 -0.0022328424471001248 -0.034402176120758902 0.11410990062581437 -0.0032365590284746783 -0.018686879974306573 0.0049296364972987953 -0.0032791812202231001 0.15645862666307628 0.015245108532992258 0.02385748852486308 -0.0042706169247356453 0.0039607499032328413 0.043517043259988772 -0.050396478506572577 0.030653711614939728 0.049931134918606415 -0.039699355446272573 -0.065792937325130946 0.057682008626376902 0.0065920157201129967 -0.021514475478607527 0.01227645530669213 0.029386961259096102 0.05466147319792191
leaf_weight=171.01965935528278 647.34074129164219 1046.8080724328756 63.876747220754623 694.89027957618237 3564.000241085887 209.42370697855949 705.15180915594101 3635.0722301602364 70.583500578999519 3209.101868674159 3474.0337365716696 3578.583658516407 261.83541668951511 44.471631184220314 6015.6999777108431 56.955223724246025 5383.8626212179661 5006.9427950531244 202.35236606001854 2387.9100279062986 4824.7236747592688 1066.1849267780781 999.8561300188303 2359.042218759656 225.08829115331173 447.98098269104958 5655.6762386113405 46.316146463155746 1243.3468718081713 2153.5921205282211
leaf_count=914 3194 4694 292 3970 16332 985 3722 20022 293 16537 18209 17273 1378 214 28723 305 27171 24863 1018 13267 21897 4821 5352 13585 989 2221 29870 232 5818 9356
internal_value=4.9276e-05 0.0184396 -0.0271777 -0.0447058 0.036192 0.00823633 -0.0154431 -0.0473362 0.0417946 -0.0161058 -0.00965792 0.0144926 -1.74277e-05 0.0205311 0.0190748 0.0819978 0.00221917 0.00794493 -0.000463342 -0.0407434 0.0370648 0.0341427 -0.0221375 -0.0603386 0.0226452 0.0261574 -0.0242464 0.0702329 0.0349332 0.056548
internal_weight=59451.7 35484.2 23967.6 9611.2 12951 22533.2 14356.4 9076.91 9161.89 14246.2 6885.49 11047.1 534.282 363.262 7468.47 101.427 11486.1 6102.26 3411.45 6022.98 6937.72 5890.91 7360.68 3053.93 3789.09 1095.32 6655.53 110.193 1452.77 2224.18
internal_count=297517 168630 128887 53655 58382 110248 75232 50844 41061 74708 35764 52799 2811 1897 35526 519 57449 30278 17555 33289 31412 26718 38944 17555 17321 5415 35222 524 6803 9649
is_linear=0
shrinkage=0.1


Tree=15
num_leaves=31
num_cat=0
split_feature=11 11 11 10 10 11 10 12 10 13 9 12 10 8 9 9 20 13 10 7 7 8 8 10 12 12 1 11 9 2
split_gain=3114.37 515.839 421.47 125.281 115.205 79.6578 78.462 49.7617 74.8175 42.5485 43.0056 38.6857 50.4128 37.3124 31.7297 29.8448 29.729 27.4911 27.1749 25.4605 24.4779 24.3474 23.0032 21.0053 20.9761 24.6263 20.2266 19.8047 19.1492 18.6731
threshold=0.018504016668525445 0.026989520915399905 0.014001839504569522 0.70768858675509283 0.23478456748919529 0.011102320382114854 0.32175930540373099 0.30127431689664347 0.94301017942886756 0.097736330084788783 0.20252518981897688 0.16825276195964523 0.52570161321362696 -1.8348672253657932 0.20635273854173328 0.55103018227636302 1.0000000180025095e-35 -0.016759826562344784 0.3083815388531535 0.16306219915639567 0.021441705796796055 -1.0858193969057173 -1.1088776345724642 1.1577588515056088 0.069734531124326954 0.13770824345872959 0.11307106098657151 0.008502504389704766 0.36249052749907679 -0.25231880790157496
decision_type=2 2 2 2 2 2 2 2 2 2 2 2 2 2 2 2 2 2 2 2 2 2 2 2 2 2 2 2 2 2
left_child=2 6 5 17 -4 27 19 8 -5 10 16 12 13 -8 20 -13 -7 24 21 22 -6 -16 -2 26 -3 -26 -9 -1 -24 -10
right_child=1 3 4 7 14 9 11 23 29 -11 -12 15 -14 -15 18 -17 -18 -19 -20 -21 -22 -23 28 -25 25 -27 -28 -29 -30 -31
leaf_value=-0.066733831113865008 0.021480589734968861 0.0079387740239348203 -0.029918360513536753 0.052647101723895189 -0.0062087528507403789 -0.025594408721392334 0.051796785273670098 0.022986951234916779 0.025228288392775494 -0.045946690930470324 -0.037179446149436857 0.0074910072560775464 0.040740747053125442 0.013817652763021805 0.013731607494603962 -0.022901865544618316 -0.0017241367881384044 0.03482654607984436 -0.0045660749631735538 0.025910496868326249 0.021296377951833281 -0.016650353836539698 -0.0012602674040498212 0.06431201704776883 0.034492317986739268 0.016981762158497751 0.06465037873225489 -0.046819231163015958 -0.01919328910236771 0.10686644146883158
leaf_weight=575.09203724563122 380.02032491564751 684.36490713059902 3319.2915653586388 2008.4191226363182 735.03237791359425 2603.7062180042267 264.94774416089058 816.1372008472681 30.384385883808136 1890.8555955588818 3165.6270657032728 1727.1726483255625 797.32231219112873 10935.581152021885 277.32243095338345 397.43733210861683 652.51053754985332 5387.7595148086548 4216.6645933687687 347.66346815228462 577.96911254525185 5396.2720752060413 3674.1710245162249 203.76119923591614 1921.9957741945982 1379.6951097398996 135.93079327046871 3792.7137888669968 710.61099660396576 359.68210199475288
leaf_count=3538 1860 3096 18212 8258 3852 14616 1224 3559 122 10835 17702 8249 3630 51768 1438 1926 3528 23677 21551 1693 2973 28511 18355 845 8505 6167 562 22311 3557 1344
internal_value=-0.000281487 0.0207828 -0.0251864 0.0362302 -0.0135553 -0.0385072 0.0104003 0.0522167 0.0604306 -0.0327619 -0.0288798 0.0142431 0.0164455 0.014716 -0.00870732 0.00180561 -0.0208111 0.0301685 -0.0106464 -0.00021481 0.00589871 -0.0151653 -0.00212104 0.035172 0.0238724 0.0271751 0.0289354 -0.0494413 -0.00416655 0.100507
internal_weight=59366.1 32163.1 27203.1 12928.1 14522.6 12680.5 19234.9 3554.31 2398.49 8312.7 6421.84 14122.5 11997.9 11200.5 11203.3 2124.61 3256.22 9373.82 9890.26 5112.47 1313 5673.59 4764.8 1155.83 3986.06 3301.69 952.068 4367.81 4384.78 390.066
internal_count=297464 148397 149067 56135 76537 72530 92262 14690 9724 46681 35846 66797 56622 52992 58325 10175 18144 41445 51500 25465 6825 29949 23772 4966 17768 14672 4121 25849 21912 1466
is_linear=0
shrinkage=0.1


Tree=16
num_leaves=31
num_cat=0
split_feature=11 10 10 3 9 13 13 11 10 9 3 4 12 20 0 11 2 17 2 9 19 9 11 4 3 6 15 12 9 0
split_gain=686.005 112.345 91.0558 58.0087 48.0192 56.9068 33.9208 25.8084 24.6427 25.8226 23.4865 21.4531 20.8797 15.7758 15.4195 13.6988 13.4913 13.4819 12.5673 12.0097 11.6745 11.6004 10.6668 10.2392 10.1006 9.267 10.1494 9.04526 10.2514 9.0438
threshold=0.023802443640402324 0.34638606948296879 0.53539937593855647 -0.036225501605067649 0.17510732770906559 -0.4851717940402927 0.27849137510920768 0.031447400669470417 0.42803100813915618 0.54528550772533801 0.063286908429667235 0.0094135532796286742 0.15327241421684448 1.0000000180025095e-35 -0.023351220516462764 0.015583814375739439 -0.096210395904258603 1.0000000180025095e-35 0.0056341148295455676 0.18255755513237221 1.0000000180025095e-35 0.47946557405216 0.014001839504569522 0.010443787503350068 0.27694558459656421 -0.03189437325912519 0.87646859970882673 0.15791381554699643 0.34918123262249307 -0.014458058144988904
decision_type=2 2 2 2 2 2 2 2 2 2 2 2 2 2 2 2 2 2 2 2 2 2 2 2 2 2 2 2 2 2
left_child=1 3 8 11 5 18 13 27 14 -10 -7 16 -11 -6 -2 25 22 20 -5 -16 -13 -21 -1 29 -9 -3 -27 -4 -29 -17
right_child=2 15 7 4 6 10 -8 24 9 12 -12 17 -14 -15 19 23 -18 -19 -20 21 -22 -23 -24 -25 -26 26 -28 28 -30 -31
leaf_value=-0.048360867335468044 -0.01857978882100858 -0.012711016503893597 -0.024019545046541441 -0.041618955504395247 0.0096148271984570714 0.018806990977111984 0.022932892352690012 -0.028545421277406231 -0.021457127948713253 -0.012314143942213897 0.035005973857246193 -0.000487046964487811 0.013472798301424331 0.0020577401117493738 0.067891341573619077 -0.0080902243601595567 0.0023744070980618003 -0.041975825018746922 0.00013780191614183886 -0.0056881578030980352 -0.035913390363910114 0.0093439551748090051 0.021240297716599285 -0.012031537258731087 -0.043842784582339721 0.016227300330094858 -0.022781314523222802 -0.036812916707317699 -0.0087634704286882123 -0.00038316415053441839
leaf_weight=22.945486396551132 724.41483515501022 171.00963455438614 1138.259551525116 162.88269364833832 14315.588639855385 4326.3066421151161 1702.7142040282488 4313.8055470585823 2933.6122574210167 1266.6291773617268 1128.5095014423132 459.80381283164024 417.49139720201492 3422.8552610874176 24.019001051783562 2066.4179536253214 6595.8048169016838 142.80309084057808 129.2836721688509 2934.4231794029474 116.61333279311657 622.2311719506979 545.46989291906357 1287.9127956032753 479.62031853199005 765.90932373702526 73.061385199427605 146.49456895887852 1178.4213976114988 5784.9985622167587
leaf_count=113 3623 868 5716 864 70856 21537 8520 22039 14790 6407 5533 2334 2131 17041 121 10296 33359 738 669 14692 595 3154 2732 6400 2449 3850 360 729 6029 28919
internal_value=8.2153e-05 0.00665727 -0.0174823 0.00948164 0.0118247 0.0198553 0.00945074 -0.025801 -0.010717 -0.0157912 0.0221583 0.00199547 -0.00592159 0.00815659 -0.00527426 -0.00254593 0.00364833 -0.0144687 -0.0231416 -0.00258239 -0.00765405 -0.00305831 0.0184307 -0.00376723 -0.030076 0.00850561 0.0128303 -0.0174817 -0.0118649 -0.00241159
internal_weight=59400.3 43220.9 16179.4 33071.6 25188.1 5746.98 19441.2 7256.6 8922.82 4617.73 5454.82 7883.44 1684.12 17738.4 4305.09 10149.3 7164.22 719.22 292.166 3580.67 576.417 3556.65 568.415 9139.33 4793.43 1009.98 838.971 2463.18 1324.92 7851.42
internal_count=297464 215584 81880 164891 125020 28603 96417 36962 44918 23328 27070 39871 8538 87897 21590 50693 36204 3667 1533 17967 2929 17846 2845 45615 24488 5078 4210 12474 6758 39215
is_linear=0
shrinkage=0.1


Tree=17
num_leaves=31
num_cat=0
split_feature=11 11 11 11 11 11 11 12 9 3 12 13 13 8 3 6 11 2 14 9 13 11 12 8 11 14 8 2 13 14
split_gain=2495.35 541.463 325.184 102.976 95.288 51.1563 45.1853 40.7196 36.9064 36.8427 33.1412 32.5589 26.6463 18.5761 18.487 18.3924 18.3705 17.9047 15.901 17.4723 15.6769 15.6464 21.0912 15.4524 14.6068 14.5649 14.1672 14.0409 13.6823 13.5944
threshold=0.016327980392723339 0.027353196430737112 0.011936467212747793 0.008502504389704766 0.022099538183243023 0.032047388851515791 0.013937903968197095 0.019203036636450028 0.14024738690325311 0.10490870099487194 0.017529057330764861 -0.016759826562344784 0.20307525599018458 0.17244420657618703 0.016184653273459974 0.046582038033020419 0.01842494922025879 -0.054338287872047523 0.97512604760975052 0.23742764249592066 0.46425689098508122 0.010323607214828489 0.19632198960089275 1.0913935595272553 0.014993320834952624 0.52133005059509041 0.87939388660427842 0.0062041195786701761 -0.2262227406728459 0.050989606543061512
decision_type=2 2 2 2 2 2 2 2 2 2 2 2 2 2 2 2 2 2 2 2 2 2 2 2 2 2 2 2 2 2
left_child=2 4 3 9 11 -3 17 8 27 10 14 16 15 -12 -1 24 -2 -4 28 -20 -6 22 -9 -23 -8 -7 -17 -5 -19 -18
right_child=1 5 6 7 20 25 12 21 -10 -11 13 -13 -14 -15 -16 26 29 18 19 -21 -22 23 -24 -25 -26 -27 -28 -29 -30 -31
leaf_value=0.14611140859176894 -0.0031722396871807172 -0.028131411144094173 0.0025339463634579643 0.1114194493363892 -0.018119259201336686 -0.037445423469256715 0.012814760557779838 0.040295339413579885 0.042961880373510231 0.19875145163541696 0.071781048357808672 0.00035615402253296759 0.025724196186348219 0.031317341827950922 0.063466394581879124 0.029295334831368244 0.008915015714913847 0.015991065795048449 -0.033930211846217369 0.035362370579514239 0.0028936738473642194 0.032366133420215028 0.10780055395481528 -0.012554233523788247 0.0031030195884185117 -0.047545916949321206 0.0054664265737076117 0.065014609223857975 0.027176434675797695 -0.013588467977160779
leaf_weight=83.356866419315338 3743.9425455033779 4468.9476720541716 413.11109797656536 142.931775406003 8497.43473559618 2901.4878075271845 2847.9307982176542 2420.3206785172224 443.58454848825932 23.524251893162727 511.36827874183655 7705.1710051298141 1200.1810128241777 145.80403856933117 40.081154614686966 754.29082149267197 283.95822665095329 1395.8664468973875 96.100299015641212 58.566376641392708 370.52998532354832 4033.4814323484898 47.185884743928909 78.061109632253647 3394.64370906353 2810.5710421949625 372.82492826879025 119.89977131783962 5050.2971349358559 4914.8877881467342
leaf_count=334 18829 23419 1999 600 43850 15468 14060 11159 2062 95 2286 38875 5816 660 163 3737 1455 6722 467 288 1897 19135 198 372 16842 14934 1834 497 24332 25079
internal_value=4.74863e-05 -0.0166479 0.0252223 0.0414893 -0.00886826 -0.0361454 0.016778 0.0377409 0.0605562 0.0754493 0.0717335 -0.00440815 0.0119066 0.0628035 0.119276 0.00965637 -0.00851311 0.0227301 0.0239941 -0.00769175 -0.0172413 0.0352912 0.0415862 0.0315133 0.00753362 -0.0424153 0.0214133 0.0902503 0.0247543 -0.0123593
internal_weight=59370.3 35696.9 23673.4 8089.6 25515.9 10181 15583.8 7285.47 706.416 804.135 780.61 16648 8569.87 657.172 123.438 7369.69 8942.79 7013.94 6600.83 154.667 8867.96 6579.05 2467.51 4111.54 6242.57 5712.06 1127.12 262.832 6446.16 5198.85
internal_count=297464 183806 113658 37561 129985 53821 76097 34023 3159 3538 3443 84238 42289 2946 497 36473 45363 33808 31809 755 45747 30864 11357 19507 30902 30402 5571 1097 31054 26534
is_linear=0
shrinkage=0.1


Tree=18
num_leaves=31
num_cat=0
split_feature=11 10 11 11 3 8 8 3 9 11 3 8 11 6 11 14 10 8 3 8 11 1 2 2 10 7 1 11 12 14
split_gain=1103.42 171.743 137.951 32.6085 32.3097 63.3997 55.0492 48.5373 28.537 28.1321 24.7389 42.4719 21.0768 19.7527 19.177 17.947 17.2505 15.3196 14.9879 17.1011 14.6643 14.6547 14.5156 14.2805 13.4402 13.1466 12.8128 12.2796 12.2275 12.0747
threshold=0.020689105597698463 0.26529183027931874 0.030637545343782997 0.03785062095668832 -0.056114781438342469 -0.62693371693400601 -0.39851479706898768 -0.032033775512142475 0.16053204569974489 0.01565271663908362 -0.037329996352306598 -0.37149995725913693 0.023215851842863854 -0.050551258270803028 0.01433443486345492 0.61941547099470584 0.13612605435522954 -0.32937158746622108 -0.065920072434515239 -1.0167699280213192 0.011367999476948805 -0.043265538400333529 0.038530929969952339 -0.0011988288109963106 0.94301017942886756 0.02737050376915862 0.053967398752022396 0.0089788543026652536 0.064293639600895611 0.11950320245559158
decision_type=2 2 2 2 2 2 2 2 2 2 2 2 2 2 2 2 2 2 2 2 2 2 2 2 2 2 2 2 2 2
left_child=1 4 12 -4 5 -1 16 14 -9 10 11 -3 29 17 -8 -13 23 -7 19 -11 27 -22 26 -6 -5 -24 -20 -12 -21 -2
right_child=2 9 3 24 6 13 7 8 -10 18 20 15 -14 -15 -16 -17 -18 -19 22 28 21 -23 25 -25 -26 -27 -28 -29 -30 -31
leaf_value=0.01445184657027161 0.0047805392231360204 0.014187391864522262 -0.022910854495769763 -0.033315670951751489 0.051130746873505079 0.041380921924584965 0.050712102292424656 0.0083209171054098637 0.018939879773752458 -0.0011661266662215594 -0.032853432442804024 0.095460889917553041 -0.014621777364323957 0.05276281095153354 0.020871203191467264 0.033044648481290739 0.0006686318608935325 -0.0053638540336100084 -0.005302016404941691 0.0036479248312263242 0.034790716004100518 0.0018922612248060502 0.014917824897210767 -0.012804388122741784 -0.050170991060122641 0.00044039646233099653 0.017730705897696264 0.035522264857450782 0.023999590317807695 -0.0088204758850784458
leaf_weight=1646.685328990221 749.88597244024277 981.37604139745235 4099.7470955103636 2354.3108655512333 124.78504158556461 174.74544587731361 597.11494824290276 3326.4347675740719 10579.498778983951 1132.3689543008804 29.536397203803062 98.960241228342056 10137.715962573886 853.76309679448605 336.84076789021492 86.191581100225449 2656.6216762512922 117.08728681504726 5513.733294442296 491.82808795571327 142.21920031309128 2824.9417119324207 825.41637106239796 48.518817737698555 592.04271863400936 2612.3738500326872 252.58411836624146 237.15216824412346 738.48229132592678 5037.8803000152111
leaf_count=8083 3806 4861 20989 12210 635 840 2870 16540 52256 5608 150 489 51396 4059 1639 423 13244 556 27494 2432 716 14152 4133 249 3038 13053 1270 1183 3696 25394
internal_value=0.000135822 0.0109587 -0.0170276 -0.0286779 0.017024 0.0270201 0.0154444 0.0178818 0.0163997 0.00318597 0.00999128 0.0224754 -0.011873 0.0450857 0.0399497 0.066405 0.00266276 0.0226263 0.000597005 0.00770182 0.00548796 0.00346912 -0.00122679 0.0332312 -0.0367026 0.00391644 -0.00429311 0.0279495 0.0158638 -0.00705827
internal_weight=59400.8 36429.3 22971.6 7046.1 20462.1 2792.28 17669.8 14839.9 13905.9 15967.2 4400.38 1166.53 15925.5 1145.6 933.956 185.152 2829.93 291.833 11566.8 2362.68 3233.85 2967.16 9204.11 173.304 2946.35 3437.79 5766.32 266.689 1230.31 5787.77
internal_count=297464 180631 116833 36237 100971 13538 87433 73305 68796 79660 21974 5773 80596 5455 4509 912 14128 1396 57686 11736 16201 14868 45950 884 15248 17186 28764 1333 6128 29200
is_linear=0
shrinkage=0.1


Tree=19
num_leaves=31
num_cat=0
split_feature=11 10 11 11 13 10 11 13 11 1 13 13 1 6 12 1 10 5 7 13 2 14 2 3 3 13 11 12 3 12
split_gain=2501.92 649.773 295.876 196.992 121.168 83.0391 74.9848 64.7372 58.8389 57.3188 57.1417 51.5513 48.4618 37.7665 35.4414 34.1933 32.3376 31.369 28.9767 28.8614 27.6217 26.8347 25.5554 89.7641 25.484 25.3089 25.2803 23.9942 39.8974 23.8675
threshold=0.016397385935230262 0.36184757158583436 0.012933436733905164 0.025108207039482158 -0.51731876989679637 0.26289276697965708 0.010323607214828489 0.37001629581181777 0.038520055810524985 -0.020710496748922887 -0.62858171608165914 0.15589530686965744 -0.0032867224646362376 0.18714560181436188 0.037961284000983773 0.0098867048392423679 0.28386263583232524 -0.011814292121628154 -0.22866321723753394 -0.59193301882767668 -0.079543643274403872 0.4544845032789771 0.013504163675786664 0.011049358043816017 -0.34437524507926182 0.10390606057242179 0.010737505447492373 0.044113123719419008 -0.071936006298233032 0.089556446177205151
decision_type=2 2 2 2 2 2 2 2 2 2 2 2 2 2 2 2 2 2 2 2 2 2 2 2 2 2 2 2 2 2
left_child=2 5 4 9 14 29 -6 8 13 11 -4 18 16 -5 -1 -8 -12 -16 -3 -7 -18 25 -14 -24 -10 -21 -19 28 -11 -2
right_child=1 3 10 7 6 19 15 -9 24 27 12 -13 22 -15 17 -17 20 26 -20 21 -22 -23 23 -25 -26 -27 -28 -29 -30 -31
leaf_value=-0.035786891868118516 -0.018655727762519506 0.11250336371865606 0.060112198571971566 0.030744379358016702 -0.057849016056793115 0.074229506426791769 -0.031811400979786519 0.015321324168649017 0.099764857059906759 0.12990283516845672 -0.015351491403581 -0.00071458007760795048 -0.031759535083136947 0.079735660284861953 0.092228909085689259 -0.046882796987058883 -0.043513409110755234 -0.021246361928773327 0.030379507547606217 0.011319527621965036 0.0073804492385117215 -0.0030137258001802138 0.0081004924572853337 -0.026692069724765621 0.046460076584125938 -0.0028372262019478634 0.048871954687903507 0.0071768938632845464 0.022029345580065647 0.0077836024626815508
leaf_weight=102.40121001005173 2923.2790338099003 43.764470353722572 94.753317937254906 9958.0304550379515 2606.3013292104006 55.750807449221611 3856.9999694675207 1930.922787502408 93.002780094742775 39.263093456625938 3420.6569049805403 608.5252648293972 2361.7337751984596 159.8770532310009 67.702574759721756 2468.9359550178051 116.79107238352299 103.014035820961 2350.7900988906622 3957.9581000059843 1226.9106096178293 5346.2119275927544 960.29419931769371 3255.0795113444328 2516.5206740796566 1854.5527424812317 102.66078945994377 6134.4800819307566 270.46307179331779 386.5851556956768
leaf_count=551 15116 204 433 44379 15741 261 21860 8713 369 187 18428 2934 12592 693 302 14263 616 551 11122 19441 6368 26622 5018 17563 10622 9222 527 29500 1292 1974
internal_value=1.58924e-05 0.0150585 -0.0279966 0.0251257 -0.0412345 -0.00164965 -0.0435747 0.032383 0.0349715 0.0138653 -0.0172222 0.0252756 -0.0178683 0.0315185 0.0143916 -0.0376936 -0.0101879 0.0331874 0.0318805 0.00245814 0.00295689 0.00209956 -0.0234318 -0.0187661 0.0483598 0.00680264 0.0137526 0.00854799 0.0357042 -0.0155677
internal_weight=59374.2 38630 20744.2 24105.6 9308.02 14524.3 8932.24 14658.4 12727.4 9447.29 11436.2 3003.08 11341.5 10117.9 375.779 6325.94 4764.36 273.377 2394.55 11214.5 1343.7 11158.7 6577.11 4215.37 2609.52 5812.51 205.675 6444.21 309.726 3309.86
internal_count=297464 182651 114813 110015 53795 72636 51864 64776 56063 45239 61018 14260 60585 45072 1931 36123 25412 1380 11326 55546 6984 55285 35173 22581 10991 28663 1078 30979 1479 17090
is_linear=0
shrinkage=0.1


Tree=20
num_leaves=31
num_cat=0
split_feature=10 10 10 4 12 4 19 2 3 13 4 10 14 20 0 12 14 10 10 8 3 10 4 5 1 13 3 2 2 13
split_gain=2338.36 421.814 268.51 97.556 109.679 70.4377 65.6834 62.9394 106.393 79.9317 74.8997 47.3988 46.342 40.4426 43.7968 38.5066 36.1402 33.6598 32.1513 31.7964 37.6411 29.7834 29.7301 29.6032 26.6967 27.5277 26.4683 24.4975 23.8416 23.3568
threshold=0.3262895824185672 0.23123955779857669 0.52570161321362696 -0.013871131648527482 0.17410572809909311 0.014473524127396333 1.0000000180025095e-35 -0.13709116988136213 -0.048743150813480567 -0.023691372963461844 0.0063811208139870077 0.26529183027931874 0.72507558793621951 1.0000000180025095e-35 -0.004806370515420876 0.15327241421684448 0.15943493226627184 0.17166992659339622 0.90581038228616928 -0.97385917103288955 -0.056114781438342469 0.84552856525772624 -0.00096060754919946578 -0.024987019259063655 0.15631238790925148 -0.25008113599884313 0.13493585549011414 -0.035445945573496111 -0.024833848706303559 0.15252028682101812
decision_type=2 2 2 2 2 2 2 2 2 2 2 2 2 2 2 2 2 2 2 2 2 2 2 2 2 2 2 2 2 2
left_child=1 13 7 6 12 16 24 -2 9 -9 15 19 -5 17 -15 -10 -6 -1 -7 -3 -21 -14 -16 -11 25 -4 27 -13 -22 -24
right_child=2 11 3 4 5 18 -8 8 10 23 -12 26 21 14 22 -17 -18 -19 -20 20 28 -23 29 -25 -26 -27 -28 -29 -30 -31
leaf_value=-0.047633193129650593 0.03967589892452017 0.010043519312983681 0.086288453926214148 0.031565637770596441 -0.014237894824087331 0.030450844850059229 0.018170726969748634 -0.013514616226461641 0.013257933295076588 0.021112458140902318 0.027350625644398038 0.001316913257513738 0.04913953442272579 -0.043392178992002373 -0.037290697312722977 -0.0054056226589027923 0.014686408616887903 -0.034349419510098976 0.075269593956426281 -0.040691623714554565 -0.00076480897321188799 0.099891034249284097 -0.00054540590278283655 -0.00069460676207685459 0.13902868434014792 0.052612493955156103 0.013070535588877514 -0.010454618652135044 -0.019278513171374728 -0.036818489369488082
leaf_weight=2620.7413952350616 795.10569433867931 396.46905982494354 310.97103290259838 2913.3748891949654 496.92301338911057 506.21110087633133 436.29593767225742 2638.1955080926418 9300.7791292965412 1396.2062035501003 3839.2395681142807 2355.0513574630022 1244.8159712553024 765.15857979655266 427.65990182757378 1254.587039232254 3305.4178008064628 7009.1596516668797 234.06843397021294 715.42558966577053 836.72746536135674 127.47251477837563 1037.6535302847624 1123.3695428520441 44.077101215720177 1106.1774425804615 668.49204728007317 7090.9335639327765 4123.5112503170967 214.1563785225153
leaf_count=15932 3513 2074 1292 12383 2268 2145 1842 12895 43773 6485 17755 11993 5172 4444 2473 6088 14697 40556 892 3945 4499 453 5919 5346 162 4553 3344 36897 22611 1257
internal_value=-8.72413e-05 -0.0209034 0.0188451 0.0316485 0.027227 0.0164007 0.0522196 0.012096 0.0109744 -0.00134887 0.01539 -0.0103517 0.0387024 -0.0350486 -0.0235621 0.0110396 0.0109063 -0.0379645 0.0446221 -0.0173358 -0.0192483 0.0538539 -0.0145276 0.0113896 0.0623859 0.0600022 -0.0061589 -0.00751977 -0.0161555 -0.00675091
internal_weight=59334.4 28261.1 31073.3 10725.8 8828.28 4542.62 1897.52 20347.5 19552.4 5157.77 14394.6 16186.6 4285.66 12074.5 2444.63 10555.4 3802.34 9629.9 740.28 6072.13 5675.66 1372.29 1679.47 2519.58 1461.23 1417.15 10114.5 9445.98 4960.24 1251.81
internal_count=297658 155944 141714 45859 38010 20002 7849 95855 92342 24726 67616 85363 18008 70581 14093 49861 16965 56488 3037 33129 31055 5625 9649 11831 6007 5845 52234 48890 27110 7176
is_linear=0
shrinkage=0.1


Tree=21
num_leaves=31
num_cat=0
split_feature=10 11 11 10 3 4 11 19 5 3 4 15 0 9 4 19 1 8 10 2 6 1 11 15 8 3 5 8 20 5
split_gain=597.633 116.025 67.6461 45.7913 41.6654 27.8316 24.0963 23.9391 25.7104 23.853 24.9448 25.9774 22.2153 21.7212 17.8822 15.9353 15.1249 14.8857 15.4438 14.7823 14.405 13.9267 19.0239 13.6895 13.5098 11.719 11.708 11.6203 10.3832 10.2219
threshold=0.36184757158583436 0.028741948256311965 0.015785024753896929 0.53539937593855647 0.062200795417955985 0.0094135532796286742 0.022208770275253493 1.0000000180025095e-35 0.029167990715251561 1.0000000180025095e-35 -0.010291562688832133 0.4914344904158186 -0.017998117763102558 0.18658640689272302 -0.017160554008409653 1.0000000180025095e-35 0.017480970052385029 0.21812312340509396 0.26042239776700532 -0.022107959478468771 0.071620627167426024 0.0024229724525535183 0.015583814375739439 0.55067116376341796 2.5607691747974779 -0.17372868930849902 0.041393152820156216 1.5601804870872125 1.0000000180025095e-35 0.028664118826711719
decision_type=2 2 2 2 2 2 2 2 2 2 2 2 2 2 2 2 2 2 2 2 2 2 2 2 2 2 2 2 2 2
left_child=2 6 4 -3 5 7 21 12 -9 10 11 -4 -1 28 -13 23 -17 18 19 -11 29 -2 27 -7 -5 -8 -20 -23 -6 -19
right_child=1 3 9 24 13 15 25 8 -10 17 -12 14 -14 -15 -16 16 -18 20 26 -21 -22 22 -24 -25 -26 -27 -28 -29 -30 -31
leaf_value=-0.0049613760796225793 -0.007646994971945863 -0.011607539330716581 0.0038517940378862479 -0.025845283632728346 0.034996492154882292 -0.019527320586416215 -0.023643774467603695 0.016146121310486022 0.054946815175710512 0.055936928623426321 -0.0032271904172137748 0.083963969795649254 0.0098093145274711167 0.015410488983788077 0.024818672084191425 -0.049797632421769739 0.023387793767320683 0.0035173276264388494 0.010227302028242971 0.018232510601959021 0.01210427647228212 0.02675916102521288 -0.0011825293478680277 0.010267794087594675 -0.044789844956144992 -0.00982260861677451 -0.013588202247671164 -0.028595008407664164 0.013643571184416062 -0.0074593293968141074
leaf_weight=1120.1298375427723 3033.9265119284391 2816.328187674284 592.89149002730846 5302.7184593975544 1134.1861620247364 251.16049571335316 670.68156838417053 2679.2774615138769 182.40387743711472 121.73762035369873 6549.5734691023827 73.304966226220131 11194.219316497445 2682.0176909416914 168.90200567245483 140.92417022585869 35.315020963549614 3380.0259694010019 2064.6301464438438 712.93956476449966 1489.3220246434212 387.78261524438858 2930.600395873189 399.45994107425213 405.18964514136314 7193.0214233994484 229.35654126107693 42.035279616713524 284.94059216976166 1132.6879269480705
leaf_count=5619 15276 14417 2938 27663 5490 1256 3459 13262 898 596 32675 367 55806 13123 841 719 173 16624 10115 3509 7353 1935 14664 1985 2148 36428 1128 211 1386 5594
internal_value=-9.55332e-05 -0.0128122 0.007816 -0.0220418 0.0117115 0.00940693 -0.00729433 0.0103804 0.0186193 0.00307398 -0.00115186 0.0151247 0.00846575 0.0207043 0.0427192 -0.00845932 -0.0351326 0.00649174 0.0120842 0.0237317 0.00357658 -0.00273542 0.00169896 -0.00123408 -0.0271901 -0.0110014 0.00784619 0.0213456 0.0307091 0.000762195
internal_weight=59401.7 22782.3 36619.4 8524.24 20104 16002.9 14258 15176 2861.68 16515.4 7384.67 835.098 12314.3 4101.14 242.207 826.86 176.239 9130.7 3128.66 834.677 6002.04 6394.34 3360.42 650.62 5707.91 7863.7 2293.99 429.818 1419.13 4512.71
internal_count=297658 116201 181457 44228 99717 79718 71973 75585 14160 81740 36821 4146 61425 19999 1208 4133 892 44919 15348 4105 29571 32086 16810 3241 29811 39887 11243 2146 6876 22218
is_linear=0
shrinkage=0.1


Tree=22
num_leaves=31
num_cat=0
split_feature=11 11 11 10 10 12 10 9 12 3 3 8 13 11 11 3 8 11 11 10 9 12 9 9 11 9 7 2 9 10
split_gain=1952.7 413.048 273.548 104.431 83.2759 52.9357 50.3792 50.3227 41.9267 33.5491 48.1942 31.2424 27.3064 27.1987 26.2683 25.239 30.2551 22.0484 20.4722 19.3261 22.5864 19.2505 18.2996 17.9372 15.9984 16.8714 15.8503 15.7662 13.8163 15.4533
threshold=0.016958818053425386 0.027539727506758132 0.011010005984163967 0.32914670736756552 0.26166733147223414 0.019203036636450028 0.52086268089112764 0.12690374497050902 0.34407823517132513 -0.018093609710986055 0.016184653273459974 -0.97385917103288955 0.49503989261270748 0.01433443486345492 0.022099538183243023 -0.010709413143406897 -0.39851479706898768 0.008502504389704766 0.036107171150196841 0.2529513937194604 0.27367896575098372 0.090311992335085536 0.32789601081396441 0.73634319273716242 0.013601466703230007 0.28622422183613216 -0.068284449532842392 0.043726456131482301 0.54528550772533801 0.48776653161650468
decision_type=2 2 2 2 2 2 2 2 2 2 2 2 2 2 2 2 2 2 2 2 2 2 2 2 2 2 2 2 2 2
left_child=2 3 5 19 13 7 -3 9 11 -1 -11 -7 24 15 21 27 -17 -13 23 20 -2 -5 -15 -8 25 -6 -22 -4 -16 -30
right_child=1 6 4 14 12 8 18 -9 -10 10 -12 17 -14 22 28 16 -18 -19 -20 -21 26 -23 -24 -25 -26 -27 -28 -29 29 -31
leaf_value=0.019925536546056354 0.0016731381241234897 -0.024041430358754213 0.016502447070924912 -0.014862382848975023 0.010693144576789614 0.07585077641316737 -0.037544572912706048 0.044264906780853389 0.14738308587672416 0.14544966817968502 0.051530132065590567 0.051332424632427646 0.064635532919725042 0.012454153533864218 -0.020032794571925583 0.058460634002211347 0.025098640121831835 0.031012570048382832 -0.044887055897424283 -0.003004971603218365 -0.015348479698743041 -0.0043998402180688758 0.068107995396525969 -0.019710831375432752 0.0033670962602857812 0.041258217731228508 0.032475609132490528 -0.03808704931729736 0.0077352710280966606 -0.016969661398707887
leaf_weight=46.591388374567032 1473.4353116005659 3524.3130690157413 3030.8218041956425 3650.5311072915792 1301.1112350970507 183.11739867925644 2412.0673295110464 461.72615519165993 33.634142816066742 156.41085191071033 83.967562347650528 616.51024770736694 79.702905833721161 4285.7405627369881 6529.2556404024363 285.80471700429916 5558.4874778836966 3989.6587541550398 3032.6566970646381 6778.45137552917 81.310625061392784 3393.2564890384674 59.907453402876854 736.10415589809418 5726.8649588376284 209.6987302005291 469.22893482446671 53.846426457166672 401.09483005106449 686.6426028162241
leaf_count=184 7467 19069 14457 18630 6182 815 13038 2024 123 575 326 2665 379 21060 34063 1334 26207 18071 16741 34626 413 17371 299 4045 28121 1000 2393 259 2127 3594
internal_value=-0.000119125 -0.0162315 0.020307 -0.00905449 0.0149883 0.0399645 -0.0335828 0.0647037 0.036124 0.0975891 0.112642 0.0353427 0.00642297 0.0197098 -0.0142239 0.0228676 0.0267301 0.0337323 -0.0390233 -0.00044457 0.00813042 -0.00982218 0.0132214 -0.0333747 0.00578192 0.0149355 0.0254123 0.0155495 -0.0182945 -0.00785991
internal_weight=59332 33168.3 26163.6 23463.2 20592 5571.62 9705.14 748.696 4822.92 286.97 240.378 4789.29 7317.38 13274.6 14660.8 8928.96 5844.29 4606.17 6180.83 8802.43 2023.97 7043.79 4345.65 3148.17 7237.67 1510.81 550.54 3084.67 7616.99 1087.74
internal_count=297658 173577 124081 120684 99298 24783 52893 3109 21674 1085 901 21551 35682 63616 75785 42257 27541 20736 33824 44899 10273 36001 21359 17083 35303 7182 2806 14716 39784 5721
is_linear=0
shrinkage=0.1


Tree=23
num_leaves=31
num_cat=0
split_feature=11 11 11 10 12 5 10 9 3 12 14 11 4 9 10 9 9 10 3 9 3 14 10 9 19 11 2 4 10 4
split_gain=907.427 156.157 102.833 46.1218 39.3516 37.7852 36.1954 35.6247 24.3851 21.5828 20.7351 19.5271 21.9156 19.0247 18.4876 18.5779 17.1983 16.8704 16.6366 16.1648 16.75 15.8307 15.3148 14.5151 20.5219 13.8199 12.7082 12.3017 12.073 12.0252
threshold=0.021415522233453801 0.014664703822306604 0.03785062095668832 0.47367600548186095 0.18428424274105296 -0.0080140021289081802 0.31399746147231589 0.11337684771091201 0.12499278357242384 0.023298127878241474 0.45851541096663256 0.011457564367953718 0.0080169627986124165 0.59097996934418184 0.21253077890996175 0.2993475019263328 0.70338754121098768 0.2702093641267479 -0.048743150813480567 0.20762180916521003 -0.085816044012495304 0.82678749306998534 0.64273402643263466 0.16053204569974489 1.0000000180025095e-35 0.02443074664425161 -0.093544492137792798 -0.010862863625110684 0.56835332680717954 0.0081668709022606496
decision_type=2 2 2 2 2 2 2 2 2 2 2 2 2 2 2 2 2 2 2 2 2 2 2 2 2 2 2 2 2 2
left_child=1 5 3 13 22 11 8 9 14 -7 -11 12 -1 17 -3 -16 -6 -2 -8 20 -13 26 -5 -9 -25 -18 -4 -19 -28 -21
right_child=2 6 21 4 16 7 18 23 -10 10 -12 19 -14 -15 15 -17 25 27 -20 29 -22 -23 -24 24 -26 -27 28 -29 -30 -31
leaf_value=0.030649360848528165 0.007635839275608923 0.019023657377815417 -0.019802754068244378 -0.022303714068055758 -0.015199082845007879 -0.044345839998095604 0.0057904705898532919 0.0085077044826247436 -0.0098148783204679221 0.028664894790249241 -0.013220636409416481 0.037360664158765489 0.10232321980674777 0.019214753919521706 0.0038216953047138986 0.013039552404705375 0.047387381533918672 -0.020110592632524772 -0.0038059854207203449 0.023883713018720498 0.0081167286349073439 -0.048865087796810924 -0.037638027856778881 0.019155833087195935 0.0069099595430779249 -0.0011870256436001378 -0.017062197759120497 -0.0096076813005759997 -0.039996127701297318 0.058306142031132137
leaf_weight=1622.23661211133 510.84225565195084 1414.8947261571884 751.32651652395725 4490.5488321185112 1606.434728577733 136.76316341757774 2484.4645021557808 2849.3305864483118 792.51829867064953 173.19960309565067 372.11908230185509 227.44296483695507 43.813165903091431 226.75830338895321 6745.7138302922249 3234.9648645669222 63.404382571578026 1287.4542382657528 6620.403069883585 1623.3997658342123 1410.4320956170559 586.73021790385246 761.7931193113327 6932.6079597920179 1705.0491824150085 768.49399577081203 282.22335821390152 8334.1433761417866 1229.6394004076719 108.2540852278471
leaf_count=7874 2558 6905 4044 23257 8297 711 12354 14083 3890 862 1853 1096 212 1178 32991 16090 335 6554 33236 7896 6813 3125 3951 33945 8369 4040 1514 42568 6535 522
internal_value=0.000200746 0.00930776 -0.0165745 -0.0137872 -0.019654 0.0163931 0.00358286 0.0133784 0.00714637 -0.0088256 8.2699e-05 0.0236783 0.0325342 -0.00943176 0.00832595 0.00680941 -0.00915543 -0.0100729 -0.00118738 0.0192995 0.0121777 -0.0342273 -0.0245278 0.0146969 0.0167385 0.00251515 -0.0304325 -0.0110131 -0.035715 0.0260356
internal_weight=59397.4 38497.6 20899.8 18049.9 7690.68 17204.6 21293 12169.1 12188.1 682.082 545.319 5035.58 1666.05 10359.2 11395.6 9980.68 2438.33 10132.4 9104.87 3369.53 1637.88 2849.92 5252.34 11487 8637.66 831.898 2263.19 9621.6 1511.86 1731.65
internal_count=297658 189702 107956 92738 39880 84236 105466 59823 59876 3426 2715 24413 8086 52858 55986 49081 12672 51680 45590 16327 7909 15218 27208 56397 42314 4375 12093 49122 8049 8418
is_linear=0
shrinkage=0.1


Tree=24
num_leaves=31
num_cat=0
split_feature=10 11 10 10 11 11 11 1 13 1 12 13 9 13 13 0 4 13 13 13 8 1 0 12 9 1 2 13 10 18
split_gain=2042.05 382.359 356.997 152.885 101.649 92.1191 58.1469 50.2289 55.3074 48.6837 46.9933 46.1088 44.9717 42.579 41.6865 45.3149 67.1959 41.5331 40.7341 37.687 35.8561 34.4392 29.1223 28.2906 27.7053 25.8589 24.8685 24.5989 23.1909 22.3983
threshold=0.29855767219203488 0.022418896687245615 0.2162340230483176 0.45511019392507418 0.013937903968197095 0.011189135343642034 0.015119809117794604 -0.019167019424446204 -0.41370265808137935 -0.003653073699658282 0.074826579675701207 0.17767803410007504 0.56993981616503098 -0.15520530321150902 0.47814802878482215 -0.05297086855070287 0.010942133345344109 -0.59193301882767668 -0.41370265808137935 0.097736330084788783 -1.0385995792843377 0.01233943012554284 0.046325120011475381 0.092508555498631129 0.34555530901027004 -0.029732802912510122 -0.042713310261643482 -0.5625481495394028 0.44357046589682814 1.0000000180025095e-35
decision_type=2 2 2 2 2 2 2 2 2 2 2 2 2 2 2 2 2 2 2 2 2 2 2 2 2 2 2 2 2 2
left_child=2 4 5 12 27 7 9 8 29 18 21 17 19 -12 15 16 -5 28 -4 20 -3 -7 -17 -8 26 -19 -25 -2 -6 -1
right_child=1 3 6 14 11 10 23 -9 -10 -11 13 -13 -14 -15 -16 22 -18 25 -20 -21 -22 -23 -24 24 -26 -27 -28 -29 -30 -31
leaf_value=0.021515126014908695 0.029503074654249308 0.042956129805933253 0.038033514942459552 0.047159516421641678 0.082066226037952314 -0.026722640540967631 -0.0092349265571880623 -0.055074704193794115 -0.032504143452125482 -0.027317338345530504 0.037934638787749976 -0.0091357163019435347 -0.029169674600506203 -0.020603351736370807 0.010653606863380701 0.028670955155251379 0.16423307051045982 0.015729634559760154 -0.012568300928343212 0.0048660469177498498 0.016306654294567745 -0.043419183469454538 0.04491212087651375 -0.015628793557580185 -0.028201729066205806 0.0040972325107014023 0.02473819524377888 -0.034552975751990775 0.013924156063687658 0.15681777349200884
leaf_weight=29.882608577609062 64.647883519530296 577.97444503009319 171.0289845764637 792.33061377704144 114.2214081287384 3514.9868063628674 7420.7599957734346 3024.0740103051066 530.91431450843811 3593.8007413297892 178.51425167918205 1967.3865503668785 248.23665347695351 408.81967869400978 983.42019204795361 10318.408496364951 52.259422093629837 2442.4393300414085 2277.7065490186214 2752.8930734097958 3992.0571260750294 1904.8603863865137 1236.3442207574844 197.27054643630981 173.08038811385632 8783.7453022301197 674.19484812021255 825.15033295750618 88.752370595932007 20.717400699853897
leaf_count=155 322 2583 876 3324 519 19823 38373 18799 3210 20319 959 9920 1158 2273 4359 44547 217 11868 12663 12891 18355 10978 5255 990 877 43475 3434 4627 414 95
internal_value=0.000100999 0.0154457 -0.0223176 0.0240466 0.00283065 -0.0372633 -0.0124147 -0.049899 -0.0229833 -0.0199081 -0.0296792 0.00500456 0.0126902 -0.00281132 0.0304714 0.0320432 0.0544035 0.00743863 -0.00903408 0.0141092 0.019677 -0.0325908 0.0304087 -0.00706603 0.00834247 0.00662805 0.0156005 -0.029899 0.0522704 0.0769127
internal_weight=59360.9 35240.3 24120.6 20953.9 14286.3 9612.77 14507.8 3605.59 581.514 6042.54 6007.18 13396.5 7571.16 587.334 13382.8 12399.3 844.59 11429.2 2448.74 7322.92 4570.03 5419.85 11554.8 8465.31 1044.55 11226.2 871.465 889.798 202.974 50.6
internal_count=297658 163834 133824 92689 71145 56292 77532 22259 3460 33858 34033 66196 34987 3232 57702 53343 3541 56276 13539 33829 20938 30801 49802 43674 5301 55343 4424 4949 933 250
is_linear=0
shrinkage=0.1


Tree=25
num_leaves=31
num_cat=0
split_feature=10 10 10 14 8 3 5 10 4 4 9 6 8 3 7 10 8 10 4 13 17 4 4 19 13 17 1 9 13 4
split_gain=1818.39 356.191 208.302 64.0465 56.7875 82.3807 68.8557 50.7988 46.3039 41.3795 41.404 40.0563 39.6276 72.9462 38.498 37.0198 36.988 36.9736 31.7081 28.6323 28.2309 27.1749 26.8043 26.0408 23.2968 23.2105 25.0822 21.731 21.2924 20.9554
threshold=0.3262895824185672 0.23003560204016477 0.52570161321362696 0.74051702689253818 -1.8348672253657932 -0.04748691908838553 -0.024438507890836011 0.84552856525772624 0.0063811208139870077 -0.012989693860973038 0.43489664803309608 -0.00046414400758104652 -1.1088776345724642 -0.087665359356838821 -0.1849939254648256 0.26529183027931874 -0.41595023777794998 0.16984192939912221 0.0495502419711027 -0.13301602429784634 1.0000000180025095e-35 -0.016460087360086664 0.010942133345344109 1.0000000180025095e-35 -0.023691372963461844 1.0000000180025095e-35 0.0074962418402886319 0.28479748955105838 0.03618089980660507 0.0090363051165396353
decision_type=2 2 2 2 2 2 2 2 2 2 2 2 2 2 2 2 2 2 2 2 2 2 2 2 2 2 2 2 2 2
left_child=1 17 4 9 28 6 24 11 21 23 -11 27 19 -14 -9 -15 -8 -1 -16 -3 -10 -7 -12 -4 -6 26 -19 -5 -2 -17
right_child=2 12 3 7 5 8 16 14 20 10 22 -13 13 15 18 29 -18 25 -20 -21 -22 -23 -24 -25 -26 -27 -28 -29 -30 -31
leaf_value=-0.041658941440767212 0.01980050320190543 -0.020787948853580637 0.04599676569946759 -0.047921482588155068 -0.0018637000068346084 0.027846594906800543 -0.0071079689828812305 0.0032939073753881533 0.026862289196046087 0.0029865482997018787 0.018714288309981279 0.043532575605708175 -0.036114601387913524 -0.014928947848752094 0.064697795547661627 -0.0063004206889442915 -0.039311644909906254 -0.031313885920998284 0.15429339476739365 0.020267868884867004 0.0046834327413626383 0.0086504474831690971 0.035180228484918884 0.013420499315342935 0.01759185331575187 -0.038935261995426268 -0.018979897232015455 0.021066232194402148 0.057973712941412951 0.0087675678360583445
leaf_weight=3013.0095576569438 263.13157314062119 221.71692906320095 1042.3623013049364 47.730853796005249 966.4723355025053 797.0497285425663 2341.8744037896395 98.211744740605354 3173.3018172681332 1270.5667116269469 3620.6941885203123 1409.9931071028113 1029.1737179458141 5561.1680464595556 627.73261869698763 7692.9861736297607 420.73118576407433 3898.2233180105686 42.15247517824173 726.35632844269276 700.62786531448364 9864.2805545926094 1359.9601331800222 320.94085298478603 1694.6984150856733 1779.158300280571 2857.232964143157 1052.4414387345314 328.58400845527649 1048.7963874191046
leaf_count=18933 1210 1171 4207 244 4627 3607 11422 411 14390 5969 15264 5788 5524 30900 2325 40101 2091 23127 135 3633 3222 46338 5538 1349 7699 10633 16786 4418 1408 5333
internal_value=-8.35535e-05 -0.0187022 0.0163941 0.0275737 0.0104684 0.00956334 -0.000953936 0.03926 0.0134878 0.0225424 0.0190998 0.0323741 -0.00917382 -0.0104007 0.0617634 -0.00855041 -0.0120124 -0.0321356 0.0703356 0.0106665 0.0228511 0.0100856 0.0232103 0.0383279 0.0105261 -0.0287735 -0.0260972 0.0180732 0.0409984 -0.00449264
internal_weight=59271.4 27827.8 31443.5 10892.8 20550.8 19959 5423.78 3278.26 14535.3 7614.52 6251.22 2510.17 16280.2 15332.1 768.097 14303 2762.61 11547.6 669.885 948.073 3873.93 10661.3 4980.65 1363.3 2661.17 8534.61 6755.46 1100.17 591.716 8741.78
internal_count=297803 156141 141662 45648 96014 93396 25839 13321 67557 32327 26771 10450 86662 81858 2871 76334 13513 69479 2460 4804 17612 49945 20802 5556 12326 50546 39913 4662 2618 45434
is_linear=0
shrinkage=0.1


Tree=26
num_leaves=31
num_cat=0
split_feature=9 9 9 13 3 20 4 14 2 3 2 8 3 3 12 12 13 6 4 15 9 15 15 14 2 15 5 5 7 12
split_gain=364.59 68.0664 53.3332 46.6723 44.3614 26.6971 26.2635 20.5155 19.455 18.8299 21.9674 19.4232 19.6011 17.1016 16.9832 15.3826 14.5126 13.6322 13.4687 13.1506 13.085 12.4198 13.5955 11.0813 10.4315 9.8619 9.81879 9.77584 9.67564 9.53835
threshold=0.36249052749907679 0.25119815258176731 0.67704299181583039 -0.45828610206435599 -0.018093609710986055 1.0000000180025095e-35 0.0086666989131687373 0.49781822656368324 0.014657722137869646 -0.036225501605067649 0.077779565404160658 -0.022735598502412923 0.012783807931155524 -0.13226167216521587 0.045880823470919409 0.16825276195964523 0.23508957528371613 0.068932039494246103 -0.036709029644549133 0.56648760554232525 0.49139685045700049 0.049075635796978843 0.98287483249643581 0.4104026442064071 0.1614980724002015 0.19751429840334497 0.0043628667260938734 -0.01399544891198856 0.24335737663066007 0.11495348236731208
decision_type=2 2 2 2 2 2 2 2 2 2 2 2 2 2 2 2 2 2 2 2 2 2 2 2 2 2 2 2 2 2
left_child=1 3 13 14 7 6 -6 8 -5 23 11 -11 -13 -2 19 -4 20 -12 -18 -1 25 -17 -23 -3 -20 -15 -21 -7 -22 -16
right_child=2 9 15 4 5 27 -8 -9 -10 10 17 12 -14 16 29 21 18 -19 24 26 28 22 -24 -25 -26 -27 -28 -29 -30 -31
leaf_value=-0.010122223737612316 -0.01650742532105913 -0.0098104460927819163 -0.028786506801217276 0.0010762763168038843 0.017312487788069809 -0.012394796910086795 -0.0016352257926643254 0.0091620838752362651 -0.022347316331798692 0.011158037503724854 -0.019150954401022487 -0.011955122222480305 0.004015514336464159 -0.012321959469814308 -0.029924878992054565 -0.033206186385735602 -0.052705729700576846 -0.00086656413219855441 0.0026601343856438404 0.0025257947208166482 -0.01145684283842853 -0.010245602215743204 -0.038073617019134101 -7.9021253485992411e-05 -0.021037802518658381 -0.0040686085434386747 0.057621501450177762 0.007034814829881302 -0.028545829489610611 -0.0052881307201995478
leaf_weight=174.63565783202648 2118.3303874284029 2011.8343117088079 1554.3530270606279 2750.390194311738 10430.853091150522 289.39782628417015 786.71589483320713 3515.3178104609251 407.06769701838493 3456.5524972677231 600.34948210418224 881.3518705368042 6000.8844004273415 1896.2942621260881 418.59833718836308 355.70415943861008 47.900463506579399 1271.1024855226278 2379.910692974925 60.691002443432808 3694.6524599641562 1816.602495893836 194.34479835629463 2796.9070776700974 201.47365239262581 6120.9925338625908 69.258411392569542 2461.7854991704226 363.95775094628334 251.60173201560974
leaf_count=907 11062 10168 8273 13827 50735 1432 3830 17574 2038 16979 2970 4405 29497 9597 2182 1893 238 6284 12042 311 19164 9719 1037 14055 1040 30891 344 12093 1920 1296
internal_value=0.000138667 0.00588039 -0.0105549 0.00960474 0.0106145 0.0138186 0.0159836 0.00390706 -0.00194355 0.00114998 0.00323741 0.00504201 0.00197029 -0.00810705 -0.0117776 -0.0210578 -0.00689694 -0.00673208 -0.000164421 0.00780198 -0.00836282 -0.0159817 -0.012935 -0.00415036 0.000810542 -0.00602074 0.0318898 0.00499101 -0.0129893 -0.0206759
internal_weight=59379.8 38635.3 20744.5 21616.3 20641.5 13968.8 11217.6 6672.78 3157.46 17019 12210.2 10338.8 6882.24 16823.5 974.785 3921 14705.2 1871.45 2629.28 304.585 12075.9 2366.65 2010.95 4808.74 2581.38 8017.29 129.949 2751.18 4058.61 670.2
internal_count=297803 190927 106876 106569 101529 68090 54565 33439 15865 84358 60135 50881 33902 85954 5040 20922 74892 9254 13320 1562 61572 12649 10756 24223 13082 40488 655 13525 21084 3478
is_linear=0
shrinkage=0.1


Tree=27
num_leaves=31
num_cat=0
split_feature=11 11 11 10 10 10 7 12 11 9 7 6 7 14 0 10 11 13 9 13 14 12 11 12 2 6 11 12 13 5
split_gain=1523.71 351.621 209.876 96.0213 76.9126 57.2904 49.4764 41.0625 39.2641 37.8305 27.154 23.0415 23.4065 22.2509 22.0059 20.4985 17.8331 17.7321 17.2863 16.8487 16.6045 16.3686 15.6754 14.4483 14.2347 13.6691 13.5541 13.0432 13.8167 12.792
threshold=0.017027663091548673 0.025108207039482158 0.010438708093063751 0.23478456748919529 0.45511019392507418 0.3262895824185672 0.18468973410575965 0.019975790494268595 0.032679232147815492 0.11674291930367281 -0.069791623458856353 0.034620849111531633 0.10475978328029824 0.52133005059509041 0.0027545628005116733 0.2529513937194604 0.015583814375739439 0.41144014727281181 0.27239050303053686 -0.53900217481006318 0.83042324784844468 0.089556446177205151 0.013002887401128335 0.091032719859447039 0.11650675242974275 0.034030411189659777 0.022099538183243023 0.26767050964610645 -0.38064264980725154 -0.0032956587555283963
decision_type=2 2 2 2 2 2 2 2 2 2 2 2 2 2 2 2 2 2 2 2 2 2 2 2 2 2 2 2 2 2
left_child=2 5 6 10 -3 15 7 9 -6 13 -4 19 14 -1 -13 18 25 23 -2 -5 -10 -20 -21 24 -7 -12 -25 28 -9 -11
right_child=1 4 3 11 8 17 -8 27 20 29 16 12 -14 -15 -16 -17 -18 -19 21 22 -22 -23 -24 26 -26 -27 -28 -29 -30 -31
leaf_value=0.12930100116205037 0.003249265738959871 -0.015435245066664955 0.0026616644240500527 -0.021436325896489597 -0.025881847347738803 -0.016241199686934153 0.16678991093208484 0.014099327459749714 -0.036167016969442072 0.023040453697080961 0.021276997011063295 0.035577074018658471 0.0032116480923065818 0.061412744263231081 0.013160363511200535 -0.002569328436438307 0.0087292489730615326 0.0072697620772282177 0.030057488327413503 0.014608780882365181 -0.051631955890315419 -0.025719018204890483 0.0034844210891648848 -0.0036319587039535459 0.0036870684497218569 0.030956028289823814 -0.013942902811619945 0.1008602248319336 0.034560574808052046 0.056301412153734437
leaf_weight=101.46666222810745 1381.807878702879 3719.1160080432892 797.19591870903969 237.62623730301857 4474.7125034034252 5498.8027028590441 29.798546344041824 371.12494905292988 3680.1750110983849 173.41889195144176 7658.845990255475 720.68318349123001 1045.3589071631432 92.102710455656052 1116.1314446628094 6110.3336032181978 947.19690719246864 525.38842523097992 496.17775443196297 1558.8161804825068 855.69858255982399 58.856174781918526 6758.9865407049656 3193.0765620023012 383.42790481448174 1802.4539073854685 2122.2314511090517 27.975589007139206 2979.5707026273012 346.9895701110363
leaf_count=359 6965 20137 3788 1162 24409 28571 105 1661 20977 739 35620 3473 5049 339 5368 31231 4620 2681 2479 7279 4891 295 32994 16453 2006 8402 11249 101 12965 1435
internal_value=-2.03287e-05 -0.0145715 0.0176482 0.0138699 -0.0275342 -0.00622509 0.0384014 0.0374666 -0.032528 0.0592563 0.0204489 0.00742424 0.0151572 0.0969989 0.0219557 0.000272212 0.0218113 -0.0106851 0.00923668 0.00481913 -0.0390845 0.0241429 0.00556921 -0.0115276 -0.0149422 0.0231209 -0.00774879 0.032862 0.0322943 0.0452177
internal_weight=59265.5 32499.8 26765.7 22643.3 12729.7 19770.1 4122.45 4092.65 9010.59 713.978 11205.7 11437.6 2882.17 193.569 1836.81 8047.18 10408.5 11722.9 1936.84 8555.43 4535.87 555.034 8317.8 11197.5 5882.23 9461.3 5315.31 3378.67 3350.7 520.408
internal_count=297803 172344 125459 107755 70414 101930 17704 17599 50277 2872 52430 55325 13890 698 8841 40970 48642 60960 9739 41435 25868 2774 40273 58279 30577 44022 27702 14727 14626 2174
is_linear=0
shrinkage=0.1


Tree=28
num_leaves=31
num_cat=0
split_feature=11 11 10 11 5 11 3 14 13 3 11 9 0 4 9 9 14 11 2 2 2 12 10 5 9 14 14 2 14 4
split_gain=756.806 137.804 83.2135 33.6866 29.6996 40.3411 26.489 23.8946 23.2892 29.9562 21.2882 20.8741 20.7053 17.5136 17.4698 16.5871 17.0057 16.1245 15.8419 15.707 15.2449 14.5902 19.3639 13.2987 12.9994 12.956 12.8013 12.2114 11.5652 10.9447
threshold=0.019361855176151271 0.028971596632176161 0.26407203853321687 0.03785062095668832 -0.0020603192889855344 0.012865869874579739 -0.04748691908838553 0.8455857496360335 0.097736330084788783 0.07014193143825033 0.023446486990244528 0.16053204569974489 0.0093611667816118089 -0.00036517041111427945 0.20510750525218088 0.21523503447448497 0.17558024186285631 0.011457564367953718 -0.0064661032463062531 0.10484205401568959 0.040675315829703081 0.2274354751288756 0.47367600548186095 -0.028302182656466831 0.59097996934418184 0.042381437691034286 0.11547500462000984 -0.093544492137792798 0.034887625529463138 -0.012989693860973038
decision_type=2 2 2 2 2 2 2 2 2 2 2 2 2 2 2 2 2 2 2 2 2 2 2 2 2 2 2 2 2 2
left_child=2 10 4 21 5 7 15 12 11 -10 28 -6 -1 -13 -7 16 25 -8 -18 -11 23 22 24 -19 -3 -4 -22 -5 -2 -12
right_child=1 3 6 27 8 14 17 -9 9 19 29 13 -14 -15 -16 -17 18 20 -20 -21 26 -23 -24 -25 -26 -27 -28 -29 -30 -31
leaf_value=0.027893235071712732 0.013637317553655324 -0.013749365847896895 0.0052113783155187925 -0.022292939980520742 0.00013312513255576424 0.0036927856029173888 0.02398383986516563 0.01072509496740251 0.024938553008529856 -0.0010341060574291729 -0.021286916169312501 0.017890441080467424 0.059528155619145075 0.0072320123170576166 0.016857616500515663 0.0084119516344263092 0.0050737587294715746 0.010409942656905979 0.040609746424090737 0.056889150471171129 0.024610722774741002 -0.0064643899443160083 -0.025047844704888751 -0.0038753907478116705 0.024031054334515665 0.082033777742857514 0.0041601630423145804 -0.036482886406986569 -0.004964405841083804 -0.0098869374355980699
leaf_weight=2963.9602388888597 346.29841849207878 1413.1636715233326 29.880836367607117 892.3816139549017 2216.0900687277317 1520.5005916804075 309.60970887541771 795.284584030509 2158.3702898025513 770.20287950336933 957.99151268601418 2521.6952659189701 222.41958944499493 3966.8119460940361 2990.5166044086218 2599.4152903705835 323.53746965527534 741.08075547218323 204.89796037971973 49.844874054193497 341.49515162408352 856.88930369913578 3205.4886757135391 5401.3269464373589 97.34632670879364 82.743381157517433 2951.9819505512714 1892.8232231587172 9591.2017768621445 6965.0899207144976
leaf_count=14260 1749 7322 145 4890 10941 7273 1517 3797 10526 3747 4968 12194 1070 19070 14357 12712 1556 3727 1010 250 1722 4512 17056 26900 503 408 14729 10376 48497 36019
internal_value=0.000338194 -0.0123583 0.0103764 -0.0229562 0.0143953 0.0188953 0.00413255 0.0262313 0.0111241 0.0187569 -0.00739887 0.00851243 0.0301015 0.0113743 0.0124202 0.0119649 0.0263718 0.00152821 0.0188526 0.00248664 0.000791396 -0.0184681 -0.0206491 -0.00215187 -0.0113146 0.0616517 0.00628065 -0.0319364 -0.00431618 -0.0112653
internal_weight=59380.3 26218.7 33161.7 8358.09 20175.7 8492.68 12986 3981.66 11683 2978.42 17860.6 8704.6 3186.38 6488.51 4511.02 3240.47 641.06 9745.49 528.435 820.048 9435.88 5572.89 4716 6142.41 1510.51 112.624 3293.48 2785.2 9937.5 7923.08
internal_count=297803 135892 161911 44659 97485 40757 64426 19127 56728 14523 91233 42205 15330 31264 21630 15831 3119 48595 2566 3997 47078 29393 24881 30627 7825 553 16451 15266 50246 40987
is_linear=0
shrinkage=0.1


Tree=29
num_leaves=31
num_cat=0
split_feature=11 10 10 11 11 1 10 3 11 12 14 9 1 14 14 1 1 14 18 0 0 7 0 7 0 12 12 3 3 12
split_gain=1734.6 350.114 321.838 132.272 71.05 63.6897 54.1054 44.0417 39.9579 38.1558 37.7935 37.3385 31.8504 44.2763 30.5937 30.3167 29.8155 29.5433 45.0482 28.058 27.3098 24.2007 24.1529 23.1582 23.1266 22.6543 22.4025 40.5993 21.7799 21.1564
threshold=0.017238907811270087 0.36016018262258948 0.2162340230483176 0.025108207039482158 0.011367999476948805 -0.007719017533744931 0.26529183027931874 -0.34437524507926182 0.013808223708476683 0.069240153315287975 0.95263731333717883 0.37707411860849888 -1.0000000180025095e-35 0.15144374428593532 0.31487079748130592 0.01233943012554284 -0.018188025495355472 0.53678186339776957 1.0000000180025095e-35 -0.036372455158835575 0.00043650014956542199 -0.16489036799599691 0.026489984293688099 0.10127536121387827 -0.021840502180880957 0.11732115025454491 0.12658549982484368 -0.017160419157263181 0.023132911732017595 0.11153358745310675
decision_type=2 2 2 2 2 2 2 2 2 2 2 2 2 2 2 2 2 2 2 2 2 2 2 2 2 2 2 2 2 2
left_child=2 6 4 12 16 17 25 -5 -7 15 19 21 13 -3 28 -6 -1 18 20 -9 -4 29 -15 -19 -10 -2 27 -14 -11 -8
right_child=1 3 5 7 9 8 11 10 24 14 -12 -13 26 22 -16 -17 -18 23 -20 -21 -22 -23 -24 -25 -26 -27 -28 -29 -30 -31
leaf_value=-0.028220224843259104 -0.016461031806984626 0.04211793124777552 -0.011302268109249079 0.065436534489333842 -0.026673416712072628 -0.027381053449895956 0.065770892517887383 0.034834559099834343 0.018682651029534959 0.047737988704635609 0.043763278393038216 -0.0084900376077751034 0.028591823888834786 0.010746842541481944 -0.021925192195187935 -0.043774962218141922 -0.05172459134936519 -0.013413939366511626 0.02984577725273127 0.021762352154937225 0.014150938479073462 0.0051593486677627715 0.044882468466981643 0.027827589389477516 -0.014216850036132538 0.02236528288734739 -0.0048153674063302863 0.0032530815502365786 -0.02110332518503585 -0.010509088702730176
leaf_weight=655.86706872284412 2357.3171062767506 591.97509215772152 1278.5259830206633 272.20245409011841 2994.4896595627069 2868.8044392988086 121.62872834503651 1897.7457710504532 222.14252953231335 139.61671121418476 987.37010502815247 2332.7885439544916 843.58659753203392 3586.5268247872591 413.82827946543694 1585.4290546625853 3046.8150601834059 2407.2239026874304 538.35132719576359 12181.335850074887 628.88021683692932 7001.6707268953323 219.99249039590359 144.31845635175705 5598.8509287387133 160.51176275312901 1585.9776317030191 2525.1290092021227 68.5088060349226 51.863968059420586
leaf_count=4016 12265 2736 6859 1063 17314 16895 592 7956 1184 764 4042 11411 3982 16685 2329 9510 19723 13063 2890 52123 3380 34382 1021 765 29897 805 7545 11968 389 249
internal_value=-0.000373618 0.0130409 -0.0221759 0.0198556 -0.0369736 -0.0125488 -0.000951356 0.025571 -0.0177218 -0.0294374 0.0248507 0.00250035 0.0104828 0.0166763 -0.00619661 -0.0325935 -0.0475612 -0.00355348 0.0042999 0.0235244 -0.00291023 0.00607354 0.0127197 -0.0110813 -0.0129613 -0.0139859 0.00498458 0.00959836 0.0250775 0.0429677
internal_weight=59309.3 36717.6 22591.7 24691.8 8904.55 13687.1 12025.8 15338.7 8689.8 5201.87 15066.5 9507.95 9353.19 4398.49 621.954 4579.92 3702.68 4997.3 2445.76 14079.1 1907.41 7175.16 3806.52 2551.54 5820.99 2517.83 4954.69 3368.72 208.126 173.493
internal_count=297803 168825 128978 109121 54045 74933 59704 65184 47976 30306 64121 46634 43937 20442 3482 26824 23739 26957 13129 60079 10239 35223 17706 13828 31081 13070 23495 15950 1153 841
is_linear=0
shrinkage=0.1


Tree=30
num_leaves=31
num_cat=0
split_feature=11 11 11 10 11 11 13 20 11 10 3 8 8 12 3 8 2 4 12 8 1 3 8 13 1 19 13 5 2 1
split_gain=1930.77 278.149 240.973 68.8474 52.418 49.394 43.1373 39.358 38.9361 36.8094 32.6358 38.7871 33.6481 31.9408 31.7723 55.7405 36.8957 29.9932 34.7893 36.3018 28.9429 28.4746 28.1613 28.01 27.5903 27.1715 25.7863 24.1275 23.58 22.5496
threshold=0.018504016668525445 0.013068247663871442 0.026329855504005757 0.23003560204016477 0.010077264483928062 0.033390417963445856 0.09205051678759342 1.0000000180025095e-35 0.021896912404622007 0.84552856525772624 0.026687443507046774 0.30633389106445158 0.21812312340509396 0.19632198960089275 -0.058848976550124547 -0.86344824026081579 0.0090019577658413414 -0.017940941937259588 0.17730810462552346 -1.9216140932699011 -0.017724083339064608 0.019608472080171916 0.080305730401881131 0.21616399034890607 0.01233943012554284 1.0000000180025095e-35 0.024046928342449796 -0.011100227357945967 -0.072445712882885469 -0.10027241893207693
decision_type=2 2 2 2 2 2 2 2 2 2 2 2 2 2 2 2 2 2 2 2 2 2 2 2 2 2 2 2 2 2
left_child=1 4 8 -3 24 20 7 -6 21 10 12 -12 -7 29 15 -5 23 25 19 -19 28 22 -2 -16 -1 27 -23 -10 -4 -11
right_child=2 3 5 14 6 9 -8 -9 17 13 11 -13 -14 -15 16 -17 -18 18 -20 -21 -22 26 -24 -25 -26 -27 -28 -29 -30 -31
leaf_value=-0.055403964159189481 0.00089836145952828541 -0.024538791320223938 0.021578858306695113 -0.0052868484018218599 -0.030790102475878701 0.022311690376202703 -0.045657664153363975 -0.0094986589181883328 0.066282618986446759 0.026792275629618112 0.07197032640403507 0.031434988155768152 -0.030909002501945726 0.036196979104546771 0.0024807884843085167 -0.035332589445131062 -0.012324242588071086 0.059198885307717809 -0.0056234556953218507 0.012788984049995289 0.024829196979566495 0.015479907940139342 -0.025142688946802546 -0.022580042496237067 -0.029544394079110903 -0.0055766251972231414 9.4790370828261482e-05 0.015234727171487016 0.0041733183492545815 0.079981988255193884
leaf_weight=1570.1095744818449 4522.9792871326208 4025.6918059885502 1501.2772061377764 1282.7369965016842 4242.9094544276595 2462.8322177231312 1494.1427306160331 1091.5681033805013 264.3703655153513 103.83256128430367 266.07273112237453 2092.6223228722811 124.81579248607159 1171.2104912251234 3997.6497986763716 1190.5198886692524 5929.5331019163132 172.55024076998234 1044.5819853544235 7254.6184725314379 5005.6222408413887 2774.6533757448196 457.25813449919224 501.99056576192379 559.64629079401493 120.97013257443905 1793.6259643435478 142.49273402988911 1616.3276994824409 343.00293503701687
leaf_count=10528 22285 23979 6400 6758 26084 9953 9491 6414 1145 369 1045 8270 517 4428 21161 6613 31762 737 4872 33146 21510 13293 2276 2738 3648 553 8755 636 7054 1175
internal_value=-0.000185897 -0.0206624 0.0157628 -0.0131217 -0.0349117 0.0253315 -0.0306397 -0.0264333 0.00818559 0.0317826 0.0274997 0.0360076 0.0197446 0.0448753 -0.00955947 -0.0197496 -0.00714291 0.012905 0.011464 0.0138672 0.0201185 0.00373754 -0.00149259 -0.000315057 -0.0486087 0.036033 0.00943931 0.0484045 0.0125549 0.0676221
internal_weight=59122.2 25886.5 33235.7 16928.1 8958.38 14687.6 6828.62 5334.48 18548.1 6564.39 4946.34 2358.7 2587.65 1618.05 12902.4 2473.26 10429.2 8999.58 8471.75 7427.17 8123.23 9548.52 4980.24 4499.64 2129.76 527.833 4568.28 406.863 3117.6 446.835
internal_count=297595 149176 148419 93011 56165 60721 41989 32498 87698 25757 19785 9315 10470 5972 69032 13371 55661 41089 38755 33883 34964 46609 24561 23899 14176 2334 22048 1781 13454 1544
is_linear=0
shrinkage=0.1


Tree=31
num_leaves=31
num_cat=0
split_feature=11 11 10 1 11 13 10 1 7 11 13 0 9 13 2 4 0 13 20 0 8 13 0 9 2 12 10 2 9 18
split_gain=411.734 82.1326 41.2269 35.4564 29.0036 23.417 23.09 20.7841 29.2406 20.5388 16.2134 16.0379 16.5813 15.902 15.3534 14.6742 14.6045 14.2145 14.1239 13.7804 12.9654 12.5814 13.025 11.833 13.2419 11.407 11.8401 13.0008 11.2975 11.2363
threshold=0.024563221531833049 0.016958818053425386 0.53539937593855647 -0.020202731105314339 0.012723879826293073 -0.014383844898414827 0.34316715365819411 0.0094879163760848168 0.1160464718042601 0.03666353773530228 0.30432501818281726 -0.020018116071542909 0.18255755513237221 -0.5625481495394028 -0.03074808795476058 0.0062631538705821841 -0.017634550720148742 0.63568313913906149 1.0000000180025095e-35 0.032642656446367997 0.043775584243868092 0.046169933745669377 0.027819548268074982 0.34918123262249307 -0.054338287872047523 0.11851313085569597 0.45807028771740016 -0.1671975266032488 0.61541317659617267 1.0000000180025095e-35
decision_type=2 2 2 2 2 2 2 2 2 2 2 2 2 2 2 2 2 2 2 2 2 2 2 2 2 2 2 2 2 2
left_child=1 3 11 5 7 13 21 8 -5 19 18 -2 -13 -1 20 -12 -16 28 -6 -4 -7 22 -3 -23 -25 26 27 -8 -14 -9
right_child=2 6 9 4 10 14 25 29 -10 -11 15 12 17 -15 16 -17 -18 -19 -20 -21 -22 23 -24 24 -26 -27 -28 -29 -30 -31
leaf_value=-0.050192546250628828 -0.018034320845074215 0.0017823837565206875 -0.012737208501831613 0.011998770316089273 0.0082984212536382756 0.01204496994537276 0.07025945440406911 0.017838257228702106 -0.036729276060424691 -0.026712017384311445 0.030142688432331179 0.083392096250851463 -0.009051898316943429 -0.0037691904092046293 -0.024270592364289648 -0.0072111032100537174 0.005135510841056022 0.038845811133301988 -0.00078527438810776129 -0.028491823580291543 0.045048080459843855 0.0044998198390428061 -0.017303010720417584 0.036270645721935821 0.010564510560292012 0.0016461190065021278 -0.017066951467252883 -0.0043757456329555841 0.0074917346063657535 0.031224111286821066
leaf_weight=75.952682092785835 1671.556441873312 5384.6632321178913 3201.7968873232603 4644.9173491150141 8794.2604045569897 1325.9870030730963 23.435481712222099 3048.2920219302177 126.50226198136806 2798.9950753599405 527.0332632958889 20.254362195730209 5333.3198874592781 2587.6458276063204 212.92662170529366 131.3866380751133 816.69613865017891 66.157440468668938 2125.3873888850212 671.66271618008614 130.7757779955864 3173.858926743269 383.01746998727322 258.40594124794006 892.5416821539402 3174.4273198992014 799.1437371969223 5668.4770963937044 447.41059847176075 789.51111780107021
leaf_count=423 8658 26469 17103 22907 42803 6645 125 14724 636 15282 2587 97 27346 12944 1058 648 4060 338 10491 3603 654 15568 1886 1299 4415 16143 4077 28480 2311 3815
internal_value=0.000382299 0.00505973 -0.0144603 0.00882836 0.0107178 0.00142202 0.0002269 0.0151134 0.0107069 -0.0201853 0.00744928 -0.00939302 -0.00693111 -0.00509296 0.00840134 0.0226888 -0.000945689 -0.007244 0.00653038 -0.0154691 0.0150077 0.00357234 0.00051497 0.00764973 0.0163359 -0.00326634 -0.00566875 -0.00406845 -0.00777147 0.020592
internal_weight=59306.4 45095.2 14211.2 25337.3 20187.3 5149.98 19758 8609.22 4771.42 6672.45 11578.1 7538.7 5867.14 2663.6 2486.39 658.42 1029.62 5846.89 10919.6 3873.46 1456.76 10092.5 5767.68 4324.81 1150.95 9665.48 6491.06 5691.91 5780.73 3837.8
internal_count=297595 222857 74738 124395 98611 25784 98462 42082 23543 35988 56529 38750 30092 13367 12417 3235 5118 29995 53294 20706 7299 49637 28355 21282 5714 48825 32682 28605 29657 18539
is_linear=0
shrinkage=0.1


Tree=32
num_leaves=31
num_cat=0
split_feature=11 11 11 11 11 7 11 11 12 0 1 12 14 4 7 3 14 8 3 14 15 2 3 12 0 15 3 4 16 15
split_gain=1297.43 233.257 230.956 71.1018 52.4298 52.2206 36.189 34.426 26.9189 29.5761 17.0446 16.3926 15.9972 15.9566 17.6875 24.3752 14.6347 12.4215 12.1876 10.5529 10.1123 9.94302 9.89192 9.73977 9.49632 9.00081 8.87846 8.79694 13.4774 8.63159
threshold=0.01842494922025879 0.012519581061916188 0.027353196430737112 0.0098108806703962412 0.014993320834952624 0.12255238198719555 0.0219933064777048 0.03666353773530228 0.019975790494268595 -0.0042878298131130413 0.044772493427110545 0.036971924299169755 0.050989606543061512 0.0094135532796286742 0.11413727488641258 0.071292635453275036 0.89579830755436018 0.34886406472560222 0.26204639410186209 0.19523651978988024 0.33736153480019909 0.067325431420890883 0.086473079143213907 0.14708759796380524 -0.024405388899839228 0.59038982577006094 -0.11354155231012707 -0.0059204980490048511 1.0000000180025095e-35 0.14223416562011895
decision_type=2 2 2 2 2 2 2 2 2 2 2 2 2 2 2 2 2 2 2 2 2 2 2 2 2 2 2 2 2 2
left_child=1 3 6 5 13 8 12 20 9 -1 11 -5 27 14 15 -3 -9 -10 19 26 -4 -12 -15 -7 -13 -24 -6 28 -2 -8
right_child=2 4 7 10 18 23 29 16 17 -11 21 24 -14 22 -16 -17 -18 -19 -20 -21 -22 -23 25 -25 -26 -27 -28 -29 -30 -31
leaf_value=0.017060935231812784 0.019820769011692076 0.013554692075537869 -0.029295367060110902 0.025289901509397292 -0.017534818111091838 0.086962687469831115 -0.02035619387757406 -0.034727610689464311 0.035731277893113179 0.069836978250450682 0.054561222035242753 -0.018169222983170363 -0.0059349737679346634 -0.0075382360741611523 -0.0015808947886499188 0.029208966318876109 -0.05579215568846544 0.015302069748355324 0.060489700331482522 0.0015690648033586823 -0.021172151529806157 0.01565465972031518 0.071689391737575034 0.16572503548253478 0.016526948562986237 0.0082401202845139628 0.010204217386718754 0.0049847908563733605 0.10701320538180342 -0.012318891246029289
leaf_weight=140.96926853060722 97.477192208170891 6786.9900368601084 2533.9182658791542 3321.6989118009806 121.19819481670856 29.146472409367561 1644.050025343895 2587.3327992036939 1869.5526895523071 430.35080967843533 231.47266624867916 80.454869866371155 8937.1002825349569 529.1551655381918 628.20225627720356 1165.4880898147821 378.00871393084526 353.97826501727104 37.198559314012527 9088.6710987985134 3877.6194573044777 91.711286917328835 30.140387982130051 34.033187821507454 4041.8326620459557 86.58653099834919 2406.3014267832041 431.79536181688309 21.668188467621803 7135.7544935494661
leaf_count=577 503 31974 14334 14813 614 116 8749 15213 7928 1637 1031 369 46101 2492 2946 5477 2281 1521 188 45032 21945 414 141 117 18279 405 11921 2204 112 38161
internal_value=6.50902e-05 0.0139384 -0.0157455 0.0260005 0.00780034 0.0394861 -0.009197 -0.0285032 0.0374537 0.0568149 0.0210383 0.0200622 -0.00491547 0.0134319 0.0145729 0.0158489 -0.0374128 0.032479 0.00334153 0.00315852 -0.0243825 0.0435205 -0.00172581 0.12939 0.0158498 0.0246235 0.00887408 0.0116224 0.0356779 -0.0138239
internal_weight=59149.9 31505.1 27644.7 10625.2 20879.9 2858.03 18267.8 9376.88 2794.85 571.32 7767.17 7443.99 9488.04 9226.56 8580.68 7952.48 2965.34 2223.53 11653.4 11616.2 6411.54 323.184 645.882 63.1797 4122.29 116.727 2527.5 550.941 119.145 8779.8
internal_count=297595 147992 149603 46802 101190 11896 95830 53773 11663 2214 34906 33461 48920 43435 40397 37451 17494 9449 57755 57567 36279 1445 3038 233 18648 546 12535 2819 615 46910
is_linear=0
shrinkage=0.1


Tree=33
num_leaves=31
num_cat=0
split_feature=11 11 11 5 11 8 8 7 10 14 12 10 13 9 6 9 9 4 9 10 12 11 14 9 7 7 4 13 5 9
split_gain=591.298 115.957 82.0591 46.5109 30.1733 27.1144 18.9678 21.2496 14.9987 14.9287 14.3824 19.284 13.7753 15.2636 12.9307 12.7782 12.5389 12.2451 12.1948 12.3951 18.5027 12.1864 11.8503 11.8304 11.1701 16.6348 11.1525 10.911 11.0125 10.4053
threshold=0.020000564358263966 0.027924888881527107 0.014929903796545874 -0.0026856478359597587 0.03785062095668832 -0.21629653462870793 -0.56095900714708791 0.0068188275553410236 0.23123955779857669 0.030557025181801412 0.2274354751288756 0.4806748569285047 0.16630777217516704 0.14259692285760517 0.031595816964543395 0.18396546045225504 0.21641141192057875 -0.012989693860973038 0.39524832832607554 0.35316566588504333 0.16031984890283721 0.012723879826293073 0.29123274192893223 0.58348492216282277 0.012790666918875539 -0.11504459708189428 0.023308145083827506 0.40077295736165802 0.0070274558991130229 0.24370203084472422
decision_type=2 2 2 2 2 2 2 2 2 2 2 2 2 2 2 2 2 2 2 2 2 2 2 2 2 2 2 2 2 2
left_child=2 9 3 6 10 -5 -1 21 16 24 11 -3 13 -7 -14 -9 27 -11 19 29 -21 -8 -20 -12 25 -2 -19 -4 -29 -10
right_child=1 4 8 5 -6 12 7 15 18 17 23 -13 14 -15 -16 -17 -18 26 22 20 -22 -23 -24 -25 -26 -27 -28 28 -30 -31
leaf_value=0.010828322811582667 -0.032465498543741866 -0.01158630807742771 0.00020566247187096462 0.00027237101819752935 -0.029718144532724963 -0.00023650985198316729 0.033703366580064772 0.007433301811704875 -0.0027908325883664424 -0.015719381066960331 -0.01873203870445328 -0.0236510401704089 0.032102215388014235 0.012109048658104285 0.010922898695508396 0.021966437176732929 0.016896138798434161 -0.0054975514047643217 0.031277448407258442 -0.0096085355220544115 0.0083928993483498495 0.020643023327747086 0.0066667835517778247 0.003562503003095917 -0.0046460352551101107 0.041918784827464813 -0.021669114039258822 0.007998517119828014 0.10300991143273397 0.0045938365268933393
leaf_weight=2018.8253826200962 36.535473391413689 2133.7631512135267 1023.0452277809381 2772.8692688792944 2679.316661529243 1200.7149934768677 1632.3942878842354 1114.3057726174593 2539.612357378006 1458.1738288700581 414.02404277026653 3494.6266838610172 594.05066560208797 6034.864843994379 560.03280304372311 1323.6517571359873 1359.1514753401279 12453.802362218499 243.5873848348856 2085.1803517192602 786.2860731035471 1270.4927425682545 994.18746329843998 559.86949338018894 194.80024264752865 169.74587319791317 441.56910106539726 28.952994644641876 21.082413882017136 7672.6693729013205
leaf_count=9637 186 11144 4862 13424 15095 5964 7672 5323 12354 7573 2187 18900 2864 29116 2736 6328 6508 64002 1239 10389 3942 6016 5012 2986 997 875 2270 139 104 37751
internal_value=8.52479e-05 -0.0120106 0.0083271 0.0129142 -0.0207679 0.00884524 0.0190856 0.0222068 0.00325586 -0.00650176 -0.0171357 -0.0190772 0.0116787 0.0100604 0.0218247 0.0153238 0.0105163 -0.00703348 0.00202282 0.00112529 -0.00467925 0.0279873 0.01151 -0.00591541 0.012527 0.0287442 -0.00605131 0.00243568 0.0480316 0.0027574
internal_weight=59312.2 24036.2 35276 18522.2 9281.6 11162.5 7359.67 5340.84 16753.8 14754.6 6602.28 5628.39 8389.66 7235.58 1154.08 2437.96 2432.23 14353.5 14321.5 13083.7 2871.47 2902.89 1237.77 973.894 401.082 206.281 12895.4 1073.08 50.0354 10212.3
internal_count=297595 126215 171380 89080 50312 54104 34976 25339 82300 75903 35217 30044 40680 35080 5600 11651 11613 73845 70687 64436 14331 13688 6251 5173 2058 1061 66272 5105 243 50105
is_linear=0
shrinkage=0.1


Tree=34
num_leaves=31
num_cat=0
split_feature=11 11 11 13 11 1 13 13 11 3 13 14 13 3 8 3 2 1 0 3 2 8 13 18 7 6 11 1 13 8
split_gain=1343.02 328.287 171.862 89.5776 77.5245 54.0777 50.0782 45.7847 45.6706 42.2885 41.2051 35.7872 35.4801 35.3737 72.0429 32.0505 35.2516 27.9501 26.2683 26.0129 59.6498 43.8443 25.6228 24.7023 24.5908 23.7881 20.9459 20.2076 19.9387 19.3799
threshold=0.015785024753896929 0.027539727506758132 0.013068247663871442 -0.45828610206435599 0.021136409578927342 -0.027274407432358535 0.26171278304059747 -0.1355223481545256 0.01054007550812013 -0.23888391317825761 -0.31847566351875511 0.94890755725246045 0.15926024772539407 0.0051981925058846032 -0.0077556941530183545 -0.015255179170126974 -0.025509632157477254 -0.015414284463986403 0.062812648607486046 0.010216196181725314 0.032258776389430206 -0.0077556941530183545 -0.59193301882767668 1.0000000180025095e-35 -0.016873412815152363 0.18714560181436188 0.010077264483928062 0.01273902133624394 -0.62858171608165914 2.2685392939723505
decision_type=2 2 2 2 2 2 2 2 2 2 2 2 2 2 2 2 2 2 2 2 2 2 2 2 2 2 2 2 2 2
left_child=2 4 3 17 7 -5 9 13 -7 -3 -4 18 15 14 -2 16 -6 23 -11 20 27 -22 -15 -1 -13 -17 -19 -12 -28 -8
right_child=1 6 10 5 12 8 29 -9 -10 11 19 24 -14 22 -16 25 -18 26 -20 -21 21 -23 -24 -25 -26 -27 28 -29 -30 -31
leaf_value=0.011280377726267235 0.0091860734303071331 0.049311775662046926 0.0057523081056226749 -0.013082717927369557 0.011450985641734458 -0.050271297699769839 0.0083535082335549262 -0.004898984925401118 -0.033397661379248982 0.021395651642602903 -0.010450417303604893 0.0086996995215791739 -0.00011278068367467825 0.049204907222366791 0.06388613153204889 0.0070984320952154874 0.030590175771240166 -0.036057712043039813 0.04987504326253718 -0.021761025856511677 0.012123404013350284 0.10256850241541134 -0.0027006141601035182 0.098653494415787524 0.055410184390789867 0.10347447980242008 0.056932655175239877 -0.030325588565965469 -0.0067775462610219512 0.036407116795468965
leaf_weight=82.050065636634827 2294.5895978659391 732.58789822459221 980.65333144366741 924.20388698577881 2378.9084813892841 2346.1608599722385 2541.3692345023155 10616.441561073065 5071.1963674947619 8096.018632799387 2804.786149546504 141.02459575235844 3006.4482359141111 98.281553879380226 269.00469307601452 5717.4626439511776 1616.1191208064556 151.64058917015791 337.36509943008423 3886.1174649149179 275.68284343183041 66.532225161790848 2941.5972362160683 53.428476750850677 561.24819327890873 25.725935384631157 68.699353918433189 625.66949269175529 172.37773771584034 272.66985143721104
leaf_count=423 11299 2877 5256 5623 10667 16181 10981 54520 31447 33516 15500 558 14205 448 1344 26254 7198 922 1356 22060 1460 355 14605 241 2215 114 357 3522 971 1120
internal_value=-0.000348037 0.00942172 -0.0235861 -0.033364 0.00354682 -0.0358928 0.0228392 -0.0010391 -0.0387349 0.0261948 -0.0135476 0.024341 0.00938323 0.00627392 0.0149259 0.0123149 0.0191934 0.00657253 0.0225349 -0.0160188 -0.0101039 0.0297074 -0.00102247 0.0457376 0.0460302 0.00753014 -0.00693851 -0.0140754 0.0113778 0.0110718
internal_weight=59156.1 41646.9 17509.2 8869.76 28964.6 8341.56 12682.3 16219.9 7417.36 9868.24 8639.44 9135.66 12744.7 5603.47 2563.59 9738.22 3995.03 528.196 8433.38 7658.79 3772.67 342.215 3039.88 135.479 702.273 5743.19 392.718 3430.46 241.077 2814.04
internal_count=297595 193277 104318 56165 140654 53251 52623 82216 47628 40522 48153 37645 58438 27696 12643 44233 17865 2914 34872 42897 20837 1815 15053 664 2773 26368 2250 19022 1328 12101
is_linear=0
shrinkage=0.1


Tree=35
num_leaves=31
num_cat=0
split_feature=11 11 11 14 14 10 12 11 11 11 9 14 3 3 2 7 10 14 3 3 6 2 9 12 5 4 14 20 4 7
split_gain=1539.37 223.832 208.117 59.7401 51.0115 49.0885 52.8176 44.2139 43.4482 40.8598 26.7914 25.9501 25.4184 25.1442 29.9507 25.0189 28.6558 24.5041 24.3724 23.1913 29.5219 23.1207 21.9836 21.9728 20.8534 20.6325 20.3436 20.2176 19.8287 18.5394
threshold=0.018120108983143816 0.013068247663871442 0.028116329546130112 0.083193568570258253 0.19121102453648067 0.79948926223398187 0.30127431689664347 0.01565271663908362 0.010203725145284523 0.022976514244206877 0.18801097052068738 0.75654803061814069 -0.019036965580258688 -0.071936006298233032 -0.11636158640062998 -0.072940251244878782 0.58079810251804009 0.85709491850431452 -0.058848976550124547 0.0018603772687826316 0.047395690947732223 -0.0064661032463062531 0.22871159811518232 0.23478336542378073 -0.015130174142717499 0.0030250104268649829 0.92243147294436889 1.0000000180025095e-35 -0.0025185575529920175 -0.02927174695228096
decision_type=2 2 2 2 2 2 2 2 2 2 2 2 2 2 2 2 2 2 2 2 2 2 2 2 2 2 2 2 2 2
left_child=1 8 3 29 28 13 11 -6 -1 12 25 24 -5 14 -4 16 -15 -12 -9 26 -21 -14 -20 -17 -7 -10 -11 -27 -3 -2
right_child=2 4 5 9 7 6 -8 18 10 19 17 -13 21 15 -16 23 -18 -19 22 20 -22 -23 -24 -25 -26 27 -28 -29 -30 -31
leaf_value=-0.044172643634421228 -0.023449830815053592 -0.034975668700183295 0.024150568331905164 -0.00030168192480184544 -0.015086321736932258 0.018584739085069964 0.019527066493045787 -0.015621181770018092 -0.026242165961603621 0.0071994359355858299 -0.038655574875841481 0.065373745760280169 0.018810231130945928 0.025864996888791625 0.004035448941774324 0.024120729928456361 0.069531900636870189 -0.016602615453100621 0.013430079530182968 0.027748474250792771 0.011578565628063912 0.0060189361661889219 -0.0033297972958745911 0.0031333103016399828 0.051685657712776362 -0.01682435697743925 0.035715073587451657 0.019423676431277181 -0.018006138593972373 -0.0023345586511443568
leaf_weight=2224.5468646734953 611.02626952528954 1010.18690726161 1362.7481581121683 4490.8652689754963 6301.6391067653894 330.66735516488552 1010.4865222126245 1249.7109777331352 2392.0647146627307 3691.3107299357653 2610.6426123380661 594.84272383153439 1879.6435252577066 377.4765717536211 1620.3847076743841 5784.7112382203341 249.68998715281487 624.35575796663761 978.78110955655575 2245.0572155714035 2271.4704728573561 5693.1097148358822 3905.2695359587669 545.92412756383419 448.43849655985832 630.27402130514383 268.37539783120155 203.57146967947483 2162.8642101585865 1301.5525507628918
leaf_count=15390 3001 5816 5509 22025 36400 1228 3969 6766 15190 16616 16423 2026 8911 1579 6779 23488 966 3845 5216 9791 10006 27357 20477 2257 1610 4018 1171 1203 12325 6311
internal_value=6.30295e-05 -0.0192515 0.0135551 0.00782361 -0.0120913 0.023996 0.0368818 -0.0092035 -0.0321191 0.00939764 -0.0279689 0.0496455 0.00565901 0.0209052 0.0132244 0.0241983 0.0432498 -0.0343993 -0.00315966 0.0147186 0.0196162 0.00919388 2.89416e-05 0.0223109 0.037637 -0.0215204 0.00913214 -0.00797492 -0.0234086 -0.00908042
internal_weight=59071.7 24293.9 34777.8 22452.4 15608.5 12325.4 2384.44 12435.4 8685.46 20539.8 6460.91 1373.95 12063.6 9940.93 2983.13 6957.8 627.167 3235 6133.76 8476.21 4516.53 7572.75 4884.05 6330.64 779.106 3225.91 3959.69 833.845 3173.05 1912.58
internal_count=297669 143069 154600 105189 87000 49411 8833 68859 56069 95877 40679 4864 58293 40578 12288 28290 2545 20268 32459 37584 19797 36268 25693 25745 2838 20411 17787 5221 18141 9312
is_linear=0
shrinkage=0.1


Tree=36
num_leaves=31
num_cat=0
split_feature=11 10 11 1 13 13 4 4 11 19 1 17 12 3 3 6 0 2 13 2 9 11 4 9 10 0 13 11 13 0
split_gain=346.985 56.771 43.3391 34.2402 33.8691 33.6703 23.0597 22.0804 19.177 17.5723 20.1654 15.9443 15.192 14.1888 14.1255 18.8215 22.7909 15.0543 14.638 13.9896 13.1033 13.0888 12.7568 12.1216 19.567 11.4204 11.2468 11.2004 11.1673 11.0714
threshold=0.022418896687245615 0.49140614157785761 0.01237541103519996 -0.00050833765185487312 0.29135216837045264 -0.37291012787093342 0.0098222826265907965 0.0078572342060467832 0.03666353773530228 1.0000000180025095e-35 -0.004048409212095371 1.0000000180025095e-35 0.15327241421684448 0.062200795417955985 0.0085747210254898416 1.0000000180025095e-35 -0.015051665242544752 -0.013001970127295646 0.51440359231916366 0.035632074521297692 0.34732526486620585 0.016816349428285922 1.0000000180025095e-35 0.53421525542471382 0.42803100813915618 0.028564228435907783 0.094860783470056123 0.0078618324862541663 0.43663468792789384 -0.023351220516462764
decision_type=2 2 2 2 2 2 2 2 2 2 2 2 2 2 2 2 2 2 2 2 2 2 2 2 2 2 2 2 2 2
left_child=2 23 3 5 6 11 9 19 12 22 -11 -1 25 26 17 16 -16 21 -17 -7 -14 -6 -4 24 29 -3 27 -5 -28 -2
right_child=1 8 4 13 14 7 -8 -9 -10 10 -12 -13 20 -15 15 18 -18 -19 -20 -21 -22 -23 -24 -25 -26 -27 28 -29 -30 -31
leaf_value=-0.033982888669355581 -0.013938097850906789 -0.014981118244352835 0.00023829202258086741 0.050595521973410773 0.027754114794312813 0.010459458944805752 -0.0057378951793933758 -0.029661478803536714 -0.023302288476253638 0.0016716131269191568 0.014349947317861603 0.013728044329854514 -0.028456735178316886 0.02684646072214979 -0.0045108062956937308 0.022053693240694186 0.078812556155055086 -0.011707382393081226 -0.00960786996880858 -0.02919688435174965 -0.0055635630554602897 0.004173185962639909 0.0051497935733057351 0.0037772434852664282 -0.014793093096499583 -0.029513755047303886 0.00087951480502453799 0.015836858870630004 0.070451378227026615 -0.0020144410726291614
leaf_weight=302.15345849096775 923.14190344512463 2579.6322144567966 11359.425126776099 95.640195906162262 384.63238576054573 3460.3885675519705 2807.3001793175936 150.53911709785461 2929.6296034902334 2160.2959994077682 2992.1456750333309 91.180631652474403 278.54087889194489 1172.3501502424479 46.534159481525421 1024.2205225527287 111.44083380699158 317.15960891544819 170.30124227702618 91.304063260555267 2441.331956744194 606.62032578885555 9894.636021643877 1217.3710874021053 2276.8248085975647 684.16146595776081 709.72068290412426 3021.4150107949972 23.847020640969276 4977.6884197592735
leaf_count=1588 4735 13716 56023 475 1925 17100 13978 760 16279 10647 14496 479 1431 5520 227 4988 541 1566 830 435 13115 3037 48593 6377 11880 3670 3448 14562 115 25133
internal_value=0.000489745 -0.0109563 0.00560174 0.0116809 0.00386265 0.00489468 0.00287886 0.00785007 -0.0166733 0.00379492 0.00903422 -0.0229228 -0.0134277 0.0172142 0.0146635 0.0218297 0.0542683 0.00725579 0.0175397 0.00944001 -0.00790804 0.0133232 0.0025248 -0.0055324 -0.00691829 -0.0180275 0.0142816 0.0169034 0.00314118 -0.00387981
internal_weight=59301.6 18308.3 40993.3 9118.54 31874.7 4095.57 29213.8 3702.23 8913.3 26406.5 5152.44 393.334 5983.67 5022.97 2660.91 1352.5 157.975 1308.41 1194.52 3551.69 2719.87 991.253 21254.1 9395.03 8177.66 3263.79 3850.62 3117.06 733.568 5900.83
internal_count=297669 96336 201333 44482 156851 20362 143737 18295 48211 129759 25143 2067 31932 24120 13114 6586 768 6528 5818 17535 14546 4962 104616 48125 41748 17386 18600 15037 3563 29868
is_linear=0
shrinkage=0.1


Tree=37
num_leaves=31
num_cat=0
split_feature=11 10 11 11 11 10 10 12 9 11 12 5 9 12 9 9 13 12 10 8 8 10 9 3 7 8 14 6 13 11
split_gain=1072.35 213.297 172.366 62.2007 55.5499 46.2595 40.9641 33.1159 25.0232 25.7676 23.7299 29.8617 22.0759 20.4251 19.6299 19.5185 16.8239 14.7632 14.6066 14.1492 14.0388 13.7865 18.0182 13.7654 12.6173 12.1981 11.8297 17.1019 12.5482 11.6294
threshold=0.017898491978274245 0.46398949026493325 0.013002887401128335 0.033024870511269323 0.010077264483928062 0.2529513937194604 0.35316566588504333 0.26767050964610645 0.73634319273716242 0.023093007479584395 0.019975790494268595 -0.0041819944686682922 0.51886309918608819 0.14507503618859266 0.28622422183613216 0.46824722331092589 0.49503989261270748 0.083439036089186278 0.18063541086525239 1.1733555252859507 2.5607691747974779 0.24926270608208462 0.35285393262865111 0.018749567111095548 -0.042668264931753179 0.11784902890596045 0.2711693930826416 0.034620849111531633 -0.53900217481006318 0.022099538183243023
decision_type=2 2 2 2 2 2 2 2 2 2 2 2 2 2 2 2 2 2 2 2 2 2 2 2 2 2 2 2 2 2
left_child=2 6 4 8 7 17 15 10 9 -3 11 -1 20 -14 19 21 26 18 -4 23 29 -2 -23 -6 -20 -12 27 -7 -28 -8
right_child=1 3 5 -5 14 16 12 -9 -10 -11 25 -13 13 -15 -16 -17 -18 -19 24 -21 -22 22 -24 -25 -26 -27 28 -29 -30 -31
leaf_value=0.01337694983973145 0.0066350309999561215 -0.0097256853722885277 0.026522330874434993 -0.034953507819904493 0.013976828842930229 0.0023431058017959771 -0.0091081137430392926 0.11788387360060193 -0.00042731325685560321 -0.024972171640779885 0.031861520650178936 0.061280391467982913 -0.007007521645068078 0.024283121097989135 0.050429215315974288 0.057269016050594916 0.039121626144801969 -0.0016260223964325697 0.0028267002229923517 -0.015392057723652618 -0.068830350027562479 -0.0080843136654364135 0.0020313239818623408 0.021926842053154729 0.014136448763919313 0.0175067471444687 -0.027027242959248573 0.020972811276466774 -4.3146494812334156e-05 -0.01689051449519734
leaf_weight=177.69435702264309 1255.1048137843609 1464.8093997091055 774.22738437354565 4076.2338574230671 4826.7873544842005 1875.472164824605 3246.074590459466 44.939514592289925 637.38467684388161 4557.0383287966251 1906.3089929074049 486.16381692886353 792.85051906108856 283.09758566319942 180.01568496227264 53.87963804602623 119.70110049843788 703.96008662879467 1219.0080018490553 132.2332562059164 46.479645252227783 5189.4620273262262 2665.1982529014349 3968.8095156997442 5169.7236680388451 858.58561819791794 176.79626278579235 668.35933338105679 6824.9226655364037 4700.6985808908939
leaf_count=716 6318 7678 3581 24744 21664 9228 16919 150 3606 25583 7936 1811 4368 1585 816 291 565 3391 5813 606 249 26912 14109 17624 24435 3623 878 3259 33420 25791
internal_value=-0.000305708 -0.0140418 0.0129079 -0.0252245 0.0218388 0.00649885 -0.0074574 0.0325981 -0.0192692 -0.0212635 0.0314803 0.0484581 -0.012222 0.0012255 0.0177352 -0.00274193 0.00186461 0.0121924 0.0135505 0.017076 -0.0140321 -0.00309686 -0.00465193 0.0175641 0.0119785 0.0274039 0.00139741 0.00723782 -0.000724506 -0.0137116
internal_weight=59082 28968.3 30113.7 10735.5 12581.5 17532.2 18232.8 3473.69 6659.23 6021.85 3428.75 663.858 9069.2 1075.95 9107.85 9163.64 9665.25 7866.92 7162.96 8927.83 7993.25 9109.77 7854.66 8795.6 6388.73 2764.89 9545.55 2543.83 7001.72 7946.77
internal_count=297669 158153 139516 61611 54946 84570 96542 14236 36867 33261 14086 2527 48912 5953 40710 47630 47350 37220 33829 39894 42959 47339 41021 39288 30248 11559 46785 12487 34298 42710
is_linear=0
shrinkage=0.1


Tree=38
num_leaves=31
num_cat=0
split_feature=11 11 11 1 10 13 3 3 8 8 10 14 3 8 8 11 3 14 8 3 2 14 10 14 12 10 11 4 7 12
split_gain=478.939 101.844 51.973 36.5494 25.0751 22.7003 26.7393 21.7375 47.1944 32.5301 21.1306 19.4254 18.1944 21.5371 16.0417 17.0548 27.0403 14.3513 13.9693 24.0257 25.6197 14.8194 13.7214 13.258 12.3281 17.1399 11.8309 11.6524 11.6369 13.0349
threshold=0.019361855176151271 0.030637545343782997 0.014664703822306604 -0.021220947078562254 0.37893609543374834 0.1128025912944423 0.078538634444570224 -0.068865571055840999 -0.66239283246067104 -0.20837125581705482 0.53060280988578346 0.055015101796461102 -0.071936006298233032 -1.159170154945629 -0.66239283246067104 0.011367999476948805 -0.071936006298233032 0.96741733487510995 -0.46146815382417433 -0.025837853451828648 -0.0029196761171121906 0.22356497987478649 0.3709569941020105 0.8763856091625325 0.18428424274105296 0.50339092722033618 0.03924277595886546 -0.0050845967560002583 -0.058375810116155051 0.14708759796380524
decision_type=2 2 2 2 2 2 2 2 2 2 2 2 2 2 2 2 2 2 2 2 2 2 2 2 2 2 2 2 2 2
left_child=2 4 3 14 -2 7 11 8 -5 -9 -3 -7 13 -4 -1 16 -16 26 28 21 -21 -20 -15 -17 25 -6 -12 -26 -14 -30
right_child=1 10 12 5 24 6 -8 9 -10 -11 17 -13 18 22 15 23 -18 -19 19 20 -22 -23 -24 -25 27 -27 -28 -29 29 -31
leaf_value=0.0084638376642764343 -0.0027906695734886654 -0.012242340089641113 -0.0018402193371674759 0.0064341820029914197 -0.0092272036908032651 -0.019239581002986492 -0.0057669472760098171 -0.0025348360933549093 0.060760833825810018 0.0094977535896972349 -0.019006506653769274 0.023585248509127608 -0.018248750326018703 0.021378634147204745 0.13133449950804008 0.023455508307961087 0.034234263183454967 -0.045194492511032761 0.033946298730784724 -0.0068051283298016605 0.0045480906050819466 0.0095068938820016963 -0.0020158723242459206 -0.0010437774067597173 -0.015098640640189849 -0.019439186680550537 -0.029503245343999236 0.0017585299538277564 -0.0033446994461483665 0.042247717278600327
leaf_weight=777.23494976758957 8180.8532542288303 1805.4813871383667 879.93210317194462 499.18214394152164 6835.9464512169361 111.27361895143986 424.94652073085308 3141.9871231168509 235.27205808460712 7886.1104845106602 2531.0300084799528 2201.6357408612967 562.25706611573696 1449.8354818820953 30.039886444807053 1467.545118868351 633.25507055222988 326.34656705707312 343.16621585190296 2708.1505253016949 7470.7084772735834 895.74408566951752 303.12628203630447 260.02539491653442 572.80735810101032 2163.8172022402287 1864.9622504264116 1443.2371963560581 1212.8587953746319 66.126824244856834
leaf_count=3660 41571 9817 4277 2372 35648 523 2063 15049 1072 37868 13960 10504 2720 6907 136 6853 2917 1889 1649 13342 36687 4280 1472 1212 2990 11615 10774 7572 5939 331
internal_value=-0.000387539 -0.0106537 0.00748161 0.0112138 -0.00698456 0.00908786 0.0172889 0.00717898 0.023837 0.00606958 -0.0214437 0.021525 0.00333219 0.0109253 0.0209442 0.0250014 0.0386318 -0.0249617 0.0018244 0.00312785 0.00152749 0.0162764 0.0173332 0.019768 -0.0100991 -0.0116825 -0.0234597 -0.003031 -0.00625851 -0.000987455
internal_weight=59284.9 25724.5 33560.4 17668.5 19196.7 14500.4 2737.86 11762.6 734.454 11028.1 6527.82 2312.91 15891.9 2632.89 3168.1 2390.87 663.295 4722.34 13259 11417.8 10178.9 1238.91 1752.96 1727.57 11015.8 8999.76 4395.99 2016.04 1841.24 1278.99
internal_count=297669 135836 161833 84229 99396 69451 13090 56361 3444 52917 36440 11027 77604 12656 14778 11118 3053 26623 64948 55958 50029 5929 8379 8065 57825 47263 24734 10562 8990 6270
is_linear=0
shrinkage=0.1


Tree=39
num_leaves=31
num_cat=0
split_feature=10 11 10 10 13 11 3 2 4 13 7 12 13 11 13 11 12 5 13 3 9 7 3 12 2 6 6 12 6 15
split_gain=1124.84 291.129 156.508 101.041 66.9552 59.9521 53.0571 80.6751 50.3264 44.1414 53.0699 41.8499 35.2692 34.7711 30.3328 29.8862 29.5619 29.077 27.7404 27.2193 25.3394 25.0214 24.0378 22.9798 21.8154 27.2151 19.4005 18.5703 17.1087 16.9943
threshold=0.26289276697965708 0.022099538183243023 0.17542601266283989 0.4329372252705927 -0.59193301882767668 0.013537390341220043 0.0042962529917296441 0.031546010345289595 0.0088522830279726978 0.47814802878482215 -0.22866321723753394 0.079228506714454291 0.17767803410007504 0.013808223708476683 -0.5625481495394028 0.010323607214828489 0.060555427186542388 -0.00089279129017655323 -0.51731876989679637 -0.13226167216521587 0.36858090911588687 -0.11504459708189428 -0.0098030883160418174 0.033177085336134456 -0.024134069141537037 0.024638500856111748 -0.0046249368073773547 0.074826579675701207 0.0092213176803345193 0.66968777748229769
decision_type=2 2 2 2 2 2 2 2 2 2 2 2 2 2 2 2 2 2 2 2 2 2 2 2 2 2 2 2 2 2
left_child=2 5 15 21 26 18 7 8 -6 10 19 -9 14 17 28 -1 -12 -8 27 -5 29 -3 -16 -20 -23 -26 -4 -2 -7 -14
right_child=1 3 4 9 6 12 13 11 -10 -11 16 -13 20 -15 22 -17 -18 -19 23 -21 -22 24 -24 -25 25 -27 -28 -29 -30 -31
leaf_value=-0.051837832141840214 0.097919602933817435 0.021652689963979569 0.093708079162146907 0.05824259232844553 -0.016753519064546182 0.05363594425020405 -0.015877402821051448 0.018195842995090052 0.016986829436149802 0.0015806197353756797 0.038195067238649461 0.10600968047582937 -0.0086521857402919629 -0.01696238017227452 0.0074726399966617563 -0.032800043804903437 0.019917274629370832 -0.036728059902503107 0.03993594275631622 -0.0084377027549297802 -0.021061346339341182 -0.0038034201990097827 -0.0007554761133504481 -0.027776718903137012 0.018882496914288435 0.0024225439506573546 0.021356624233575087 0.0038040692582302911 0.0087881092276578029 0.012548755021996648
leaf_weight=1453.3322420343757 27.667310938239098 982.17040877044201 57.397973746061325 557.57043913006783 5333.1379368975759 181.85184735059738 922.58221307396889 341.22720638662577 482.03304000943899 1089.8057387024164 949.71157385408878 64.535179227590561 1108.5158229470253 3731.1019057333469 5899.8366528004408 1906.0292998105288 12963.044938206673 2431.5891451835632 52.336590811610222 68.768978267908096 1077.7286554127932 2113.4220890253782 8916.5440754592419 1183.0466644838452 1610.1327755302191 2670.6121032238007 104.60004140436649 86.54509574919939 159.81642581522465 573.79553918540478
leaf_count=10454 132 4352 268 2176 30824 810 5739 1952 2698 4684 3978 334 5798 20854 29239 11987 53560 15734 312 284 5493 9581 44836 7229 7345 12309 542 443 740 2982
internal_value=0.000139952 0.00884416 -0.0217261 0.0164389 -0.0169096 -0.000223812 -0.0176876 -0.0109486 -0.0139567 0.0209918 0.0224469 0.0321623 0.00130708 -0.0236045 0.00320024 -0.0410362 0.021165 -0.030993 -0.0205489 0.0509214 -0.00909012 0.00679218 0.00252093 -0.0249081 0.00450954 0.00861369 0.0469917 0.026603 0.0326582 -0.00142106
internal_weight=59100.5 42272.9 16827.6 23005.2 13468.2 19267.7 13306.2 6220.93 5815.17 15628.9 14539.1 405.762 17918.1 7085.27 15158 3359.36 13912.8 3354.17 1349.6 626.339 2760.04 7376.34 14816.4 1235.38 6394.17 4280.74 161.998 114.212 341.668 1682.31
internal_count=297669 196283 101386 98269 78945 98014 78135 35808 33522 64682 59998 2286 89898 42327 75625 22441 57538 21473 8116 2460 14273 33587 74075 7541 29235 19654 810 575 1550 8780
is_linear=0
shrinkage=0.1


Tree=40
num_leaves=31
num_cat=0
split_feature=11 11 11 14 3 14 10 7 14 8 2 3 10 9 13 11 3 13 1 10 10 9 14 4 9 4 9 3 4 1
split_gain=1286.08 209.307 152.782 60.4215 62.363 57.6674 54.9869 64.1358 43.3271 37.6267 35.2917 37.9617 30.3342 35.8257 33.4645 29.9532 29.1085 26.9195 24.7334 24.3256 26.3352 27.7512 23.5443 23.1265 23.034 22.7721 22.7188 21.9203 21.7172 21.1496
threshold=0.016673835256244038 0.021896912404622007 0.011858739656917269 0.51729914290743506 -0.049978991437140678 0.13129595776857969 0.70768858675509283 -0.03635875235769314 0.19926201504327984 -0.81477438716789152 -0.074060588359114096 -0.10317902805481748 0.23478456748919529 0.20884836782058833 0.10678181552501771 0.013601466703230007 0.033707321667090014 0.29779882560121623 0.01273902133624394 0.376872699679004 0.6829909997065674 0.42343014643540466 0.095334015442101155 -0.00036517041111427945 0.39050852117336637 0.024929354919224437 0.1933337755087266 -0.05365096701681437 -0.022100346216837537 -0.048173764335874829
decision_type=2 2 2 2 2 2 2 2 2 2 2 2 2 2 2 2 2 2 2 2 2 2 2 2 2 2 2 2 2 2
left_child=2 5 18 10 9 16 -6 -8 23 25 11 17 14 27 -10 -15 -2 -3 -1 24 21 -21 -12 -4 28 -5 -20 -14 -7 -24
right_child=1 3 8 4 6 19 7 -9 12 -11 22 -13 13 15 -16 -17 -18 -19 26 20 -22 -23 29 -25 -26 -27 -28 -29 -30 -31
leaf_value=-0.040487867620032106 -0.0243949029600447 0.0035929622599354021 -0.036908893546506151 0.014006599657390345 0.021747070241441607 0.045711803728645049 0.10756805914789269 0.036403406449364607 -0.014191588462610264 -0.0071440413110003117 -0.003073335449369323 0.034255393283445547 -0.017670587338688787 -0.028984703186601214 -0.033327001656998444 -0.0092278267625284602 -0.00042381672797432929 0.029451655647590249 -0.018384118285789838 0.017673502938631694 -0.025507227673905467 -0.0020264998587328658 -0.0029774443172537368 -0.018968241021729761 -0.013121831974319285 0.054164641651058491 -0.04502507055536515 0.012360814643377634 0.001705573106579073 0.012203561290860409
leaf_weight=3674.4139533787966 1244.3182734251022 1304.0590925812721 1289.1132353916764 2456.6103263795376 5957.3450013101101 113.71324235200882 138.11680901050568 1524.0897773653269 3267.9475727826357 926.85373713076115 1554.9574690014124 1212.3581621646881 315.65262484550476 928.63210394978523 1268.7391345798969 4419.0044311434031 854.42011243104935 582.36600345373154 1175.2222140282393 2513.5082438439131 196.97098580002785 999.38694849610329 1047.858101606369 1623.2776211500168 1095.4175037592649 149.81907512247562 439.92534084618092 1056.7041803002357 8126.5848056077957 7388.0508886575699
leaf_count=25516 6621 5537 7837 10177 25006 557 487 5505 20043 4041 6893 5086 1814 5584 8116 24233 4380 2312 7926 11860 958 4728 4483 9681 5360 561 2934 5840 41428 31664
internal_value=-0.000419034 0.009972 -0.0214518 0.0157337 0.0211422 0.000748832 0.0262343 0.0423167 -0.0160378 0.0101611 0.0111255 0.020449 -0.0132251 -0.00895983 -0.019543 -0.0126587 -0.014636 0.0115759 -0.0359543 0.0032239 0.010074 0.012069 0.00823369 -0.0269093 0.000501797 0.0163149 -0.0256404 0.00545336 0.00231284 0.0103179
internal_weight=58845.4 39386.8 19458.6 24242.5 11152.8 15144.3 7619.55 1662.21 14169.1 3533.28 13089.6 3098.78 11256.7 6719.99 4536.69 5347.64 2098.74 1886.43 5289.56 13045.6 3709.87 3512.9 9990.87 2912.39 9335.72 2606.43 1615.15 1372.36 8240.3 8435.91
internal_count=297168 177644 119524 101752 45777 75892 30998 5992 83148 14779 55975 12935 65630 37471 28159 29817 11001 7849 36376 64891 17546 16588 43040 17518 47345 10738 10860 7654 41985 36147
is_linear=0
shrinkage=0.1


Tree=41
num_leaves=31
num_cat=0
split_feature=10 11 3 13 3 2 11 4 10 2 14 2 15 12 15 11 12 3 14 11 10 10 0 13 13 3 10 14 15 14
split_gain=262.542 74.2629 41.0786 22.0052 21.4746 48.8546 27.1349 23.2806 16.4217 14.2632 17.4675 13.9697 12.742 14.3669 12.7337 11.7736 11.7404 15.056 12.555 10.405 16.6436 10.0992 9.63334 9.53253 9.11783 10.5749 8.55108 7.81079 7.60651 7.36608
threshold=0.34801164121839423 0.028741948256311965 -0.058848976550124547 -0.53900217481006318 0.076091743467078046 0.043726456131482301 0.013937903968197095 0.0086666989131687373 0.53539937593855647 -0.055481345019568355 0.48572412492000011 -0.026998271299006889 0.55469801121481532 0.037300317245579244 0.62600812142666495 0.010323607214828489 0.11851313085569597 -1.0000000180025095e-35 0.07916807331685867 0.033390417963445856 0.36725836505745152 0.15944543322072188 0.010895386770249706 0.53694150155534259 0.49503989261270748 0.17014423411579041 0.406404415136425 0.76470585576790973 0.085263520853146799 0.099362213277682895
decision_type=2 2 2 2 2 2 2 2 2 2 2 2 2 2 2 2 2 2 2 2 2 2 2 2 2 2 2 2 2 2
left_child=2 16 9 12 5 7 22 -5 19 21 -11 -12 -4 -14 -8 -7 17 18 -2 -3 -21 -1 -6 -22 25 -10 -18 -27 -26 -28
right_child=1 8 3 4 6 15 14 -9 24 10 11 -13 13 -15 -16 -17 26 -19 -20 20 23 -23 -24 -25 28 27 29 -29 -30 -31
leaf_value=-0.046842778663549439 -0.03071928617779416 -0.013721370230148503 -0.027937596715794367 0.0089507245713152817 0.018680053569498627 0.022814019370103654 0.013584325465257422 -0.003851728915069521 -0.017746231864676273 -0.014806197906244989 -0.0097099010389133048 0.0087267245790363136 0.043704653374476959 -0.012640694271878215 0.0029012463630284746 -0.0064695156422281078 0.0068257575913691195 -0.0025970004279442264 -0.0090558348145610788 0.072439716596087972 -0.0061098585524810437 0.0044556542553772843 0.035283127926727817 0.03421371051231327 -0.027214663939257335 -0.022718984523687848 -0.016268203830276367 -0.04046907910088679 0.0017602377826855553 -0.0012670275507402537
leaf_weight=39.031863197684288 286.91209560632706 1889.7927262336016 278.26147807389498 18319.589895159006 1297.7205328643322 143.55517861247063 2364.3438881337643 1539.7770016342402 3712.2646725699306 1442.40902364254 760.82353574037552 893.80063350498676 65.100515440106392 148.43191714584827 2112.7569853514433 3149.6212270855904 1279.5891171991825 5513.0987875759602 3958.9669143408537 30.094476595520973 811.32324913144112 2289.8393456190825 478.24931025505066 63.192247912287712 122.19020353257656 705.19206294417381 353.73557388782501 382.31079552322626 350.47989574074745 4384.9850263819098
leaf_count=199 1487 9977 1504 88754 6082 678 11427 7587 20805 7295 3827 4499 323 778 10195 15254 6462 27969 20386 155 4291 11430 2230 330 676 3975 1834 2215 1932 22612
internal_value=0.000215401 -0.0078923 0.00568831 0.00714107 0.00749192 0.00608751 0.0126919 0.0079581 -0.0156971 -0.00231663 -0.00676265 0.000249259 -0.0138372 0.00453754 0.00854295 -0.005193 -0.00390177 -0.00604397 -0.0105197 -0.00949954 -0.000679844 0.00359589 0.0231511 -0.00319609 -0.0189818 -0.0202868 -0.000428089 -0.028959 -0.00573008 -0.00238683
internal_weight=59167.4 23844.1 35323.3 29897.4 29405.6 23152.5 6253.07 19859.4 8066.84 5425.9 3097.03 1654.62 491.794 213.532 4477.1 3293.18 15777.3 9758.98 4245.88 2794.4 904.61 2328.87 1775.97 874.515 5272.44 4799.77 6018.31 1087.5 472.67 4738.72
internal_count=297168 125106 172062 144812 142207 112273 29934 96341 44356 27250 15621 8326 2605 1101 21622 15932 80750 49842 21873 14753 4776 11629 8312 4621 29603 26995 30908 6190 2608 24446
is_linear=0
shrinkage=0.1


Tree=42
num_leaves=31
num_cat=0
split_feature=11 10 11 11 11 10 7 13 10 9 12 0 13 10 11 14 8 4 14 10 9 1 9 12 10 13 2 7 12 14
split_gain=863.435 182.011 141.296 48.3125 47.8371 42.4152 34.3096 30.3653 23.8395 23.0634 21.6172 21.1412 21.5051 17.4421 17.1661 17.1184 16.6677 16.2497 15.5859 14.0455 13.7441 12.5355 12.3923 18.5533 14.3839 12.8538 12.532 12.451 12.3702 12.1878
threshold=0.017898491978274245 0.46398949026493325 0.013601466703230007 0.0095131472399377897 0.032679232147815492 0.36184757158583436 0.1160464718042601 0.13200624786027523 0.15449327047832809 0.57673815699518161 0.15791381554699643 -0.024405388899839228 -0.62858171608165914 0.19264604200930394 0.019519586582966233 0.86850048838894678 2.5607691747974779 -0.0011666865843715788 0.99000672721233218 0.87584830217393617 0.67704299181583039 -0.01678126415692582 0.43489664803309608 0.11495348236731208 0.27519333166062104 0.24522184776647191 0.066107009297316846 0.096219192045364124 0.24954482501842143 0.16347125966541795
decision_type=2 2 2 2 2 2 2 2 2 2 2 2 2 2 2 2 2 2 2 2 2 2 2 2 2 2 2 2 2 2
left_child=2 5 3 6 10 22 8 13 15 16 -3 -5 -13 17 -12 -1 -7 -4 -14 28 -16 -15 24 25 -2 -24 -26 -25 -6 -19
right_child=1 4 7 11 19 9 -8 -9 -10 -11 14 12 18 21 20 -17 -18 29 -20 -21 -22 -23 23 27 26 -27 -28 -29 -30 -31
leaf_value=0.045298520902483465 0.0036197110473778216 -0.022437298159498742 0.035517596350042042 -0.01066935443807749 -0.030897129172195333 -0.012360128648335147 0.10582804719061333 0.013410085653922897 0.019249162259109116 0.016279961235266906 0.015334256426128174 -0.021470253907831527 0.017568868259090851 -0.0038775981451280514 -0.01747505631563738 0.014689634709251807 -0.07098090055092704 -0.02335723570197322 -0.031070167633848619 -0.043264343897046004 -8.9155860401377325e-05 0.0036884464780605935 -0.012593332088140927 0.03110256404856547 -0.0071515308182124012 0.030141547472520215 0.003858670003664199 0.11021212674625536 -0.012877571280630148 0.0145458067398411
leaf_weight=977.90099903941154 2579.6359808295965 3720.1745335310698 297.66136232018471 285.58724218606949 2849.4884124696255 7813.6589747220278 60.96881391108036 3374.7436863034964 1108.3542978614569 284.06851345300674 232.46530994772911 144.72556655108929 12149.133088067174 2991.0147330611944 1813.1771886199713 224.69449493288994 48.806516349315643 110.6060293763876 66.240687668323517 799.6745870411396 606.88738439977169 8174.6765080988407 217.92438913881779 107.73543420433998 5636.8180071413517 103.95781821012497 1265.9614850282669 24.401241034269333 439.76328092813492 364.10738062858582
leaf_count=3800 13130 20906 1377 1300 17627 42515 219 16096 4574 1593 1226 677 53686 14683 10208 885 274 508 294 5177 3457 39690 1181 583 29650 558 6706 133 2764 1691
internal_value=4.56756e-05 -0.0124375 0.0117939 0.018686 -0.0229359 -0.00636387 0.0317824 0.00503464 0.0298289 -0.0117127 -0.0175193 0.0162296 0.0168511 0.00266701 -0.0106219 0.0395795 -0.012724 0.0172002 0.0173051 -0.0313778 -0.0131151 0.00166169 -0.0019786 0.0141607 -0.00275135 0.00120869 -0.00513227 0.0457115 -0.028488 0.00571457
internal_weight=58875 28544.6 30330.4 15017.6 10461.6 18083 2371.92 15312.8 2310.95 8146.53 6372.7 12645.7 12360.1 11938.1 2652.53 1202.6 7862.47 772.375 12215.4 4088.93 2420.06 11165.7 9936.43 454.019 9482.42 321.882 6902.78 132.137 3289.25 474.713
internal_count=297168 157688 139480 65435 61365 96323 9478 74045 9259 44382 35797 55957 54657 57949 14891 4685 42789 3576 53980 25568 13665 54373 51941 2455 49486 1739 36356 716 20391 2199
is_linear=0
shrinkage=0.1


Tree=43
num_leaves=31
num_cat=0
split_feature=10 10 10 12 10 10 1 13 8 3 9 8 3 5 3 8 6 8 3 4 6 8 1 3 12 8 4 8 9 4
split_gain=376.509 83.8357 47.866 29.1939 29.5402 27.5018 26.6734 28.3548 26.2218 57.5711 24.0631 22.5681 18.5235 25.5489 17.8118 38.7134 31.549 21.746 32.1577 22.9356 19.6673 17.1945 16.9429 15.8919 14.6665 14.0909 13.2641 12.381 12.3745 14.1183
threshold=0.31852383468093082 0.4806748569285047 0.21499733292450415 0.18822591212013365 0.64273402643263466 0.94301017942886756 -0.0089570073907372354 -0.35311407391250288 -0.22421676791645248 -0.01622471958481508 0.17510732770906559 0.051234605927265024 -0.012548702979790603 -0.03585773171738648 -0.058848976550124547 -0.66239283246067104 -0.056617942264008785 -0.35449506852763718 -0.029977588402194218 -0.012206909202577386 -0.0074973851301284858 -0.38951877283373088 0.080067200566996025 -0.087665359356838821 0.28850763632409554 1.8362905510184231 -0.0073867931151618818 -1.1868589974634058 0.56330098569667097 -0.013871131648527482
decision_type=2 2 2 2 2 2 2 2 2 2 2 2 2 2 2 2 2 2 2 2 2 2 2 2 2 2 2 2 2 2
left_child=2 12 6 4 -3 22 7 -1 -8 11 -11 -10 13 28 15 27 -17 -16 19 -19 -20 23 24 -9 -5 -24 -18 -4 29 -2
right_child=1 3 14 5 -6 -7 8 21 9 10 -12 -13 -14 -15 17 16 26 18 20 -21 -22 -23 25 -25 -26 -27 -28 -29 -30 -31
leaf_value=0.049682088192704449 -0.029912826263952377 -0.015816205220192982 -0.0072698330315161186 -0.007738018792616097 -0.031730161399643478 -0.02702526400772506 -0.0002039179507177418 0.030786955428471548 0.032130744426551831 0.0029245191508933863 0.016576297481833115 0.080842958237456061 -0.0067986080838194768 0.0039916562197171148 -0.0051399081546841738 -0.0030171291460652371 0.0083921966715705936 -0.038894441896610676 -0.006011417015246304 0.028111159369703587 0.0051810935573039776 0.022753912067892818 -0.0097170459195678564 0.0041287037733062004 0.0068394732485701206 -0.045048621608348077 0.038520081745674617 0.0084413777545257387 0.019205714829307961 -0.0073563727954169492
leaf_weight=286.00805173814297 329.01643885672092 4841.5013185143471 773.97629424929619 1884.1506798267365 1536.6390343159437 695.60616566985846 2122.1773008704185 272.1088220924139 298.39027705788612 2528.0248667150736 2638.9215558171272 139.60642333328724 10224.74823705852 4792.8617807924747 2622.4898978024721 315.74455399811268 177.38209296762943 54.636411875486374 1837.2425656020641 785.74100081622601 10791.810096636415 2151.7311474680901 312.44019468128681 1254.9183032810688 1089.1402941346169 176.72649836540222 829.42062883079052 1425.1473230570555 146.1330161690712 1771.6769027858973
leaf_count=1346 1703 26648 3772 10173 8980 4009 10209 1256 1369 12254 12462 649 52683 24420 12753 1493 827 255 8850 3698 52457 9943 1732 5857 5825 986 3835 6823 773 9128
internal_value=9.87718e-05 -0.00837066 0.00762 -0.0154001 -0.0196502 -0.00888074 0.0126845 0.0193526 0.00926319 0.0128477 0.00989691 0.0476572 -0.0040807 -0.000133086 0.00460097 0.0110427 0.0245627 0.00319121 0.00481327 0.0237548 0.00355284 0.0169946 -0.00523551 0.00887907 -0.00239817 -0.0224817 0.033212 0.00291185 -0.00893186 -0.0108892
internal_weight=59106.1 27800.6 31305.5 10536.2 6378.14 4158.06 11691.9 3964.77 7727.12 5604.94 5166.95 437.997 17264.4 7039.69 19613.6 3521.67 1322.55 16091.9 13469.4 840.377 12629.1 3678.76 3462.46 1527.03 2973.29 489.167 1006.8 2199.12 2246.83 2100.69
internal_count=297168 147060 150108 58353 35628 22725 55345 18402 36943 26734 24716 2018 88707 36024 94763 16750 6155 78013 65260 3953 61307 17056 18716 7113 15998 2718 4662 10595 11604 10831
is_linear=0
shrinkage=0.1


Tree=44
num_leaves=31
num_cat=0
split_feature=10 10 11 11 11 1 14 12 3 14 18 3 2 11 0 2 1 2 9 10 8 12 10 12 1 1 2 2 12 3
split_gain=961.36 192.736 183.077 63.1342 55.2481 52.4983 41.2232 37.2257 34.3333 33.3303 32.1109 31.5952 51.1842 31.3759 29.7928 55.4334 28.1319 26.2907 26.2197 25.6644 23.5079 23.9165 23.2455 21.7851 21.7443 21.105 31.8716 31.239 19.6099 19.5451
threshold=0.28776332557413581 0.4329372252705927 0.01237541103519996 0.02252578379228376 0.014268116590901134 -0.010596508541538706 0.49379002509681752 0.040361789871385063 -0.34437524507926182 0.4104026442064071 1.0000000180025095e-35 0.041132648466627238 -0.022820018313745246 0.01054007550812013 -0.025587446089395224 -0.026250494376142571 -0.021220947078562254 -0.10841815864496172 0.50960983409957861 0.25663118239297755 1.4628639822992093 0.11381249587869656 0.16984192939912221 0.19213739618482559 0.0035505349030140469 -0.015860843031362922 -0.022107959478468771 0.0158219500448924 0.0840512671938832 -0.17973363050272481
decision_type=2 2 2 2 2 2 2 2 2 2 2 2 2 2 2 2 2 2 2 2 2 2 2 2 2 2 2 2 2 2
left_child=2 4 5 16 20 10 11 19 -5 25 -1 12 -6 -7 -10 -16 17 -3 -8 24 21 -2 -12 -18 -4 26 -9 -27 -13 -19
right_child=1 3 7 8 6 13 18 9 14 -11 22 28 -14 -15 15 -17 23 29 -20 -21 -22 -23 -24 -25 -26 27 -28 -29 -30 -31
leaf_value=-0.024647357834084123 -0.01119778528886828 -0.022413348950239869 -0.014678793552024748 0.053662421896513074 0.0036986684012072593 -0.047879788987424149 7.1689919251780994e-06 -0.0013863858467504202 0.027361334764760534 -0.012711706288579983 -0.02757241617205923 -0.0041179268462743094 0.021940466886976012 -0.030550752849124441 0.007193254991084766 0.021452906188180083 0.0051753502331414224 0.07332176191305205 -0.026847594478365745 -0.0053026326374013728 0.068324982549525959 -0.043352118914504842 0.02298790298286451 -0.016081192372762915 -0.029376848768003484 -0.016573502755339194 0.032146234759421626 0.0040091382526774915 0.010542942172265493 0.020645306612992704
leaf_weight=1451.3066088333726 690.58161122351885 128.95487560331821 2106.2289730161428 287.34959158301353 3107.5845168381929 1774.5473308935761 8150.2756819576025 827.17652389407158 3190.2399064451456 5184.3849956095219 133.71582256257534 2491.4508427232504 3045.6684202700853 2540.8734198212624 4181.4701778590679 7833.0794578939676 1239.266963198781 79.83174666762352 380.54302398860455 1249.8328481912613 29.65729782730341 347.83665058761835 284.20139933377504 789.17389630526304 1927.7776129692793 1351.6869102418423 431.20301043987274 1622.5185512155294 1439.4409223347902 598.57335583865643
leaf_count=9519 4000 606 12184 1051 14501 13219 39642 4395 12818 28861 912 12018 14573 16764 17192 32168 5917 369 1781 6648 173 2109 1733 3997 11572 7441 2330 8984 6878 2813
internal_value=5.74971e-05 0.00952784 -0.0171783 0.0169072 0.00265657 -0.031613 0.00392563 -0.0111056 0.0194182 -0.00733621 -0.017614 0.00825391 0.0127278 -0.0376766 0.0187711 0.0164901 0.00318908 0.0189764 -0.00119077 -0.0178235 -0.0194613 -0.0219685 0.00681074 -0.0030946 -0.0217027 -0.000751909 0.0101041 -0.00534505 0.00125069 0.026844
internal_weight=58896.4 38011 20885.5 18327.9 19683 6184.64 18615 14700.8 15492.1 9416.97 1869.22 10084.1 6153.25 4315.42 15204.8 12014.5 2835.8 807.36 8530.82 5283.84 1068.08 1038.42 417.917 2028.44 4034.01 4232.58 1258.38 2974.21 3930.89 678.405
internal_count=297168 172606 124562 76931 95675 42147 89393 82415 63229 52011 12164 47970 29074 29983 62178 49360 13702 3788 41423 30404 6282 6109 2645 9914 23756 23150 6725 16425 18896 3182
is_linear=0
shrinkage=0.1


Tree=45
num_leaves=31
num_cat=0
split_feature=10 10 10 4 4 12 12 20 4 8 14 3 8 2 3 8 3 4 10 14 3 1 7 4 14 3 20 18 8 3
split_gain=885.275 153.122 109.257 62.2922 61.5088 59.4052 38.565 36.7715 51.1145 47.3086 33.4023 28.1126 32.496 27.7197 43.4176 63.5506 32.9319 27.4414 25.7926 24.9139 23.9864 20.8797 19.9646 19.7021 19.5716 19.028 18.4946 20.0744 18.3081 36.5928
threshold=0.28514428820376597 0.42051355580703681 0.23123955779857669 -0.015798904921015208 0.010942133345344109 0.17410572809909311 0.095689837681443499 1.0000000180025095e-35 0.0081668709022606496 0.68269941478306506 0.091305817606519415 -0.035165104818546726 -0.3463158285116204 0.0023486646318904296 -0.093994458174846848 -1.3446078912174084 0.090656517899403224 -0.023719320910057014 0.17166992659339622 0.066823040913041601 0.11630416683732549 0.15631238790925148 0.05062735598353419 -0.0007603772719733114 0.67450454272599669 -0.048743150813480567 1.0000000180025095e-35 1.0000000180025095e-35 -0.86344824026081579 -0.061537159348688635
decision_type=2 2 2 2 2 2 2 2 2 2 2 2 2 2 2 2 2 2 2 2 2 2 2 2 2 2 2 2 2 2
left_child=2 6 7 21 5 24 13 18 23 -10 -7 12 -6 14 15 -2 25 -16 -1 20 -4 26 -13 -9 -5 -15 27 -3 -21 -30
right_child=1 3 19 4 11 10 -8 8 9 -11 -12 22 -14 16 17 -17 -18 -19 -20 28 -22 -23 -24 -25 -26 -27 -28 -29 29 -31
leaf_value=-0.036290680576537331 0.020289341607975062 0.018897991208984718 -0.031511694737289035 0.011335960776970697 0.016175934536176814 -0.031304500540154573 -0.0049130596734815943 -0.029636331024288743 0.020825639288298513 0.18156160425455192 0.0027240064103178606 0.043201777124583306 -0.041437051414338143 -0.022257685159532494 0.060403374895019124 -0.019576855913577676 0.0097260898053914621 0.013477653871301665 -0.023767041823278472 0.0065261475588621679 0.038600640499324268 0.091520286055063446 0.024070586820471911 -0.0093021770174828711 0.021709887527460295 -0.0019615819960630862 0.044428638033887968 0.046530825568014106 -0.030160386133546699 -0.0068788458778103814
leaf_weight=2230.8391427323222 657.35234871506691 1549.2220827192068 700.28402356803417 6135.3258041739464 1179.3197272121906 308.47530142962933 5322.4672392383218 751.15990732610226 132.68919532746077 21.242569953203201 4446.4464581757784 751.36469154059887 106.76447127759457 521.26682503521442 128.04694400727749 1020.813345476985 2655.1961695477366 4654.8225413262844 6256.8149271160364 823.3558002114296 52.449662700295448 53.469518736004829 1990.6512776017189 1303.1499132439494 2584.7781518250704 4057.3924547284842 551.67938064038754 316.63300387561321 748.87902244180441 6853.1101721525192
leaf_count=15972 2991 6140 4089 26039 4785 1422 26127 4907 794 116 19328 3002 463 2689 569 5035 12564 22493 40559 4378 285 174 7724 8311 10687 19940 2127 1204 4367 38465
internal_value=-2.24935e-05 0.00873271 -0.0171997 0.0148474 0.0127491 0.009508 0.00231039 -0.0240679 -0.0125727 0.0430072 0.000516409 0.0235915 0.0113932 0.00511775 0.00987821 -0.00396091 0.00086587 0.0147339 -0.0270587 -0.00919552 -0.0266263 0.0297103 0.0293129 -0.0167374 0.014411 -0.00427223 0.0283432 0.0235872 -0.00763822 -0.00917233
internal_weight=58865.5 38991.5 19874 19974.1 17503.1 13475 19017.4 10695.9 2208.24 153.932 4754.92 4028.1 1286.08 13694.9 6461.04 1678.17 7233.86 4782.87 8487.65 9178.08 752.734 2471 2742.02 2054.31 8720.1 4578.66 2417.53 1865.86 8425.34 7601.99
internal_count=297746 175503 122243 83095 73450 57476 92408 70659 14128 910 20750 15974 5248 66281 31088 8026 35193 23062 56531 51584 4374 9645 10726 13218 36726 22629 9471 7344 47210 42832
is_linear=0
shrinkage=0.1


Tree=46
num_leaves=31
num_cat=0
split_feature=11 11 10 3 8 14 3 8 8 13 3 11 13 3 14 13 13 13 10 10 12 3 3 8 8 3 12 5 3 14
split_gain=245.664 48.2115 34.9352 28.0995 24.7646 24.9695 22.7254 38.179 22.0972 21.3385 19.5008 17.5061 17.3914 16.8532 13.8299 12.8204 11.5615 11.3811 11.0367 10.9613 11.5816 10.6306 9.95982 16.6782 14.133 9.72829 12.3964 12.2446 10.4652 8.96865
threshold=0.022864033068450772 0.015785024753896929 0.42803100813915618 0.058955316401989595 0.073030176959249904 0.50168010828568899 -0.026863427044597096 -0.26323329446498672 1.0666025141675202 0.11593006198141768 0.099662509531585078 0.042894673729570051 -0.23953537055387211 0.017054725023124998 0.63096043515912548 0.31165974689814724 -0.269021358150275 -0.51731876989679637 0.15944543322072188 0.34140427237658205 0.11153358745310675 0.20370681909292057 1.0000000180025095e-35 0.34042436652081537 -0.058523512659449307 -0.14823419159719139 0.16557974798662592 -0.019231297164155167 0.31779137207541891 0.63889819148504057
decision_type=2 2 2 2 2 2 2 2 2 2 2 2 2 2 2 2 2 2 2 2 2 2 2 2 2 2 2 2 2 2
left_child=1 3 -2 4 6 13 7 -1 10 14 15 25 -10 -6 22 -5 -8 -7 -14 21 -21 -11 24 -24 -3 -4 27 -27 -28 -16
right_child=2 9 11 8 5 17 16 -9 12 19 -12 -13 18 -15 29 -17 -18 -19 -20 20 -22 -23 23 -25 -26 26 28 -29 -30 -31
leaf_value=0.0067667150898444552 -0.0032213464462341455 -0.0046461252285183875 -0.018560251293588289 0.011291061692359085 -0.023512643628233777 -0.033346138131711188 0.0019580652630795292 -0.016910390023649909 -0.024893349936711009 0.0087724124336119071 0.027860668738220462 -0.023381513196591788 0.075271143237546023 -0.0031445608490127622 0.030792364763527563 0.041240565359472486 0.013608175790305569 0.0071339829678774089 0.0053126400994318911 -0.0060273377833586547 0.012688447890630842 0.062229335480044057 0.005763223873710633 -0.0051326258037992963 -0.022323862906580314 -0.0054851042209082936 -0.002842144703154365 -0.015488524418534667 -0.032257529399343045 0.0026005921011869673
leaf_weight=4497.2645341157913 5426.5334952175617 3881.0444498509169 1636.4183291718364 2913.544011965394 567.32702416181564 71.455752015113831 997.46303825080395 802.56545786559582 230.43976648896933 3726.3007810413837 1186.3712344244123 1411.0595644637942 23.913232758641243 1430.7100703567266 115.4166721701622 150.30270574986935 5834.4240628182888 2479.6559593379498 395.74923431128263 1134.4194913804531 466.64732053875923 37.575773984193802 2494.7113855183125 3215.6929161846638 511.90453490614891 1713.2980140596628 2425.7819942831993 4281.3131204545498 127.2949305921793 5064.5019326657057
leaf_count=22210 27697 19529 9117 13714 2857 385 4903 4139 1152 18150 5535 8155 108 6867 571 705 27976 11865 1857 5651 2352 182 12161 15858 2588 9309 13271 23163 732 24987
internal_value=0.000298482 0.00438653 -0.00984363 0.00769153 0.00573578 -0.000556426 0.00809522 0.00318124 0.014349 0.000932199 0.0169753 -0.0129429 -0.00282105 -0.00892792 -0.00097245 0.0127603 0.0119072 0.00600015 0.00929902 0.00635803 -0.00057243 0.00930609 -0.00312638 -0.000372542 -0.00670609 -0.0114965 -0.0101442 -0.0126295 -0.00430878 0.00322875
internal_weight=59251.1 42229.4 17021.7 21581.2 16680.9 4549.15 12131.7 5299.83 4900.32 20648.2 4250.22 11595.2 650.102 1998.04 15283.3 3063.85 6831.89 2551.11 419.662 5364.94 1601.07 3763.88 10103.4 5710.4 4392.95 10184.1 8547.69 5994.61 2553.08 5179.92
internal_count=297746 206302 91444 104273 81202 21974 59228 26349 23071 102029 19954 63747 3117 9724 75694 14419 32879 12250 1965 26335 8003 18332 50136 28019 22117 55592 46475 32472 14003 25558
is_linear=0
shrinkage=0.1


Tree=47
num_leaves=31
num_cat=0
split_feature=11 10 11 11 11 7 10 12 10 9 14 10 12 0 14 10 10 11 14 1 12 9 14 9 12 12 9 6 9 14
split_gain=706.689 166.195 126.476 52.2925 46.7585 27.9579 21.8091 21.0715 17.3508 16.8139 15.5375 14.956 14.772 14.3268 14.2594 13.7894 15.6101 13.6646 14.0711 13.4672 15.2621 13.1311 12.8658 12.7332 12.7808 11.6786 10.5451 10.436 10.7226 10.0834
threshold=0.018584806486432029 0.46398949026493325 0.01433443486345492 0.033024870511269323 0.008502504389704766 0.096219192045364124 0.28776332557413581 0.081595959473009433 0.16798262292331687 0.7536614147467664 0.010658160135671503 0.35667180589186992 0.038318786656112387 -0.011646650408657864 0.99000672721233218 0.27881006914422796 0.73321119937437595 0.023093007479584395 0.066823040913041601 0.057221094069512375 0.11851313085569597 0.51886309918608819 0.83042324784844468 0.26282399666942896 0.032430395123288921 0.024907363654501469 0.11337684771091201 0.03342623000095591 0.2764264874046708 0.11152167869032405
decision_type=2 2 2 2 2 2 2 2 2 2 2 2 2 2 2 2 2 2 2 2 2 2 2 2 2 2 2 2 2 2
left_child=2 6 4 9 5 12 -2 -8 25 17 -10 -9 13 -1 -12 23 19 18 -3 20 -17 -13 -5 24 -4 26 -6 -25 -29 -21
right_child=1 3 15 22 8 -7 7 11 10 -11 14 21 -14 -15 -16 16 -18 -19 -20 29 -22 -23 -24 27 -26 -27 -28 28 -30 -31
leaf_value=-0.011372885796449614 0.0022537314573371778 0.040753518766469793 0.012075781590609907 -0.028837584920609272 0.053314543620620949 0.11252305048131231 -0.011216255804924642 0.004600988829757866 -0.033937056269467934 -0.00022978668826082097 0.013024976349029348 -0.0093468559994344131 0.013071390743633303 0.046278147419122818 -0.027518004149215403 -0.0047593865994206772 0.049679941642117913 -0.021038090159737444 -0.01156055515358388 0.052141191450069957 0.0071451404569058703 0.0042629838585837663 -0.043765333022941756 0.0077875450430477614 -0.00012958451071880345 0.016025036001554659 0.024812835622555214 0.0017171853711413774 0.030403364166535669 0.0087627126370143481
leaf_weight=46.71609003841877 2647.0925677120686 53.609739810228348 1116.9201293438673 3128.6230160966516 146.96754387021065 47.013329356908798 7466.455939412117 1726.9028999656439 71.614386737346649 558.6393133699894 13502.70327720046 3324.2445440292358 253.69471719861031 557.77617880702019 87.311107084155083 5051.2870335131884 61.826334223151207 4457.0050872713327 1255.9390400350094 58.471824914216995 1368.7520968466997 901.07971398532391 708.02150920033455 2044.3315211683512 3700.0375869870186 2162.3454158306122 1111.9612379223108 181.01264877617359 465.12391071021557 641.41535948216915
leaf_count=185 13634 288 5286 19958 535 167 40417 9215 321 3191 59988 18260 1011 2104 400 25077 317 26013 6725 293 6860 5021 4716 9998 17733 9170 4567 870 2246 3180
internal_value=-0.000146629 -0.0123726 0.00966622 -0.0223816 0.0152882 0.0374368 -0.00604168 -0.00767811 0.0141145 -0.0167947 0.0125197 -0.00323988 0.0333234 0.0418228 0.0127645 0.00278167 -0.000350923 -0.0183995 -0.00941894 -0.000785369 -0.00222134 -0.00644446 -0.0315924 0.00577837 0.0027005 0.020483 0.0281401 0.0112889 0.022367 0.0123868
internal_weight=58904.9 26227.6 32677.3 10161.8 17988.1 905.2 16065.8 13418.7 17082.9 6325.19 13661.6 5952.23 858.187 604.492 13590 14689.2 7181.75 5766.55 1309.55 7119.93 6420.04 4225.32 3836.64 7507.43 4816.96 3421.27 1258.93 2690.47 646.137 699.887
internal_count=297746 147438 150308 60891 78448 3467 86547 72913 74981 36217 60709 32496 3300 2289 60388 71860 35727 33026 7013 35410 31937 23281 24674 36133 23019 14272 5102 13114 3116 3473
is_linear=0
shrinkage=0.1


Tree=48
num_leaves=31
num_cat=0
split_feature=11 11 10 3 8 13 8 3 3 2 9 10 12 7 4 2 12 10 9 2 12 11 4 3 11 2 8 16 3 4
split_gain=328.616 56.8133 54.2477 21.1378 22.0081 19.4883 18.9034 56.1647 24.408 18.9727 18.8548 18.2199 22.9836 17.9416 17.7064 16.313 15.7959 14.8111 14.6535 13.5271 13.4671 13.3601 13.268 12.4834 11.9067 11.8397 14.3233 14.0406 13.4465 11.0945
threshold=0.020689105597698463 0.03785062095668832 0.26042239776700532 -0.051175956548205496 -0.79958187267857095 -0.38064264980725154 -0.41595023777794998 -0.032033775512142475 -0.089784781584517623 -0.059209571648131558 0.17663461472364081 0.4806748569285047 0.18428424274105296 1.0000000180025095e-35 0.0013763531058441638 0.034938374948022106 0.093284260877210909 0.2087678393465969 0.60672499192518192 -0.048599122859481085 0.086684380669200353 0.023802443640402324 -0.0098159801222150716 0.0035257546443372427 0.011189135343642034 -0.013001970127295646 -0.22421676791645248 1.0000000180025095e-35 -0.024853987492999382 0.0066204084360819157
decision_type=2 2 2 2 2 2 2 2 2 2 2 2 2 2 2 2 2 2 2 2 2 2 2 2 2 2 2 2 2 2
left_child=2 11 5 4 -4 25 8 9 17 -8 -9 14 -13 20 22 24 -17 -7 -14 -3 -6 -20 -2 -10 -5 27 -27 -1 -28 -18
right_child=1 19 3 15 13 6 7 10 23 -11 -12 12 18 -15 -16 16 29 -19 21 -21 -22 -23 -24 -25 -26 26 28 -29 -30 -31
leaf_value=0.026616216596328027 -0.0094791882466934221 -0.015081964353469944 0.0013572685200576903 0.019105924636012621 0.011790363391193222 0.038351974507023878 0.0024391967857796278 0.0027058805979501169 0.00072995275787502833 0.032639652657593561 0.010701431123070239 -0.016032109716104907 -0.010734880431752648 -0.014102168567935034 -0.0097921759924646298 0.00044464733857172225 0.017459288760655799 0.0094378052908773696 0.046908835481109738 -0.029970906953925697 0.030236657414824199 0.0020095761638624118 0.00061897224324753851 -0.024199457561236273 -0.0039930961754956439 -0.0087964362640516637 0.098039805015347925 0.075432565210853036 0.019719207311892167 -0.0039554819363730219
leaf_weight=266.03992998600006 1776.4753967672586 1033.7484630048275 2368.2291250228882 229.89557830244303 978.66891920566559 253.85491643846035 246.29927328228951 4433.1717292964458 3494.7481859326363 1338.3849275261164 8811.5914109796286 4653.7653910964727 1353.3203347027302 178.84503290057182 5404.7922355234623 3601.0773411393166 1125.4795010089874 586.3852095156908 71.291174739599228 1489.3488271012902 664.51615862548351 941.38138747215271 4862.6428602337837 213.11704474687576 7609.4688968509436 189.90719991922379 22.758098781108856 75.679436400532722 595.79674150049686 308.16700983047485
leaf_count=1234 9405 6186 11541 1107 4654 1160 1095 21204 16522 5926 41325 26095 7286 845 28196 17788 5662 2717 375 9006 3187 5185 25401 1046 37839 918 102 359 2836 1544
internal_value=6.45407e-05 -0.00976913 0.0057114 0.00154493 0.00771404 0.00917491 0.00842424 0.0101539 0.00278439 0.0279458 0.00802523 -0.00790277 -0.0119522 0.0159764 -0.00554258 -0.000462995 0.00397883 0.0181734 -0.00392722 -0.0238707 0.0192502 0.00517044 -0.00208306 -0.000702915 -0.0033157 0.0218218 0.0152256 0.0374274 0.0226008 0.0128561
internal_weight=59178.8 21586.8 37592.1 17064.3 4190.26 20527.7 19377.6 14829.4 4548.11 1584.68 13244.8 19063.7 7019.76 1822.03 12043.9 12874.1 5034.72 840.24 2365.99 2523.1 1643.19 1012.67 6639.12 3707.87 7839.36 1150.18 808.462 341.719 618.555 1433.65
internal_count=297746 117135 180611 84167 20227 96444 90995 69550 21445 7021 62529 101943 38941 8686 63002 63940 24994 3877 12846 15192 7841 5560 34806 17568 38946 5449 3856 1593 2938 7206
is_linear=0
shrinkage=0.1


Tree=49
num_leaves=31
num_cat=0
split_feature=11 11 11 13 13 3 2 3 8 3 13 14 17 5 1 0 0 1 8 15 13 11 8 14 4 1 8 11 6 2
split_gain=800.685 187.672 111.91 70.2137 52.7914 47.9492 91.0629 46.9208 45.0552 43.9699 40.9905 38.0082 34.2759 32.53 29.8148 29.6136 33.6922 28.6327 29.0219 25.2396 24.4191 24.2112 22.9022 22.7528 20.8794 19.9756 30.4749 19.4202 18.7453 18.2929
threshold=0.01538379413383908 0.024174955062787617 0.01127726258380332 -0.41370265808137935 -0.49979355817152948 -0.0080452689383867498 0.018196471424185793 -0.23888391317825761 0.19479928002299501 -0.18668481394949629 0.18182893995234309 0.95630251607118333 1.0000000180025095e-35 -0.01038296421128526 -0.010596508541538706 0.046325120011475381 -0.029188949036327735 -0.0028774556025406013 -0.36305679508740124 0.95735430290778534 -0.59193301882767668 0.020000564358263966 2.1415899595340409 0.21148038636804128 0.01487922120762031 0.013567769703677792 1.33814003492823 0.012794680866360701 0.0092213176803345193 0.099905419366499007
decision_type=2 2 2 2 2 2 2 2 2 2 2 2 2 2 2 2 2 2 2 2 2 2 2 2 2 2 2 2 2 2
left_child=2 9 4 25 12 6 23 -3 -8 -2 20 15 13 -1 -6 16 -9 18 -7 -17 28 -22 29 -5 -16 26 -4 -19 -11 -13
right_child=1 7 3 5 14 17 8 11 -10 10 -12 22 -14 -15 24 19 -18 27 -20 -21 21 -23 -24 -25 -26 -27 -28 -29 -30 -31
leaf_value=0.094462006831544765 0.027281029958214045 0.032671066039105405 0.021430314999829995 0.0014988270340895622 -0.023367351456629201 -0.052674460527451165 0.021422253790371659 0.020383424071874896 0.14095472741681989 0.060912207056231973 -0.0086506177446199622 0.032068220043543781 -0.054667312689974171 0.0032740967939523056 -0.044089390541781764 0.050413838863782812 0.0081986634952237163 -0.036214100404450403 -0.008891333762651844 0.018418631627429502 -0.0011023320646038927 0.0060996593976891606 0.060875664230125505 -0.018373600240701952 0.063742431792921661 -0.010584967806340389 0.14109176060645931 -0.022158109079931907 0.005646204799051124 -0.0042988659906619256
leaf_weight=58.21196722984314 617.58043673634529 1277.7008260935545 468.66720427572727 719.94977505505085 1053.6946440860629 164.5592295229435 544.94252306222916 2770.4033264219761 33.470357194542885 123.82261988520622 4249.5582011938095 616.22526720166206 59.238697685301304 119.28695124387741 2559.5373668447137 314.35729388892651 12546.713355198503 1439.5101497545838 1892.5390089154243 1143.1059320867062 11650.084370806813 7788.2708217948675 212.34066282212734 2884.4947412610054 18.083504356443882 200.6413563862443 22.295548141002655 3099.1986582577229 121.68756444752216 178.34421841800213
leaf_count=259 2854 4934 2470 4235 7368 985 3091 11174 178 527 22053 2426 355 743 19252 1295 52607 9790 11330 4567 59716 36318 807 17163 130 1124 108 18650 547 690
internal_value=-0.000195825 0.00671594 -0.0198475 -0.0148872 -0.0345566 -0.0168691 -0.00849366 0.0141613 0.0283391 0.000936004 0.000256195 0.0128313 0.0111979 0.0331798 -0.0375395 0.0116986 0.0104025 -0.0221805 -0.0123938 0.0253196 0.00217909 0.00178325 0.0317019 -0.0144043 -0.0433329 0.0159999 0.0268644 -0.0266161 0.0335195 0.0239055
internal_weight=58948.5 43610.2 15338.3 11470.3 3868.05 10778.7 4182.86 19059.2 578.413 24551 23933.4 17781.5 236.738 177.499 3631.32 16774.6 15317.1 6595.81 2057.1 1457.46 19683.9 19438.4 1006.91 3604.44 2577.62 691.604 490.963 4538.71 245.51 794.569
internal_count=297746 200515 97231 69124 28107 65422 24667 78500 3269 122015 119161 73566 1357 1002 26750 69643 63781 40755 12315 5862 97108 96034 3923 21398 19382 3702 2578 28440 1074 3116
is_linear=0
shrinkage=0.1


Tree=50
num_leaves=31
num_cat=0
split_feature=10 10 10 12 3 6 10 20 4 12 10 4 0 13 14 19 4 9 14 3 2 3 3 14 0 7 2 7 3 9
split_gain=714.901 158.305 70.1122 38.8024 37.6787 46.0777 39.314 37.4113 47.8256 35.9748 40.353 39.3673 34.3935 33.0499 29.4041 28.2201 30.485 27.9706 27.5711 23.8931 28.3005 25.1847 24.6236 23.628 23.1454 22.8758 22.644 21.6595 20.7328 19.6632
threshold=0.3262895824185672 0.23003560204016477 0.61005818879680984 0.1629177891379561 -0.015255179170126974 -0.028500539860324466 0.39542112764472687 1.0000000180025095e-35 0.0086666989131687373 0.30127431689664347 0.94301017942886756 -0.018835657539898017 -0.004806370515420876 0.08912365172127619 0.026200876318811069 1.0000000180025095e-35 0.0047393521918073231 0.1933337755087266 0.92619925368767431 0.157911414338366 -0.030007860553280082 -0.057413255294628922 -0.06026550901678273 0.095334015442101155 -0.021840502180880957 -0.072940251244878782 0.0062041195786701761 0.025633397528321614 -0.23888391317825761 0.64367210008515363
decision_type=2 2 2 2 2 2 2 2 2 2 2 2 2 2 2 2 2 2 2 2 2 2 2 2 2 2 2 2 2 2
left_child=1 7 3 4 5 13 23 15 12 10 28 -11 -9 -2 -5 16 -1 26 -7 20 22 -22 -3 -6 -17 -24 -10 -18 29 -4
right_child=2 19 9 14 6 18 -8 8 17 11 -12 -13 -14 -15 -16 24 27 -19 -20 -21 21 -23 25 -25 -26 -27 -28 -29 -30 -31
leaf_value=-0.03143469828067133 0.0026746377686578584 -0.007479061864801427 0.02842491162067784 -0.072025846193112669 -0.013219161678368769 -0.0089089633838749845 0.016979750621762543 -0.033359050027231385 0.15830879297484829 0.049936118709862941 0.050408922854137062 0.0023185391437227287 -0.005105016667254509 0.018430463209928777 -0.0013345577601707897 0.04584324593642039 -0.025217214334038302 0.0035528807860114768 0.028218166813190407 0.015349916793573372 -0.024646896267242983 -0.0077885303811294909 0.036676558848048595 0.0081488740811789546 -0.016383676654703142 0.0042783866380296121 0.038446036324946045 0.0034227933260924468 0.021815509782261433 -0.018145381194338929
leaf_weight=5163.3189418762922 3218.012756049633 1961.3009591475129 139.127710968256 59.910494819283485 576.14084643125534 2775.8221141844988 7608.9067956209183 626.20282808691263 30.531020238995552 192.10945743322372 475.59750363230705 1804.0216967985034 1380.9828945994377 2270.8003419041634 3294.663001857698 61.757176466286182 616.42263827472925 66.683378860354424 215.5512904971838 509.19470602273941 969.60325315594673 10295.385720036924 247.81137746572495 5082.9182736128569 1860.916060552001 1807.9805893450975 32.579645305871964 461.94558317959309 4665.4851570799947 260.2786545753479
leaf_count=35571 14674 10544 571 305 2788 13007 32010 4187 164 708 1529 7612 8921 9722 15236 390 4100 393 998 2560 5564 56995 1273 23535 12606 9622 187 3041 17743 1011
internal_value=8.86403e-05 -0.0122509 0.00995311 0.00741358 0.00895768 0.0037513 0.0122853 -0.0218947 -0.0101155 0.0184117 0.0225587 0.0069013 -0.0139197 0.00919305 -0.00259706 -0.0249779 -0.0282409 0.0487141 -0.00623367 -0.00595975 -0.00666979 -0.00923957 0.000536561 0.00597342 -0.0143849 0.00818376 0.096432 -0.0129486 0.0199435 -0.00192326
internal_weight=58732 26092.6 32639.3 25102.7 21748.2 8480.19 13268 10301.3 2136.98 7536.62 5540.49 1996.13 2007.19 5488.81 3354.57 8164.36 6241.69 129.794 2991.37 15791.3 15282.1 11265 4017.09 5659.06 1922.67 2055.79 63.1107 1078.37 5064.89 399.406
internal_count=297567 156118 141449 112275 96734 38401 58333 69560 13852 29174 20854 8320 13108 24396 15541 55708 42712 744 14005 86558 83998 62559 21439 26323 12996 10895 351 7141 19325 1582
is_linear=0
shrinkage=0.1


Tree=51
num_leaves=31
num_cat=0
split_feature=11 11 3 8 2 11 14 3 8 7 13 11 13 14 14 9 3 13 3 3 2 12 5 15 15 13 1 14 14 14
split_gain=180.253 37.2606 31.4075 37.3842 40.3277 27.5534 18.9549 17.7147 33.4006 28.1707 16.2185 19.6579 19.7509 15.8562 15.2649 11.3242 11.1796 9.95645 9.45931 9.34644 12.7695 9.24393 8.59995 8.34359 7.84835 9.65905 6.51079 6.31707 7.26448 6.15633
threshold=0.02430420630270997 0.018504016668525445 0.017900138072399544 0.14037362636730358 -0.032282267180002704 0.038520055810524985 0.50168010828568899 -0.03306441306488294 -0.3041864023855339 0.025633397528321614 -0.62858171608165914 0.010323607214828489 0.29779882560121623 0.97512604760975052 0.82287820885041796 0.18255755513237221 -0.34437524507926182 0.18585154091370512 -0.020025826278713851 -0.20317645446725804 -0.13709116988136213 0.12658549982484368 -0.055130649140421033 0.16985567540036331 0.21363791459953643 0.37001629581181777 0.020211303605861101 0.022497910574859156 0.063066092303260296 0.2711693930826416
decision_type=2 2 2 2 2 2 2 2 2 2 2 2 2 2 2 2 2 2 2 2 2 2 2 2 2 2 2 2 2 2
left_child=1 2 3 7 18 15 -6 8 -1 -9 26 13 -13 -12 29 -2 -17 19 -5 -3 22 -22 -21 -19 -18 -26 -4 -25 -29 -7
right_child=5 17 10 4 6 14 -8 9 -10 -11 11 12 -14 -15 -16 16 24 23 -20 20 21 -23 -24 27 25 -27 -28 28 -30 -31
leaf_value=0.0030743755442378057 0.064110348205089429 -0.020611578296059668 -0.033511182758658047 0.047131896289679752 -0.036294348201261442 -0.0068438645937436747 -0.010136102223622863 0.0104684530436441 -0.01543058862247323 -0.0037848838207974046 0.018178065226920975 0.0067106802723685202 0.022618731836532804 0.073707892435323191 -0.035080148328955306 -0.042861240011230213 -0.011599952761091664 -0.0064750767868134553 0.0077347528066558846 0.048572463832531873 -0.0036371793640912011 0.0036490317154043612 -0.0040940844769764596 0.039266057521148492 -0.0070944764544855037 0.0038195311127475168 0.026680952579944184 -0.021615630692882082 0.0074791112961654057 -0.019153540521643291
leaf_weight=6197.5874014049768 21.923972845077515 271.62375773489475 123.41087040305138 91.925157994031906 502.24095092713833 585.56686969846487 617.73371915519238 5775.391171194613 1157.5675539076328 1824.7556680068374 1308.3258548527956 12156.086379468441 834.01272395253181 53.525562942028046 495.45848383754492 90.376489922404289 3391.5950287431479 563.14063692092896 180.82786590605974 83.396833881735802 8878.8737843930721 2165.9834321290255 49.352426081895828 59.625590965151787 7294.6938414424658 912.31192030012608 21.032933473587036 89.541134119033813 2063.5587107390165 1326.9805878251791
leaf_count=30715 104 1415 693 457 2552 3328 3015 27772 6060 8761 6193 57822 3923 250 2991 523 18457 2785 885 424 44336 10971 252 294 39331 4862 108 438 10179 7671
internal_value=0.000164725 0.00325347 0.00520611 0.00220125 -0.013469 -0.00969498 -0.0218665 0.00366055 0.000162031 0.0070463 0.0085948 0.00893035 0.00773204 0.0203606 -0.0194371 -0.0076918 -0.00782647 -0.000980464 0.0210127 -0.00228314 -0.00183774 -0.0022083 0.0289925 0.0043925 -0.00755348 -0.00588125 -0.0247464 0.0071583 0.00626915 -0.0153847
internal_weight=59188.4 45069.5 30844.4 16348 1392.73 14118.9 1119.97 14955.3 7355.15 7600.15 14496.4 14352 12990.1 1361.85 2408.01 11710.9 11689 14225.1 272.753 11449.2 11177.6 11044.9 132.749 2775.87 11598.6 8207.01 144.444 2212.73 2153.1 1912.55
internal_count=297567 220300 149206 80217 6909 77267 5567 73308 36775 36533 68989 68188 61745 6443 13990 63277 63173 71094 1342 57398 55983 55307 676 13696 62650 44193 801 10911 10617 10999
is_linear=0
shrinkage=0.1


Tree=52
num_leaves=31
num_cat=0
split_feature=10 10 10 12 12 10 10 9 14 15 10 10 2 9 15 0 7 10 13 14 8 3 12 9 5 3 8 14 17 14
split_gain=576.794 98.3616 78.3037 47.1173 33.6645 26.994 18.3768 17.6313 16.513 16.2841 16.2617 14.989 17.089 16.8035 13.001 13.0374 12.9031 12.8101 11.6081 11.3894 11.3172 12.4333 11.0072 16.7115 11.4885 10.9784 10.5473 20.714 10.0691 15.9497
threshold=0.32914670736756552 0.2162340230483176 0.52570161321362696 0.11495348236731208 0.24954482501842143 0.16595782417158142 0.38099095565873492 0.12355671282667714 0.95263731333717883 0.94593722388128376 0.84552856525772624 0.2529513937194604 0.069810092112674318 0.29785599663593659 0.20543808961466867 -0.0022539214339249987 -0.0087966466409876692 0.87584830217393617 0.44979507447643202 0.24756795808407495 0.95713527197678061 -0.0036268405735631055 0.024907363654501469 0.10526897648913609 -0.0035956911893474382 -0.0036268405735631055 -0.46146815382417433 0.78005378155505556 1.0000000180025095e-35 0.13955050211785255
decision_type=2 2 2 2 2 2 2 2 2 2 2 2 2 2 2 2 2 2 2 2 2 2 2 2 2 2 2 2 2 2
left_child=1 5 3 6 10 22 -2 -6 17 14 -4 13 18 20 15 -5 -16 -9 19 -13 21 -3 23 25 -25 -1 27 -24 -7 -30
right_child=2 11 4 9 7 28 -8 8 -10 -11 -12 12 -14 -15 16 -17 -18 -19 -20 -21 -22 -23 26 24 -26 -27 -28 -29 29 -31
leaf_value=0.023077590906429121 -0.0072069801656823715 0.0020624406295417052 -0.023219279152407339 -0.0099669257425608459 0.086307267754803782 0.010270207510665477 -0.015026333375698345 -0.0027181628017046728 -0.042200304259330662 -0.024299310975212346 -0.044790338981196789 0.005223911382871203 0.011418126627662138 0.024211863584292129 0.010742535122534175 0.059171511215406813 -0.0011562930820914984 -0.019350916649156537 0.020157627847734123 -0.0018283768381853107 -0.011692808697342894 0.010776740184996109 0.042536995889855336 0.013194087459718283 0.031862794070249348 0.086804523144044798 0.014189001452004919 0.00070039140234320408 0.040034196285889494 0.014575007081506103
leaf_weight=41.662673711776733 5481.3738657087088 2823.2460413128138 4853.0170098617673 1072.2233511507511 18.820539504289627 7155.9475147128105 6654.2938849925995 1332.9348493516445 156.50397954881191 261.43353962898254 376.60014983266592 3169.6723358333111 1680.897382080555 560.36953324079514 1652.2431866824627 27.986133858561516 2032.3676436468959 709.52888751775026 296.88948038220406 8251.7114120572805 335.8868720382452 3897.598548412323 388.15277273952961 504.25451469421387 951.90491734445095 76.984695717692375 1944.6606484353542 170.25472208857536 290.15435674786568 1619.7231043428183
leaf_count=153 29022 13192 29685 5884 67 31538 37265 7730 996 1466 2624 15771 8434 2673 8909 149 10855 4542 1489 40762 1593 17893 1592 2059 3703 266 8100 700 1300 7155
internal_value=-0.000164678 0.00824596 -0.0118299 -0.00811772 -0.0203943 0.0150313 -0.0114945 -0.0100701 -0.010895 3.13584e-06 -0.0247727 0.00400235 0.00198879 0.00754438 0.00133098 -0.00820824 0.00417935 -0.00849619 0.000636223 0.00012878 0.00622083 0.0071161 0.0217884 0.0283385 0.025398 0.064427 0.0176675 0.0297813 0.0119919 0.0184428
internal_weight=58789.3 34160 24629.3 17181.9 7447.41 13143.7 12135.7 2217.79 2198.97 5046.25 5229.62 21016.3 13399.2 7617.1 4784.82 1100.21 3684.61 2042.46 11718.3 11421.4 7056.73 6720.84 4077.87 1574.81 1456.16 118.647 2503.07 558.407 9065.82 1909.88
internal_count=297567 158373 139194 93550 45644 56566 66287 13335 13268 27263 32309 101807 66456 35351 25797 6033 19764 12272 58022 56533 32678 31085 16573 6181 5762 419 10392 2292 39993 8455
is_linear=0
shrinkage=0.1


Tree=53
num_leaves=31
num_cat=0
split_feature=11 11 11 5 13 3 13 11 14 15 3 4 3 2 18 11 4 3 2 14 10 11 2 4 4 1 16 13 2 5
split_gain=280.646 62.8704 53.2639 23.7154 16.2715 17.752 14.4366 14.3232 14.032 13.7236 13.6933 11.7938 11.2293 11.2116 19.0014 13.3466 10.4552 11.5954 20.5256 15.7823 12.0508 10.1635 9.97443 9.90935 12.3684 9.33661 9.29031 9.09906 8.64172 8.59466
threshold=0.021415522233453801 0.01505561606670911 0.033390417963445856 -0.0026856478359597587 0.19413561775611524 0.085065604819948307 -0.34696350434752626 0.012865869874579739 0.68210810562298529 0.6141706357797504 -0.05365096701681437 -0.022100346216837537 -0.057413255294628922 0.016393261114774241 1.0000000180025095e-35 0.0096689189064459048 -0.015798904921015208 -0.02287741342660676 -0.0070370808218851435 0.9147364791468533 0.23359421176083608 0.0099432353466932192 0.07358110439939726 0.0030250104268649829 -0.0098159801222150716 -0.032351926969051086 1.0000000180025095e-35 0.69492379920095504 -0.12067366172330839 0.030226097330009142
decision_type=2 2 2 2 2 2 2 2 2 2 2 2 2 2 2 2 2 2 2 2 2 2 2 2 2 2 2 2 2 2
left_child=1 3 11 6 13 9 21 25 -4 -6 -9 -2 27 15 -15 -5 -3 29 19 -19 -20 -1 -7 24 -14 -8 -23 28 -13 -18
right_child=2 16 8 4 5 22 7 10 -10 -11 -12 12 23 14 -16 -17 17 18 20 -21 -22 26 -24 -25 -26 -27 -28 -29 -30 -31
leaf_value=0.048757706662643563 -0.019896708502541906 -0.010739878230370098 -0.015379498632600245 -0.011595721960195308 0.011758987619498007 -0.02137844778767671 0.02606772050063156 0.016754660513269487 -0.027637058421186474 0.034785980271102988 0.0024235622278733502 -0.010440974477589725 -0.014227640681147073 0.010616349327928404 -0.0033725757473384819 0.0036054906700916456 0.0042175923852565194 -0.0091598661883654491 0.011055493698142398 0.019916575390472171 0.00076418330322716981 0.014373289578960814 0.025817884964908756 -0.011575834822955614 -0.0029680260518953061 0.013697281227620824 0.044798678225255815 0.047593984389030661 0.00025006581413764402 0.020390831652248032
leaf_weight=161.42719128727913 643.77033363282681 700.13172182440758 3003.1903061270714 687.16194980591536 548.87631565332413 162.74166198074818 753.40748834609985 975.4974021166563 1355.4354829117656 489.76091960072517 2106.3934811800718 981.8713157325983 1224.8606863319874 4897.236081212759 1211.1330700665712 3622.0450076013803 6387.4881403446198 2839.8988915532827 1320.0468130111694 199.80930443108082 8242.567520186305 492.03103189170361 61.776735328137875 4229.0654840916395 4793.7346855849028 3208.1576273739338 126.07472825050354 37.003314629197121 3287.6203970611095 346.39363573491573
leaf_count=747 3556 3476 17626 3445 2579 785 3381 4443 8255 2310 9876 5322 6661 23375 5771 16981 30728 14212 6206 1019 40962 2298 306 22755 25603 14746 585 201 17654 1703
internal_value=0.000352551 0.00519902 -0.00944619 0.00924063 0.00638693 0.0171054 0.0135016 0.0120724 -0.0191913 0.0226172 0.00695972 -0.00665138 -0.0060655 0.00508729 0.0078427 0.00118145 0.00126484 0.00169951 -9.05369e-05 -0.00724858 0.00218482 0.0264144 -0.00839227 -0.00786616 -0.0052595 0.0160499 0.0205791 -0.00178067 -0.00220859 0.00504955
internal_weight=59096.6 39540.1 19556.6 19503.7 11680.7 1263.16 7822.99 7043.46 4358.63 1038.64 3081.89 15197.9 14554.2 10417.6 6108.37 4309.21 20036.3 19336.2 12602.3 3039.71 9562.61 779.533 224.518 10247.7 6018.6 3961.57 618.106 4306.5 4269.49 6733.88
internal_count=297567 189934 107633 91628 55552 5980 36076 32446 25881 4889 14319 81752 78196 49572 29146 20426 98306 94830 62399 15231 47168 3630 1091 55019 32264 18127 2883 23177 22976 32431
is_linear=0
shrinkage=0.1


Tree=54
num_leaves=31
num_cat=0
split_feature=10 11 11 9 12 14 0 0 14 1 1 3 2 0 4 2 3 14 5 4 3 6 5 12 8 4 19 10 9 19
split_gain=662.472 144.322 100.19 50.8334 47.4296 39.3443 36.1612 41.4961 32.3335 31.2246 30.5913 29.9455 41.0532 28.1387 39.8611 28.3955 27.1826 27.6956 25.4853 25.2636 24.6441 24.3794 24.3057 21.8768 21.3606 21.3111 72.9214 18.4435 17.1884 17.1841
threshold=0.26289276697965708 0.027539727506758132 0.010916634491924608 0.20635273854173328 0.054113871611941179 0.34643810268803782 -0.017634550720148742 0.046325120011475381 0.47799813145696718 -0.010596508541538706 0.011924630987505404 -0.062907981163016422 0.042988136605226941 -0.015350933882839255 0.014473524127396333 -0.017379377781405744 0.00097155473948973292 0.93008402571389326 -0.014368732524592196 0.0099988882389623352 -0.23888391317825761 0.025192311887268896 -0.035094417799390425 0.030523798240494057 -0.094822793010499437 0.0078572342060467832 1.0000000180025095e-35 0.17892670598046276 1.011177791726219 1.0000000180025095e-35
decision_type=2 2 2 2 2 2 2 2 2 2 2 2 2 2 2 2 2 2 2 2 2 2 2 2 2 2 2 2 2 2
left_child=2 3 9 -2 10 11 19 8 -8 27 25 18 -13 14 -3 20 24 -18 -6 -5 -15 -9 29 -12 -17 -4 -27 -1 -22 -16
right_child=1 13 4 6 5 -7 7 21 -10 -11 23 12 -14 15 22 16 17 -19 -20 -21 28 -23 -24 -25 -26 26 -28 -29 -30 -31
leaf_value=-0.031188772180796673 -0.013601916192469303 0.01884725549947049 -0.015726547075645431 0.0093242275543968158 0.014213997447731348 -0.012875197907383493 0.0045730775207730827 0.053439672426545716 -0.0031834767205432719 -0.041451540461034074 -0.037864306121515909 -0.0080617044891899952 0.034014699420627938 0.024726798611753743 0.060205934896523552 0.023782442087200473 0.0095272624493948858 0.035889364262512151 0.080706397418579545 0.046552671769609956 0.0030424767967210846 0.01357581410630441 0.026718872759398507 -0.020300320229430752 0.061979718130831987 -0.015505176234759197 0.072768622046119488 -0.0017044487395649979 -0.026607255066044291 0.13043447147827775
leaf_weight=505.06115131825209 1911.7274010255933 3879.8977116644382 5124.1578730046749 5166.4695233553648 154.23673012852669 2643.3494727909565 10629.071983292699 205.93172508478165 10870.470888890326 2022.3230113089085 1046.937085211277 1058.2595107331872 296.95025889575481 510.07060958445072 101.04499016702175 1099.3387859016657 3893.2307373285294 443.96667133271694 92.041811726987362 188.94912548363209 2713.44544672966 601.56040620803833 138.60305811464787 2197.9291687086225 168.89474141597748 390.74085236340761 123.05268589407206 365.83074036985636 210.70439581573009 53.178573951125145
leaf_count=3717 10591 15178 31077 24277 832 15526 50981 918 53251 15979 6867 6030 1691 1928 386 4319 15648 1658 516 848 11020 2835 539 13771 684 2290 726 2448 833 203
internal_value=-0.000443977 0.00605069 -0.0177891 0.00216877 -0.0140766 -0.00538152 0.00325867 0.00148712 0.000651255 -0.0346342 -0.0182318 0.00698724 0.00115797 0.0147399 0.0215324 0.0116045 0.0159914 0.0122258 0.0390642 0.0106377 0.00444402 0.0237421 0.0571094 -0.0259672 0.0288693 -0.0137797 0.00563625 -0.0188035 0.000906017 0.0844218
internal_weight=58807.4 42786.6 16020.9 29574.2 13127.7 4244.84 27662.5 22307 21499.5 2893.21 8882.82 1601.49 1355.21 13212.4 4172.72 9039.65 5605.43 4337.2 246.279 5355.42 3434.22 807.492 292.827 3244.87 1268.23 5637.95 513.794 870.892 2924.15 154.224
internal_count=297567 196097 101470 143701 79326 24595 133110 107985 104232 22144 54731 9069 7721 52396 16306 36090 22309 17306 1348 25125 13781 3753 1128 20638 5003 34093 3016 6165 11853 589
is_linear=0
shrinkage=0.1


Tree=55
num_leaves=31
num_cat=0
split_feature=11 11 11 14 14 3 9 14 9 20 11 13 9 14 10 2 3 12 13 14 20 11 10 14 14 12 3 13 13 10
split_gain=799.846 161.71 82.07 47.6154 39.1304 41.5603 36.5415 39.0494 35.1627 36.3628 34.494 31.4335 26.7772 23.5012 22.9786 22.443 26.8477 22.1707 21.3496 20.8735 19.7887 19.5507 16.2738 16.0031 15.7822 15.7102 15.5606 15.314 14.766 14.3447
threshold=0.016259463834901684 0.02525527594701062 0.011858739656917269 0.050989606543061512 0.52133005059509041 -0.01622471958481508 0.16739266934846544 0.311051429118193 0.24370203084472422 1.0000000180025095e-35 0.019361855176151271 0.1902063958210635 0.36858090911588687 0.23967777121711345 0.24323423760669827 0.0062041195786701761 -0.02287741342660676 0.057281559659464402 0.029032851495693953 0.98991596524719616 1.0000000180025095e-35 0.0078618324862541663 0.94301017942886756 0.55290549414839141 0.74051702689253818 0.23478336542378073 0.043994002275824513 0.019218239224127718 -0.38812180094153975 0.54609847392740929
decision_type=2 2 2 2 2 2 2 2 2 2 2 2 2 2 2 2 2 2 2 2 2 2 2 2 2 2 2 2 2 2
left_child=2 3 11 26 18 -6 20 15 9 24 13 19 -12 -10 17 16 -8 -9 29 21 -4 -1 23 -7 -5 -24 -2 -11 -23 -3
right_child=1 4 6 8 5 22 7 14 10 27 12 -13 -14 -15 -16 -17 -18 -19 -20 -21 -22 28 25 -25 -26 -27 -28 -29 -30 -31
leaf_value=-0.064885296137075277 -0.025524451481121382 0.0002106319222195446 -0.0054070262976271986 0.0035064692944999812 0.010793546538124629 0.043719056329194844 -0.030674894703196731 -0.014079745569878885 -0.0165117812166642 0.047405653862592635 0.0094435091225547156 -0.053954879487457807 0.00026741780021376194 -0.0015076377354879217 -0.0071534859719687514 -0.033108201168827296 -0.0043632352948891088 -0.033936300072342072 0.014943494614288316 0.051415650790212999 0.02245104452582454 -0.044192297646759214 0.070225866487029484 0.021929494444438653 0.024133417700656166 0.029446221411053599 -0.0025692750115772038 0.014417920833470994 -0.024196030224044249 0.011324097821133992
leaf_weight=133.81335584819317 794.92103695869446 2504.5302388072014 1189.6855541840196 1910.8198395371437 3206.715910166502 367.07395021617413 720.2147701010108 2726.7366712912917 1286.6911394745111 375.82716177403927 5861.3579961508512 464.96047504991293 6952.136170476675 5532.8535828888416 4210.7994085252285 1703.2569282278419 840.2242848277092 708.3881116732955 4636.4492752403021 33.997295014560223 324.54527311772108 407.61584750562906 150.74418599903584 4122.374825373292 460.28734304010868 253.06357377767563 469.84019884467125 224.96936038136482 3927.3380753621459 2165.7593543231487
leaf_count=1130 4312 10733 7601 10000 12706 1409 4562 17745 6890 1893 27284 3588 31237 28472 23833 10710 5147 4576 18585 237 1879 2988 452 15727 2362 855 2412 1183 28659 8550
internal_value=-0.000349067 0.00723009 -0.0183371 0.00188503 0.0145597 0.019642 -0.0139933 -0.0160138 0.00294149 0.0130786 0.00140701 -0.0292007 0.0044649 -0.00433857 -0.012105 -0.025171 -0.0165073 -0.0181745 0.0101365 -0.0266445 0.000563797 -0.0272384 0.0254407 0.0237111 0.00751064 0.0446695 -0.0169969 0.0350533 -0.0260763 0.00536429
internal_weight=58668 41276.4 17391.6 23869.7 17406.7 8099.97 12423.9 10909.6 22604.9 2971.9 19633 4967.73 12813.5 6819.54 7645.92 3263.7 1560.44 3435.12 9306.74 4502.76 1514.23 4468.77 4893.26 4489.45 2371.11 403.808 1264.76 600.797 4334.95 4670.29
internal_count=297717 185062 112655 116045 69017 31149 76053 66573 109321 15438 93883 36602 58521 35362 46154 20419 9709 22321 37868 33014 9480 32777 18443 17136 12362 1307 6724 3076 31647 19283
is_linear=0
shrinkage=0.1


Tree=56
num_leaves=31
num_cat=0
split_feature=10 3 8 3 10 12 10 3 7 9 14 14 8 9 4 15 12 8 14 4 13 4 6 1 12 3 8 10 9 9
split_gain=161.867 35.0576 28.0866 39.8394 23.0604 20.233 20.3066 19.5776 22.8218 18.8126 18.6241 17.6959 20.6241 15.0398 14.7519 24.5347 17.0275 14.0661 16.9677 13.9057 13.0406 12.1196 11.5089 11.1536 10.5143 17.1178 12.3772 10.6932 10.0957 12.2876
threshold=0.35667180589186992 -0.075101881029751003 -0.39851479706898768 0.012783807931155524 0.53539937593855647 0.16825276195964523 0.79948926223398187 0.00097155473948973292 0.03001478711517425 0.19195186113054308 0.94494796291371641 0.54887458646073595 0.19479928002299501 0.71840779499720087 -0.018835657539898017 0.19375409597238216 0.069734531124326954 -1.1868589974634058 0.2034239906968778 -0.0014635415450539033 -0.17628491056409504 -0.0056539981702292677 -0.044374623352952162 -0.021752416061838305 0.12244662823664096 0.033707321667090014 0.14809884904382739 0.45807028771740016 0.53421525542471382 0.33148088062486553
decision_type=2 2 2 2 2 2 2 2 2 2 2 2 2 2 2 2 2 2 2 2 2 2 2 2 2 2 2 2 2 2
left_child=1 14 7 11 13 -6 -7 8 -3 10 -5 12 -4 24 15 -1 -17 21 23 -11 -20 -16 -13 -19 25 26 -2 -27 29 -26
right_child=4 2 3 9 5 6 -8 -9 -10 19 -12 22 -14 -15 17 16 -18 18 20 -21 -22 -23 -24 -25 28 27 -28 -29 -30 -31
leaf_value=-0.01727754122588054 -0.0082150629023052413 0.011912796989944222 -0.0032728464691643279 0.01051544692627468 -0.01662987769098442 -0.0011001992576454706 -0.015501584725979779 0.030844728231025534 -0.010955006884460853 0.00023915676713527411 0.037400433716901535 0.026929569364123187 -0.024004639591515099 0.049252474036467327 -0.017023042607211974 0.017406404630875821 0.12260217696394766 -0.011839503725815409 -0.021173880951832605 0.0070793885329518127 -0.0015677989060197798 0.0084059491610557532 0.0021963394454096344 -0.040076597833986177 0.0032432644404411202 0.0013785430892219663 -0.025204928095620069 -0.0098173530592563524 0.0082731891248644055 -0.0093018349990719278
leaf_weight=56.379016324877739 5333.6637129187584 5090.2407425194979 4135.1409647315741 4674.6975075528026 3377.6728760972619 2730.1839035451412 1526.5646655037999 487.81315918266773 477.34125675261021 4482.2852997630835 272.69556857645512 198.31160558760166 542.83634325861931 52.70375993847847 231.58792997896671 28.644574910402298 33.245553180575371 303.69833727180958 420.74768836796284 8820.6419035047293 1751.350990742445 982.86752146482468 3666.8597124069929 259.34067653119564 1586.3296209573746 3438.680543333292 466.27422800660133 1134.543699324131 1083.002323821187 1537.4718842506409
leaf_count=283 27956 24569 20430 21809 19351 14975 8926 2297 2308 21508 1250 981 2789 274 1138 140 163 1547 2141 42286 8797 4876 17805 1328 7952 17556 2446 6081 5724 8031
internal_value=0.00033842 0.00440003 0.00548446 0.00409436 -0.00639534 -0.0108506 -0.00626486 0.0116353 0.00995221 0.0067326 0.0119973 -0.0015416 -0.00567858 -0.00407085 -0.004357 0.0304432 0.0739145 -0.00539908 -0.00937567 0.00477464 -0.00536561 0.00355682 0.00346534 -0.0248458 -0.0042636 -0.00597375 -0.00958093 -0.00139898 -4.67196e-05 -0.00293118
internal_weight=59183.8 36916.7 32848.9 26793.5 22267.1 7634.42 4256.75 6055.4 5567.58 18250.3 4947.39 8543.15 4677.98 14632.7 4067.86 118.269 61.8901 3949.59 2735.14 13302.9 2172.1 1214.46 3865.17 563.039 14580 10373.2 5799.94 4573.22 4206.8 3123.8
internal_count=297717 178445 158032 128858 119272 43252 23901 29174 26877 86853 23059 42005 23219 76020 20413 586 303 19827 13813 63794 10938 6014 18786 2875 75746 54039 30402 23637 21707 15983
is_linear=0
shrinkage=0.1


Tree=57
num_leaves=31
num_cat=0
split_feature=11 11 11 11 12 11 12 9 1 6 7 14 8 4 8 19 8 9 8 6 3 2 14 14 15 8 14 7 2 3
split_gain=502.192 144.399 56.897 23.6583 22.7189 22.6725 20.3143 23.1926 20.9657 17.157 23.1019 20.2315 14.6125 14.14 13.1904 12.6213 17.3654 12.1492 15.8261 12.446 11.1476 10.9384 10.6248 10.5634 9.87803 11.5718 10.5478 9.5841 14.1467 9.55709
threshold=0.016673835256244038 0.027539727506758132 0.011189135343642034 0.03785062095668832 0.24152913418454802 0.0219933064777048 0.019203036636450028 0.12690374497050902 0.01233943012554284 0.034620849111531633 0.10475978328029824 0.67841553945939137 -0.70168095498966754 0.006880759982765384 0.4887380531374857 1.0000000180025095e-35 0.4401076530482409 0.19730740090707327 -0.52914631810310786 0.019395618279391184 0.032769147662841121 0.093370802788675947 0.94494796291371641 0.89579830755436018 0.84233476924184936 2.0308885629063069 0.07916807331685867 -0.085065678309228884 -0.074060588359114096 0.064406038914058175
decision_type=2 2 2 2 2 2 2 2 2 2 2 2 2 2 2 2 2 2 2 2 2 2 2 2 2 2 2 2 2 2
left_child=2 5 4 22 6 21 7 8 -1 13 11 14 -9 27 -11 16 -15 18 -8 -19 -17 24 -3 -5 26 -26 -2 -4 -29 -13
right_child=1 3 9 23 -6 -7 17 12 -10 10 -12 29 -14 15 -16 20 -18 19 -20 -21 -22 -23 -24 -25 25 -27 -28 28 -30 -31
leaf_value=0.06546158224602934 0.0073555444020745216 -0.01553251421660627 -0.001825050685680563 -0.025958830269353139 0.069862578412159732 -0.0085715382546588566 0.025427179072902303 0.07284904419980992 -0.00019569614143815319 0.030474336806820823 0.0025083486050268447 -0.0050359835357236381 0.014509206930205416 0.0061274584618409931 0.013655874414126197 -0.027792265444048045 -0.026067472485738732 0.018128183712430693 0.010623179418731208 0.04402919371780474 0.0092750515262541786 0.0068087708358816794 -0.033812958039738925 -0.046600757383201401 -0.0088346552085943435 -0.083714258639602801 -0.0028362965448336355 0.028134547113689724 0.0072470748779275276 0.014542948289203323
leaf_weight=258.56834411621094 1121.9718891233206 5702.5821722522378 1127.6583525985479 1972.7872476279736 83.624087959527969 8576.1286365389824 881.5419853925705 46.8215461820364 59.901336342096329 1194.6152977794409 1436.3000748455524 418.54951526224613 516.992791056633 1329.5460163503885 764.9062893986702 298.15133683383465 191.69127422571182 599.91218465566635 3993.3078217953444 268.58210757374763 111.46573761105537 1256.202314645052 336.71600961685181 283.54669368267059 1864.1213624626398 20.86933933198452 10694.981596797705 332.97663244605064 12376.27240216732 616.60141265392303
leaf_count=883 5686 35241 5314 13147 307 48083 3545 184 201 5401 6636 1892 2022 6178 3473 1392 870 2526 16329 1122 515 6532 2189 2066 9646 109 55261 1576 56597 2794
internal_value=3.02701e-05 -0.00847129 0.0100869 -0.0198159 0.0180656 -0.0044724 0.0174118 0.0315393 0.053112 0.0074367 0.0129346 0.0179352 0.019354 0.00589172 0.0239092 -0.00212477 0.00207057 0.0152416 0.0133003 0.0261381 -0.0177054 -0.0021222 -0.0165517 -0.0285528 -0.002941 -0.00966367 -0.00186862 0.00701037 0.00779432 0.00662647
internal_weight=58737.9 31829.9 26908 8295.63 6709.25 23534.3 6625.63 882.284 318.47 20198.7 4430.97 2994.67 563.814 15767.8 1959.52 1930.85 1521.24 5743.34 4874.85 868.494 409.617 14958.1 6039.3 2256.33 13701.9 1884.99 11817 13836.9 12709.2 1035.15
internal_count=297717 177960 119757 52643 27119 125317 26812 3290 1084 92638 20196 13560 2206 72442 8874 8955 7048 23522 19874 3648 1907 77234 37430 15213 70702 9755 60947 63487 58173 4686
is_linear=0
shrinkage=0.1


Tree=58
num_leaves=31
num_cat=0
split_feature=11 11 4 3 8 3 6 8 10 6 4 11 9 11 9 11 13 0 0 9 5 3 2 10 7 6 4 4 7 13
split_gain=253.335 58.1382 22.0278 20.6204 33.4069 37.3803 30.5033 30.367 25.4599 20.5603 20.4732 19.0523 18.6 16.9869 14.3584 13.5553 21.1794 13.1415 12.81 12.4169 12.3602 12.2581 11.1671 11.4083 11.0161 10.7814 15.6676 9.6319 9.28829 9.21882
threshold=0.018809758449262595 0.03785062095668832 -0.022100346216837537 -0.089784781584517623 -0.39851479706898768 -0.037329996352306598 -0.057902697699817866 -0.79958187267857095 0.23846131868724793 -0.029785382995195505 -0.01057553906777464 0.012304628327929664 0.17510732770906559 0.026329855504005757 0.35285393262865111 0.0093318884875281411 0.19413561775611524 0.012058816843130151 -0.014761956285640919 0.30227815140388165 0.0011712747319945207 -0.017160419157263181 -0.069251202959870181 0.55122560864558012 -0.086869544272375851 0.00234957839217298 0.00077875837344332244 -0.0026915790845598582 -0.11815720335538525 -0.31339720054978254
decision_type=2 2 2 2 2 2 2 2 2 2 2 2 2 2 2 2 2 2 2 2 2 2 2 2 2 2 2 2 2 2
left_child=3 2 -2 7 15 6 -6 9 12 -1 -8 -9 -7 14 20 16 18 24 -5 -10 -4 -16 -3 -24 -17 -15 -27 28 -13 -29
right_child=1 22 13 4 5 8 10 11 19 -11 -12 27 -14 25 21 17 -18 -19 -20 -21 -22 -23 23 -25 -26 26 -28 29 -30 -31
leaf_value=0.01253143044152967 -0.0209803957752814 -0.013055779690671111 -0.010701724195087164 0.072683546691606551 -0.031984266956526473 0.0042325799670660238 -0.015827003245461796 0.080147110287764112 0.00015714313816090909 -0.015636771250686094 0.027646109063168472 0.084440232772920829 0.012519722824347452 -0.0050920985457503041 0.0042900052711677223 -0.018186957444948963 0.087036364462030252 0.0088046540454055477 0.0039227168311619072 0.007554650840033799 -0.0023454923436455372 -0.0034684201144519009 -0.0053482715056625985 -0.030491610478197668 -0.0028439485296370172 -0.0057046492864205036 -0.018394274221861007 0.066900842956053627 0.033001606549703522 0.012995037486753694
leaf_weight=1335.4366223961115 903.02008283883333 905.69758456200361 3514.5447203218937 29.25222210586071 101.52216321229935 4505.6665329039097 116.72585882246494 71.114778026938438 7452.5593488812447 321.51162528991699 1505.8692424148321 41.214956477284431 6789.5054954141378 3773.0869645252824 3369.44187502563 523.21034216880798 38.12043996155262 878.80693723261356 367.16595761477947 3262.2798481583595 3566.3496436774731 5147.6218271255493 208.95685347169638 1323.1421404182911 4431.4192136079073 1795.564176402986 2123.8573714569211 34.292999193072319 236.7578976303339 423.68837016820908
leaf_count=6313 5017 5568 17761 136 459 21401 519 312 36120 1533 6586 194 31326 21003 17633 2445 186 4224 1803 16244 18053 27166 1263 8382 20988 10043 11893 160 1078 1908
internal_value=8.96823e-05 -0.00713939 -0.00565624 0.00601954 0.0052973 0.00701213 0.0211917 0.0148135 0.0059014 0.00706572 0.0245188 0.0307202 0.00921397 -0.00506209 -0.00316552 -0.00119599 0.0158428 -0.00246523 0.00899667 0.00240942 -0.00649304 -0.000399104 -0.0218586 -0.0270624 -0.00446417 -0.00890773 -0.0125809 0.0259441 0.0406284 0.0170314
internal_weight=59097.4 26631.3 24193.5 32466.1 30002.1 23734.1 1724.12 2464.02 22010 1656.95 1622.6 807.069 11295.2 23290.5 15598 6267.98 434.539 5833.44 396.418 10714.8 7080.89 8517.06 2437.8 1532.1 4954.63 7692.51 3919.42 735.954 277.973 457.981
internal_count=297717 143782 128569 153935 142437 112655 7564 11498 105091 7846 7105 3652 52727 123552 80613 29782 2125 27657 1939 52364 35814 44799 15213 9645 23433 42939 21936 3340 1272 2068
is_linear=0
shrinkage=0.1


Tree=59
num_leaves=31
num_cat=0
split_feature=11 11 11 13 13 13 3 11 6 1 4 1 13 3 8 12 13 3 12 0 14 7 0 12 13 12 4 19 14 15
split_gain=547.262 113.511 102.16 58.1576 44.4195 39.9744 32.9192 32.5248 30.7523 30.081 29.9004 28.0691 26.3013 26.6636 45.0978 25.9157 24.9347 24.3031 22.6566 21.7425 20.6092 20.5617 22.1381 20.407 19.8728 17.8991 16.833 22.1002 16.0609 15.8593
threshold=0.016259463834901684 0.011367999476948805 0.02443074664425161 -0.29489096013806632 -0.53900217481006318 0.19413561775611524 -0.18668481394949629 0.044148357855600159 -0.0055861499848822152 -0.022282360806249232 -0.017160554008409653 -0.027274407432358535 -0.0071664204031607415 0.036458550946587572 0.21812312340509396 0.034937675893767048 -0.62858171608165914 0.34985228124735818 0.073820718003458172 -0.049581779075726466 0.93384855197087047 0.049662621016200566 0.046325120011475381 0.038654053848385266 0.12563828595555515 0.28850763632409554 0.0080169627986124165 1.0000000180025095e-35 0.78756300120759859 0.081235323017565073
decision_type=2 2 2 2 2 2 2 2 2 2 2 2 2 2 2 2 2 2 2 2 2 2 2 2 2 2 2 2 2 2
left_child=1 4 6 15 8 7 -2 17 -1 26 -11 -6 13 14 -8 -3 -17 19 -15 -4 28 22 -14 -13 -12 -18 -5 -28 -9 -7
right_child=2 3 5 9 11 29 12 20 -10 10 24 23 21 18 -16 16 25 -19 -20 -21 -22 -23 -24 -25 -26 -27 27 -29 -30 -31
leaf_value=0.070082897672407454 0.024230297904224776 -0.020170130788082288 0.030092978205525606 -0.0060952499672438168 -0.0055642953713637205 0.015180206269931277 0.0055259548104232845 0.03081889533469756 -0.012584338343831209 0.043284995909923789 -0.013961334187963047 -0.042542202339206359 -0.007305613651007784 -0.0086354192503012382 0.033630639895611464 0.05169873366833927 0.0090143246504152032 0.058900228738132158 0.0048302583363579437 0.011489084975185259 0.061014822442126707 0.0031504132790855528 0.038778200301542956 -0.026726914136016012 -0.025165422739362054 -0.047735505681448416 0.0025674850828846891 0.072857707727389476 -0.00039017452668626179 0.0010101303019012097
leaf_weight=68.720309570431709 626.56228451430798 330.65799156576395 663.17502070963383 2325.2280427068472 348.3843572884798 989.89231762290001 6507.5385284125805 820.39327825605869 130.36861146241426 84.620122797787189 7183.6409965753555 1809.6109731569886 5920.3601657599211 2366.1293707638979 625.86075818538666 134.97195653617382 1434.6710484325886 113.75506711006165 2647.7058547288179 11913.937833115458 182.50224924087524 3490.9741351753473 106.11048865318298 1485.7306021898985 2030.5804776102304 57.817781157791615 153.50499293208122 63.125077739357948 206.37594223022461 3908.3403667509556
leaf_count=342 2833 2021 2542 13632 2413 3968 31012 3034 793 494 43992 14591 29843 11656 3032 597 8093 429 12602 48139 649 17578 504 11303 12841 318 871 354 760 16481
internal_value=-0.000112851 -0.0148448 0.00621223 -0.0106117 -0.0300449 0.011642 0.00163328 0.0143794 0.0159502 -0.0132518 -0.015887 -0.032558 0.00097975 0.00406389 0.00799177 0.00535263 0.0105382 0.0128862 -0.00152446 0.01247 0.0300499 -0.00295658 -0.0064942 -0.0354118 -0.0164304 0.00681588 -0.00361136 0.0230498 0.024546 0.00387379
internal_weight=58731.2 17641.6 41089.6 13798.8 3842.81 18798.4 22291.2 13900.1 199.089 11840.7 9298.84 3643.73 21664.7 12147.2 7133.4 1958.12 1627.46 12690.9 5013.84 12577.1 1209.27 9517.44 6026.47 3295.34 9214.22 1492.49 2541.86 216.63 1026.77 4898.23
internal_count=297717 112655 185062 83213 29442 76002 109060 55553 1135 72184 57327 28307 106227 58302 34044 11029 9008 51110 24258 50681 4443 47925 30347 25894 56833 8411 14857 1225 3794 20449
is_linear=0
shrinkage=0.1


Tree=60
num_leaves=31
num_cat=0
split_feature=10 10 10 14 12 12 4 20 3 2 13 3 19 10 2 7 10 14 20 4 13 0 13 4 2 4 4 13 14 0
split_gain=497.401 70.2197 69.1308 46.2127 40.3965 37.9206 35.6927 38.0784 32.6412 41.7632 34.1927 29.7454 27.3904 26.6236 25.4639 22.8374 24.5555 22.1451 22.0097 39.1046 21.9983 21.1209 20.3985 27.0298 20.2988 19.9401 19.648 19.4154 19.6643 19.4037
threshold=0.28644033963242005 0.47367600548186095 0.23123955779857669 0.67841553945939137 0.095689837681443499 0.18822591212013365 0.00090704251516182677 1.0000000180025095e-35 -0.093994458174846848 -0.032282267180002704 0.15252028682101812 0.037360491795479518 1.0000000180025095e-35 0.6829909997065674 -0.1427284445872323 -0.22866321723753394 0.94301017942886756 0.95630251607118333 1.0000000180025095e-35 0.0098222826265907965 0.07539995532662673 -0.0037637297103485508 0.14896389331383228 0.0096230419834972842 -0.18004401713586363 -0.0098159801222150716 -0.023719320910057014 -0.59193301882767668 0.099362213277682895 -0.004806370515420876
decision_type=2 2 2 2 2 2 2 2 2 2 2 2 2 2 2 2 2 2 2 2 2 2 2 2 2 2 2 2 2 2
left_child=2 4 6 20 8 13 12 -8 10 26 24 -11 25 -5 -6 -7 -17 -15 -4 29 -3 -14 23 -9 -2 -1 -10 -16 -29 -20
right_child=1 3 18 5 14 15 7 22 9 11 -12 -13 21 17 27 16 -18 -19 19 -21 -22 -23 -24 -25 -26 -27 -28 28 -30 -31
leaf_value=-0.0033044172240015777 0.058544041833896499 0.0038782901917947458 -0.009614149796929046 0.019803907537147579 0.029327608666067109 -0.035970465708647398 -0.017529628122481229 0.0051023015942682146 0.058855691656918577 -0.0015692540239011198 0.012891267215295519 0.0090438994543862693 0.0067470034117554202 0.048967895905537864 -0.055309902361715402 0.0044982942787125798 0.033088218931691289 0.014256963315452804 -0.014626944515471758 0.05570754401208855 0.013762662203099907 -0.021759688236564101 -0.025944305662243081 0.065941611244001316 -0.015443851859427616 -0.029494552856170232 0.016435119843171572 -0.018713972735891152 -0.0018927079697857634 0.0071378007253116845
leaf_weight=311.76049900054932 37.999338790774345 6408.435431919992 7369.9707645177841 2582.688817948103 234.57252092659473 113.01146520674229 3404.5953728407621 773.72421072423458 113.60403908789158 4531.8524750620127 701.7959893643856 6328.4499956741929 442.90348267555237 676.8761350363493 73.391496054828167 1471.1357587426901 377.50537168979645 252.31279185414314 673.64948099851608 128.93361935764551 3471.2004239410162 629.05021761357784 183.0027212575078 80.635921090841293 1534.0233089104295 4304.1705313995481 2807.2712230756879 774.77450832724571 6746.3988235145807 1045.0897357612848
leaf_count=2110 154 26456 42324 10138 970 471 23818 4999 476 22086 3110 29528 3066 2255 388 6098 1291 846 3834 686 13353 4409 1242 439 7475 30682 12996 3902 32140 5877
internal_value=-0.000311889 0.0061584 -0.0134338 0.0114348 0.00276664 0.0188056 -0.0191359 -0.0124189 0.00563854 0.00747007 -0.00546198 0.00461518 -0.0243815 0.0250264 -0.00312268 0.00766879 0.0103366 0.0395425 -0.00716747 0.00259179 0.00735115 -0.00998146 0.00435446 0.0108444 -0.0136554 -0.0277257 0.018085 -0.00412497 -0.00362551 -0.00139276
internal_weight=58584.8 39237.3 19347.5 15353.2 23884.1 5473.53 10129.8 4441.96 16055 13781.2 2273.82 10860.3 5687.88 3511.88 7829.14 1961.65 1848.64 929.189 9217.64 1847.67 9879.64 1071.95 1037.36 854.36 1572.02 4615.93 2920.88 7594.56 7521.17 1718.74
internal_count=297619 174133 123486 60908 113225 21099 70765 30498 75825 65086 10739 51614 40267 13239 37400 7860 7389 3101 52721 10397 39809 7475 6680 5438 7629 32792 13472 36430 36042 9711
is_linear=0
shrinkage=0.1


Tree=61
num_leaves=31
num_cat=0
split_feature=11 10 4 14 13 19 5 10 13 11 4 10 11 19 5 4 11 12 0 2 13 5 10 13 15 17 14 5 6 8
split_gain=141.835 32.5897 28.2167 26.7919 23.4386 26.266 24.1624 19.7453 37.4466 19.7241 18.6782 16.2434 15.6578 15.175 28.6002 14.8866 12.4476 12.0201 11.8989 11.5301 10.9915 13.6017 10.154 10.134 9.56775 14.088 9.35682 9.29369 9.29177 9.15852
threshold=0.0219933064777048 0.48776653161650468 0.0096230419834972842 0.67047363503834145 -0.0024855447867525846 1.0000000180025095e-35 0.029702604200611996 0.19682557973973749 0.072637765055600684 0.017747553885891082 -0.00422591614069212 0.15944543322072188 0.03666353773530228 1.0000000180025095e-35 0.01245128949343133 -0.001030603797128826 0.0078618324862541663 0.15327241421684448 0.0060528808990893976 -0.081642555052320973 -0.042056557068625912 0.050145056086659874 0.38099095565873492 0.29135216837045264 0.56245805369127522 1.0000000180025095e-35 0.59200810059897535 0.018220366696709459 -0.033348670685873043 -0.65040869146296598
decision_type=2 2 2 2 2 2 2 2 2 2 2 2 2 2 2 2 2 2 2 2 2 2 2 2 2 2 2 2 2 2
left_child=2 -2 3 4 5 15 -7 8 16 10 -6 -10 17 18 26 -1 -5 -3 19 29 27 -22 -11 -9 25 -20 -15 -16 -19 -4
right_child=1 12 13 7 9 6 -8 23 11 22 -12 -13 -14 14 20 -17 -18 28 24 -21 21 -23 -24 -25 -26 -27 -28 -29 -30 -31
leaf_value=-0.0062979750156809669 -0.0027973040180002346 -0.0124095310583895 0.020037874455971525 0.054283459427491236 -0.00067426207007355895 0.0051019108922925683 0.032305510277443272 0.0051747807530901774 -0.019363474008358073 0.0023829100260442772 0.012326315812558681 0.0081979643605732243 -0.01746364571413523 -0.049318780103080453 0.090465207620304813 0.0009856764552574177 0.020582517266247727 -0.011195708878502394 -0.012021459054203616 0.0051940363282971802 -0.024428798533426763 0.029472262594611717 -0.013209579422749427 0.017273321954589142 -0.0028948317572047751 -0.070368988724413356 -0.018052431659624234 0.015781094167189359 0.0010035156329419991 0.096886797003249384
leaf_weight=4781.4353208243847 9857.7648198753595 3265.5747498869896 41.484209001064301 115.72787196934223 1405.7323727607727 2328.9650105237961 379.73952911794186 9218.4824497848749 330.62398533523083 2744.9290211051702 5167.7784493342042 605.33052095770836 2732.5553601756692 225.64353945851326 20.62631967663765 6792.1205435097218 2069.1768835783005 976.7829515337944 210.12561585009098 729.27189710736275 160.5641388297081 66.085135519504547 492.59015853703022 748.54929335415363 1610.4288812577724 51.529151543974876 166.2218531370163 86.697064444422722 1730.4750196412206 24.765839606523514
leaf_count=23542 51322 18271 210 558 6813 11277 1816 44454 1573 13319 24643 2851 16386 1164 102 33135 9710 5465 1049 3627 772 318 2488 3587 7964 278 846 418 9535 126
internal_value=0.000505565 -0.00673479 0.00381808 0.00461476 0.0026363 5.12051e-05 0.00891565 0.00825687 0.0151982 0.00639952 0.00954617 -0.00153806 -0.0111935 -0.00491098 -0.0177309 -0.00202345 0.0223676 -0.00832494 -0.00142277 0.00882264 0.00377105 -0.00871263 1.0505e-05 0.00608341 -0.00577645 -0.0235122 -0.0360562 0.0301345 -0.00339798 0.0487658
internal_weight=59137.8 18563.2 40574.6 37181.2 24093.3 14282.3 2708.7 13087.9 3120.86 9811.03 6573.51 935.955 8705.39 3393.44 725.838 11573.6 2184.9 5972.83 2667.61 795.522 333.973 226.649 3237.52 9967.03 1872.08 261.655 391.865 107.323 2707.26 66.25
internal_count=297619 100979 196640 179766 117033 69770 13093 62733 14692 47263 31456 4424 49657 16874 3620 56677 10268 33271 13254 3963 1610 1090 15807 48041 9291 1327 2010 520 15000 336
is_linear=0
shrinkage=0.1


Tree=62
num_leaves=31
num_cat=0
split_feature=10 11 11 12 13 14 11 11 10 6 7 10 11 9 9 7 12 14 9 12 4 14 10 12 9 12 10 9 6 5
split_gain=417.445 85.7733 85.089 32.4744 26.4732 27.7117 24.7087 21.7002 18.6028 16.9021 15.9407 15.573 15.0016 20.4074 16.4014 13.7386 13.5375 12.6281 12.555 11.675 12.0085 10.9462 10.5387 10.3847 9.37333 14.4664 10.5071 9.25005 13.0861 9.40271
threshold=0.32914670736756552 0.030895351311045597 0.014929903796545874 0.12799975741046135 0.09205051678759342 0.98591076661310162 0.010323607214828489 0.0093318884875281411 0.37492681597706573 0.025745505469597755 0.11828060956079446 0.84552856525772624 0.018809758449262595 0.4178209688963071 0.46101989137251198 0.11413727488641258 0.36162789603422979 0.010658160135671503 0.37068268475452976 0.14122682072057571 -0.028167532999144648 0.31877727779457765 0.27881006914422796 0.025416434739919922 0.96397989723197608 0.36162789603422979 0.42803100813915618 0.37707411860849888 0.029768909703813521 -0.063091551333116377
decision_type=2 2 2 2 2 2 2 2 2 2 2 2 2 2 2 2 2 2 2 2 2 2 2 2 2 2 2 2 2 2
left_child=2 3 4 8 5 7 -5 10 27 -9 -1 24 14 -14 -8 17 -13 -6 19 20 -4 -18 -22 -19 26 -26 -3 29 -29 -2
right_child=1 11 18 6 15 -7 12 9 -10 -11 -12 16 13 -15 -16 -17 21 23 -20 -21 22 -23 -24 -25 25 -27 -28 28 -30 -31
leaf_value=0.01884784641199054 -0.040840690946214481 -0.004587796524379335 -0.042674606385992866 0.05629521490991686 -0.051422519823336066 -0.033817505448700491 0.0038325246945634696 0.0061031724078270764 -0.012948898478232105 0.014368961698639533 0.094420298818265788 -0.042403999141247081 -0.012425832210770092 0.0014579450985857953 0.043870298310683391 -0.0076562656207274787 -0.044833340183967486 0.028768254369991697 0.011178282600053782 -0.013638767567770001 0.0035154069842310699 -0.0042542103160188192 -0.0022711433597609972 0.016895636766485433 -0.009199289388170136 0.064702645198327857 -0.02184488491986435 -0.0055626171390632546 0.012169958263059538 -0.0075296826313027872
leaf_weight=1725.1214940100908 87.042043268680573 390.03358455747366 62.722223088145256 74.395863890647888 25.315398097038269 148.28880181908607 1476.0794755667448 9664.547243386507 7881.48490922153 3324.9335763454437 28.37040176987648 591.14203555881977 1922.0553986951709 2356.9322459623218 109.93574303388596 202.08758676052094 95.818466745316982 934.41455535590649 1165.8609939664602 570.26664763689041 7817.713727876544 217.07016222178936 5268.3694093227386 3482.049787119031 209.70552440732718 30.317455463111401 3697.3886305093765 1236.1693810522556 627.37431266903877 3201.0671243816614
leaf_count=6622 470 2338 311 281 112 656 7261 42159 44518 14461 99 4342 10782 13769 542 889 661 3849 6083 2885 38038 1530 26923 15198 1395 205 24381 6711 3376 16772
internal_value=-0.000164579 -0.0102275 0.00691161 -0.00710155 0.0112517 0.00919593 -0.000972944 0.00962857 -0.00989444 0.00821898 0.0200706 -0.0215641 -0.00169937 -0.00477843 0.00660777 0.0178437 -0.0335012 0.0190039 0.00121567 0.000369037 0.000976558 -0.0166811 0.00118578 0.0194076 -0.0190704 0.000135311 -0.0201982 -0.00522145 0.000407172 -0.00841148
internal_weight=58624.1 24204 34420.1 18972.5 19535.1 14891.3 5939.4 14743 13033.1 12989.5 1753.49 5231.48 5865 4278.99 1586.02 4643.87 904.031 4441.78 14884.9 13719.1 13148.8 312.889 13086.1 4416.46 4327.45 240.023 4087.42 5151.65 1863.54 3288.11
internal_count=297619 139334 158285 104482 84045 63997 32635 63341 71847 56620 6721 34852 32354 24551 7803 20048 6533 19159 74240 68157 65272 2191 64961 19047 28319 1600 26719 27329 10087 17242
is_linear=0
shrinkage=0.1


Tree=63
num_leaves=31
num_cat=0
split_feature=11 11 11 3 8 8 3 2 3 11 1 7 5 12 10 10 12 9 12 6 12 9 10 1 9 9 9 1 10 0
split_gain=185.182 35.6295 34.0858 16.2364 43.6293 31.574 56.681 25.4837 18.9782 17.7479 15.5281 13.4566 14.3393 13.2989 16.6296 10.1263 11.9114 10.0971 9.70082 13.0747 9.16784 9.00053 8.80411 8.55586 8.24127 8.17785 7.78449 12.94 10.7193 7.49125
threshold=0.021415522233453801 0.033390417963445856 0.016745393475785398 -0.071936006298233032 -0.66239283246067104 -0.22421676791645248 -0.018093609710986055 -0.059209571648131558 0.032769147662841121 0.011367999476948805 -0.020710496748922887 -0.074644079479392153 -0.01968502615552908 0.24954482501842143 0.47724090890967502 0.82199011938888855 0.38424821917612029 0.29346504443847027 0.11732115025454491 -0.0089634686737310437 0.15791381554699643 0.47946557405216 0.33837047390014269 0.010325998556911744 0.66507937854279364 0.59097996934418184 0.51430533500761688 -0.06609015626129143 0.33208697830051687 -0.049581779075726466
decision_type=2 2 2 2 2 2 2 2 2 2 2 2 2 2 2 2 2 2 2 2 2 2 2 2 2 2 2 2 2 2
left_child=2 13 3 4 18 11 7 -7 -8 -6 -11 -5 -13 14 25 16 22 -16 23 -20 -17 -4 -3 -1 -19 -2 27 -15 -29 -23
right_child=1 15 21 5 9 6 8 -9 -10 10 -12 12 -14 26 17 20 -18 24 19 -21 -22 29 -24 -25 -26 -27 -28 28 -30 -31
leaf_value=0.0038323475705174161 -0.0048883523696270845 0.034644883270868114 -0.00068719831519623476 -0.015647695881311558 0.07762845263235571 -0.018119520449625965 0.010206998912374605 0.0297904633549986 0.0028154339890083544 0.012504369806569918 0.041743101279871617 0.010374566502339205 -0.0016308070367006468 -0.039087452370281814 -0.043609516560426442 -0.04623546658539518 0.037030988227092394 -0.013290070287756934 0.027947985737968611 -0.022472454328836176 -0.020721484664522036 -0.03890986183261555 -0.014775038190984869 -0.019475407368981863 -0.0017899940816074472 0.015232319255537542 0.014300408143456645 0.060393069419403235 -0.00031519109259745085 0.016373898952705929
leaf_weight=1198.668837338686 9391.218892917037 36.473785296082497 13519.876382395625 546.3509638607502 79.31540122628212 120.68083913624287 5576.971465498209 1387.1708329766989 9210.145161382854 346.86694611608982 381.30519956350327 1235.6472872495651 5106.2649285793304 84.292481198906898 98.392446756362915 167.10307230055332 46.055937126278877 3430.886769965291 297.04037654399872 62.199661284685135 895.91548452526331 25.932117760181427 3087.9353006631136 181.31693814694881 761.45213310420513 206.44172778725624 468.29302388429642 30.572777330875397 597.73839175701141 447.23529827594757
leaf_count=5508 49933 209 66692 2550 333 538 26090 6158 43810 1509 1656 5741 24193 451 533 1121 275 19507 1422 303 5692 129 18663 841 4394 1094 2579 166 3243 2286
internal_value=-0.000145079 -0.00818015 0.00375944 0.00591968 0.0134989 0.0050871 0.00748651 0.025956 0.00560317 0.0327081 0.0278151 -0.000588996 0.000708299 -0.00590297 -0.00676922 -0.0162859 -0.0134539 -0.0119445 0.00458043 0.0192181 -0.0247322 -0.000212739 -0.0141981 0.000769931 -0.0112013 -0.00445557 0.00428487 -0.00229692 0.00263879 0.0133441
internal_weight=59025.8 19302.8 39723 25729.9 2546.71 23183.2 16295 1507.85 14787.1 807.488 728.172 6888.26 6341.91 15069.3 13888.4 4233.48 3170.47 4290.73 1739.23 359.24 1063.02 13993 3124.41 1379.99 4192.34 9597.66 1180.9 712.604 628.311 473.167
internal_count=297619 107860 189759 120652 11572 109080 76596 6696 69900 3498 3165 32484 29934 81900 75461 25960 19147 24434 8074 1725 6813 69107 18872 6349 23901 51027 6439 3860 3409 2415
is_linear=0
shrinkage=0.1


Tree=64
num_leaves=31
num_cat=0
split_feature=11 10 10 13 14 1 13 15 13 1 2 11 3 9 3 4 20 4 13 3 2 9 13 1 13 2 1 18 20 11
split_gain=473.036 138.556 104.11 58.1246 46.3393 40.2456 36.8659 35.0431 29.2695 28.647 28.3345 36.5114 28.0044 26.8838 25.9202 25.4497 24.1586 26.7223 28.106 22.6068 57.0437 29.8881 22.525 22.0863 21.9472 21.8962 21.4099 20.0778 20.2058 19.8151
threshold=0.015785024753896929 0.36184757158583436 0.2162340230483176 -0.45828610206435599 0.21550858420362304 -0.033710857163067313 -0.53900217481006318 0.24152971520397556 -0.14780866134612244 0.0035505349030140469 -0.074060588359114096 0.03924277595886546 0.038247262682916013 0.42906803323400472 -0.23888391317825761 0.016444112600212172 1.0000000180025095e-35 0.024929354919224437 0.094860783470056123 -0.011635665216801925 0.0090019577658413414 0.21523503447448497 -0.41370265808137935 -0.027274407432358535 0.47814802878482215 -0.05085119260009318 0.0016621808379266858 1.0000000180025095e-35 1.0000000180025095e-35 0.010438708093063751
decision_type=2 2 2 2 2 2 2 2 2 2 2 2 2 2 2 2 2 2 2 2 2 2 2 2 2 2 2 2 2 2
left_child=2 13 3 27 8 -6 9 16 -5 -4 14 12 -12 15 -9 22 17 23 -19 20 26 -22 -2 -3 -13 -24 -8 28 -1 -7
right_child=1 7 6 4 5 29 19 10 -10 -11 11 24 -14 -15 -16 -17 -18 18 -20 -21 21 -23 25 -25 -26 -27 -28 -29 -30 -31
leaf_value=-0.015550970584091252 0.019378751764001462 0.022704268924658651 0.05041691283698338 0.014078275813757622 -0.0014663267988483232 -0.041949207421099616 -0.0040969560653109577 0.018776105814802629 -0.018477136159589728 -0.012202252133788304 0.012534938834926136 0.028389327430954698 0.0034345747232988107 -0.021087332785000357 -0.0052550646349488845 0.019947816411451172 0.0044978777395312175 0.10427199207216985 0.0054173633609719178 -0.012473182940805913 -0.0026467398282810297 0.03771101407196728 -0.010288137414081786 0.011183238421750534 -0.012087349235644532 -0.00045053746703537542 -0.026488637222202224 0.057245405380272153 0.054691217345505028 -0.028092299999542627
leaf_weight=163.89036799967289 492.46865111589432 3449.3716242015362 192.04791080206633 400.28163730353117 471.84226437658072 1436.1089594811201 1754.8502199426293 542.76351012289524 890.64226031303406 117.91324934363365 6402.3042502105236 1325.3157967627048 7166.7388786673546 686.26714439690113 2593.634663105011 566.24950379133224 1650.3685328513384 71.994961366057396 47.894246399402618 5318.5888066962361 302.03055848926306 467.60311154276133 2811.1234516650438 3214.6999614834785 149.0204376578331 11593.10527408123 564.33582136780024 94.129816129803658 54.594328247010708 3667.00044118613
leaf_count=1035 2384 13950 877 2722 3074 12438 10226 2054 6188 615 27500 4909 31052 3336 10886 2803 6775 269 184 32993 1861 2584 14061 13358 593 59286 3469 512 336 25289
internal_value=0.000112269 0.00558729 -0.0146167 -0.023535 -0.0254551 -0.0294083 -0.0072728 0.0100213 -0.00838256 0.0265958 0.00754971 0.00935234 0.00772841 -0.00172002 -0.0010964 -0.000860475 0.0153487 0.0179884 0.0647808 -0.00852146 -0.00171704 0.0218733 -0.00165143 0.0171466 0.0242981 -0.00237044 -0.0095456 0.0186353 0.00200095 -0.0319919
internal_weight=58659.2 42763.3 15895.9 7178.49 6865.88 5574.95 8717.37 26614.1 1290.92 309.961 18179.8 15043.4 13569 16149.2 3136.4 15462.9 8434.33 6783.96 119.889 8407.41 3088.82 769.634 14896.7 6664.07 1474.34 14404.2 2319.19 312.615 218.485 5103.11
internal_count=297619 193400 104219 51594 49711 40801 52625 111530 8910 1492 76994 64054 58552 81870 12940 78534 34536 27761 453 51133 18140 4445 75731 27308 5502 73347 13695 1883 1371 37727
is_linear=0
shrinkage=0.1


Tree=65
num_leaves=31
num_cat=0
split_feature=11 11 11 13 14 9 9 14 4 4 2 7 4 4 19 8 10 9 10 15 15 0 8 11 13 7 6 0 13 14
split_gain=596.661 89.4327 62.9953 35.8797 35.6347 34.2836 32.1611 34.5664 28.883 27.3429 26.3891 26.3088 25.797 23.9191 36.0003 21.4522 21.3415 26.6384 23.5642 19.3748 19.3587 18.8877 18.6637 18.1546 16.5967 16.5545 18.5946 16.5076 16.3959 16.0977
threshold=0.01598681392402216 0.023926941443582209 0.011010005984163967 0.16278570045764484 0.071117082810059476 0.22993831946647236 0.17058563444927169 0.30702052506914512 0.027189299183344454 -0.019810845551572861 0.016393261114774241 0.19571487518492317 -0.00096060754919946578 -0.016460087360086664 1.0000000180025095e-35 -1.6864903176631023 0.3709569941020105 0.43489664803309608 0.6829909997065674 0.59805242837555039 0.78005378155505556 -0.081406556117588666 -1.4652947007799322 0.014797355754993545 0.23508957528371613 -0.012321348566667665 -0.060687073484077807 -0.0077291543738682291 0.019218239224127718 0.98991596524719616
decision_type=2 2 2 2 2 2 2 2 2 2 2 2 2 2 2 2 2 2 2 2 2 2 2 2 2 2 2 2 2 2
left_child=2 4 29 6 11 9 12 10 13 27 -8 19 -4 14 21 -9 17 -7 -18 -2 25 -3 -22 -5 -11 26 -10 -6 -14 -1
right_child=1 8 3 23 5 16 7 15 20 24 -12 -13 28 -15 -16 -17 18 -19 -20 -21 22 -23 -24 -25 -26 -27 -28 -29 -30 -31
leaf_value=-0.029884770344451597 -0.023683428417954625 -0.013710884216258138 -0.0139552558077349 -0.032357806188112119 0.15317451284301811 -0.00035809105811807692 -0.014721345974152833 0.045305257273611621 0.013918079077113338 0.015772479089835648 -0.035282421001302758 0.076387195125191404 0.015850802222604984 0.0086144507708412373 -0.002545860878922359 -0.010505154896513418 0.0070522247639952995 -0.024721755770084633 -0.019918598391031262 -0.0012454355390362111 0.084238843171103236 0.028739354378812115 0.030359445268244013 -0.011728651404169066 -0.012193593947273373 0.025332981236431892 -0.063772581287074137 0.02974248110353735 -0.012623213088628038 0.055990519493667193
leaf_weight=3116.6709412112832 936.29009780287743 111.63343758881092 761.98471488803625 1359.1496098414063 22.214445292949677 10789.286412030458 1435.0981122925878 69.617259666323662 65.393315151333809 1995.8432052358985 1104.7297480851412 32.528574705123901 925.82724620401859 16863.142821311951 574.87792727351189 6433.0290378779173 6504.5765744298697 468.24582695960999 340.91798639297485 653.37983381748199 70.917257979512215 1715.7593811452389 688.10403829813004 621.75823119282722 237.45386682450771 171.27725690603256 58.247510746121407 21.15155465900898 258.74247093498707 21.982663042843342
leaf_count=24586 5129 397 5066 9643 102 54812 9254 385 246 10413 7246 153 5901 67874 2240 40124 29416 2248 1610 3522 241 6336 2469 3793 1320 621 244 104 1740 155
internal_value=-0.000191703 0.00604272 -0.0165711 -0.0134948 0.00162504 0.00276047 -0.0112617 -0.0137717 0.0108262 0.0143261 -0.0236646 -0.0126394 0.000398269 0.00994437 0.01928 -0.00990765 0.00130595 -0.00137147 0.00570903 -0.0144611 0.0269455 0.0261461 0.0353935 -0.0258828 0.012799 0.0052032 -0.0226822 0.0929711 0.0096313 -0.0292833
internal_weight=58429.8 42321.2 16108.6 12969.9 22001.9 20379.7 10989 9042.47 20319.4 2276.66 2539.83 1622.2 1946.55 19265.4 2402.27 6502.65 18103 11257.5 6845.49 1589.67 1053.94 1827.39 759.021 1980.91 2233.3 294.918 123.641 43.366 1184.57 3138.65
internal_count=297390 189497 107893 83152 108829 100025 69716 57009 80668 11939 16500 8804 12707 76847 8973 40509 88086 57060 31026 8651 3821 6733 2710 13436 11733 1111 490 206 7641 24741
is_linear=0
shrinkage=0.1


Tree=66
num_leaves=31
num_cat=0
split_feature=10 11 4 0 18 16 20 15 0 1 1 12 19 13 0 15 13 0 11 15 0 9 1 15 19 5 10 4 11 8
split_gain=110.344 36.7185 21.3398 18.998 37.1771 16.8569 23.3308 24.2616 18.5939 16.9593 16.197 18.7068 15.2524 15.2068 15.0304 13.7438 13.1475 14.6654 12.9591 13.0487 11.7218 11.4293 10.6654 10.4022 9.94508 25.6286 9.84315 9.54738 9.37108 10.9889
threshold=0.33988456645701565 0.029202468732993776 0.0094135532796286742 -0.017998117763102558 1.0000000180025095e-35 1.0000000180025095e-35 1.0000000180025095e-35 0.47920160785743549 0.022173864746978248 0.0051339582640195234 0.0028156173767970309 0.27781185036139006 1.0000000180025095e-35 0.27281657786124319 0.030089056873229717 0.069197186175321543 0.47814802878482215 0.032642656446367997 0.014929903796545874 0.54670701034215063 -0.029188949036327735 0.42343014643540466 -0.050326183342280111 0.85728696320491893 1.0000000180025095e-35 0.012770133388979922 0.84552856525772624 0.019682827117658345 0.020602086589576941 0.11058280315672687
decision_type=2 2 2 2 2 2 2 2 2 2 2 2 2 2 2 2 2 2 2 2 2 2 2 2 2 2 2 2 2 2
left_child=2 10 3 4 -1 6 9 -8 13 -5 12 18 14 -7 -2 -6 17 26 19 -12 -18 -20 -16 -10 -4 27 -3 -26 29 -13
right_child=1 16 24 5 15 8 7 -9 23 -11 11 28 -14 -15 22 -17 20 -19 21 -21 -22 -23 -24 -25 25 -27 -28 -29 -30 -31
leaf_value=0.0031492714638141394 -0.0024988099984232146 -0.0084698153457017072 -0.001596417839691234 0.0052420357583695763 0.0017446637324658133 2.7299607541506674e-05 0.0086191917777644882 -0.0047616029215804441 -0.050687040376091702 0.011485799627700979 0.036934621244055103 0.059101948112010243 -0.014283204338479683 0.01883626917728122 0.012637697636448243 -0.028677762670971302 -0.021856727422135097 -0.02236807204328424 -0.0048123392359244524 0.00076059545750515505 0.0091281762588376961 0.0029170198146775054 -0.03462979259844326 -0.010819895081026079 -0.041058372112767583 0.0074567832306974627 -0.021090552340441507 0.010458841305785796 0.0082808029265441421 0.012615997806304997
leaf_weight=2704.9378920942545 6355.553724296391 4697.8227663785219 2099.1060033142567 8842.5015248730779 196.07929308712482 4737.6757512316108 2340.5245724767447 3218.2877041175961 98.062896385788918 8563.0492666065693 178.92793463170528 99.996369808912277 1646.7422654852271 472.72999006509781 59.429228931665421 611.94876019656658 157.90015757083893 1195.6195617392659 4582.7944609075785 225.2532085776329 538.41453485935926 3283.9801118224859 242.62418776750565 196.78179627656937 290.31689608097076 255.85574302077293 711.56770090758801 41.061136990785599 336.79355491697788 103.4727795869112
leaf_count=13200 33079 26863 10361 42644 955 22599 11269 15569 467 40233 855 509 8625 2231 325 2994 925 7103 23163 1082 3001 17388 1279 941 1514 1222 4444 210 1814 526
internal_value=0.000119262 -0.00503014 0.00374593 0.00446496 -0.00247331 0.0053211 0.0065125 0.000872349 0.000351325 0.00831379 -0.00249733 0.000489121 -0.00566607 0.0017338 -0.00353465 -0.0212953 -0.0109675 -0.0123453 -0.000688501 0.0167746 0.00210187 -0.00158572 -0.0253299 -0.0240794 -0.00481461 -0.0163182 -0.01013 -0.0346749 0.0185175 0.0354619
internal_weight=59085.8 24416.9 34668.9 31982.6 3512.97 28469.6 22964.4 5558.81 5505.25 17405.6 17115.6 8811.22 8304.35 5210.41 6657.61 808.028 7301.32 6605.01 8270.96 404.181 696.315 7866.77 302.053 294.845 2686.34 587.234 5409.39 331.378 540.263 203.469
internal_count=297390 130981 166409 153102 17149 135953 109715 26838 26238 82877 88645 45337 43308 24830 34683 3949 42336 38410 42488 1937 3926 40551 1604 1408 13307 2946 31307 1724 2849 1035
is_linear=0
shrinkage=0.1


Tree=67
num_leaves=31
num_cat=0
split_feature=11 11 11 11 13 0 10 9 3 8 20 14 7 10 13 13 8 0 1 10 12 10 9 1 13 8 14 12 9 12
split_gain=338.027 79.2671 66.9881 26.9773 20.7038 19.8948 18.5768 19.8353 17.8174 30.235 18.678 18.6411 14.9895 13.8316 13.616 16.1725 14.4484 13.5995 13.4907 12.2252 12.4633 12.1841 12.8656 14.9057 14.0828 12.066 13.044 11.8462 11.403 10.6353
threshold=0.019361855176151271 0.032047388851515791 0.013537390341220043 0.008502504389704766 0.26724836842725325 -0.01093119242952567 0.47367600548186095 0.57673815699518161 0.0042962529917296441 -0.2713922935478183 1.0000000180025095e-35 0.071117082810059476 0.11211673370270715 0.27759084489526448 0.20307525599018458 -0.25008113599884313 -1.1868589974634058 0.012058816843130151 0.044772493427110545 0.87584830217393617 0.24954482501842143 0.19264604200930394 0.22135557642040307 0.058446030723149807 -0.39584743334935812 -0.70168095498966754 0.21953678203920476 0.017529057330764861 0.44715879289082389 0.13095114204955488
decision_type=2 2 2 2 2 2 2 2 2 2 2 2 2 2 2 2 2 2 2 2 2 2 2 2 2 2 2 2 2 2
left_child=2 6 3 5 21 -1 7 13 10 -10 11 -5 27 -2 15 -9 -16 -6 -11 20 -3 25 24 -24 -23 26 -4 -7 -15 -8
right_child=1 19 4 8 17 12 29 14 9 18 -12 -13 -14 28 16 -17 -18 -19 -20 -21 -22 22 23 -25 -26 -27 -28 -29 -30 -31
leaf_value=-0.020108262128058458 0.0038007450213548713 -0.021292410178917615 -0.0087815236383740249 -0.015489446985180885 0.016933870642594575 0.055973122604400419 -0.01694132624627619 0.087449748279406173 0.036978116616216798 0.010345336351901222 -0.0047008900204698577 0.010288240771610113 0.10126993298815362 -0.0080619496928444837 0.11882156747302458 -0.0099268826496120999 0.030341085632325578 -0.0024033500017318914 0.02609432818807618 -0.033501326941890779 -0.0034355887222899404 -0.024999837508316931 0.0011385705319948418 0.013700691825626386 -0.0026683967344847351 0.0080210247458170781 0.065762499533316782 0.024046513374992327 -0.00072663680827555685 -0.0076741275000449518
leaf_weight=80.5777817517519 1512.2958023101091 3273.0938494205475 33.842160671949387 297.7776185721159 1462.392239689827 139.36635540425777 2218.4107340946794 19.475106358528137 500.36109839379787 6893.6953972280025 1280.8336017429829 4844.2897307276726 30.015573054552078 9101.8399081304669 22.62102997303009 137.28303688764572 100.22014974057674 484.08452315628529 590.50329902768135 707.54612329602242 443.86741732060909 306.50506319105625 12117.6485902071 1024.4044996798038 3589.9710679352283 958.32947397232056 76.618652746081352 699.68583238124847 2762.4405710399151 2803.2152334451675
leaf_count=318 7677 22052 152 1283 6915 475 13389 113 2038 28963 5439 20622 104 50108 130 790 569 2322 2488 5318 2997 1508 59760 5072 17062 4316 344 2632 15806 16628
internal_value=-8.31536e-06 -0.00941832 0.00613083 0.011101 0.00232468 0.0274262 -0.00656737 -0.00465497 0.010025 0.013179 0.00610406 0.00879545 0.0318335 -0.00520597 0.0217059 0.00217086 0.0466346 0.0121247 0.0115879 -0.0214534 -0.01916 0.0012712 0.000621521 0.00211777 -0.00442504 0.0116283 0.0429243 0.0293495 -0.00635402 -0.0117681
internal_weight=58513.2 23102.3 35410.9 15357.1 20053.8 949.646 18677.8 13656.2 14407.5 7984.56 6422.9 5142.07 869.068 13376.6 279.599 156.758 122.841 1946.48 7484.2 4424.51 3716.96 18107.3 17038.5 13142.1 3896.48 1068.79 110.461 839.052 11864.3 5021.63
internal_count=297390 135577 161813 64362 97451 3529 105210 75193 60833 33489 27344 21905 3211 73591 1602 903 699 9237 31451 30367 25049 88214 83402 64832 18570 4812 496 3107 65914 30017
is_linear=0
shrinkage=0.1


Tree=68
num_leaves=31
num_cat=0
split_feature=9 7 3 4 12 9 8 4 4 4 5 8 12 14 13 8 1 5 3 8 12 3 9 14 12 1 12 14 14 4
split_gain=96.542 23.2743 21.8757 19.6898 19.296 20.0075 19.7729 17.9685 19.3876 17.3691 16.5124 12.231 12.0266 11.1716 16.015 13.2051 11.1047 10.8513 9.53792 14.5883 9.3245 9.47188 9.14991 7.68651 10.0215 9.3425 7.44228 7.31859 7.67326 7.24453
threshold=0.34371834748705588 0.26803685917539483 0.1014424969432919 -0.022100346216837537 0.020718656207292203 0.11337684771091201 0.69522062006852481 -0.0090903006751998899 -0.0018186177102803567 0.024929354919224437 -0.043109260949520216 0.95713527197678061 0.036971924299169755 0.37063166200195746 0.15926024772539407 -0.48013013404042637 0.031927528844640125 -0.0080140021289081802 0.051735343931356821 0.051234605927265024 0.060555427186542388 0.2279878501523265 0.19858336424451481 0.67841553945939137 0.14122682072057571 0.016614088255703988 0.27781185036139006 0.90722688027420451 0.49379002509681752 0.0034324861874035499
decision_type=2 2 2 2 2 2 2 2 2 2 2 2 2 2 2 2 2 2 2 2 2 2 2 2 2 2 2 2 2 2
left_child=2 3 4 -2 5 17 7 10 -9 18 -6 27 -8 15 -15 -7 -14 -1 19 -5 21 -3 23 24 -13 -25 -20 28 29 -4
right_child=1 20 11 9 6 13 12 8 -10 -11 -12 22 16 14 -16 -17 -18 -19 26 -21 -22 -23 -24 25 -26 -27 -28 -29 -30 -31
leaf_value=0.049377999763400182 -0.018069299541890165 0.067810212594518193 0.00040417562283919959 -0.0029515877123422497 -0.025893454582982495 -0.02594121440814412 -0.0027767006374158527 0.0078906606232991092 0.0020739868090746665 -0.018135030392809625 -0.0019209575671072438 0.014078367671618209 0.013765611935668928 0.018241981333252704 0.051907763897224138 0.013780453447751776 0.036040718303449987 -0.037101867220563155 -0.007011620039648692 0.0062054341843564009 -0.02087618056172812 -0.013619013517583599 -0.0015843051631521466 0.026042829641249449 0.060105845002400321 -0.022055467868061618 0.0076513983806371227 0.011132644427893676 -0.019399463418649548 -0.017298602449500291
leaf_weight=16.911634042859077 992.46233002841473 24.293439634144306 656.49179047346115 10035.061745166779 333.1555014103651 103.81345154345036 303.79566821455956 8072.8176271915436 19747.305605888367 791.08928728848696 2089.0314446091652 179.50488246977329 858.69809122383595 828.9937396645546 170.3357308357954 431.80319906026125 302.69629354774952 102.15175375342369 5941.0934579372406 2104.6792011782527 1113.716276884079 34.672978691756725 1881.5870236158371 69.967210948467255 64.230258271098137 95.509248867630959 367.56090413033962 157.17410905659199 707.732043877244 356.81007243692875
leaf_count=80 5859 140 3234 54526 1647 486 1427 38167 93571 4549 10073 874 4193 3939 802 2020 1493 599 32511 11478 6796 193 9518 350 336 460 2092 773 3450 1754
internal_value=0.000231556 -0.00512776 0.00328811 -0.00433388 0.00414157 0.0146714 0.00359228 0.00304263 0.00376186 -0.00362534 -0.00521821 -0.00354148 0.0149375 0.0177346 0.0239803 0.00608158 0.0195712 -0.0248184 -0.00300315 -0.00136403 -0.0188244 0.0199288 0.00136301 0.014915 0.0262078 -0.00171841 -0.00615731 -0.00952335 -0.0114098 -0.00582944
internal_weight=58935.1 21404.6 37530.5 20231.9 33361.5 1654.01 31707.5 30242.3 27820.1 19239.5 2422.19 4169.01 1465.19 1534.95 999.329 535.617 1161.39 119.063 18448.4 12139.7 1172.68 58.9664 2290.8 409.212 243.735 165.476 6308.65 1878.21 1721.03 1013.3
internal_count=297390 118144 179246 111015 158497 7926 150571 143458 131738 105156 11720 20749 7113 7247 4741 2506 5686 679 100607 66004 7129 333 11538 2020 1210 810 34603 9211 8438 4988
is_linear=0
shrinkage=0.1


Tree=69
num_leaves=31
num_cat=0
split_feature=10 10 11 11 14 12 1 13 13 6 13 3 12 8 3 0 13 3 8 6 3 3 8 0 13 8 11 14 14 0
split_gain=406.735 115.324 65.4318 45.6722 44.9839 45.7269 36.6843 34.5248 33.0203 31.8373 29.7682 28.711 55.7336 38.6343 51.0371 28.0805 24.7024 24.3164 40.0064 27.4519 22.3817 21.6206 20.4677 20.0886 20.0104 19.0169 18.9604 17.0267 16.5752 15.6371
threshold=0.28776332557413581 0.2162340230483176 0.029202468732993776 0.013002887401128335 0.33837358291673131 0.066098355097014075 -0.002464921359518701 -0.39584743334935812 -0.032838441205425652 0.014487857559588037 0.26171278304059747 -0.075101881029751003 0.082203464733533474 -0.33765873899115179 -0.042736191151195861 0.023164627467716418 -0.45828610206435599 -0.0027473628238823262 -0.43354570589734015 0.012576731672631404 -0.23888391317825761 -0.078430358321999169 -0.31259247479939295 0.080428655254907624 0.064386229497328348 -1.6864903176631023 0.011102320382114854 0.95263731333717883 0.99000672721233218 -0.022342064837517214
decision_type=2 2 2 2 2 2 2 2 2 2 2 2 2 2 2 2 2 2 2 2 2 2 2 2 2 2 2 2 2 2
left_child=1 4 3 -2 5 -1 7 -6 9 -7 20 12 15 -13 -15 -5 -3 18 21 -20 25 -18 -19 27 -14 -4 -8 -22 -9 -24
right_child=2 16 10 11 6 8 26 28 -10 -11 -12 13 24 14 -16 -17 17 22 19 -21 23 -23 29 -25 -26 -27 -28 -29 -30 -31
leaf_value=-0.015503016063852376 -0.026027348290451835 0.019639855894007071 0.02783068147082304 0.018107408091057375 0.02931530231652121 0.017975215617325634 -0.044428976981728679 -0.021069734806268114 -0.012690921125607003 0.10032908296662579 0.0027603071704560187 -0.0068700702459983613 0.0070993819262271307 0.033200838727444192 0.0030453626518684449 0.05343943061789657 0.00095328912417417795 -0.03591178418181621 0.0049384724289487751 0.040328838485886226 0.011461930638216399 -0.017029849100136 0.012435110877264744 0.051711561233903608 -0.0088815229813865079 0.094904210203977518 -0.027754535895118861 0.028435716922571266 0.08612072533304764 -0.010360964687081744
leaf_weight=2172.4970626831055 525.37308143824339 375.14638562500477 659.35011106729507 2081.5986408889294 148.74108933657408 118.47809213399887 1087.661354072392 2288.8149574771523 142.10764065384865 77.747504569590092 2554.5401669591665 3979.2681492269039 2534.0936035215855 580.94548706710339 16551.734493985772 252.19282540678978 1181.2161658927798 300.74926368147135 1948.264361307025 246.96436079591513 7140.5952713787556 1540.4133412763476 317.00993329286575 135.44846528768539 1134.219298645854 45.166006550192833 1828.1457275375724 644.3066973388195 14.517496936023234 5924.6868149414659
leaf_count=15006 3516 1929 2318 9475 884 690 9590 16215 880 457 10290 18552 11155 2708 77881 1122 6417 1794 11135 1364 27408 8705 1784 495 5261 168 12644 2300 94 35153
internal_value=-0.000153861 -0.0118516 0.00578654 0.00317547 -0.0212257 -0.0101774 -0.0263935 -0.0173788 0.0240193 0.050605 0.012242 0.00374132 0.00984426 0.00200626 0.00406789 0.0219254 -0.00561089 -0.00643753 -0.00112383 0.00891991 0.0150503 -0.00922498 -0.0104309 0.013531 0.00215819 0.0321307 -0.0339745 0.0128667 -0.0203941 -0.00920317
internal_weight=58532 19713.2 38818.8 27639.4 7878.71 2510.83 5367.88 2452.07 338.333 196.226 11179.4 27114.1 6002.1 21111.9 17132.7 2333.79 11834.5 11459.3 4916.86 2195.23 8624.87 2721.63 6542.45 7920.35 3668.31 704.516 2915.81 7784.9 2303.33 6241.7
internal_count=297390 124741 172649 129670 56460 17033 39427 17193 2027 1147 42979 126154 27013 99141 80589 10597 68281 66352 27621 12499 32689 15122 38731 30203 16416 2486 22234 29708 16309 36937
is_linear=0
shrinkage=0.1


Tree=70
num_leaves=31
num_cat=0
split_feature=11 11 11 3 9 14 9 4 14 7 3 7 3 4 3 2 2 3 17 5 14 4 4 17 12 11 5 14 14 1
split_gain=504.192 79.8832 79.594 36.4853 35.7302 34.8507 27.6788 28.9698 27.3053 33.0383 23.3642 30.6859 26.1135 23.0495 22.1785 22.7 22.0385 38.0844 21.2988 21.111 20.5908 19.6693 19.4517 18.4957 18.3323 17.0222 15.3869 15.3469 14.7864 14.3132
threshold=0.016259463834901684 0.022976514244206877 0.011858739656917269 -0.056114781438342469 0.16404013307042492 0.311051429118193 0.40989010572712276 -0.022100346216837537 0.52133005059509041 0.11211673370270715 -0.049978991437140678 -0.039363598671785675 0.024037690972365636 -0.016460087360086664 0.024870921823244133 -0.059209571648131558 -0.022107959478468771 -0.030987152952090199 1.0000000180025095e-35 -0.037529932801799497 0.98991596524719616 0.002631805794543141 0.00084472498392651485 1.0000000180025095e-35 0.1394689636695006 0.008502504389704766 -0.070872455116459385 0.059080234921865503 0.087277619770937676 -0.013190540990782649
decision_type=2 2 2 2 2 2 2 2 2 2 2 2 2 2 2 2 2 2 2 2 2 2 2 2 2 2 2 2 2 2
left_child=2 3 20 19 22 16 7 18 9 14 -10 12 -12 -13 15 -3 17 -6 -5 -2 25 -18 -4 -9 -8 -1 -11 -21 -16 -24
right_child=1 8 4 6 5 -7 24 23 10 26 11 13 -14 -15 28 -17 21 -19 -20 27 -22 -23 29 -25 -26 -27 -28 -29 -30 -31
leaf_value=-0.046698511896997918 0.0035695481215975143 0.012549274936373723 -0.0055241912818547404 0.016554181145111792 -0.02623015663119559 -0.0084323336062637356 -0.0025367235172509568 0.0069949282472599773 0.0068809728503435906 -0.073177888160450261 0.02265870991240616 0.030970150964015425 0.060317753223820728 0.01245190346545956 0.00020491034348274592 0.00082346149286114604 -0.032167003444499763 0.019780241556987842 0.085747828683762128 -0.03949049109551072 0.04849544776840034 -0.013362296903859648 -0.0071579775442551664 -0.0026660156281114802 -0.02725441927493304 -0.024406222654258528 -0.0017502335066861227 -0.0094651345263609878 0.02044886050242456 0.028032532273857609
leaf_weight=372.76356217265129 1403.956071138382 3268.9432939738035 750.03590550273657 108.13580860197544 402.67363338917494 7551.6760819330812 1901.7065898030996 9646.0350607037544 3285.1809496730566 30.484188959002495 555.98922935128212 764.68088331818581 275.30562673509121 5554.1876359134912 427.01953566074371 3335.6128076910973 1570.9063709527254 325.18254213780165 75.577852606773376 180.91001804172993 37.189720302820206 861.14787498861551 157.2541895210743 2494.0455805137753 356.26658645272255 4224.0285235792398 2828.5882309526205 2884.343669757247 2326.8107181787491 436.14606941491365
leaf_count=3446 6949 13162 4876 498 2679 46829 8730 48057 13074 116 2187 2715 1021 21316 1823 14129 10478 1987 331 1064 250 5530 985 12622 1703 32638 11357 14845 9377 2683
internal_value=0.000213204 0.00609142 -0.0144757 0.00131896 -0.010194 -0.0121221 0.00374172 0.00560663 0.0101051 0.00689638 0.0138617 0.017069 0.0351305 0.0146929 0.00977067 0.00662719 -0.0209399 -0.0056742 0.0450197 -0.00658583 -0.0256144 -0.0255086 0.00517875 0.00501019 -0.00643672 -0.026214 -0.00251181 -0.0112372 0.0173098 0.0187069
internal_weight=58392.8 41703.8 16689 19051 12055 10711.6 14581.8 12323.8 22652.8 12217.5 10435.3 7150.16 831.295 6318.87 9358.39 6604.56 3159.91 727.856 183.714 4469.21 4633.98 2432.05 1343.44 12140.1 2257.97 4596.79 2859.07 3065.25 2753.83 593.4
internal_count=297457 185076 112381 94799 76047 67503 71941 61508 90277 49964 40313 27239 3208 24031 38491 27291 20674 4666 829 22858 36334 16008 8544 60679 10433 36084 11473 15909 11200 3668
is_linear=0
shrinkage=0.1


Tree=71
num_leaves=31
num_cat=0
split_feature=10 0 18 18 4 14 4 19 1 4 9 13 14 14 13 19 0 0 5 4 0 20 5 2 14 10 1 10 13 14
split_gain=99.799 17.181 27.4284 22.0951 18.2466 18.4666 17.6004 17.0677 16.3803 21.739 14.2338 13.4835 13.0104 11.5407 10.8694 10.6825 9.81476 9.97883 9.30493 9.16746 9.00784 8.92216 9.28737 9.80683 8.30717 10.1921 9.8807 8.21872 8.18683 8.00673
threshold=0.34801164121839423 -0.012844468207723335 1.0000000180025095e-35 1.0000000180025095e-35 0.0083267406316172039 0.66241181966303053 0.023308145083827506 1.0000000180025095e-35 0.0051339582640195234 0.013999699796155786 0.10955876736220593 -0.51731876989679637 0.96002732410614433 0.74848891601119838 0.072637765055600684 1.0000000180025095e-35 -0.035143474283387814 0.032642656446367997 -0.0050994500448279792 0.001039157314626227 0.033605120777396642 1.0000000180025095e-35 -0.056886794629450337 -0.070803567578715296 0.44642268790366629 0.42051355580703681 0.0024229724525535183 0.56835332680717954 -0.058492560589014704 0.18731119935455084
decision_type=2 2 2 2 2 2 2 2 2 2 2 2 2 2 2 2 2 2 2 2 2 2 2 2 2 2 2 2 2 2
left_child=1 2 -1 4 5 7 15 -3 11 10 -10 -5 16 19 -7 -6 21 24 -13 29 -19 -2 -23 -24 26 -26 -18 -22 -11 -4
right_child=12 3 13 8 6 14 -8 -9 9 28 -12 18 -14 -15 -16 -17 17 20 -20 -21 27 22 23 -25 25 -27 -28 -29 -30 -31
leaf_value=0.0023456655059905327 -0.014091630089768444 -7.514152051675744e-05 -0.040477224789542639 -0.034320395528805635 -0.0029967979173559506 0.010673664283795079 0.025062047839316461 0.0081813439474143421 0.069691589090928471 -0.042709513338694133 0.016076879352458256 0.010262095446862331 -0.015338463707512405 0.0020080950370200859 0.0022903857379758812 -0.018016820183354168 -0.0086055073145708729 -0.035882783956395471 -0.0016426650061158133 -0.0024195866302858344 -0.003694636587750745 -0.014889707891648438 0.065064913136159142 0.006706137363472091 0.0035872512401721058 -0.0033228109453088796 -0.0016282257454952984 -0.015365415989901468 -0.00049088963395238635 -0.0179189374377344
leaf_weight=4909.255318582058 1697.2091952040792 10183.622930504382 215.14051976054907 86.954979248344898 1854.9198294728994 5185.0064107403159 185.95189389586449 3319.9537569433451 50.368568554520607 78.350260049104691 2928.5602083355188 1702.3590842634439 1133.8034908249974 361.84222821891308 2204.0283898413181 635.82366448640823 4032.2417022585869 121.82552384585142 1068.7423125952482 261.66861608624458 1614.7546550109982 191.03919102996588 33.072150349617004 222.64829370379448 3450.5077743381262 5596.6169433668256 4086.6134153082967 963.40030216425657 111.00635427236557 585.65880132466555
leaf_count=23821 9722 49040 1076 490 9142 24377 918 15664 231 382 13726 8228 6370 1749 10404 3174 21703 663 5073 1274 8661 1106 189 1264 17440 30722 21617 5802 544 2885
internal_value=0.000229241 0.00352808 -0.00119896 0.00453969 0.00315807 0.00415398 -0.00461539 0.00195478 0.00994325 0.014895 0.0169834 0.00445403 -0.00489201 -0.0134165 0.00817307 -0.00683103 -0.00435388 -0.00366015 0.00567074 -0.0186696 -0.00931133 -0.0107819 0.00179163 0.0142536 -0.0027713 -0.000687363 -0.0050935 -0.00805575 -0.0179597 -0.0239794
internal_weight=59072.9 35929.2 6333.57 29595.6 23569.3 20892.6 2676.7 13503.6 6026.34 3168.29 2978.93 2858.06 23143.7 1424.31 7389.03 2490.74 22009.9 19866 2771.1 1062.47 2699.98 2143.97 446.76 255.72 17166 9047.12 8118.86 2578.15 189.357 800.799
internal_count=297457 172198 30805 141393 112719 99485 13234 64704 28674 14883 13957 13791 125259 6984 34781 12316 118889 106608 13301 5235 15126 12281 2559 1453 91482 48162 43320 14463 926 3961
is_linear=0
shrinkage=0.1


Tree=72
num_leaves=31
num_cat=0
split_feature=11 11 11 9 11 7 12 11 7 6 17 15 15 1 8 3 4 19 11 4 19 8 9 2 14 9 5 2 15 14
split_gain=294.677 74.4255 53.4387 16.5821 15.6333 14.0395 16.14 12.4857 13.0541 15.6452 12.9121 11.6396 13.7128 11.614 11.5302 17.0457 11.2112 13.5201 11.0573 10.7958 10.2972 9.97477 14.2684 10.3241 10.2553 8.96459 8.87509 8.7812 8.62967 8.46797
threshold=0.020512685269949097 0.013002887401128335 0.031752984331828653 0.32789601081396441 0.010077264483928062 -0.048398810915039552 0.30127431689664347 0.01538379413383908 0.045671360988768457 0.035273663927780648 1.0000000180025095e-35 0.24555521045737513 0.86112041375771409 -0.031704695925858666 0.7808564542114389 0.025786574346552186 0.013173893155410845 1.0000000180025095e-35 0.028971596632176161 -0.028167532999144648 1.0000000180025095e-35 1.6191737812111746 0.96397989723197608 0.084108108375266846 0.94890755725246045 0.15312848322029907 0.032502421594253213 0.030202476616822741 0.84971484387308205 0.42641125708682776
decision_type=2 2 2 2 2 2 2 2 2 2 2 2 2 2 2 2 2 2 2 2 2 2 2 2 2 2 2 2 2 2
left_child=1 3 16 4 5 -1 -7 10 11 -10 25 20 -13 -12 15 -6 21 18 -18 -4 -9 23 29 24 -2 28 -19 -5 -3 -23
right_child=2 7 19 27 14 6 -8 8 9 -11 13 12 -14 -15 -16 -17 17 26 -20 -21 -22 22 -24 -25 -26 -27 -28 -29 -30 -31
leaf_value=-0.007479378631857464 -0.0064014624412326556 -0.013894290093738585 -0.038844443302071707 0.028310530252333467 0.0059066662945146536 0.01701213900704571 0.088109722896138165 -0.00071896733889044873 -0.010071721672680259 0.00046258918606699906 -0.0097390641648845248 0.005625403205029425 -0.0070909783643264661 0.01451496212031269 -0.0052685587335273799 0.014903960805714784 -0.0062699203997092379 -0.043957285623880335 -0.029534996260759779 -0.018581289203467351 -0.016592537817147701 -0.0063404107078244929 0.059344743433334263 0.0011553746213532981 -0.023388969811253126 0.0034486456368615671 -0.01175733592193523 0.10737956738955426 0.043138041479350367 -0.027449984913434641
leaf_weight=237.1127272695303 10527.187433250248 458.60847523808479 280.2411575615406 30.436970323324203 5633.2552484869957 3410.5798466056585 32.231465846300125 2204.8430579006672 2437.3016717135906 3344.3687434345484 223.25546264648438 6567.7437846958637 973.73116107285023 1706.7317876815796 580.7292887121439 3362.5877492427826 1130.5078275725245 231.66733807325363 249.3440228626132 4256.3439398184419 501.64676024019718 307.52413028478622 23.69757866859436 1823.2122436538339 367.79382328689098 6866.0034515112638 135.75871618837118 26.081190258264542 28.159964993596077 497.37097936868668
leaf_count=927 59988 2050 2032 130 24009 13103 112 11164 12277 16812 1028 33064 4941 7792 2499 14080 6485 1331 1571 29597 2545 1797 138 10496 2141 31392 779 105 126 2946
internal_value=-0.000392705 0.00469463 -0.0103016 0.0107474 0.0105169 0.0160568 0.0176778 0.00151119 -0.000178922 -0.00397822 0.00442972 0.00196456 0.0039835 0.0117093 0.00838818 0.0092698 -0.00747439 -0.0150132 -0.010474 -0.019833 -0.00366113 -0.00650203 -0.0171331 -0.00580941 -0.00697493 0.00251893 -0.0320599 0.0647982 -0.0105949 -0.0193847
internal_weight=58456.1 38625.4 19830.6 13313 13256.5 3679.92 3442.81 25312.4 16029.6 5781.67 9282.76 10248 7541.47 1929.99 9576.57 8995.84 15294.1 1747.28 1379.85 4536.59 2706.49 13546.8 828.593 12718.2 10895 7352.77 367.426 56.5182 486.768 804.895
internal_count=297457 178156 119301 54965 54730 14142 13215 123191 80803 29089 42388 51714 38005 8820 40588 38089 87672 10166 8056 31629 13709 77506 4881 72625 62129 33568 2110 235 2176 4743
is_linear=0
shrinkage=0.1


Tree=73
num_leaves=31
num_cat=0
split_feature=11 11 3 8 6 3 8 7 12 1 8 8 3 4 6 11 13 6 3 9 8 7 11 13 19 4 9 13 11 6
split_gain=150.283 39.0812 17.8818 47.6237 46.5964 24.5595 34.2779 18.7935 17.9812 17.6242 15.6757 14.4391 47.5033 22.7701 21.8578 15.7251 14.9713 13.9012 19.5773 12.9108 12.4298 11.9209 11.4305 10.9025 10.7669 10.4863 10.9498 10.3566 10.03 9.0873
threshold=0.018892914869902706 0.030637545343782997 -0.015255179170126974 -0.20837125581705482 -0.036395437039486382 -0.05486439297884526 -0.56095900714708791 -0.081515021888871927 0.023845739894447857 0.024937084738688279 -1.1330208709248746 0.2497974165349541 0.02758253100985986 -0.00013940771793441439 -0.0094472025288542243 0.012588613219636878 0.21616399034890607 0.01890088330434159 0.098150787202837333 0.17058563444927169 -2.2295507164810666 0.13725775823515055 0.011189135343642034 0.13200624786027523 1.0000000180025095e-35 -0.015798904921015208 0.69017394265966947 -0.20748696192751101 0.03924277595886546 0.017874394370833161
decision_type=2 2 2 2 2 2 2 2 2 2 2 2 2 2 2 2 2 2 2 2 2 2 2 2 2 2 2 2 2 2
left_child=2 25 3 5 -5 6 20 -7 -6 -10 -9 13 14 21 16 23 -13 27 -19 -16 -1 24 -8 -15 -4 -2 -27 -14 -3 -17
right_child=1 28 11 4 8 7 22 10 9 -11 -12 12 17 15 19 29 -18 18 -20 -21 -22 -23 -24 -25 -26 26 -28 -29 -30 -31
leaf_value=-0.040487814986242078 -0.012074286235176424 -0.0098933893491705074 0.0079685807687393459 -0.0090359927095515526 0.0596183875323264 -0.024915526661672755 0.053495726584383209 0.073338750468464595 0.020640243090852828 0.050847931734926091 0.00025346480776284366 -0.0061366101790052792 0.0048867087880931975 -0.00041561682076640363 0.013834857892659119 -0.011651904899808135 0.080784323712439599 0.0097557922172995439 -0.00079352803731625203 0.042092159002978177 0.0054310924515543549 -0.048598635649343663 0.020814660071643891 0.017439147772245565 -0.004167777027154462 -0.0033314613424625626 0.01167523920100403 -0.010319647958615117 -0.018633121518959666 -0.0017099900808785562
leaf_weight=59.860513344407082 1344.4754585623741 3981.5661664232612 4090.0811240524054 416.43804512917995 164.76416844129562 306.32277534902096 118.81756648421288 29.571139827370644 1365.2047003507614 224.96862186491489 3875.5666791498661 245.4720411002636 731.2430556640029 2004.0858147144318 226.85420766472816 2296.1186158508062 21.555927023291588 4089.8465713262558 3086.9262531027198 562.93059591948986 3874.8548679500818 40.613276325166225 1078.0397680103779 412.36071620881557 890.06639519333839 18246.462532043457 499.53469425439835 1155.8404655009508 1959.3045990541577 1533.3363874107599
leaf_count=283 7477 23479 19302 1835 729 1461 497 146 6041 1030 18259 1140 3506 9428 1065 10928 102 19456 15069 2656 18049 194 4716 1909 4238 96066 2763 5457 12869 7307
internal_value=2.68047e-05 -0.00565042 0.00451853 0.0076958 0.0210362 0.00459542 0.00924012 -0.00106404 0.0281721 0.0249139 0.000806893 0.00280797 0.00554945 0.000345349 0.0256133 -0.00368527 0.000880113 0.00321007 0.00521824 0.0339757 0.00473251 0.00535951 0.0240591 0.00263126 0.00579954 -0.00354341 -0.00293157 -0.0044272 -0.0127758 -0.0076711
internal_weight=58933.1 26031.3 32901.7 11514.4 2171.38 9343.03 5131.57 4211.46 1754.94 1590.17 3905.14 21387.3 10120.7 11266.7 1056.81 6245.9 267.028 9063.86 7176.77 789.785 3934.72 5020.76 1196.86 2416.45 4980.15 20090.5 18746 1887.08 5940.87 3829.46
internal_count=297457 142654 154803 53046 9635 43411 23545 19866 7800 7071 18405 101757 48451 53306 4963 29572 1242 43488 34525 3721 18332 23734 5213 11337 23540 106306 98829 8963 36348 18235
is_linear=0
shrinkage=0.1


Tree=74
num_leaves=31
num_cat=0
split_feature=10 10 10 13 4 19 5 2 3 1 3 2 13 3 14 0 15 15 5 2 2 9 10 18 7 7 1 0 18 7
split_gain=356.211 84.4996 67.8701 41.5077 36.7023 59.9401 38.7721 31.6287 43.4679 41.219 34.9073 32.1012 30.7866 29.583 28.668 26.0553 39.2612 33.2366 31.6558 24.7715 24.5589 24.4512 20.9831 20.8393 20.416 21.2595 19.4308 26.6564 21.3682 18.4922
threshold=0.25420905340718486 0.36538877877995529 0.17542601266283989 -0.34696350434752626 0.008496498566951562 1.0000000180025095e-35 0.012770133388979922 -0.05085119260009318 -0.021942946226018997 0.0067284771048512501 -0.10557568306297659 0.016994700427810153 -0.59193301882767668 -0.34437524507926182 0.3267294869869295 0.046325120011475381 0.28173276376483519 0.96444145859497044 0.018578439342474832 -0.074060588359114096 0.035632074521297692 0.14709854769786226 0.2162340230483176 1.0000000180025095e-35 -0.01142429922211141 -0.135530212765714 0.0059141953934767075 0.012058816843130151 1.0000000180025095e-35 0.028272561452639459
decision_type=2 2 2 2 2 2 2 2 2 2 2 2 2 2 2 2 2 2 2 2 2 2 2 2 2 2 2 2 2 2
left_child=2 7 21 26 14 -6 -7 10 9 20 24 -11 -10 -3 23 16 29 18 -17 -18 -9 -1 -16 -5 25 -2 27 28 -4 -15
right_child=1 13 3 4 5 6 -8 8 12 11 -12 -13 -14 15 22 17 19 -19 -20 -21 -22 -23 -24 -25 -26 -27 -28 -29 -30 -31
leaf_value=-0.038386838462001971 0.020964373825578326 0.037114463846877471 0.0031250692934924988 -0.010763130661501637 -0.0072290366136193085 0.085946614254257064 -0.0052823558411718222 0.016384853627741423 0.044882078208877837 -0.015047606940661491 -0.018623006593303199 0.016752743927605705 -0.0029634227706772185 0.0080143521470722595 -0.024600923634361112 0.070929688133612515 -0.0054366793537622207 0.0099977952399156068 0.021943399769995528 0.005215504946184119 0.068960626340970263 -0.01958193919107043 -0.012782660697466237 0.0089700283787043401 0.086605916866193733 -0.0083604295742238689 -0.0092348772136826036 0.10203298124719554 0.049829699475318054 0.017152268328904766
leaf_weight=1260.0952454917133 368.21895070374012 338.72468608617783 351.27128250896931 2536.7802832275629 680.33660876750946 134.55668420344591 71.25586511939764 2176.0777846649289 136.19113339483738 869.52434211969376 1920.3374770209193 499.95478142052889 10745.639253549278 5576.9488671645522 2813.3836806714535 196.85963878035545 2627.3656461536884 1426.7019847333431 399.88853000104427 12911.029193539172 92.627611860632896 1532.2076571732759 3223.7882717698812 678.2543895766139 28.758882597088814 752.3277723044157 304.00305050611496 39.035727426409721 135.84223315119743 3673.2350904345512
leaf_count=10639 1746 1170 2069 15885 4184 769 455 11156 585 4524 9667 2533 56423 22800 20066 767 10913 5572 1639 55614 449 11747 20060 4210 136 3725 1933 239 705 15077
internal_value=-7.88918e-05 0.00424867 -0.0141491 -0.0106056 -0.0123659 0.00707569 0.0543616 -0.00115066 0.000799062 0.0102616 -0.0103732 -0.00343828 -0.00236461 0.00774663 -0.014228 0.00737562 0.00648498 0.0182866 0.0381034 0.00341434 0.0185314 -0.0280681 -0.0182901 -0.00660016 0.00341109 0.00127589 0.0108922 0.0225215 0.0161497 0.011643
internal_weight=58501.2 44740.4 13760.8 10968.5 10138.4 886.149 205.813 17589.7 14520 3638.18 3069.64 1369.48 10881.8 27150.8 9252.21 26812 24788.6 2023.45 596.748 15538.4 2268.71 2792.3 6037.17 3215.03 1149.31 1120.55 830.152 526.149 487.114 9250.18
internal_count=297457 204496 92961 70575 65629 5408 1224 90944 75670 18662 15274 7057 57008 113552 60221 112382 104404 7978 2406 66527 11605 22386 40126 20095 5607 5471 4946 3013 2774 37877
is_linear=0
shrinkage=0.1


Tree=75
num_leaves=31
num_cat=0
split_feature=11 11 11 9 9 13 3 8 13 9 4 4 14 13 4 4 4 3 13 1 0 20 12 8 8 7 5 4 3 5
split_gain=393.329 81.2071 55.2295 42.6593 32.0833 29.1408 28.3003 35.6879 29.1119 27.0434 26.0106 24.1477 24.0638 22.9119 21.9814 19.626 19.4697 18.9395 19.1351 18.9046 24.0559 20.7484 18.222 17.9666 17.0953 16.6116 16.2182 15.7877 14.993 14.3454
threshold=0.015785024753896929 0.021896912404622007 0.011541596911396184 0.13525663138492081 0.30835333572130502 0.27849137510920768 -0.085816044012495304 -0.88103378990722903 0.1902063958210635 0.2114193991491182 -0.013430169457450345 -0.016460087360086664 0.075142578063459073 0.15589530686965744 0.0047393521918073231 -0.001030603797128826 0.003102699832791878 -0.046302021168311606 -0.10696514891394196 0.01233943012554284 0.013327668276927886 1.0000000180025095e-35 0.30127431689664347 -1.5146051512052376 -0.48013013404042637 0.017997795489684946 0.016431951375477486 -0.00029166965393034866 0.10490870099487194 0.036893681362214166
decision_type=2 2 2 2 2 2 2 2 2 2 2 2 2 2 2 2 2 2 2 2 2 2 2 2 2 2 2 2 2 2
left_child=2 4 13 27 6 9 7 22 10 16 -8 -3 -11 19 23 -13 -5 18 -16 -1 21 -21 -2 26 -19 -10 -6 28 -4 -15
right_child=1 11 3 5 14 -7 8 -9 25 12 -12 15 -14 29 17 -17 -18 24 -20 20 -22 -23 -24 -25 -26 -27 -28 -29 -30 -31
leaf_value=-0.026366894800866826 0.0068076977357217879 0.017200839640574325 -0.0095292403481535004 -0.0084646145348823507 0.026508011478361654 -0.031253044245438427 0.037564424850093939 -0.03181879527409625 -0.022993112056862639 -0.037467001105883031 0.0072554312543171243 0.0033611326267966807 -0.012828694672275591 -0.048220413512234453 -0.03626821424148035 0.0094994248076744059 0.0068535306530836254 0.03962350523944843 0.00055215580893802402 -0.011114789947773141 -0.041000991208879983 0.02674099220955773 -0.053160070829778451 -0.0089910657331948255 0.0049418034173050636 0.0018021743400655486 -0.061995618045763812 0.035321538148767595 0.093185394492537432 0.055363405528923729
leaf_weight=2391.4550719223917 755.35562761873007 2758.1729158014059 188.07339387387037 2825.6794895380735 226.35918308794498 713.55752713978291 296.52878008037806 471.65956415235996 477.18612495809793 426.73342091590166 6272.743753246963 8138.6172754466534 5578.3186369463801 448.98014076054096 217.99065899848938 14469.123343020678 1174.6925323605537 153.57593059539795 400.36150661110878 669.16530401259661 205.93440517038107 184.75893301516771 54.314795151352882 6021.6881928890944 1906.3822332173586 622.8767408952117 22.78982637822628 263.2946632951498 15.372561171650885 13.780298307538031
leaf_count=19581 3943 10301 1266 18931 1075 5022 1452 2745 2675 2914 32777 33470 35343 3898 1130 58211 7539 722 2019 5272 1570 1332 287 29904 9083 3394 116 1638 96 111
internal_value=-0.000121653 0.00472803 -0.0140175 -0.01044 -0.000429316 -0.0117287 0.00380398 -0.00995277 0.00610235 -0.0103362 0.00862354 0.00836738 -0.0145796 -0.0242415 -0.00466333 0.00728969 -0.00396651 0.00292017 -0.0124283 -0.0214399 -0.0103226 -0.00292414 0.0027849 -0.00790228 0.00752743 -0.00895354 0.0184125 0.0191547 -0.00176803 -0.0451358
internal_weight=58365.5 43265.7 15099.8 11185.7 17899.8 10719 8950.67 1281.33 7669.34 10005.4 6569.27 25365.9 6005.05 3914.07 8949.15 22607.7 4000.37 2678.31 618.352 3451.31 1059.86 853.924 809.67 6270.84 2059.96 1100.06 249.149 466.741 203.446 462.76
internal_count=297817 193304 104513 72749 91322 69749 47273 6975 40298 64727 34229 101982 38257 31764 44049 91681 26470 12954 3149 27755 8174 6604 4230 31095 9805 6069 1191 3000 1362 4009
is_linear=0
shrinkage=0.1


Tree=76
num_leaves=31
num_cat=0
split_feature=11 11 14 3 8 13 2 3 2 3 1 9 12 12 14 9 4 12 11 13 1 13 8 2 13 9 13 7 3 13
split_gain=76.8097 22.8606 17.4749 25.5417 36.1466 22.3829 22.088 20.9482 17.0605 19.9955 18.9351 16.6181 15.0035 13.9192 13.6887 15.2005 11.3995 11.1277 10.6005 13.8675 15.5571 18.0389 13.6387 13.53 13.4541 13.1815 12.0389 9.86266 12.4251 11.6726
threshold=0.020000564358263966 0.042894673729570051 0.48202903914462258 0.035551528558903429 0.14037362636730358 0.061845749959488015 -0.037245598466707268 -0.020970115982037903 0.014057801399134597 -0.045062570209143608 0.0082785078362490622 0.29046804430061651 0.069734531124326954 0.030916060779838481 0.13129595776857969 0.1737711794823065 -0.001742110357951576 0.045880823470919409 0.01237541103519996 0.048980597695169499 0.016614088255703988 -0.43341688378786353 0.6070511455110158 0.066107009297316846 -0.16828302829297351 0.18801097052068738 0.30432501818281726 -0.0017742478655216607 -0.089784781584517623 0.07539995532662673
decision_type=2 2 2 2 2 2 2 2 2 2 2 2 2 2 2 2 2 2 2 2 2 2 2 2 2 2 2 2 2 2
left_child=2 -2 3 4 8 14 7 -6 9 -1 -10 13 -8 -7 16 -16 -5 -13 19 20 21 -4 25 -24 -22 -21 27 28 -20 -29
right_child=1 -3 18 5 6 11 12 -9 10 -11 -12 17 -14 -15 15 -17 -18 -19 26 22 24 -23 23 -25 -26 -27 -28 29 -30 -31
leaf_value=-0.0044367188858057518 -0.0035711334865286999 -0.017138016414537199 -0.016416216697342383 -0.003149309925591327 0.084475857842066224 0.0034283036597635404 -0.01588495099392501 -0.0043499755782389193 -0.020794192049615384 0.0068334476005285005 -0.0010940692071598546 0.026399282474572724 -0.041762110834128105 0.026278633343044297 0.013310703037455253 -0.0052365275357766118 0.017604308657361761 -0.0089414981641758162 -0.0026311559794791927 -0.0094353786468515805 0.034893147485906273 0.010237736754321707 0.043006928997188214 -0.040311602771603727 0.012695779861100098 0.010365556282062351 0.014057282017349515 0.0025481220267639269 0.0085842893149088075 -0.0067501569769103393
leaf_weight=2652.8057706058025 22095.883662357926 1315.9874223768711 278.06585767120123 396.77316664159298 36.26022233068943 359.96536630392075 772.3734678030014 99.146104037761688 753.82543794810772 3871.9636178091168 1383.0619527101517 115.57677856087685 315.61352728307247 1027.5810763537884 536.8816844150424 2497.0254508331418 794.8945747166872 388.8475701212883 1297.8994656056166 933.07029116153717 453.47708129882812 2923.3483753278852 122.68462281674147 23.171111032366753 686.30390849709511 525.5629493445158 1002.4573069363832 5537.1085055470467 4134.2216065227985 1785.4262456893921
leaf_count=13420 118147 8275 1468 1896 182 1656 3837 488 3683 18688 6684 549 1611 4761 2484 11971 3769 1868 6510 4412 2066 13671 544 100 3080 2500 4758 26372 19925 8442
internal_value=0.000117699 -0.00433373 0.00303648 0.000581723 -0.00256116 0.00566016 -0.0186514 0.0194365 -0.000288542 0.00225128 -0.00804364 0.0146999 -0.0233916 0.0203507 0.00161269 -0.0019544 0.0106943 -0.000844003 0.00503024 0.00855851 0.0114946 0.00792265 0.000614591 0.0297707 0.0215273 -0.00230087 0.00350535 0.00267602 0.00590458 0.000280957
internal_weight=59117.3 23411.9 35705.4 16002.6 9885.05 6117.55 1223.39 135.406 8661.66 6524.77 2136.89 1891.97 1087.99 1387.55 4225.57 3033.91 1191.67 504.424 19702.8 5945.68 4341.2 3201.41 1604.49 145.856 1139.78 1458.63 13757.1 12754.7 5432.12 7322.53
internal_count=297817 126422 171395 77547 48593 28954 6118 670 42475 32108 10367 8834 5448 6417 20120 14455 5665 2417 93848 27841 20285 15139 7556 644 5146 6912 66007 61249 26435 34814
is_linear=0
shrinkage=0.1


Tree=77
num_leaves=31
num_cat=0
split_feature=10 11 11 12 11 7 4 10 13 9 4 4 12 12 4 7 11 5 9 2 13 13 1 10 10 7 9 4 7 14
split_gain=225.776 55.0772 31.1356 28.3032 22.9476 17.907 18.8962 17.7328 16.5564 16.1373 22.3901 13.3979 12.6005 12.4073 13.4893 11.9531 11.6146 11.0925 14.8282 10.7872 11.8093 10.7535 12.2864 10.5054 9.61211 9.48445 9.06663 21.0806 8.99987 8.59611
threshold=0.3262895824185672 0.025108207039482158 0.01505561606670911 0.11495348236731208 0.010438708093063751 -0.063834007981082172 0.008496498566951562 0.52086268089112764 -0.2262227406728459 0.4409728302095926 0.013173893155410845 -0.010862863625110684 0.085368326235730443 0.24954482501842143 -0.023719320910057014 -0.027348010928492535 0.008502504389704766 0.042211065335461158 0.25881644982893703 0.11333457548514315 0.42382701567957409 0.51440359231916366 0.0063189488050903195 0.406404415136425 0.84552856525772624 0.19022198308422747 0.18940700244800721 0.016444112600212172 -0.19351121058880807 0.10339041111326462
decision_type=2 2 2 2 2 2 2 2 2 2 2 2 2 2 2 2 2 2 2 2 2 2 2 2 2 2 2 2 2 2
left_child=2 3 5 19 -5 29 8 12 11 15 -11 -7 -3 24 -15 -6 -10 21 -19 20 -2 28 -23 -22 -9 -14 27 -8 -4 -1
right_child=1 7 17 4 9 6 26 13 16 10 -12 -13 25 14 -16 -17 -18 18 -20 -21 23 22 -24 -25 -26 -27 -28 -29 -30 -31
leaf_value=-0.032709790976107898 -0.0082850375903341777 -0.0141447368264161 -0.036588868583736021 0.053979039555731134 0.0056434476208701229 0.044196210873599588 -0.023803729875031737 -0.018137012554126388 0.023780088111480649 0.016717319965111773 -0.030953376780877381 0.0024484728443863579 -0.0018370496106747108 -0.045975429954331015 -0.0057906786310236089 -0.0060096279478039282 0.010296816424919607 -0.0061917689550133439 0.017373360155695346 0.0060883650105976626 0.02443835874285984 0.041746040211140478 -0.009371354916623555 -0.020862854686719792 -0.036213245797539845 -0.021139749381806894 0.0026923435419100783 0.048587092822858446 0.00053990058114502073 -0.00089034446017977563
leaf_weight=90.383225798606873 7973.7565602064133 2185.4177838712931 65.628070145845413 86.194790214300156 1471.3158675134182 78.579040333628654 362.36657525599003 3816.6655914783478 671.0005242228508 1046.2596993744373 108.76952813565731 3539.997476965189 2380.4434045478702 89.49779250472784 1253.7468357682228 2191.103074029088 13343.319597736001 377.99811920523643 909.52552933990955 620.11226995289326 202.00068087875843 131.41280920803547 73.219046518206596 68.567266657948494 318.74039848893881 285.03157749027014 766.17293871939182 45.25004006922245 12498.27398096025 1399.9347915053368
leaf_count=405 43279 13371 343 329 7794 350 1522 25906 2448 5684 601 15070 14589 671 8676 11475 56564 1855 4604 3368 1047 654 359 361 2611 1776 3395 192 62305 6213
internal_value=2.07149e-05 -0.0073999 0.00522605 -0.00325893 0.00283711 0.00773136 0.0085675 -0.0129193 0.00938534 0.00192207 0.0122282 0.00335504 -0.00851609 -0.0168181 -0.00846811 -0.0013282 0.0109424 0.00160837 0.010455 -0.00663114 -0.00758786 0.000716321 0.0234558 0.0129581 -0.0195303 -0.00390118 -0.00371813 -0.0157675 0.000345957 -0.0028201
internal_weight=58450.7 24097.6 34353.1 13768.1 4903.64 20297 18806.7 10329.5 17632.9 4817.45 1155.03 3618.58 4850.89 5478.65 1343.24 3662.42 14014.3 14056.1 1287.52 8864.44 8244.32 12768.5 204.632 270.568 4135.41 2665.47 1173.79 407.617 12563.9 1490.32
internal_count=297817 141538 156279 73938 25883 86159 79541 67600 74432 25554 6285 15420 29736 37864 9347 19269 59012 70120 6459 48055 44687 63661 1013 1408 28517 16365 5109 1714 62648 6618
is_linear=0
shrinkage=0.1


Tree=78
num_leaves=31
num_cat=0
split_feature=11 11 11 1 15 3 4 13 8 8 13 4 15 13 8 13 14 2 10 1 3 4 14 13 11 10 4 3 8 14
split_gain=124.434 28.5749 24.0888 17.0631 18.679 16.3482 14.4099 16.2601 14.4299 13.7105 13.6967 12.8661 11.4813 11.3383 19.3227 10.732 23.0776 10.5287 11.273 10.2456 9.7394 9.53402 9.49195 10.1438 9.24985 9.09901 9.07278 8.89179 8.82871 15.065
threshold=0.021510125586898705 0.013472671229432926 0.03924277595886546 -0.0016874095635923678 0.69284997620129396 -0.089784781584517623 0.001907358292442707 -0.25008113599884313 -0.7416004219785638 -1.0167699280213192 -0.35311407391250288 -0.010041456920174328 0.78756300120759859 0.10080065713959467 -0.20064332098228238 -0.15027346947038686 0.46626398173990186 -0.041707703255499766 0.56835332680717954 0.018393709250933869 0.11218453913805827 0.015317968713794762 0.026200876318811069 -0.24298438831265193 0.011367999476948805 0.14959857910584765 -0.0018186177102803567 -0.05365096701681437 -0.38055514597891199 0.85709491850431452
decision_type=2 2 2 2 2 2 2 2 2 2 2 2 2 2 2 2 2 2 2 2 2 2 2 2 2 2 2 2 2 2
left_child=1 3 21 4 10 9 7 -7 -9 -3 24 -11 -13 20 -15 16 26 19 27 -4 -8 22 23 -2 -1 -18 -5 -19 -6 -30
right_child=2 5 17 15 28 6 13 8 -10 11 -12 12 -14 14 -16 -17 25 18 -20 -21 -22 -23 -24 -25 -26 -27 -28 -29 29 -31
leaf_value=0.035355641638364584 0.074429263571679408 0.0020476468979999992 -0.01326073083310312 0.02485044931694369 0.0088236097521069683 0.010046293411428438 -0.0030280870946901802 -0.011620909795856268 0.0020443063695132421 -0.008074763276005887 0.00696806166975891 0.022493840469580615 -0.0052699112264118489 -0.010160710068871913 0.0088837716167423555 0.0067073382722139408 -0.031749035120429765 -0.066843906895350622 -0.027484443146095262 0.017769171864262089 -0.013828852191037909 -0.012354306249759398 -0.0047945728618034294 0.0076322933301443312 0.0096924295207959071 -0.0061809865217900082 0.0044085533803419194 0.012078099363073936 0.03807143650652911 -0.0012234554960329084
leaf_weight=303.08321156352758 24.762325495481491 1706.0319216400385 715.08347725123167 308.7853541970253 259.65308417379856 2435.0250192433596 5898.7255252599716 833.90557838976383 10534.168180912733 206.00826434791088 4627.3082776591182 1127.1784137636423 171.62717205286026 756.87618368864059 1799.1718546897173 5000.2102738171816 153.75034867227077 16.141085013747215 943.69532978534698 125.01044005900621 972.52547551691532 1690.8829848095775 14846.979254677892 277.61760650575161 261.73217725753784 1469.4501928463578 731.38354636728764 123.51557774096727 519.30753965675831 120.1369431912899
leaf_count=1372 139 8316 4649 1440 1181 11998 28446 4028 50809 989 20856 5200 797 3628 8730 23374 763 97 6479 828 4847 9690 82480 1486 1196 6894 3434 786 2340 545
internal_value=0.000280771 0.00341954 -0.00644319 0.00711625 0.0110669 0.00149651 0.000572077 0.00263037 0.00104189 0.00818476 0.00876248 0.0151425 0.0188251 -0.0024416 0.00324447 0.00397619 -0.00115128 -0.0170451 -0.0235602 -0.00864332 -0.00455678 -0.00523227 -0.00443735 0.0131024 0.0234635 -0.0086028 0.010477 0.00295654 0.0243743 0.0306888
internal_weight=58959.7 40196 18763.7 13754.8 6091.22 26441.2 23230.4 13803.1 11368.1 3210.85 5192.12 1504.81 1298.81 9427.3 2556.05 7663.58 2663.37 1923.45 1083.35 840.094 6871.25 16840.2 15149.4 302.38 564.815 1623.2 1040.17 139.657 899.098 639.444
internal_count=297817 191183 106634 63395 27490 127788 112486 66835 54837 15302 23424 6986 5997 45651 12358 35905 12531 12839 7362 5477 33293 93795 84105 1625 2568 7657 4874 883 4066 2885
is_linear=0
shrinkage=0.1


Tree=79
num_leaves=31
num_cat=0
split_feature=11 11 10 1 2 1 13 4 9 13 2 13 1 8 4 6 2 7 7 13 12 11 4 6 12 1 2 2 20 2
split_gain=255.676 71.6361 58.7552 39.824 51.5818 39.3491 33.7031 32.1416 31.684 27.7426 27.3058 27.0815 33.12 37.3523 35.5861 25.3222 23.7049 33.077 27.5714 22.6598 22.5658 22.2199 21.1377 18.6745 22.015 17.9925 21.3745 17.0166 15.8762 14.9899
threshold=0.016958818053425386 0.011010005984163967 0.46398949026493325 -0.012773468119160468 -0.018080232965068884 -0.010596508541538706 -0.38812180094153975 -0.015214963770405541 0.55716356627698038 -0.49979355817152948 -0.0058473216551007115 0.49503989261270748 -0.044195847209717691 0.89799993660980582 0.010211751876094024 0.03342623000095591 -0.038115734808532357 -0.068284449532842392 -0.21310530972188901 -0.68921068719444423 0.11495348236731208 0.034657703752336073 0.0081668709022606496 0.0083118838207932883 0.081595959473009433 -0.033710857163067313 -0.075844392135259828 -0.086154145231344778 1.0000000180025095e-35 0.066107009297316846
decision_type=2 2 2 2 2 2 2 2 2 2 2 2 2 2 2 2 2 2 2 2 2 2 2 2 2 2 2 2 2 2
left_child=1 5 8 4 25 6 -1 29 9 23 19 12 14 21 -4 -12 18 -18 -11 -9 -10 -14 28 24 -2 26 -3 -16 -6 -5
right_child=2 3 11 7 22 -7 -8 10 20 16 15 -13 13 -15 27 -17 17 -19 -20 -21 -22 -23 -24 -25 -26 -27 -28 -29 -30 -31
leaf_value=0.040157980499860579 0.018227702071462345 -0.022093244188143082 0.013616854511330882 0.023549244900400612 0.014500632758381017 -0.032128545807725492 -0.014890069173107777 0.090994383107049145 0.0067325483827611644 0.035265297148419646 -0.0037908361516986316 -0.0070328138770331776 -0.00037934174091648528 0.015379432998018697 0.022722180804554515 -0.014992501554071969 0.016126179090668449 0.0017037990285983932 -0.0050190218957775652 -0.020881951090607958 -0.034709913699772998 0.012070908724358387 0.050984266288239502 0.0054494821565071331 0.08347701677832213 -0.015795221448904283 0.005471994342124282 0.054496438535235427 -0.009369244633022248 0.11901753821506525
leaf_weight=130.02835207432508 111.07580496370792 360.95077463984489 3261.2210363447666 129.38709895312786 1480.9059849157929 1993.7411234304309 768.94603519886732 18.231147512793541 193.08046405017376 174.70092664659023 4907.871657602489 986.65967381000519 5223.755719229579 3718.5386204868555 332.01541142165661 3427.3834649547935 1787.5564738214016 14403.261495247483 6179.245860517025 2600.3917346447706 411.21750785410404 1975.5804458111525 135.23241551965475 193.78537926077843 96.748437076807022 1492.2499607130885 1274.7829528823495 342.33189250528812 343.22073443979025 18.841784283518791
leaf_count=712 486 2081 12528 741 8696 17911 6176 76 825 732 30785 4071 21195 14608 1240 21836 8156 68931 28920 16141 1864 7271 733 877 414 8917 7455 1300 2034 105
internal_value=-0.000301382 -0.00980199 0.00430102 -0.00721205 0.000114734 -0.0242969 -0.00692788 -0.0105694 0.00113361 0.00172885 -0.0111953 0.00901023 0.0100759 0.00724083 0.0179409 -0.00839686 0.00126476 0.00329611 -0.00391141 -0.0201031 -0.0214685 0.00303715 0.0128374 0.0277806 0.0486032 -0.0078547 -0.000610716 0.0388524 0.0100094 0.0356845
internal_weight=58472.9 19082.2 39390.8 16189.4 5087.34 2892.72 898.974 11102.1 23550.7 22946.4 10953.9 15840.1 14853.4 10917.9 3935.57 8335.26 22544.8 16190.8 6353.95 2618.62 604.298 7199.34 1959.36 401.61 207.824 3127.98 1635.73 674.347 1824.13 148.229
internal_count=297817 124399 173418 99600 29916 24799 6888 69684 111205 108516 68838 62213 58142 43074 15068 52621 106739 77087 29652 16217 2689 28466 11463 1777 900 18453 9536 2540 10730 846
is_linear=0
shrinkage=0.1


Tree=80
num_leaves=31
num_cat=0
split_feature=11 11 11 8 3 8 3 8 3 13 9 14 12 7 1 13 3 7 14 11 13 3 9 8 14 13 7 11 13 14
split_gain=318.768 54.3749 48.3911 37.7522 56.3997 58.2783 46.2577 37.6835 70.6558 31.725 26.7747 31.894 24.4614 20.8733 19.3902 19.155 19.1594 24.3357 39.1906 18.6066 17.6551 16.5413 16.4644 16.4396 15.5627 15.1322 14.9758 14.8726 14.8581 15.3846
threshold=0.015718325944105899 0.025866635323291975 0.010077264483928062 -1.8348672253657932 -0.06026550901678273 -0.55003072719266133 -0.11636480775176226 -0.33765873899115179 -0.028946330512659376 0.20307525599018458 0.14259692285760517 0.19926201504327984 0.20078179912251903 -0.030306394277595402 0.01233943012554284 0.097736330084788783 -1.0000000180025095e-35 -0.074644079479392153 0.3267294869869295 0.012086026509530319 -0.59193301882767668 0.042085048356888428 0.26966686227362019 -0.31259247479939295 0.091305817606519415 0.49503989261270748 0.044634688023110443 0.014268116590901134 0.13854800266486392 0.72095360777081241
decision_type=2 2 2 2 2 2 2 2 2 2 2 2 2 2 2 2 2 2 2 2 2 2 2 2 2 2 2 2 2 2
left_child=2 3 14 12 5 6 -5 25 -9 10 20 22 28 -7 -1 16 23 18 -18 -13 -4 -16 -12 24 -3 -6 -22 -11 -2 -30
right_child=1 15 9 4 7 13 -8 8 -10 27 11 19 -14 -15 21 -17 17 -19 -20 -21 26 -23 -24 -25 -26 -27 -28 -29 29 -31
leaf_value=-0.03626674173058838 0.024592246433247693 -0.019003136043577923 -0.06818093533398438 -0.014181645249892016 0.013745771936100052 -0.037935573785643585 0.0062140083230270583 -0.025863151797129721 0.002601758935723163 -0.032894308103674857 -0.01852802956857284 -0.016475010234721574 -0.0045872055341688069 -0.0068605060387093679 0.0025377736628257458 0.012571442633338873 -0.01191720618696562 0.0080535688100735227 0.064078195423282372 -0.0056610396996912482 0.00018297654680160622 -0.037774031246826739 -0.044084488870719293 -0.011533993297364873 0.0055647390604486929 -0.034286793660451939 0.026714937035075575 -0.011748690778261607 0.040025379137027063 0.10530582139905507
leaf_weight=1163.410114672035 268.25312365591526 278.23844611644745 31.114891923964024 2098.2760321870446 3221.6476822271943 777.18971671164036 2365.7976007610559 920.74971636384726 16478.269932821393 907.21058098226786 1648.3785504549742 2097.6593837141991 185.7827086597681 299.43599156290293 287.66023737937212 6607.6912122070789 104.50341020524502 5242.3027356564999 193.52201268076897 6588.7356284111738 694.75243432074785 157.53419806808233 297.59422688931227 862.05755452811718 3517.0448523312807 66.952090948820114 306.63603296130896 525.16558220982552 101.27052541077137 56.099543124437332
leaf_count=10556 1196 1172 228 10288 15707 4194 11890 4704 79027 7088 11635 15914 887 1587 2366 24848 415 19919 693 41745 4877 1313 1986 3469 13850 333 2071 3465 416 224
internal_value=-0.000373661 0.00391667 -0.0131068 0.0011237 0.000551088 -0.00840929 -0.00337269 0.00295092 0.00109541 -0.0110965 -0.00937182 -0.0108648 0.0256879 -0.0292928 -0.0294751 0.00837731 0.00565967 0.0096338 0.0374302 -0.00827248 0.00600235 -0.0117268 -0.0224363 0.000932091 0.00376363 0.0127679 0.00830735 -0.0251415 0.0389028 0.0632967
internal_weight=58350.9 43645.1 14705.9 26839.7 26228.3 5540.7 4464.07 20687.6 17399 13097.2 11664.9 10632.4 611.406 1076.63 1608.6 16805.4 10197.7 5540.33 298.025 8686.4 1032.5 445.194 1945.97 4657.34 3795.28 3288.6 1001.39 1432.38 425.623 157.37
internal_count=298063 194819 103244 130453 127730 27959 22178 99771 83731 89009 78456 71280 2723 5781 14235 64366 39518 21027 1108 57659 7176 3679 13621 18491 15022 16040 6948 10553 1836 640
is_linear=0
shrinkage=0.1


Tree=81
num_leaves=31
num_cat=0
split_feature=11 9 13 12 13 14 3 8 14 14 14 4 14 15 3 8 14 11 14 11 0 3 6 11 14 12 6 10 14 10
split_gain=74.2497 31.1767 25.7943 16.6926 16.6902 14.5664 17.4005 46.8855 16.2027 14.209 13.5524 12.5639 12.3486 12.6625 17.7735 11.6399 11.6369 10.6887 10.6591 9.96348 9.94481 9.84286 9.52614 11.3425 9.19203 9.12762 8.57629 8.47575 8.19613 12.2465
threshold=0.026166410110065031 0.19068489788914558 -0.30844200220555218 0.047619457936159508 0.36040811057618966 0.49781822656368324 0.018749567111095548 0.19479928002299501 0.96374621947976447 0.26713712773356707 0.018468353271388026 0.0037561326370185726 0.94494796291371641 0.71682907344637881 0.060017017169297311 2.5607691747974779 0.53678186339776957 0.017027663091548673 0.86850048838894678 0.01237541103519996 -0.062176390383145812 -0.16281159172743551 -0.021063054096346897 0.011189135343642034 0.93756293354848319 0.027673060933824465 0.040584663185912702 0.2702093641267479 0.42641125708682776 0.30544148121466402
decision_type=2 2 2 2 2 2 2 2 2 2 2 2 2 2 2 2 2 2 2 2 2 2 2 2 2 2 2 2 2 2
left_child=1 2 3 11 5 6 7 -3 19 -8 27 24 13 14 -4 -2 -13 25 -15 -7 -19 -10 23 -14 -1 -12 -24 -6 29 -5
right_child=15 4 12 28 10 8 9 -9 21 -11 17 16 22 18 -16 -17 -18 20 -20 -21 -22 -23 26 -25 -26 -27 -28 -29 -30 -31
leaf_value=-0.0025434146675497242 -0.006552055878666762 -0.0032864599762975262 0.0073446212677766125 -0.036174353544899583 0.10892215142245971 0.010509884868187276 0.0049725711616578358 -0.035071642947369093 -0.072055078151383387 -0.0031622439610746672 -0.0146058101841755 0.010804149111774814 -0.039858671016787431 -0.0026510637123889854 0.020534442594763738 -0.023109268243800572 0.079252478854792738 -0.050647181204513517 0.022913136647196828 0.0021141049550168919 0.0045632504216820413 -0.0079597859090245488 0.036029463004859034 0.031451696812288064 0.056616968862971052 0.023036368747392774 -0.0036493477045018291 0.01985775304790717 -0.0065030699306530514 0.0091473722894379345
leaf_weight=459.96643333137035 10302.222898758948 8555.1172242164612 5732.3362957090139 270.51669152826071 21.637400507926941 1558.8311168327928 4706.7276320755482 490.69371834397316 24.473871722817421 3948.4431036859751 72.618957445025444 59.431754663586617 46.830484956502914 1523.8240425139666 1243.2041281908751 442.84549963474274 42.670575454831123 33.397302940487862 182.65148854255676 15158.804535984993 1411.3493097126484 1138.8993349820375 359.81223872303963 42.590955302119255 27.853705853223801 570.4286028444767 64.191214263439178 21.108654722571373 542.08268847316504 76.476081304252148
leaf_count=2255 59322 43012 27169 1384 103 7314 22941 2581 125 19303 341 294 227 7121 5555 2798 202 179 830 74304 7028 5559 1629 209 127 2683 275 102 2701 390
internal_value=0.00028517 0.00195502 0.00672614 -0.00553107 0.000604559 8.97839e-05 -0.00194378 -0.00501066 0.00210288 0.00126151 0.00920178 0.0075111 0.0086976 0.00780645 0.00969536 -0.00723444 0.0394101 0.00806057 8.51837e-05 0.00289697 0.00328699 -0.00930816 0.0237669 -0.00589392 0.000834543 0.0187855 0.0300224 0.0649408 -0.0141849 -0.0261856
internal_weight=59132 48387 10674.4 1479 37712.5 35582 17701 9045.81 17881 8655.17 2130.54 589.922 9195.44 8682.02 6975.54 10745.1 102.102 2087.79 1706.48 16717.6 1444.75 1163.37 513.425 89.4214 487.82 643.048 424.003 42.7461 889.075 346.993
internal_count=298063 235943 50368 7353 185575 175139 87837 45593 87302 42244 10436 2878 43015 40675 32724 62120 496 10231 7951 81618 7207 5684 2340 436 2382 3024 1904 205 4475 1774
is_linear=0
shrinkage=0.1


Tree=82
num_leaves=31
num_cat=0
split_feature=10 10 10 12 9 4 4 12 8 15 13 6 12 8 8 5 10 10 12 1 8 3 3 12 9 6 6 3 10 2
split_gain=190.984 38.5886 27.7069 25.6968 20.6851 20.077 18.4329 20.2511 17.4567 15.5457 14.3531 21.1362 20.1742 15.5197 14.6652 12.7566 11.0432 10.9408 13.914 12.2205 9.59738 18.0285 11.0048 10.2293 19.7101 9.8591 9.70701 9.43301 9.14292 9.00867
threshold=0.28776332557413581 0.42532049944313605 0.16595782417158142 0.11495348236731208 0.4409728302095926 0.0094135532796286742 -0.023719320910057014 0.1711076546093849 -1.8348672253657932 0.20946628745025039 0.25611379545130092 0.026332977529655358 0.14122682072057571 0.32383236271165022 0.30633389106445158 -0.060811168268479036 0.36910040473297573 0.35316566588504333 0.056496587695648234 0.057221094069512375 -0.59269328477163052 -0.01432122642248723 -0.01622471958481508 0.020718656207292203 0.11337684771091201 0.057232653133593499 -0.015109373991459394 0.23761754010169714 0.87584830217393617 0.12398361240675194
decision_type=2 2 2 2 2 2 2 2 2 2 2 2 2 2 2 2 2 2 2 2 2 2 2 2 2 2 2 2 2 2
left_child=2 3 20 17 15 6 -3 27 -4 -9 11 13 -13 -10 -12 -5 -6 18 -2 -20 21 -1 26 24 -24 -25 -22 -8 -7 -16
right_child=1 5 8 4 16 28 7 9 10 -11 14 12 -14 -15 29 -17 -18 -19 19 -21 22 -23 23 25 -26 -27 -28 -29 -30 -31
leaf_value=0.018984011624509203 -0.0069047125010635053 -0.023544190236303445 -0.04531541972487009 -0.045054592253382882 0.041749469237381473 -0.015505623742366427 -0.0092188893842365636 -0.011217865128918389 0.0031411656810594159 0.003541802378066298 0.016630729509129426 0.0099398649759119464 -0.027376855425528812 -0.0064897596589927877 0.0016702257449609339 0.002605964524708437 0.013292986116739285 -0.0077048553291655083 -0.00045728356971050317 0.015113367626280389 0.010628398656275014 0.074481153297038513 0.056086832639995504 0.0094862306542963862 0.016154838404893918 0.052657714096143594 -0.012504065945975916 -0.027981112576882142 -0.036105014430364755 -0.058107052602722767
leaf_weight=523.6544243991375 3523.1267888993025 678.94542574882507 69.916069552302361 57.542558625340462 189.49742202460766 2528.8649269044399 5500.9140356555581 987.13847467303276 13624.866184577346 2575.2529877498746 1804.6208288967609 5733.5232224464417 148.6288058757782 1907.4353434443474 647.80915410816669 2335.1180108040571 486.46317060291767 5610.3048750460148 4661.8783553242683 565.1574372202158 415.28381878137589 65.902026891708374 153.46681968867779 2070.7293904870749 635.31008972227573 54.285263538360596 322.09942057728767 281.68925330787897 235.53255782276392 26.231782034039497
leaf_count=2042 18199 4677 340 309 998 16217 34136 6362 61407 15581 8265 25749 704 8619 3009 11973 2717 31417 23968 2923 1726 249 517 8212 2389 225 1256 1873 1872 132
internal_value=-2.00154e-05 -0.00554382 0.00589818 -0.00248277 0.00582367 -0.0097157 -0.00763493 -0.00647907 0.00457965 -0.000548101 0.00472565 0.00389179 0.00899696 0.00195845 0.0119298 0.00145975 0.0212704 -0.00425774 -0.00204757 0.00122625 0.0133488 0.0251876 0.0114371 0.0141989 0.0239241 0.0105891 0.000523811 -0.0101329 -0.0172607 -0.000656138
internal_weight=58421.2 30217.4 28203.8 17429.1 3068.62 12788.3 10023.9 9344.99 23963 3562.39 23893.1 21414.5 5882.15 15532.3 2478.66 2392.66 675.961 14360.5 8750.16 5227.04 4240.73 589.556 3651.17 2913.79 788.777 2125.01 737.383 5782.6 2764.4 674.041
internal_count=298063 173222 124841 92504 15997 80718 62629 57952 108225 21943 107885 96479 26453 70026 11406 12282 3715 76507 45090 26891 16616 2291 14325 11343 2906 8437 2982 36009 18089 3141
is_linear=0
shrinkage=0.1


Tree=83
num_leaves=31
num_cat=0
split_feature=10 10 12 12 3 8 6 8 3 0 12 6 4 2 18 10 12 3 8 8 10 10 8 1 0 2 4 17 3 6
split_gain=83.1596 23.7396 26.348 20.3267 19.1255 40.7806 25.1748 25.0758 31.4991 20.5565 17.8514 16.3381 14.514 20.65 13.918 12.9207 15.7277 12.296 12.233 12.0452 13.5614 11.9871 14.0783 10.8945 10.5108 10.6778 9.51022 9.84699 9.07255 9.87802
threshold=0.34474295136135241 0.55122560864558012 0.19213739618482559 0.16825276195964523 -0.045062570209143608 -0.56095900714708791 -0.054059443857141891 -0.20837125581705482 -0.01622471958481508 -0.0085219348681364587 0.15791381554699643 -0.023463755120407156 0.0025587199947803012 1.0000000180025095e-35 1.0000000180025095e-35 0.94301017942886756 0.41800987099998266 -0.089784781584517623 0.058273380863007145 -0.40689553422489633 0.27759084489526448 0.2087678393465969 -1.4652947007799322 0.015711418860346441 -0.069436533837321943 -0.12067366172330839 0.0067596058941927781 1.0000000180025095e-35 0.012783807931155524 0.04578194077545706
decision_type=2 2 2 2 2 2 2 2 2 2 2 2 2 2 2 2 2 2 2 2 2 2 2 2 2 2 2 2 2 2
left_child=4 3 -3 24 5 17 19 9 11 -6 23 -9 13 -10 -14 26 -17 21 -13 20 -7 -1 -23 -8 -2 -26 -4 -28 29 -11
right_child=1 2 15 -5 7 6 10 8 12 28 -12 18 14 -15 -16 16 -18 -19 -20 -21 -22 22 -24 -25 25 -27 27 -29 -30 -31
leaf_value=0.028234897664614785 0.025654396818923859 -0.015902698537824157 0.0031191999005313283 0.0075034416992873394 0.0054875486801576074 0.038558741248332556 0.020061586537942364 0.0017702673194155442 -0.0019622167240090551 -0.0054890367972060261 -0.034041450093766371 0.016370395154297179 0.001324802488490542 0.0070381551373653543 -0.0094423505691577717 -0.032617050868462553 -0.0010283613197257806 -0.0026524200759953679 0.038622839281517343 -0.01696179592867313 -0.012862407329022805 -0.010104825194398086 0.0093171671981017116 0.038843001600793133 -0.014851217856214995 -0.0032290686067253994 -0.016371204080591832 0.015298901065816601 -0.01785802895282608 0.056376547401680591
leaf_weight=246.59281434118748 121.30093178153038 3261.6300785467029 2042.8466604948044 1837.5016061589122 1895.6387322545052 111.68925577402115 1855.1067792326212 466.91843947768211 3481.2878068834543 4085.4624310731888 55.87183178961277 708.06898806989193 5583.7289292812347 9520.6638849228621 1529.3572179079056 302.24130546301603 329.39208274334669 2525.1596743017435 379.42819266021252 276.9866094738245 94.839827790856361 481.40099327266216 1660.772303134203 370.54373367130756 839.37647622078657 13579.81808373332 544.1546927690506 119.78780019283295 644.6032849997282 25.973098278045654
leaf_count=1081 700 20418 11577 9718 9065 491 8091 2143 16443 19583 251 3195 26760 45400 7343 2018 2035 11879 1710 1277 462 2373 7897 1667 4675 72671 3187 709 3111 133
internal_value=0.000252977 -0.00444711 -0.00951045 -0.00240667 0.00325294 0.00767942 0.0173943 0.00205275 0.00370134 -0.00331795 0.021787 0.0174165 0.00264148 0.0046283 -0.000990202 -0.00326524 -0.0161438 0.00221289 0.0241343 -0.0033328 0.0149457 0.00735599 0.00495255 0.0231885 -0.00365902 -0.00390562 -0.000260012 -0.0106573 -0.0068276 -0.00509821
internal_weight=58978.1 22978 6600.05 16378 36000.1 7678.96 2765.04 28321.1 21669.5 6651.68 2281.52 1554.42 20115 13002 7113.09 3338.42 631.633 4913.93 1087.5 483.516 206.529 2388.77 2142.17 2225.65 14540.5 14419.2 2706.79 663.942 4756.04 4111.44
internal_count=298063 127708 39944 87764 170355 35469 12239 134886 102994 31892 10009 7048 95946 61843 34103 19526 4053 23230 4905 2230 953 11351 10270 9758 78046 77346 15473 3896 22827 19716
is_linear=0
shrinkage=0.1


Tree=84
num_leaves=31
num_cat=0
split_feature=11 11 13 9 4 12 1 14 13 18 0 15 0 12 1 7 15 0 4 12 17 20 0 19 2 1 7 4 4 9
split_gain=260.849 54.3482 52.62 58.9061 36.1268 31.6948 29.1266 34.7176 29.1229 28.5716 105.141 30.4105 28.7023 26.783 25.5841 24.8348 24.4557 30.1687 24.3372 23.89 30.814 23.0299 22.6056 20.5806 19.2971 18.4716 29.5306 16.5876 15.8397 15.5085
threshold=0.015457983596831476 0.026655296096050472 -0.44560068126385904 0.15696135058789842 0.0099988882389623352 0.042411386424880078 0.01233943012554284 0.57684567219750116 0.13531247377492275 1.0000000180025095e-35 -0.0066078354005725251 0.43231451099687229 0.035672214062269843 0.030916060779838481 0.024454197280315618 -0.22866321723753394 0.37630081564656764 -0.0030946496692298982 0.017897935491160592 0.12522014404115164 1.0000000180025095e-35 1.0000000180025095e-35 -0.010695288732131878 1.0000000180025095e-35 -0.12559119084406209 -0.023922931216765472 0.11413727488641258 0.00040213452930615295 0.011500531210506539 0.32614688543150677
decision_type=2 2 2 2 2 2 2 2 2 2 2 2 2 2 2 2 2 2 2 2 2 2 2 2 2 2 2 2 2 2
left_child=2 9 5 28 6 -1 7 -5 21 12 11 22 15 -8 23 -2 18 -18 -12 20 -7 25 -11 -6 -17 26 -3 -23 -4 -13
right_child=1 8 3 4 14 19 13 -9 -10 10 16 29 -14 -15 -16 24 17 -19 -20 -21 -22 27 -24 -25 -26 -27 -28 -29 -30 -31
leaf_value=-0.018284775594881824 0.041671000986669468 0.01555484449388124 -0.028066521371529193 -0.00069697048483060567 0.014443303969622146 0.049862142102349336 -0.035277623671181431 -0.01530780155408846 0.002330116979100186 0.025686408240346494 -0.029748701122542916 0.087837646852245987 0.014326466528229756 -0.01435745715669056 -0.014776888379333043 -0.018481333410335733 0.035628586163798132 -0.0023077742341656641 0.082335423214055195 -0.0098587925167007567 -0.010132683859611932 -0.0070381156568965087 -0.0033109258448445638 0.065431860021177166 -0.0010818604780696366 0.010316530255927554 0.041510971774023561 0.011510571226245171 0.032367647899886824 0.03132320159546316
leaf_weight=248.60016982257366 133.38774842023849 2448.0054494142532 2538.9349449723959 3410.6783832088113 307.44207332283258 352.88844740390778 778.34554197639227 3108.5110456459224 5094.600402250886 1673.8220399320126 427.5628427118063 107.47432459890842 1234.9540491104126 2862.919860675931 217.63720300793648 657.40919540822506 224.34136401116848 3195.869955047965 20.291788831353188 156.42429028078914 113.02986781299114 1012.486576333642 320.2879698574543 106.6120857000351 20956.12818557024 5161.9619258791208 533.92033340036869 920.38876292109489 44.123012587428093 88.575078040361404
leaf_count=1564 555 9220 20862 22223 1906 1822 6048 20928 20342 7915 2133 548 5712 19432 1415 2959 1096 15564 96 865 602 3840 1578 617 102271 19734 1974 3520 313 409
internal_value=-0.000150709 0.00364118 -0.0119184 -0.0134693 -0.0102226 0.0118983 -0.0116652 -0.00766378 0.00849196 0.00110699 0.00721625 0.0247237 -0.000503461 -0.0188293 0.0129815 -0.00134562 -0.00269672 0.000180579 -0.0246703 0.0239552 0.0353076 0.0116073 0.0210289 0.027572 -0.00161109 0.0139363 0.0202023 0.00179432 -0.0270342 0.0623044
internal_weight=58457.6 44211.5 14246.1 13375.2 10792.1 870.943 10160.5 6519.19 15171.4 29040.1 6058.23 2190.16 22981.9 3641.27 631.691 21746.9 3868.07 3420.21 447.855 622.343 465.918 10076.8 1994.11 414.054 21613.5 8143.89 2981.93 1932.88 2583.06 196.049
internal_count=298063 199466 98597 93744 72569 4853 68631 43151 58630 140836 29339 10450 111497 25480 3938 105785 18889 16660 2229 3289 2424 38288 9493 2523 105230 30928 11194 7360 21175 957
is_linear=0
shrinkage=0.1


Tree=85
num_leaves=31
num_cat=0
split_feature=11 11 14 13 11 13 10 9 13 9 14 9 7 9 5 12 10 11 13 13 14 14 10 10 2 20 8 14 9 12
split_gain=290.866 77.5748 41.0563 34.2277 31.8255 24.7669 23.5408 31.9849 21.2149 22.8258 21.7102 21.1565 20.3013 19.5582 30.689 22.9805 29.0668 21.7131 21.2391 19.3421 18.1099 22.9666 18.4878 16.9483 23.1439 16.685 16.3378 16.3286 16.0834 19.3016
threshold=0.019361855176151271 0.012723879826293073 0.075142578063459073 0.031411395177382749 0.031447400669470417 0.31952424759559866 0.19817498137885795 0.22993831946647236 -0.41370265808137935 0.21764183058882694 0.5094022876524501 0.20119783717721854 0.13455079529458694 0.3584980434171528 -0.065341304342201964 0.14915937482988895 0.33366572752283796 0.024827619104869289 -0.18176098392822382 0.0096149436082875028 0.81894530033498447 0.91865545299404883 0.65205323745653032 0.94301017942886756 0.12805500702958397 1.0000000180025095e-35 0.35743975066829603 0.43836087252835543 0.26147404746709452 0.15555609512175131
decision_type=2 2 2 2 2 2 2 2 2 2 2 2 2 2 2 2 2 2 2 2 2 2 2 2 2 2 2 2 2 2
left_child=1 3 -3 8 13 6 11 -8 -1 12 -11 -4 -10 14 28 16 19 -17 -18 -15 -6 22 -22 24 -23 -16 -5 -19 -2 -30
right_child=4 2 5 26 20 -7 7 -9 9 10 -12 -13 -14 15 25 17 18 27 -20 -21 21 23 -24 -25 -26 -27 -28 -29 29 -31
leaf_value=-0.03408992438685917 0.089780165868662665 -0.020739869085574958 -0.0054521573504333785 -0.033508476827853226 0.0088772578266722822 -0.018528541409306667 0.0058417947901233218 -0.0044073923174883676 -0.0085323581333576811 -0.049100664132711372 -0.012913372837417284 -0.031912719193778159 0.045238697744632905 0.0047365945857790123 0.0046953564609432258 -0.017096780866372934 -0.0025878644799378773 -0.0098269699415129835 0.0078775131734529578 -0.021089126710516617 0.012128695540317492 -0.0078455702072048831 0.043753664775080331 0.034566146182477824 0.030383119257899417 0.016641155910413274 -0.009106243550115611 0.0079519589201453977 0.016407132630539886 0.091972730812253531
leaf_weight=431.82884923368692 52.764784097671509 1524.0165421143174 774.55592102557421 1529.1154812127352 7286.446279078722 1049.8486333936453 4189.2516436427832 11146.18114914 3307.0017646104097 275.56027387082577 416.17051916196942 495.44764045625925 71.737507108598948 484.25924913585186 6150.6080120205879 1069.7785441875458 2481.1586842387915 899.1122959703207 8878.2599777877331 722.92625397443771 285.83102115988731 557.77642275393009 523.24272999167442 217.75693975389004 221.15498970448971 1443.6544522047043 334.36252200603485 1214.1908356100321 204.29112376272678 40.504090383648872
leaf_count=3494 220 9852 5245 12743 26798 6405 24745 62018 25883 2064 2979 3474 505 2330 28293 4952 10475 3824 37033 3489 1038 1995 1664 669 734 6564 2672 4870 878 164
internal_value=-0.000169856 -0.008167 -0.0049922 -0.0177323 0.00607104 -0.00363286 -0.0026911 -0.00160757 -0.0130148 -0.010779 -0.0273291 -0.0157748 -0.00739069 0.00413735 0.0082006 0.00210134 0.0040238 -0.00548843 0.00559163 -0.0107292 0.011099 0.020064 0.0325811 0.00990312 0.00300836 0.00696623 -0.02913 0.000387851 0.039704 0.0289103
internal_weight=58278.8 25545.1 19179.3 6365.78 32733.7 17655.3 16605.4 15335.4 4502.3 4070.47 691.731 1270 3378.74 23641.5 7891.82 15749.7 12566.6 3183.08 11359.4 1207.19 9092.21 1805.76 809.074 996.688 778.931 7594.26 1863.48 2113.3 297.56 244.795
internal_count=298069 162079 111739 50340 135990 101887 95482 86763 34925 31431 5043 8719 26388 103092 36119 66973 53327 13646 47508 5819 32898 6100 2702 3398 2729 34857 15415 8694 1262 1042
is_linear=0
shrinkage=0.1


Tree=86
num_leaves=31
num_cat=0
split_feature=11 3 8 3 4 15 0 3 8 6 11 9 4 7 9 0 14 12 6 7 7 9 13 9 9 9 10 11 9 14
split_gain=53.4994 22.7199 20.5993 28.3636 16.9058 25.4734 16.8064 15.5431 15.0684 20.6684 14.8241 15.0583 14.7353 14.5104 14.4869 14.3232 15.5106 12.197 11.9207 12.275 11.7328 11.4293 9.86599 9.83947 9.637 8.98917 14.9564 10.1749 8.83156 8.77117
threshold=0.025108207039482158 -0.045062570209143608 -0.2874883811116779 -0.026863427044597096 -0.018835657539898017 0.20543808961466867 0.0022582196294496097 0.0018603772687826316 -0.72740762698985784 -0.016140839140788173 0.042894673729570051 0.18255755513237221 0.014473524127396333 0.023102793503474332 0.17510732770906559 -0.020426519928602224 0.95630251607118333 0.058109820359706764 -0.065236978460444003 -0.12470366816424942 -0.019658700744409893 0.1298496506817666 0.061845749959488015 0.46463296106480423 0.15696135058789842 0.42069140375827613 0.40859771984809351 0.03666353773530228 0.86328293385995225 0.69801817090398677
decision_type=2 2 2 2 2 2 2 2 2 2 2 2 2 2 2 2 2 2 2 2 2 2 2 2 2 2 2 2 2 2
left_child=1 4 7 6 5 -1 21 13 9 24 11 -2 14 23 -5 -9 -17 -7 19 -10 -11 -4 -19 -3 -6 -13 27 -27 -28 -20
right_child=10 2 3 12 8 17 -8 15 18 20 -12 25 -14 -15 -16 16 -18 22 29 -21 -22 -23 -24 -25 -26 26 28 -29 -30 -31
leaf_value=-0.0039430204665602256 0.082057488306759671 0.0072534390328018398 0.052853126299076292 0.0078125091749901548 -0.019993522680984248 0.0037791201610436207 -0.02774739480599649 -0.019324971462949581 -0.029108022919592885 0.020414430870319505 -0.015807587049178361 -0.0097715701870417625 -0.0082197828837294214 -0.0058410039308767498 0.0018719867043268644 0.023873037277684358 -0.039845079157935004 0.048570818047260683 -0.012541603173886015 0.014187421759208244 -0.0059417547298060824 -0.0062926749163104111 0.11466153199551671 0.033571556212851315 -0.0012062521296530334 0.0076091035429555198 -0.0054583650013458433 0.064980039410092352 0.0067879642184805154 -0.0021786394969507392
leaf_weight=200.37005914747715 20.082568913698196 4178.9742178469896 34.480784803628922 5014.3831569254398 290.44185721874237 40.326247230172157 483.82299381494522 92.82333442568779 78.008909866213799 696.38631691038609 1285.5633406862617 2579.9597412273288 1233.9314348995686 894.85967984050512 22638.561210654676 1061.2676084935665 39.630178809165955 75.968611195683479 2681.1061065867543 407.87527184188366 222.98541760444641 622.75197060406208 32.144195020198822 147.05568385124207 4555.0680629462004 778.73498311638832 6868.3493774011731 32.191204443573952 644.1023645401001 1174.5596614032984
leaf_count=1038 91 19772 175 23143 1417 197 2481 453 398 3474 8262 13890 6168 4340 109242 4967 179 379 13831 2054 1112 3151 156 777 22921 4172 39843 172 3933 5881
internal_value=0.000246162 0.0017812 0.00296014 0.00186127 -0.00232807 0.0193169 -0.0136025 0.00810412 -0.00307511 0.000275789 -0.00565031 -0.00445491 0.0024721 0.00575035 0.0029492 0.0183986 0.0215793 0.0507141 -0.00752457 0.00723632 0.014022 -0.00318967 0.068221 0.00814808 -0.00233237 -0.00461426 -0.00301567 0.00988655 -0.00440839 -0.00938471
internal_weight=59106.8 46897.8 36442.5 30027.9 10455.2 348.809 1141.06 6414.61 10106.4 5764.88 12209 10923.4 28886.9 5220.89 27652.9 1193.72 1100.9 148.439 4341.55 485.884 919.372 657.233 108.113 4326.03 4845.51 10903.3 8323.38 810.926 7512.45 3855.67
internal_count=298069 227706 174848 144360 52858 1770 5807 30488 51088 28924 70363 62101 138553 24889 132385 5599 5146 732 22164 2452 4586 3326 535 20549 24338 62010 48120 4344 43776 19712
is_linear=0
shrinkage=0.1


Tree=87
num_leaves=31
num_cat=0
split_feature=11 11 10 11 7 9 0 11 9 10 10 0 7 15 9 12 9 12 9 12 10 10 12 12 9 1 9 12 7 9
split_gain=151.577 39.2455 36.1935 19.2242 20.8695 14.7511 14.5562 14.3451 20.5283 13.327 12.7881 12.5924 12.3545 11.8474 14.6951 11.0137 9.54004 8.73461 9.22658 8.45793 8.28998 8.2283 15.7545 8.4907 9.18382 8.04444 7.89528 13.2813 7.86388 7.61623
threshold=0.021805096093526745 0.014929903796545874 0.52086268089112764 0.0095131472399377897 0.12255238198719555 0.59862072528519572 -0.00624227860596993 0.045623160981048044 0.83805499541236839 0.42532049944313605 0.72026313001356146 -0.021351191133941235 0.11413727488641258 0.24949630533706615 1.2873506984821306 0.019975790494268595 0.59862072528519572 0.20541385881832372 0.67704299181583039 0.1711076546093849 0.47367600548186095 0.27881006914422796 0.032430395123288921 0.090311992335085536 0.27507337592005837 0.014858955852863344 0.43189084074075473 0.15555609512175131 0.31800634921094045 0.36858090911588687
decision_type=2 2 2 2 2 2 2 2 2 2 2 2 2 2 2 2 2 2 2 2 2 2 2 2 2 2 2 2 2 2
left_child=1 3 5 4 6 9 -1 8 -4 26 11 -5 -13 -10 -15 -8 21 20 25 -18 -7 23 -23 24 -3 -19 28 -28 -2 -24
right_child=2 16 7 10 -6 17 15 -9 13 -11 -12 12 -14 14 -16 -17 19 18 -20 -21 -22 22 29 -25 -26 -27 27 -29 -30 -31
leaf_value=-0.0012087325092862602 -0.0048589193091626483 0.00080471559158506014 -0.015515634792852787 -0.007162333103551629 0.078383574119380073 0.02579463651956182 0.031282930232690735 -0.027802769880616803 -0.014383302213831821 -0.010630205552564283 0.076045501384062089 0.0059508213895919926 -0.0053668392330368797 0.0056354983021113976 0.070638160247853105 0.012974113554880899 -0.0043665563110264509 -0.022018547518061857 0.093793348635285462 0.043147466044697713 -0.0019871462634043417 -0.019734884658431182 -0.0027696599409048079 -0.0074546778136375565 0.0085802240723520107 0.06806545848687022 0.00022589543554995327 0.03320508520599541 -0.054633403518191639 0.0026917935913955355
leaf_weight=571.18936496973038 4387.0236714407802 4593.9017231464386 4475.3523548617959 850.4071994125843 49.498509749770164 153.10303347557783 420.23728314042091 721.68750572949648 310.90972805023193 3564.9567752256989 25.174091726541519 16657.440707340837 1023.8001079410315 522.34979947656393 37.259290553629398 1506.0264516323805 61.893464863300323 23.481107637286186 24.412454068660736 94.920827701687813 359.86470897495747 476.87497100234032 8979.4913676083088 809.19485267996788 2269.4485501796007 17.155215188860893 1644.089307397604 131.91025827080011 31.972515605390072 3568.0439195781946
leaf_count=2199 24933 21875 30361 3787 176 930 1462 5684 2212 21950 105 71294 4482 3626 259 5696 314 152 155 481 2351 2440 46618 4007 10975 108 9601 742 190 18904
internal_value=-0.000288152 0.00289852 -0.00843815 0.00593872 0.0140855 -0.00483975 0.0128111 -0.0145691 -0.0127826 -0.00575901 0.00482056 0.00472381 0.00529549 0.00126789 0.00996344 0.0169684 -0.000178124 0.0106822 0.0452027 0.024394 0.00630475 -0.0003643 -0.00189466 0.00223353 0.00337578 0.0160117 -0.00295585 0.00267539 -0.00521905 -0.00121663
internal_weight=58363.1 41957.5 16405.5 21103.8 2546.95 10338 2497.45 6067.56 5345.87 9759.95 18556.8 18531.6 17681.2 870.519 559.609 1926.26 20853.8 578.017 65.0488 156.814 512.968 20697 13024.4 7672.55 6863.35 40.6363 6195 1776 4419 12547.5
internal_count=298069 194815 103254 89201 9533 61112 9357 42142 36458 57416 79668 79563 75776 6097 3885 7158 105614 3696 415 795 3281 104819 67962 36857 32850 260 35466 10343 25123 65522
is_linear=0
shrinkage=0.1


Tree=88
num_leaves=31
num_cat=0
split_feature=11 11 11 1 3 8 3 14 9 19 5 8 4 8 10 12 9 4 9 2 1 14 4 5 8 10 12 12 13 15
split_gain=97.3126 23.761 18.1208 19.4092 16.7075 15.9869 19.6107 14.7878 14.4054 13.4864 16.166 12.5247 12.3764 12.3713 19.1362 15.3865 13.1873 12.8756 11.7107 13.4534 13.0498 16.4412 10.967 11.6265 10.9071 10.168 10.4497 12.5932 9.68861 9.99243
threshold=0.018892914869902706 0.026989520915399905 0.013472671229432926 -0.0048614766780439292 -0.089784781584517623 -0.35449506852763718 0.0042962529917296441 0.8763856091625325 0.14024738690325311 1.0000000180025095e-35 0.028664118826711719 -1.159170154945629 0.021923518434311621 0.2497974165349541 0.21011620590418287 0.048307623784103131 0.26563811474694987 -0.0095694329595010768 0.35285393262865111 0.046897457105481218 0.034278251489302754 0.046964111289661915 -0.022100346216837537 0.024080622595031968 0.8116960225356834 0.32175930540373099 0.087363769613254302 0.098121015270159942 0.22537206665144974 0.61820018763080042
decision_type=2 2 2 2 2 2 2 2 2 2 2 2 2 2 2 2 2 2 2 2 2 2 2 2 2 2 2 2 2 2
left_child=2 18 3 5 11 -1 7 -7 28 -10 -11 -4 22 16 15 -15 -6 -16 19 20 21 -2 23 -3 -8 26 -20 -28 -5 -30
right_child=1 12 4 8 13 6 24 -9 9 10 -12 -13 -14 14 17 -17 -18 -19 25 -21 -22 -23 -24 -25 -26 -27 27 -29 29 -31
leaf_value=0.0047422222364374685 0.014897188936104221 -0.012278540165104887 0.0008986323396168776 -0.0062482585482500743 -0.0042073968309164142 0.029325225482681596 0.0071403913432692553 0.0006828609288341734 0.008105094017998039 0.0015334987992588443 -0.029554490243139775 0.016782011154206203 -0.020435545273299688 0.0082683826069188827 -0.0142240368641711 0.037609156306516317 0.0028469430285128581 0.003877370278389942 0.0030938684617432891 0.0021876561445632143 0.0077800109601728774 -0.010674022078334457 -0.006019857014962408 -0.044000869240091001 0.035435534885733491 -0.00059891733765093458 0.052686809122492108 0.010262447689448362 -0.0020933696895005117 0.06075859132944033
leaf_weight=2118.8202817738056 266.71653531491756 513.52749137580395 814.84224665164948 1607.1527045294642 5831.4707449823618 1174.0838669836521 1769.9356890171766 212.94821901619434 5410.1150010824203 1045.9224543124437 199.11369477212429 1270.5704017877579 752.79411372542381 468.67972320318222 423.65045112371445 288.89999043941498 4857.2663760632277 5423.1682699471712 635.67835953831673 1952.2072855830193 500.75745172798634 4389.1146610975266 7871.7508229762316 149.07591591775417 147.59425474703312 8452.1204306036234 109.88510577380657 192.61862936615944 57.779307901859283 44.991572946310043
leaf_count=9527 1325 3333 3891 7877 27064 5076 8005 921 24883 4834 935 5699 4875 2126 2052 1331 23465 26258 3246 10054 2562 22458 47127 983 682 45429 573 989 276 213
internal_value=0.000509679 -0.00409808 0.00409206 0.00686307 0.00212039 0.0115226 0.0158701 0.0249278 0.0038421 0.00594558 -0.00343828 0.0105758 -0.00814409 0.00110074 0.00450338 0.0194574 -0.0010017 0.00256577 -0.00182063 -0.00488262 -0.00755932 -0.00920914 -0.0070599 -0.0194156 0.0093183 0.000497409 0.0103743 0.0256732 -0.00434478 0.0254223
internal_weight=58953.3 25786.2 33167 13788.5 19378.5 5423.38 3304.56 1387.03 8365.07 6655.15 1245.04 2085.41 9287.15 17293.1 6604.4 757.58 10688.7 5846.82 16499.1 7108.8 5156.59 4655.83 8534.35 662.603 1917.53 9390.3 938.182 302.504 1709.92 102.771
internal_count=298069 142954 155115 63229 91886 24211 14684 5997 39018 30652 5769 9590 56318 82296 31767 3457 50529 28310 86636 36399 26345 23783 51443 4316 8687 50237 4808 1562 8366 489
is_linear=0
shrinkage=0.1


Tree=89
num_leaves=31
num_cat=0
split_feature=11 11 13 12 9 13 6 13 20 2 1 12 1 4 2 4 1 2 1 4 18 0 20 1 14 2 14 14 4 7
split_gain=191.708 43.3647 42.0214 37.1452 35.858 35.7465 30.2426 28.8853 27.895 26.8239 35.0634 26.4001 26.34 35.8573 28.1443 24.9092 22.9644 22.635 26.236 24.9563 22.1081 40.4395 39.9445 20.194 28.797 25.1621 17.9305 16.6109 15.7494 13.4962
threshold=0.014133193644679997 0.022099538183243023 -0.41370265808137935 0.037961284000983773 0.14024738690325311 -0.13795142621720882 0.035273663927780648 0.26171278304059747 1.0000000180025095e-35 0.0045122291337329487 -0.029732802912510122 0.12799975741046135 -0.027274407432358535 0.010443787503350068 -0.025509632157477254 0.0099988882389623352 0.13404246971715741 -0.05085119260009318 -0.024989343144304673 -0.0068903380084717183 1.0000000180025095e-35 -0.0042878298131130413 1.0000000180025095e-35 0.014858955852863344 0.33837358291673131 0.097681064054530933 0.099362213277682895 0.53290800678357519 -0.015214963770405541 -0.15322991282387058
decision_type=2 2 2 2 2 2 2 2 2 2 2 2 2 2 2 2 2 2 2 2 2 2 2 2 2 2 2 2 2 2
left_child=2 5 3 -1 -4 6 9 8 12 10 -2 -11 13 -3 -14 23 28 29 26 -20 22 27 -5 24 -6 -25 -19 -22 -10 -7
right_child=1 7 4 20 15 17 -8 -9 16 11 -12 -13 14 -15 -16 -17 -18 18 19 -21 21 -23 -24 25 -26 -27 -28 -29 -30 -31
leaf_value=-0.027272566503920376 0.016486666383825239 0.010718823669262334 -0.029446956137117803 -0.0084733624193665188 0.0014632071148099216 0.0097156408917692082 -0.0058273539766018779 -0.0019185501563556443 -0.018671729802243221 0.021943940309453024 -0.0039819374105216476 -0.0040444032817161506 -0.0033910465947627417 0.032445220008340624 0.0086576514447364583 0.012862974062565036 0.042703196635698451 0.034887566878219138 0.0087234879124110879 -0.0056816397958737441 0.12338035441812947 -0.017899772782399789 0.060192972669501403 -0.022427826014799812 -0.014766687706373108 0.061049720899677175 0.0052527405195918475 0.048027349398767072 0.00039274541012395103 -0.013872565227133213
leaf_weight=212.05855302512646 1259.5965982079506 4444.2994120568037 1403.578669436276 326.20284769311547 1560.6302691698074 267.83626638352871 2077.6545883864164 4572.8463545888662 501.30241507291794 1864.2460110336542 2493.9622485339642 494.586555570364 2521.8773260265589 916.2360677421093 8383.6101005226374 380.39137468487024 117.55561621487141 229.78582867980003 1385.2899258583784 9122.8704217448831 57.505719758570194 56.612956792116165 114.43644183129072 2289.6391739472747 3650.384122017771 36.68682998418808 1831.3683548569679 59.547661118209362 3195.6377006918192 2570.3417684957385
leaf_count=1451 6001 17531 12418 1922 10703 1310 10607 19302 1945 9400 12574 2366 10235 3496 33907 2523 437 1177 7297 49408 250 325 650 17598 26666 260 9492 275 12991 13552
internal_value=-0.000306182 0.00232136 -0.0127998 0.00881268 -0.0147158 -0.000742868 0.00459547 0.00525435 0.0068878 0.00813828 0.00288679 0.0164949 0.0086927 0.0144324 0.00587141 -0.0121044 -0.000808786 -0.00358053 -0.0017592 -0.00378261 0.0212693 0.0514874 0.00935966 -0.0133645 -0.00990605 -0.0211114 0.00855655 0.0850466 -0.00219238 -0.0116466
internal_weight=58398.6 48250.9 10147.7 826.364 9321.31 23597.5 8190.05 24653.4 20080.5 6112.39 3753.56 2358.83 16266 5360.54 10905.5 7917.73 3814.5 15407.5 12569.3 10508.2 614.306 173.666 440.639 7537.34 5211.01 2326.33 2061.15 117.053 3696.94 2838.18
internal_count=298069 223028 75041 4873 70168 123184 40948 99844 80542 30341 18575 11766 65169 21027 44142 57750 15373 82236 67374 56705 3422 850 2572 55227 37369 17858 10669 525 14936 14862
is_linear=0
shrinkage=0.1


Tree=90
num_leaves=31
num_cat=0
split_feature=11 11 11 9 20 4 4 13 7 9 13 3 4 9 11 10 3 7 11 4 2 7 14 14 10 10 3 10 9 3
split_gain=237.754 41.1039 33.6875 32.0394 23.9594 30.5494 24.8163 27.0336 24.8034 23.7614 28.7326 22.8889 20.9794 20.7622 20.5304 20.3037 19.6692 25.9127 21.7959 21.4191 20.5433 18.2879 17.8471 16.2398 16.7263 19.6084 15.356 15.0211 22.0947 18.7159
threshold=0.015718325944105899 0.021805096093526745 0.012449915998694409 0.30227815140388165 1.0000000180025095e-35 0.0074244737734829877 -0.025536942446630736 -0.0071664204031607415 0.071141190053151018 0.22744249021569526 0.22084191630221753 -0.058848976550124547 -0.016460087360086664 0.20762180916521003 0.010203725145284523 0.19540862458832162 -0.096167032779211223 -0.096905414236558393 0.025719321705300544 0.0040153617231766256 -0.1494035073390467 0.055707312404915894 0.5094022876524501 0.12714431307310284 0.35145304291104379 0.6829909997065674 -0.18668481394949629 0.16595782417158142 0.14259692285760517 -0.048743150813480567
decision_type=2 2 2 2 2 2 2 2 2 2 2 2 2 2 2 2 2 2 2 2 2 2 2 2 2 2 2 2 2 2
left_child=2 3 9 4 6 21 7 -2 -7 10 14 -8 -3 27 -1 -15 20 18 -18 -19 26 -6 -11 -5 -25 -26 -14 28 -4 -29
right_child=1 12 13 23 5 8 11 -9 -10 22 -12 -13 16 15 -16 -17 17 19 -20 -21 -22 -23 -24 24 25 -27 -28 29 -30 -31
leaf_value=-0.022489807067183079 0.14934965271126174 0.014107971709410997 0.0181818796788548 -0.015980876881562078 0.0013751792906129398 0.067444401222827577 -0.010279064731294991 0.001084828149023672 -0.0011824307685919648 -0.05773176113392027 -0.043456311566453625 0.0039954232781785034 0.0020892418827159441 -0.03507072454383469 -0.0084288872996757577 -0.0095980671337863189 0.0013926301045172236 0.0024344933007737759 0.029914282852180337 0.0096800372839516771 -0.0043197458293268189 0.025314848088899472 -0.022600063055965607 -0.0071355152211793746 0.0031558078338577013 -0.036200297926439862 0.024042390297103793 -0.014763210959088863 -0.040589050963224731 0.0056440661312628154
leaf_weight=1561.4277865253389 23.639077499508858 2813.8172025829554 93.087733171880245 1059.2668220773339 977.11233761906624 176.34823177009821 1422.8727582320571 25.632790237665176 75.090241134166718 234.27067878842354 335.06760108470917 5335.7541377395391 894.61247639358044 331.99853421002626 3100.1077721714973 5444.0064163133502 397.76391205191612 9642.1345593184233 820.86518083512783 7072.7970958650112 3763.4119667857885 473.84610607475042 377.78056240081787 4321.6653656810522 3836.1708637475967 130.91591536998749 494.89138707518578 565.76429853588343 204.48740820586681 2185.1703327298164
leaf_count=14246 97 10359 616 5632 5229 876 7922 125 367 1877 3102 28143 3416 2492 23632 35094 1758 39439 3137 27583 15604 2393 2861 22228 17836 659 1862 3744 1506 14221
internal_value=-0.000260168 0.00341082 -0.0113899 -0.000280164 0.00415909 0.0147697 0.00150576 0.0722176 0.0469495 -0.0174499 -0.0151718 0.00099026 0.00595576 -0.00753832 -0.0131387 -0.0110622 0.00496215 0.00652677 0.0206047 0.00550039 -0.000483134 0.00919327 -0.0360472 -0.00432159 -0.00283158 0.00185704 0.00990817 -0.000861631 -0.0222043 0.00144705
internal_weight=58191.8 43758.6 14433.2 17858.3 8510.3 1702.4 6807.9 49.2719 251.438 5608.65 4996.6 6758.63 25900.3 8824.51 4661.54 5776 23086.5 17933.6 1218.63 16714.9 5152.92 1450.96 612.051 9348.02 8288.75 3967.09 1389.5 3048.51 297.575 2750.93
internal_count=298056 194665 103391 91507 45152 8865 36287 222 1243 45718 40980 36065 103158 57673 37878 37586 92799 71917 4895 67022 20882 7622 4738 46355 40723 18495 5278 20087 2122 17965
is_linear=0
shrinkage=0.1


Tree=91
num_leaves=31
num_cat=0
split_feature=11 9 13 12 14 14 14 3 2 3 14 16 9 1 14 13 14 9 10 10 9 12 0 4 10 14 15 4 13 7
split_gain=44.3778 18.5348 20.795 15.8901 14.7751 14.1 14.0468 13.4956 16.2153 17.5108 13.1307 12.7295 12.3909 11.7528 12.5689 16.4317 12.0892 11.449 16.4902 12.6748 10.9255 10.5787 10.4195 9.9552 9.82144 9.7574 9.69553 9.51328 9.3893 9.21048
threshold=0.021705896114671473 0.18396546045225504 -0.30844200220555218 0.055690952844523217 0.93384855197087047 0.48959731075055668 0.96002732410614433 0.073766164689220495 -0.010040420095547285 -0.057413255294628922 0.8416638533662828 1.0000000180025095e-35 0.57673815699518161 -0.020202731105314339 0.34643810268803782 -0.044483426666625143 0.94494796291371641 0.39524832832607554 0.35831192899617809 0.29452333461073221 0.39524832832607554 0.063491411838465087 -0.042522293418991046 0.0040153617231766256 0.14385116311414356 0.046964111289661915 0.15028515612691815 0.0048301546065152587 0.041186579430703175 -0.054464937473358503
decision_type=2 2 2 2 2 2 2 2 2 2 2 2 2 2 2 2 2 2 2 2 2 2 2 2 2 2 2 2 2 2
left_child=1 2 3 10 17 7 -7 8 9 -3 23 -10 20 14 15 -4 26 19 21 29 -8 -19 -20 -1 -16 -21 -15 -18 -9 -2
right_child=4 5 13 -5 -6 6 12 28 11 -11 -12 -13 -14 16 24 -17 27 18 22 25 -22 -23 -24 -25 -26 -27 -28 -29 -30 -31
leaf_value=-0.0067609898789265464 -0.013962826925319605 -0.0061401783206321229 -0.0087254704423013665 -0.016476593506670113 -0.014675256130352763 0.0037397584500914135 -0.0055750848658269085 0.0002656174335349433 -0.0042000242986048918 0.0061716565061329786 0.037502397963075501 -0.015738382404611295 0.053361408314998027 0.027255626951888819 -0.035913497187207627 0.030367254087445995 0.032807380100726966 -0.010044825502141443 -0.011437504725633929 -0.030681733024530273 -0.03478268190462188 0.019766386434817748 -0.0013361449997520832 0.028967882640763096 -0.0035104190902129823 -0.0081642461431975875 0.0076869384810750426 -0.010817872885862972 0.011412830649200048 0.0097804854070937461
leaf_weight=466.96460691094398 216.64237587153912 1895.9422160983086 190.26656790077686 670.46505735069513 1171.4990464970469 15103.152135357261 1000.0628179311752 2094.9002906531096 5268.7272368818521 2956.8188589215279 106.54676850885153 1168.1348896920681 32.433921366930008 264.12498691678047 105.52222764492035 247.23314374685287 341.38474754989147 151.38106735050678 1130.9674212634563 201.78506366163492 146.88004915416241 557.08903037011623 10515.703065447509 93.619973674416542 823.85720898211002 4155.0716627165675 6116.0836000740528 58.561453238129616 1181.9278750866652 664.54459245502949
leaf_count=2313 1072 9666 935 3428 6949 72326 4766 10127 25709 14410 497 5737 165 1227 526 1203 1507 762 6863 1047 732 2815 59965 444 3985 21665 28152 260 5554 3249
internal_value=0.000216421 0.00208552 0.0059516 -0.00560437 -0.0038011 0.00089688 0.00291899 -0.00136346 -0.00300331 0.0013615 0.00532217 -0.00629396 -0.0075918 0.00784889 -0.000610244 0.013366 0.00955425 -0.00307701 -0.001416 -0.00699489 -0.00931547 0.0133965 -0.00231705 -0.000794118 -0.00718948 -0.00920713 0.00849703 0.0264196 0.00428634 0.00394312
internal_weight=59098.3 40333.6 9484.63 1337.6 18764.7 30849 16282.5 14566.5 11289.6 4852.76 667.131 6436.86 1179.38 8147.03 1366.88 437.5 6780.15 17593.2 12355.1 5238.04 1146.94 708.47 11646.7 560.585 929.379 4356.86 6380.21 399.946 3276.83 881.187
internal_count=298056 193669 44477 6682 104387 149192 77989 71203 55522 24076 3254 31446 5663 37795 6649 2138 31146 97438 70405 27033 5498 3577 66828 2757 4511 22712 29379 1767 15681 4321
is_linear=0
shrinkage=0.1


Tree=92
num_leaves=31
num_cat=0
split_feature=10 11 12 11 11 14 6 4 13 13 7 7 11 18 1 13 7 10 15 5 6 5 19 10 12 1 4 14 4 2
split_gain=149.155 35.5743 26.0331 22.1091 20.9953 18.6727 18.6273 18.535 15.58 13.9201 13.3722 12.6902 11.9737 11.5934 13.4424 11.416 11.3579 9.80806 10.1523 9.34002 8.98372 8.89584 8.42878 8.47736 9.40205 8.26526 7.96406 10.1807 7.89928 7.62269
threshold=0.32914670736756552 0.030895351311045597 0.12106207944500126 0.010323607214828489 0.01505561606670911 0.95263731333717883 0.047395690947732223 0.008496498566951562 -0.2262227406728459 -0.5625481495394028 0.29924155095871635 0.14633062192748539 0.01842494922025879 1.0000000180025095e-35 0.046404047119702037 0.15252028682101812 0.09957393516325698 0.52086268089112764 0.968403357774548 0.041393152820156216 0.054352898771380172 -0.00058178023101129728 1.0000000180025095e-35 0.21375393385316835 0.075860760739795613 0.059603381283616537 -0.0012363818277207892 0.23177698282025175 -0.028167532999144648 0.11014358448495833
decision_type=2 2 2 2 2 2 2 2 2 2 2 2 2 2 2 2 2 2 2 2 2 2 2 2 2 2 2 2 2 2
left_child=4 2 10 -4 5 6 7 8 -1 -5 29 19 -11 22 -15 -7 -16 -3 28 -8 -13 -9 26 24 -24 -25 27 -6 -19 -2
right_child=1 17 3 9 13 15 11 21 -10 12 -12 20 -14 14 16 -17 -18 18 -20 -21 -22 -23 23 25 -26 -27 -28 -29 -30 -31
leaf_value=0.00068941334732054412 -0.0075125792356551023 -0.0062268597228131248 0.053188250919124672 -0.024301565490148072 0.008733228960821713 -0.011110224868502301 0.024877351736362879 -0.019310717755505292 0.0081855144438198659 0.0086298553093757131 -0.040245378251669031 0.041975596131510036 -0.0015309910168858657 -0.0071542145217633139 0.026517365778818365 0.017994476005362397 -0.0076336139404226851 -0.032484822286316689 -0.03014733851403488 0.0069213930163921702 -0.016328126349532793 -3.9139694547473306e-05 0.021696916665687696 -0.0055869029441792048 -0.035306280811288768 0.015446178058766495 0.0064874316632483001 -0.0033571285114257659 -0.01311668028664301 0.0015898675743897387
leaf_weight=3505.3022579401731 10940.606668479741 1206.905765876174 79.502552404999733 225.05479127168655 992.39457708597183 910.9492784589529 1077.5235783457756 382.57457508146763 13265.862900003791 1548.1188024282455 120.36845345795155 31.46305550634861 4623.2600932195783 2563.0758222043514 237.325837880373 158.16767661273479 165.15512210130692 227.3484471142292 482.34476806968451 396.20672112703323 165.1418395191431 640.5965534299612 236.09665578603745 2384.7920508533716 32.976493015885353 202.7130406498909 5310.3066193014383 2335.5732264667749 2854.566069662571 1004.4763580560684
leaf_count=14877 62117 8009 296 1276 4906 3841 4562 1727 55367 7506 739 135 27096 12816 1179 660 831 1830 3669 1690 727 2753 1103 12007 160 1020 26427 11700 21253 5777
internal_value=-0.000121005 -0.00631774 -0.00433615 0.000778465 0.00400716 0.00606266 0.0067694 0.00582161 0.00661877 0.000127053 -0.00708133 0.0168664 0.0010179 0.00108834 -0.00448626 -0.00680441 0.0125038 -0.0140185 -0.0166568 0.02005 -0.00699767 -0.00724499 0.00252653 -0.00218239 0.0147108 -0.00393911 0.00408371 0.000248196 -0.0145454 -0.00674714
internal_weight=58306.8 23312.6 18541.4 6475.94 34994.2 20533.8 19464.7 17794.3 16771.2 6396.43 12065.5 1670.34 6171.38 14460.4 2965.56 1069.12 402.481 4771.17 3564.26 1473.73 196.605 1023.17 11494.9 2856.58 269.073 2587.51 8638.27 3327.97 3081.91 11945.1
internal_count=298056 139568 104807 36174 158488 86339 81838 74724 70244 35878 68633 7114 34602 72149 14826 4501 2010 34761 26752 6252 862 4480 57323 14290 1263 13027 43033 16606 23083 67894
is_linear=0
shrinkage=0.1


Tree=93
num_leaves=31
num_cat=0
split_feature=10 4 4 12 13 9 14 7 13 12 14 10 5 12 9 10 13 0 7 9 0 9 14 7 15 1 6 10 5 10
split_gain=62.945 18.7495 19.0006 16.3516 15.9845 14.818 19.2433 14.22 15.5519 12.2446 11.9786 15.729 11.7242 11.4201 10.8861 10.6383 13.1939 10.4774 9.86858 11.0558 9.79718 8.94278 8.62096 8.53027 8.41166 7.90005 7.26541 6.80166 6.80063 6.40845
threshold=0.34801164121839423 0.021923518434311621 -0.022100346216837537 0.020718656207292203 -0.36586184767979574 0.09812185706440664 0.57684567219750116 0.14946517989244004 0.23001486408802918 0.13770824345872959 0.59590184281671588 0.47367600548186095 0.065588913528758633 0.26767050964610645 0.11337684771091201 0.52570161321362696 0.054067217660207091 0.010895386770249706 0.09957393516325698 0.26018235934586359 -0.0046296446186093734 0.47561281407684181 0.19926201504327984 0.10475978328029824 0.2216061699718582 0.031927528844640125 0.052537149403212753 0.61005818879680984 0.009834143850692036 0.58767978643439933
decision_type=2 2 2 2 2 2 2 2 2 2 2 2 2 2 2 2 2 2 2 2 2 2 2 2 2 2 2 2 2 2
left_child=3 2 27 14 5 6 -5 12 13 15 24 -12 25 -9 20 21 -17 22 19 -16 -1 -4 -7 -14 -11 -6 -20 -2 -29 -3
right_child=1 29 9 4 7 17 -8 8 -10 10 11 -13 23 -15 18 16 -18 -19 26 -21 -22 -23 -24 -25 -26 -27 -28 28 -30 -31
leaf_value=0.049345646440831378 -0.009707200201324628 -0.010064859518147786 -0.0048715064657771714 0.11171827862967094 0.0013048562458854564 0.02621328069328771 -0.0014382046299849813 -0.014879191339104484 0.015062459782449862 -0.0033481424460451072 0.0081437876341498277 -0.0087310301596177139 0.0094309326625000509 0.043085406294229384 0.017783603809457656 -0.0050903968936248517 -0.022426357105085393 -0.0050850599545079036 -0.047606282614659746 -0.025160594325074809 -0.030826336940768043 0.0017107402881991612 0.0089305187821815107 0.048838632807999521 0.0066466583552093894 0.0056272408704830142 0.015017716774421368 -0.018340887479365575 -0.04654465778681207 -0.025008516903808425
leaf_weight=18.184787690639496 610.46436743438244 699.83556615561247 8346.6112658455968 32.46298886090517 25899.565083943307 364.70409815758467 27.983751863241196 1100.1451508998871 237.26234798133373 1142.4719818308949 748.07558178901672 2111.267177015543 143.0325109064579 35.073006130754948 1485.8531691581011 1219.2293172478676 686.03827695548534 418.14508281648159 43.465699195861816 62.469336479902267 94.205471977591515 2742.1973498389125 1383.522234223783 89.17473392188549 3202.1012103632092 5053.5294939428568 32.287266820669174 308.1131050363183 118.32652650773525 486.43867533653975
leaf_count=91 3575 3960 43984 149 121542 1713 133 5426 1206 6568 3829 12424 716 183 6872 7561 4249 1988 202 292 574 15401 6526 462 17895 24183 153 2060 828 3311
internal_value=0.000212947 -0.00395776 -0.00327427 0.00277345 0.00230068 0.0104974 0.0593326 0.00174006 -0.00822189 -0.00259651 0.000710273 -0.00431616 0.00217849 -0.0130884 0.0122439 -0.00442979 -0.0113326 0.0091348 0.0143267 0.016051 -0.0178545 -0.00324376 0.0125359 0.0245647 0.00401837 0.00201055 -0.0209148 -0.0164764 -0.0261667 -0.0161926
internal_weight=58942.2 22421.2 21234.9 36521.1 34784.6 2226.82 60.4467 32557.8 1372.48 20198 7203.92 2859.34 31185.3 1135.22 1736.47 12994.1 1905.27 2166.37 1624.08 1548.32 112.39 11088.8 1748.23 232.207 4344.57 30953.1 75.753 1036.9 426.44 1186.27
internal_count=298056 125645 118374 172411 164227 10509 282 153718 6815 111911 40716 16253 146903 5609 8184 71195 11810 10227 7519 7164 665 59385 8239 1178 24463 145725 355 6463 2888 7271
is_linear=0
shrinkage=0.1


Tree=94
num_leaves=31
num_cat=0
split_feature=10 10 13 4 16 1 14 1 20 14 12 2 2 12 2 11 4 13 1 1 13 4 18 13 11 14 0 1 19 12
split_gain=189.324 60.9666 37.7222 29.9296 29.6311 29.3719 28.311 30.5172 33.5653 28.0049 30.848 45.1111 27.8553 27.739 27.0962 26.4638 25.2838 22.8975 22.5827 20.8713 20.0017 18.1924 16.7309 15.3979 15.4442 16.0766 15.9443 14.2403 16.7382 14.264
threshold=0.2162340230483176 0.36371284544340826 -0.41370265808137935 0.013999699796155786 1.0000000180025095e-35 -0.026116789105043999 0.96002732410614433 -0.0089570073907372354 1.0000000180025095e-35 0.3267294869869295 0.058109820359706764 0.041404995224918036 -0.024134069141537037 0.11153358745310675 -0.018080232965068884 0.019436600702516318 -0.0010975280282337072 0.041186579430703175 -0.02669007507788845 -0.045166356583812288 -0.34098322808718273 -0.036709029644549133 1.0000000180025095e-35 -0.62858171608165914 0.012723879826293073 0.80342164845898667 -0.013912169443006215 -0.0064933585329898227 1.0000000180025095e-35 0.089556446177205151
decision_type=2 2 2 2 2 2 2 2 2 2 2 2 2 2 2 2 2 2 2 2 2 2 2 2 2 2 2 2 2 2
left_child=5 2 27 14 19 20 7 8 12 10 -7 17 -3 21 18 -15 -16 -12 -4 -5 22 -9 -1 -11 26 -26 -25 -2 29 -29
right_child=1 6 3 4 -6 9 -8 13 -10 23 11 -13 -14 15 16 -17 -18 -19 -20 -21 -22 -23 -24 24 25 -27 -28 28 -30 -31
leaf_value=0.015841632583916906 0.030134598852730898 0.0069648837570376043 -0.0030005805239721305 0.075770786461611214 -0.016341608244907515 -0.014151068088683017 0.018468718982843767 0.072164181089047832 -0.0029085155975604278 0.025654987502318011 0.017427941508562927 0.082943718648859549 0.018485525921483191 -0.017382995256951746 0.0045503666289435207 -0.00029094680257896551 -0.0042267315041675168 -0.041304066949684637 -0.014188507379525617 0.017984056642740841 -0.0037768153061449811 0.0056734152467975592 0.11300280325648232 0.00032029910552029489 -0.02133405756824492 0.0017414220732136242 -0.029700254507143593 0.0048133094976910819 -0.029292556674657896 0.042573329266712777
leaf_weight=53.200244165956974 448.59447627514601 5936.4634488150477 3761.8064403533936 68.049593240022659 253.50050649791956 1586.1259348392487 1535.4895673319697 41.391490295529366 2125.0968236401677 65.963436603546143 221.28082816302776 82.255968630313873 3246.439693890512 1045.3227425888181 5375.0634860172868 6790.1293276548386 8428.3994512856007 94.826513230800629 3466.895203217864 766.65922724455595 1023.8500416278839 7048.8856921941042 26.57637282460928 190.38905811309814 1087.4058871641755 417.97109346091747 2500.202308151871 407.12645184248686 106.46978745609522 132.63204936683178
leaf_count=314 2104 24034 19660 319 1295 11777 6067 162 8747 389 1385 489 13277 5576 29776 27221 47302 639 18903 3928 6933 29893 127 1575 7428 2884 22499 2118 555 680
internal_value=-5.39421e-05 0.00210911 -0.00167291 -0.00256969 0.0136014 -0.0150582 0.00527089 0.0044984 0.00841688 -0.0177153 -0.00790279 0.0169754 0.0110378 0.0015297 -0.00340639 -0.00257119 -0.000808933 -0.000190604 -0.00836633 0.0226951 -1.89459e-05 0.00606157 0.0482094 -0.0222843 -0.023038 -0.0149271 -0.027576 0.0164462 0.00694405 0.0140919
internal_weight=58334.5 50984.4 23215.2 22120.4 1088.21 7350.05 27769.2 26233.7 11308 6246.42 1984.49 398.363 9182.9 14925.7 21032.2 7835.45 13803.5 316.107 7228.7 834.709 1103.63 7090.28 79.7766 4261.93 4195.97 1505.38 2690.59 1094.82 646.228 539.759
internal_count=298056 241617 126640 121183 5542 56439 114977 108910 46058 49065 14290 2513 37311 62852 115641 32797 77078 2024 38563 4247 7374 30055 441 34775 34386 10312 24074 5457 3353 2798
is_linear=0
shrinkage=0.1


Tree=95
num_leaves=31
num_cat=0
split_feature=11 11 13 20 0 14 14 10 9 15 0 9 7 3 7 14 6 10 2 11 14 13 3 7 3 0 4 7 6 7
split_gain=188.744 43.8488 37.9114 27.4659 32.27 25.6245 25.1098 23.3652 20.8596 20.1663 21.7917 20.1652 27.2527 19.3978 23.0082 22.5746 21.6784 33.9089 21.4257 18.8514 21.668 17.993 16.8501 16.3278 15.1339 14.486 14.3365 15.2377 14.1933 19.7498
threshold=0.01505561606670911 0.020081630777391408 0.27849137510920768 1.0000000180025095e-35 -0.004806370515420876 0.75251847331466959 0.19121102453648067 0.84552856525772624 0.23367294456818308 0.15815967312505388 -0.013370421781109252 0.19730740090707327 0.039049996740486377 0.02758253100985986 0.089916106628882289 0.52133005059509041 0.023004192499986757 0.90581038228616928 -0.038115734808532357 0.010077264483928062 0.31487079748130592 0.39047486071985887 -0.10818147207330985 -0.1121266314481567 0.16169105077059734 -0.028403715367312673 -0.0036529685194930379 0.11413727488641258 0.0064412260260645624 -0.22866321723753394
decision_type=2 2 2 2 2 2 2 2 2 2 2 2 2 2 2 2 2 2 2 2 2 2 2 2 2 2 2 2 2 2
left_child=2 6 3 19 9 13 8 -7 24 10 -5 12 -6 16 18 -16 22 -18 -15 -1 23 -8 -3 -21 -2 -4 27 -10 29 -9
right_child=1 5 25 4 11 7 21 28 26 -11 -12 -13 -14 14 15 -17 17 -19 -20 20 -22 -23 -24 -25 -26 -27 -28 -29 -30 -31
leaf_value=-0.024595150834875443 0.00090463608416021721 -0.0025742454977391218 0.050252538812675308 -0.011105888329193094 0.003910049991970174 0.0081162256376167991 0.0010732183906575882 -0.020438403678345561 -0.03354426617006577 -0.026977303267056774 0.069603681285221181 -0.0050031135753982759 0.039289844659037794 0.028745068967325128 -0.0018147919693402279 0.010718143221341847 -0.015142625961612401 0.057571649663806762 0.0090710654934649734 0.066628838373930008 -0.0075642397760277459 -0.018312035587764772 0.0051418574126037633 -0.019946278400582385 0.072280033616086384 -0.037579832904001714 -0.010124398819811907 0.021603570752619553 0.013051131594500723 0.047543896824195214
leaf_weight=1130.2754101790488 791.76863429695368 4682.7749589234591 19.360644795000553 110.42545806616545 601.95381980389357 5804.904053106904 11625.624676346779 48.527999192476273 536.41770116239786 571.41252342611551 47.992974109947681 783.18155559152365 341.0887334831059 644.39800962805748 4138.6106060743332 2201.8022424429655 1252.759841427207 67.59221413731575 3925.9093797057867 21.998127892613411 5794.7262023314834 499.37296755611897 7153.4842041730881 2240.2081938236952 30.864784173667431 623.54280006140471 1567.6388066262007 55.264584854245186 409.6523105353117 357.91050092875957
leaf_count=10784 4754 19294 138 783 4354 23114 61224 194 3110 4165 340 5176 2301 2493 16944 8477 5262 240 16313 148 41061 2780 30581 16684 162 5220 8846 291 1304 1136
internal_value=-0.000289389 0.00266329 -0.0112952 -0.00998985 -0.000596244 0.00483434 -0.00174699 0.0103436 -0.00996798 -0.0182248 0.0133451 0.00685696 0.0167066 0.00331873 0.00643624 0.00253746 0.000733388 -0.0114202 0.011845 -0.0125011 -0.0108045 0.000274829 0.00208914 -0.0191044 0.0035826 -0.0349348 -0.0151303 -0.0283933 0.0261871 0.0394269
internal_weight=58081.4 45795.3 12286.2 11643.3 2456.06 30688.3 15107 6620.99 2981.95 729.831 158.418 1726.22 943.043 24067.3 10910.7 6340.41 13156.6 1320.35 4570.31 9187.21 8056.93 12125 11836.3 2262.21 822.633 642.903 2159.32 591.682 816.091 406.439
internal_count=297673 206519 91154 85796 17119 125352 81167 25748 17163 5288 1123 11831 6655 99604 44227 25421 55377 5502 18806 68677 57893 64004 49875 16832 4916 5358 12247 3401 2634 1330
is_linear=0
shrinkage=0.1


Tree=96
num_leaves=31
num_cat=0
split_feature=10 13 14 4 9 13 19 5 0 17 8 11 13 15 4 1 14 4 9 10 11 1 0 15 5 8 11 7 7 0
split_gain=39.3128 15.223 18.9583 14.9297 13.0834 14.2119 12.2394 19.7013 12.3513 11.8627 10.966 10.6477 11.9554 10.3714 10.3543 10.1573 9.46471 9.29877 9.17661 10.8538 10.1201 13.3154 9.88808 9.849 8.74888 8.64618 8.40309 10.9315 9.04873 8.36502
threshold=0.40859771984809351 0.37001629581181777 0.018468353271388026 0.0094135532796286742 0.18255755513237221 -0.43341688378786353 1.0000000180025095e-35 0.018578439342474832 0.022666431476295216 1.0000000180025095e-35 -0.86344824026081579 0.037244882535314487 0.563783604203277 0.51915323445685313 -0.004651237211927838 0.031927528844640125 0.88385362907406007 -0.028167532999144648 0.53963962869505255 0.49930172931392042 0.024694319891069943 0.01615614439313973 -0.0328566778945849 0.61820018763080042 0.02541421875438821 -1.6239633157780455 0.028319898740222567 -0.096905414236558393 0.12484390520849743 0.030883598148848893
decision_type=2 2 2 2 2 2 2 2 2 2 2 2 2 2 2 2 2 2 2 2 2 2 2 2 2 2 2 2 2 2
left_child=1 3 13 4 5 9 8 -8 -6 -1 -7 18 16 -3 -4 -5 -13 -14 20 22 21 23 -20 -2 -23 -24 28 -28 -16 -21
right_child=11 2 14 15 6 10 7 -9 -10 -11 -12 12 17 -15 26 -17 -18 -19 19 29 -22 24 25 -25 -26 -27 27 -29 -30 -31
leaf_value=-0.019316713771311812 -0.0020757658122970172 0.11413642847341801 -0.004300224531395171 -0.0080688927597892535 0.00081854531377216131 -0.0072818961038056745 0.0014844299347569845 0.014302712089156934 -0.0078845327006941378 0.015168589940807343 0.0076483321320157428 -0.0092528158929992138 -0.05382530238767444 0.023138904052146962 0.013511338355962658 0.0033159925010603519 -0.027612929723415613 0.01956733970753901 -0.014692661045900491 0.00042802661781137061 -0.0083463974880087759 0.013728384936918506 -0.025992513972977478 -0.015053835593622781 -0.00014837697390432693 0.014231082025804488 0.099569776613865721 0.023235468248963123 -0.010183138947565 -0.012374362811512047
leaf_weight=385.39042573422194 1968.6689273044467 26.4136982858181 466.47999334335327 2506.9834525361657 21474.238692000508 526.48777022957802 4003.9905884563923 1711.6022376269102 1764.6703421324492 134.58492904156446 7497.7321901544929 1982.8899460062385 18.963404156267643 23.820056244730949 1300.9463947564363 1139.9867302626371 327.08890267461538 192.54280164837837 156.24928115308285 2609.9554936662316 3913.4979089424014 704.30007154494524 56.307172447443008 831.83006217330694 1280.1328952014446 1049.2966839522123 23.324224218726158 95.877997025847435 183.96474216878414 634.43105847388506
leaf_count=2066 10334 121 2284 12705 104250 2522 19218 8059 8661 699 34497 12509 117 111 6215 5661 2291 1139 891 15252 22242 3600 314 4323 6565 5704 129 495 871 3828
internal_value=0.000467457 0.00202379 0.0102858 0.00159794 0.00219198 0.00563052 0.0011773 0.00532302 0.000157668 -0.0103909 0.00666873 -0.00381441 -0.00976899 0.0709868 0.00881312 -0.00451015 -0.0118526 0.012987 -0.00267735 0.000985255 -0.00457478 -0.00149005 0.00885471 -0.00593063 0.00477666 0.0121825 0.0126265 0.0381718 0.0105758 -0.00207545
internal_weight=58992.6 43266.5 2120.83 41145.7 37498.7 8544.2 28954.5 5715.59 23238.9 519.975 8024.22 15726.2 2521.49 50.2338 2070.59 3646.97 2309.98 211.506 13204.7 4506.24 8698.43 4784.93 1261.85 2800.5 1984.43 1105.6 1604.11 119.202 1484.91 3244.39
internal_count=297673 208564 10226 198338 179972 39784 140188 27277 112911 2765 37019 89109 16056 232 9994 18366 14800 1256 73053 25989 47064 24822 6909 14657 10165 6018 7710 624 7086 19080
is_linear=0
shrinkage=0.1


Tree=97
num_leaves=31
num_cat=0
split_feature=10 10 15 15 12 7 10 9 13 6 4 8 7 15 9 1 10 4 4 7 8 14 10 10 14 2 8 7 4 14
split_gain=102.975 22.1457 17.4708 21.6208 15.9456 13.0393 12.1505 13.6924 11.3201 13.219 22.7481 13.0873 11.0064 13.7284 10.817 9.68854 9.37924 8.01192 11.0589 7.44287 7.53642 12.1856 7.82297 7.17578 10.0794 8.4164 8.06338 7.29295 6.81585 9.49663
threshold=0.36371284544340826 0.16798262292331687 0.95735430290778534 0.18181820227854828 0.12799975741046135 -0.1121266314481567 0.45807028771740016 0.66507937854279364 0.12563828595555515 0.011595034550763496 0.0067596058941927781 0.4887380531374857 -0.013234674486153118 0.23347872469717637 0.58348492216282277 0.038151780881904081 0.6343992603031231 0.0092175767674395181 0.014473524127396333 -0.083243402515748063 -0.52914631810310786 0.77613442848775416 0.14385116311414356 0.58767978643439933 0.50570470055614647 -0.074060588359114096 1.8362905510184231 0.26803685917539483 0.00271327691888601 0.4544845032789771
decision_type=2 2 2 2 2 2 2 2 2 2 2 2 2 2 2 2 2 2 2 2 2 2 2 2 2 2 2 2 2 2
left_child=1 17 3 23 -5 28 14 -8 9 10 -7 -11 13 -10 -6 -14 -4 19 -19 -1 21 -21 -22 27 25 -25 -26 -2 -3 -30
right_child=2 5 16 4 6 8 7 -9 12 11 -12 -13 15 -15 -16 -17 -18 18 -20 20 22 -23 -24 24 26 -27 -28 -29 29 -31
leaf_value=-0.022731570754731117 -0.0081367432814152835 -0.012040654181859407 -0.011030212927799155 -0.0064319102779469119 0.0060999227574565348 0.00068434753399348525 -0.0062647431660815718 0.0061143479315350921 -0.0012327648428934336 0.006423704751216619 -0.011377862640318101 -0.00038424590648910065 7.6179007299377415e-05 0.01488743105683563 0.038898381582525426 0.0094763307650300999 -0.027841728365721782 -0.031621554650480346 0.040353900542166893 0.028845561911562258 0.0022673535075847426 0.0011378814317636952 0.012027717333247775 -0.0222240179521749 -0.029281788872139232 0.0024303195845558137 -0.00051841865636431163 -0.044553049292133023 -0.013045785047728834 0.015624166613889538
leaf_weight=68.511463016271591 3124.3727506324649 1001.3456100225449 969.73210183531046 7103.3746958002448 1362.9250651970506 12036.73365470767 2659.7489856332541 1345.5362230315804 715.54403357207775 7007.1999009847641 1796.8721926957369 4729.557365462184 3715.4379215538502 2018.8290309756994 108.56419321894646 1555.4815646559 504.5122552216053 96.936809450387955 27.376116245985031 486.88480876386166 1260.7076572924852 235.49912424385548 2355.4262905269861 231.70664224028587 653.49143752455711 344.08646688610315 114.5460039973259 55.978783205151558 211.72536335885525 254.30760008096695
leaf_count=287 18921 5130 6104 42724 7219 56157 15919 9463 3451 32150 8764 22591 17353 9561 587 7564 3809 400 112 1850 4707 907 9362 1695 4819 2393 878 375 1111 1310
internal_value=-0.000196593 0.00268663 -0.00633817 -0.00543788 -0.00330577 0.00183598 0.000748824 -0.00210611 0.00223924 0.00121186 -0.000882435 0.00368031 0.00552089 0.010669 0.00851974 0.00285022 -0.0167834 0.00926511 -0.0157712 0.00997133 0.0104878 0.0198128 0.00862492 -0.0113665 -0.0174933 -0.00749091 -0.024992 -0.00877772 -0.00739116 0.002599
internal_weight=58153 39574.4 18578.6 17104.3 12580.1 35043 5476.77 4005.29 33575.7 25570.4 13833.6 11736.8 8005.29 2734.37 1471.49 5270.92 1474.24 4531.34 124.313 4407.03 4338.52 722.384 3616.13 4524.18 1343.83 575.793 768.037 3180.35 1467.38 466.033
internal_count=297673 182767 114906 104993 75912 165142 33188 25382 157591 119662 64921 54741 37929 13012 7806 24917 9913 17625 512 17113 16826 2757 14069 29081 9785 4088 5697 19296 7551 2421
is_linear=0
shrinkage=0.1


Tree=98
num_leaves=31
num_cat=0
split_feature=11 11 1 11 12 18 0 4 2 4 8 3 4 2 1 11 3 8 5 3 2 8 3 15 2 12 4 3 8 8
split_gain=67.3739 26.2131 17.749 13.9684 14.2184 12.2978 11.438 10.7075 9.93252 13.4886 9.58967 53.7757 10.6294 9.57287 18.9438 14.8644 12.1565 29.6787 10.1324 10.1293 9.9912 10.3011 9.44224 9.28233 9.1336 8.87501 8.79491 8.62075 17.3505 11.053
threshold=0.017454837904199477 0.038520055810524985 -0.0060699610318302169 0.011189135343642034 0.07228758835917784 1.0000000180025095e-35 0.019974612880442558 -0.012206909202577386 0.013504163675786664 -0.0035640154504414929 -0.3041864023855339 -0.03306441306488294 -0.0014635415450539033 0.07358110439939726 0.028001412546406538 0.017747553885891082 0.038247262682916013 0.28195196859545762 -0.012527367702804658 -0.0098030883160418174 0.027685191378806321 0.9772010462844064 0.24921577793697527 0.85728696320491893 0.1201384096828111 0.14915937482988895 0.0092175767674395181 -0.096167032779211223 -0.70168095498966754 -1.8348672253657932
decision_type=2 2 2 2 2 2 2 2 2 2 2 2 2 2 2 2 2 2 2 2 2 2 2 2 2 2 2 2 2 2
left_child=2 13 3 4 -1 7 23 -4 27 25 12 -12 -9 16 15 -15 17 19 -19 -2 21 -18 26 -7 -17 -10 -16 29 -29 -5
right_child=1 -3 5 8 -6 6 -8 10 9 -11 11 -13 -14 14 22 24 20 18 -20 -21 -22 -23 -24 -25 -26 -27 -28 28 -30 -31
leaf_value=0.010858982407151373 -0.0013883020432862443 -0.014110771964527289 -0.014601394611651592 -0.022123673277964242 0.034873767307263957 -0.0043941786274087373 0.011359823965741365 0.0070646405474112609 0.025425188312964805 0.0068316499158209924 0.037458882047892238 0.0033238257702115632 -0.0056056898183978387 0.079241286163233018 0.0024445801284377505 0.0048123312232299306 -0.013441821548374512 0.0025537438783469969 0.024085241442049554 -0.0076019445793375912 -0.0027096514653373312 -0.00094034171573985576 -0.01528207132188732 -0.028687119620690607 0.022692990529060486 0.087757843949139228 -0.0090094368447851993 -0.0096441601087688539 0.0045371663083414396 0.015227971966333862
leaf_weight=1901.9441111236811 11576.687425114214 2021.5285956710577 336.22809901833534 86.434196248650551 283.26083429902792 2963.0798739045858 450.44108630716801 978.80556355416775 330.85874451696873 931.96862401068211 483.46848528087139 10163.320490412414 2046.426475033164 31.258164748549461 2715.8347232714295 1077.9078992456198 2714.627530477941 357.64370094239712 561.98814814537764 3392.3086154013872 3184.745858065784 870.46179183572531 482.22539601475 166.10570792853832 388.69111665338278 24.536131575703621 890.07678461074829 1025.4065765291452 5438.3833459317684 949.80406287312508
leaf_count=8352 61435 14018 1582 403 1265 13873 2148 4596 1560 4368 1998 47572 9664 158 14776 5894 14536 1943 2977 17948 16832 4878 2843 773 2242 120 5000 4797 24898 4224
internal_value=0.000177111 -0.00311038 0.00366092 0.00681706 0.0139719 0.00169189 -0.00353905 0.00302859 0.00503782 0.0131527 0.00346215 0.00487389 -0.00150624 -0.00232305 0.00138477 0.0110056 -0.00323715 -0.0017252 0.0157117 -0.00279645 -0.00678563 -0.0104065 -0.0021402 -0.00568371 0.00955122 0.0297286 -0.000382709 0.00364492 0.00228746 0.0121124
internal_weight=58826.5 30266 28560.5 10972.6 2185.2 17587.9 3579.63 14008.2 8787.39 1287.36 13672 10646.8 3025.23 28244.5 5585.99 1497.86 22658.5 15888.6 919.632 14969 6769.84 3585.09 4088.14 3129.19 1466.6 355.395 3605.91 7500.03 6463.79 1036.24
internal_count=297673 165480 132193 49987 9617 82206 16794 65412 40370 6048 63830 49570 14260 151462 30913 8294 120549 84303 4920 79383 36246 19414 22619 14646 8136 1680 19776 34322 29695 4627
is_linear=0
shrinkage=0.1


Tree=99
num_leaves=31
num_cat=0
split_feature=10 3 2 3 8 8 3 0 1 13 3 2 3 8 3 12 7 3 12 13 8 7 2 8 6 4 19 4 4 13
split_gain=141.271 46.7645 41.068 60.1816 89.9003 54.0455 69.8063 44.328 37.0839 36.1067 34.2867 35.7003 50.6956 39.9606 33.245 31.0295 27.0129 32.3016 25.1054 21.7836 21.1083 26.734 29.3078 30.8157 25.3994 20.7109 19.3942 47.3165 24.0735 17.7546
threshold=0.25054327764746981 -0.18668481394949629 -0.06192222330234242 -0.015255179170126974 -0.15565286485704841 0.22581936224149257 0.029259992416408313 -0.039254458581216005 -0.026116789105043999 0.09205051678759342 -0.082009072320463602 -0.013001970127295646 -0.030987152952090199 -0.20064332098228238 0.051735343931356821 0.086019289421487635 -0.022455048101497007 -0.11923420361896418 0.040028953795134693 -0.41370265808137935 -0.37149995725913693 -0.053222230655009577 -0.053145662739827453 0.065759745418945664 -0.05285335975888366 0.010942133345344109 1.0000000180025095e-35 0.0037561326370185726 -0.023719320910057014 0.08912365172127619
decision_type=2 2 2 2 2 2 2 2 2 2 2 2 2 2 2 2 2 2 2 2 2 2 2 2 2 2 2 2 2 2
left_child=8 26 7 4 15 14 -7 25 20 -6 -10 19 13 -13 -5 -4 17 -9 -14 -12 -1 22 -22 -24 -23 -3 29 28 -28 -2
right_child=1 2 3 5 9 6 -8 16 10 -11 11 12 18 -15 -16 -17 -18 -19 -20 -21 21 24 23 -25 -26 -27 27 -29 -30 -31
leaf_value=-0.0071944195173653152 0.017397831659444214 0.0099147470476953388 0.011827025521794654 -0.0040128671362785898 0.044581725041922787 0.028370703375915064 0.0018446355130505333 -0.0022398676109863362 0.017115840111044146 0.0054075929432970725 0.0142188507996443 0.0035117332460894005 -0.01855059017137389 0.062381013117402642 -0.023299377937821691 7.7915846522068712e-05 0.0013587018230879324 -0.020167532255643592 -0.0066413524542402527 -0.026837227903930696 -0.0025389835738289439 -0.065064444510800651 0.054856367162664559 0.19188591806937227 0.010112193592138262 0.067000159166932957 0.068155256637331796 0.076943200335134354 0.0040378986121352755 -0.0004253348230860406
leaf_weight=1106.310000911355 1429.8267847597599 983.36249336600304 4492.9382927715778 6846.7534951791167 927.46051922440529 1055.9063881486654 16413.896091558039 1661.6135065034032 388.68760932981968 315.25792092829943 137.73081807047129 568.54556366801262 3496.0636539682746 144.64121193438768 1027.9418724700809 4498.4241039305925 1871.5515100434422 2543.393776409328 3585.4884641841054 2094.7176576666534 59.348292112350464 47.476899899542332 67.572047978639603 21.675760127604008 841.9050318300724 67.946372777223587 69.11431023478508 161.07348138093948 383.40577414631844 917.58851639926434
leaf_count=6910 5473 3980 21454 33173 4278 4964 75036 7363 2481 1526 784 3990 27852 1018 5027 19984 8074 11552 24960 15045 358 285 434 122 5303 246 252 610 1497 3642
internal_value=-0.000167527 0.00241566 0.00157305 0.00296105 0.0094333 0.000347568 0.00344792 -0.00535513 -0.00955974 0.0346439 -0.0120251 -0.0131547 -0.00996147 0.015451 -0.00653048 0.00594889 -0.0086353 -0.0130834 -0.0125208 -0.0243043 0.00241597 0.012659 0.0519216 0.088137 0.00609912 0.0136042 0.0145686 0.0303982 0.0138307 0.0104309
internal_weight=58227.6 45667.5 42706.4 35578.6 10234.1 25344.5 17469.8 7127.87 12560.2 1242.72 10415.9 10027.2 7794.74 713.187 7874.7 8991.36 6076.56 4205.01 7081.55 2232.45 2144.29 1037.98 148.596 89.2478 889.382 1051.31 2961.01 613.594 452.52 2347.42
internal_count=297673 208131 196657 165442 47242 118200 80000 31215 89542 5804 76130 73649 57820 5008 38200 41438 26989 18915 52812 15829 13412 6502 914 556 5588 4226 11474 2359 1749 9115
is_linear=0
shrinkage=0.1


Tree=100
num_leaves=31
num_cat=0
split_feature=11 11 11 9 10 14 3 8 2 4 4 14 13 7 3 8 8 11 1 9 6 8 13 14 10 9 7 14 13 3
split_gain=159.155 28.3724 27.4538 25.5497 32.9528 25.4248 25.4026 63.233 29.7329 27.8826 23.876 22.0172 19.6344 17.6693 24.4455 22.489 17.5956 17.0329 16.3196 22.7718 23.0264 16.308 13.9635 16.1696 14.1671 21.7007 15.7082 13.2579 12.1485 13.2058
threshold=0.016327980392723339 0.011858739656917269 0.028531840319551624 0.16739266934846544 0.16798262292331687 0.010665994020859111 -0.093994458174846848 -0.93453538168835049 -0.022107959478468771 -0.001030603797128826 -0.015798904921015208 0.075142578063459073 0.1902063958210635 0.02056768407140486 0.045920020923320599 0.24200488602128215 -2.2295507164810666 0.013669326438130165 0.0074962418402886319 0.15872892886756823 0.041999582528028385 -1.8348672253657932 0.09205051678759342 0.35047036257369107 0.70768858675509283 0.71840779499720087 0.092991744468970641 0.21953678203920476 -0.37291012787093342 -0.029977588402194218
decision_type=2 2 2 2 2 2 2 2 2 2 2 2 2 2 2 2 2 2 2 2 2 2 2 2 2 2 2 2 2 2
left_child=1 12 5 13 -5 -2 7 21 10 -10 -8 17 18 -3 15 -15 -13 -6 28 20 -20 -7 23 -4 25 -25 -26 -21 29 -1
right_child=2 3 22 4 11 6 8 -9 9 -11 -12 16 -14 14 -16 -17 -18 -19 19 27 -22 -23 -24 24 26 -27 -28 -29 -30 -31
leaf_value=0.0023747121841101258 -0.031169873361814995 -0.0038348120085356496 -0.0028848160710807165 -0.046595070801870961 -0.04660419389055781 0.013843786030501166 0.028414935058767261 -0.023858999324664256 -0.0043621911753168032 0.0038236542463712889 0.0067728671919086332 0.079734672305513316 -0.038273123406967396 0.023352769477530001 0.0020669439766144273 0.087339762726432735 -0.0060449555527060722 -0.013790779912624201 0.01596376195162437 -0.045662786426315077 -0.03492888617056638 -0.002034598896534501 0.010790701357869418 0.0065795054602199093 0.022301481134283412 -0.016437343510011273 0.0044910910256758816 -0.011273867820025594 -0.016494151024712932 -0.051473129762006936
leaf_weight=58.704004116356373 238.91599601507187 809.42005990445614 2301.6177444159985 216.41227015852928 225.29685958474874 871.49775275588036 556.2770481929183 1304.6238985806704 6672.8222573325038 11054.554054960608 6095.60122679919 23.974797934293747 356.27045315876603 199.23059166967869 390.14319007843733 75.834386117756367 9291.5496432334185 531.12090405076742 568.25410861521959 131.89575820416212 105.39101868122816 2509.012805506587 5317.2220470011234 2647.5256312042475 1039.4212137162685 484.59671284258366 945.78959614038467 747.26022104918957 1997.383040253073 203.15806986764073
leaf_count=524 1348 5329 9024 1702 1768 3726 2306 6685 31530 51509 28317 123 3572 1277 2501 472 60303 3746 4757 1095 856 11753 19194 10065 3589 1809 3174 6034 17534 1908
internal_value=-0.000222244 -0.00873379 0.00300329 -0.00622165 -0.00798607 0.00131855 0.00158561 -0.00515824 0.00288163 0.000742392 0.00858273 -0.00715649 -0.015823 0.00608857 0.0181633 0.0409937 -0.00582419 -0.0235642 -0.0137249 -0.00583266 0.00800166 0.00205886 0.00687954 0.00407638 0.00720731 0.00301838 0.0138163 -0.0164331 -0.0191493 -0.0394016
internal_weight=57970.8 15931.3 42039.5 11763 10288.4 29303.3 29064.4 4685.13 24379.3 17727.4 6651.88 10071.9 4168.32 1474.63 665.208 275.065 9315.52 756.418 3812.05 1552.8 673.645 3380.51 12736.2 7418.95 5117.33 3132.12 1985.21 879.156 2259.25 261.862
internal_count=297530 113501 184029 77221 67642 137174 135826 22164 113662 83039 30623 65940 36280 9579 4250 1749 60426 5514 32708 12742 5613 15479 46855 27661 18637 11874 6763 7129 19966 2432
is_linear=0
shrinkage=0.1


Tree=101
num_leaves=31
num_cat=0
split_feature=10 3 2 3 4 20 0 15 13 10 12 10 12 4 9 1 13 9 5 3 12 9 14 3 0 5 4 10 14 1
split_gain=36.9105 17.193 27.3892 17.7293 12.7853 11.9675 12.6866 11.6097 11.5837 10.7944 16.603 11.9035 10.6145 12.285 11.1066 10.084 10.2771 10.0164 12.0301 9.97358 8.32332 9.36574 7.71299 7.81898 7.67813 7.58608 7.74884 7.73981 7.55035 6.73687
threshold=0.33988456645701565 0.078538634444570224 0.046037186646272328 -0.05486439297884526 -0.0088663703221074624 1.0000000180025095e-35 -0.023851515183461288 0.50335795987587517 -0.62858171608165914 0.79948926223398187 0.11381249587869656 0.47025581810623113 0.067419032010686608 0.023308145083827506 0.34192401711557235 0.019289949375139507 0.27849137510920768 0.45737477643418112 0.039860773238449727 0.27694558459656421 0.087363769613254302 0.40727294626594696 0.19523651978988024 0.086473079143213907 -0.0093735824432556996 0.020440820750931902 -0.0015935932990340793 0.200848643061485 0.030557025181801412 -0.0093498696372382711
decision_type=2 2 2 2 2 2 2 2 2 2 2 2 2 2 2 2 2 2 2 2 2 2 2 2 2 2 2 2 2 2
left_child=1 2 3 12 -3 6 -5 -7 -6 10 11 17 13 -1 -14 16 -10 28 -19 29 25 -22 -13 -24 -17 26 -4 -27 -2 -12
right_child=9 4 20 5 8 7 -8 -9 15 -11 19 22 14 -15 -16 24 -18 18 -20 -21 21 -23 23 -25 -26 27 -28 -29 -30 -31
leaf_value=-0.0060674182891948319 -0.023185167466584316 -0.010180237895563255 -0.025915891100129471 -0.0067358177329945026 -0.044301284413451734 0.00409366008150845 0.0057165992281804027 -0.0067877721730113805 0.012454674769985396 -0.01042464590800986 -0.0014705107033733441 -0.021180304156357389 -0.00073505742768576702 0.05707870858637018 0.017193553973837577 -0.010418206428461143 0.040657977660411633 -0.00078556485785569283 0.017075057244980648 -0.016163057624568225 -0.024902234673428197 0.031503213912859596 -0.0038258086454539732 -0.015522285037807868 0.0069483150706586118 0.011835592531908816 -0.0057844590577654023 -0.0048881407540006874 -0.003848943263175213 0.0040104224073325909
leaf_weight=3706.1952248960733 207.62883730232716 387.50258581340313 309.41154897212982 863.38607166707516 41.063767418265343 2063.9725145921111 15618.170866347849 1867.8368386998773 2080.9740298390388 1659.3400397077203 3873.5264666378498 500.14427141845226 1391.3391876891255 31.067597627639771 459.69389076530933 278.4759883582592 137.75542244315147 1591.3025701269507 494.24894624948502 323.45669258385897 383.91799063980579 31.882014691829681 1760.5358029678464 846.25550200790167 2967.2359672635794 336.74676804244518 500.4525280892849 1552.8520301133394 7371.2780417948961 5326.1953947842121
leaf_count=18520 1075 1816 1484 4164 229 9825 73361 8929 9647 10632 21612 2883 6985 161 2294 1303 625 8652 2642 1911 1864 160 10251 4984 13659 1534 2369 7409 37854 28696
internal_value=0.000381231 0.00245078 0.00145382 0.00251543 0.00737666 0.00388167 0.00506428 -0.00107565 0.0086124 -0.00264352 -0.00206439 -0.00442088 -0.00247529 -0.00554249 0.00371741 0.00901003 0.0142057 -0.00268989 0.00344717 0.00109587 -0.00740692 -0.0205773 -0.00980532 -0.00762289 0.0054583 -0.00537829 -0.0134757 -0.00190779 -0.00437867 0.00170269
internal_weight=58963.8 35009.9 29116.9 26001.7 5893.01 20413.4 16481.6 3931.81 5505.51 23953.9 22294.6 12771.4 5588.3 3737.26 1851.03 5464.44 2218.73 9664.46 2085.55 9523.18 3115.26 415.8 3106.94 2606.79 3245.71 2699.46 809.864 1889.6 7578.91 9199.72
internal_count=297530 166338 139059 124239 27279 96279 77525 18754 25463 131192 120560 68341 27960 18681 9279 25234 10272 50223 11294 52219 14820 2024 18118 15235 14962 12796 3853 8943 38929 50308
is_linear=0
shrinkage=0.1


Tree=102
num_leaves=31
num_cat=0
split_feature=10 10 4 15 0 12 7 8 3 9 12 15 8 2 6 4 8 2 10 8 3 7 6 4 6 4 6 1 2 8
split_gain=90.9657 21.3969 20.1336 15.6993 16.0807 17.1761 15.3635 17.452 24.6556 14.4827 21.8425 14.1847 13.7953 13.6284 12.1413 12.4794 11.9913 11.3952 8.83079 8.34489 10.0351 8.79399 13.9104 8.0579 8.02463 7.85381 7.70039 7.26195 7.14938 8.0463
threshold=0.376872699679004 0.2529513937194604 -0.023719320910057014 0.96444145859497044 -0.026907475617321538 0.15555609512175131 -0.063834007981082172 0.34886406472560222 0.060017017169297311 0.43489664803309608 0.11732115025454491 0.74454522835940384 0.17244420657618703 0.0045122291337329487 0.0069242128666960898 0.00318174772083113 1.0202513598788874 0.084108108375266846 0.52086268089112764 -1.5146051512052376 -0.10818147207330985 0.15610570119469305 0.044129826359709863 0.0037561326370185726 0.037249541211851762 -0.011858470133704333 0.01890088330434159 -0.056649240194055699 -0.09080497995048574 -0.84729725647672949
decision_type=2 2 2 2 2 2 2 2 2 2 2 2 2 2 2 2 2 2 2 2 2 2 2 2 2 2 2 2 2 2
left_child=1 6 -2 4 23 18 28 8 13 19 26 -7 -10 -8 15 -9 -16 24 -6 20 -3 22 -21 -4 -12 -23 27 -11 -1 -30
right_child=2 9 3 -5 5 11 7 14 12 10 17 -13 -14 -15 16 -17 -18 -19 -20 21 -22 25 -24 -25 -26 -27 -28 -29 29 -31
leaf_value=-0.024760530475657905 -0.02226125168489837 -0.01815557089993949 -0.0098518757227771658 -0.01670082107703481 -0.0043172019945616957 0.0055419176663196699 0.0087289243769428961 -0.0039675674170560771 0.039074891492541793 0.01583365958661774 0.036908384496918245 -0.0066795987205043456 0.013712994667837243 0.0023952653933296294 0.0041465936608716279 -0.035518035546705178 -0.011975471727803748 0.087671448601804952 -0.012349115885082808 -0.00099347593755326697 0.044601232473081766 -0.042895674299604322 0.006401778051044223 -0.026072100790262693 -0.016047695214219004 -0.0067164503326568774 0.016618831145218744 -0.0145876967602496 0.0075464329321275631 -0.0071733373129223704
leaf_weight=154.22466610372066 750.63558425754309 407.56896416097879 1801.0735044628382 1163.6597939282656 6756.8640253543854 3052.0689885988832 8124.8781884163618 445.43216997385025 336.62653112411499 108.96331124007702 179.27230667322874 1378.6271078214049 591.01535965502262 5838.6644139736891 3702.8962161689997 174.47153382003307 527.00122806429863 38.337774857878685 1716.6406448408961 13978.012609481812 27.179102599620819 63.570064380764961 3109.2992535084486 369.0254527553916 34.049951732158661 1068.8452422693372 242.77353193610907 280.38383399695158 557.57099348306656 1111.9539020657539
leaf_count=742 5301 2177 11829 8022 39747 18450 34446 1932 1426 604 937 8707 2511 24245 15849 772 2385 194 11947 70512 136 340 15538 2601 171 5584 1328 1559 2472 5066
internal_value=-9.4519e-05 0.00244952 -0.00624969 -0.00550952 -0.00464561 -0.00330622 0.00462127 0.00543255 0.00712937 5.25213e-05 0.0125609 0.00173915 0.0229164 0.00608059 0.000222514 -0.0128474 0.00213795 0.0374766 -0.00594438 -0.000540081 -0.0142322 -0.000213368 0.000352204 -0.0126101 0.0284557 -0.00874743 0.0026415 -0.00607393 -0.00416035 -0.00225738
internal_weight=58091.6 41103 16988.6 16238 15074.3 12904.2 21564.7 19741 14891.2 19538.3 883.781 4430.7 927.642 13963.5 4849.8 619.904 4229.9 251.66 8473.5 18654.5 434.748 18219.7 17087.3 2170.1 213.322 1132.42 632.121 389.347 1823.75 1669.52
internal_count=297530 190926 106604 101303 93281 78851 91846 83566 62628 99080 4793 27157 3937 58691 20938 2704 18234 1302 51694 94287 2313 91974 86050 14430 1108 5924 3491 2163 8280 7538
is_linear=0
shrinkage=0.1


Tree=103
num_leaves=31
num_cat=0
split_feature=10 10 12 5 8 3 6 1 3 8 19 3 6 12 8 1 13 0 10 6 7 6 5 15 14 8 3 5 12 9
split_gain=39.8736 13.0428 28.6618 15.2415 12.9938 36.4434 43.5055 22.0945 21.394 24.4443 14.9455 19.1839 21.4741 13.925 13.0791 12.6246 14.3937 12.5185 12.4041 12.1396 11.1548 10.9898 9.8352 12.0334 9.58974 9.41423 13.2377 19.4051 11.1217 10.3658
threshold=0.31399746147231589 0.55122560864558012 0.19213739618482559 0.11251303215306675 -0.20837125581705482 -0.019036965580258688 -0.039784230084062115 0.028001412546406538 -0.056114781438342469 -0.55003072719266133 1.0000000180025095e-35 0.12991880065762931 0.019395618279391184 0.020718656207292203 -0.022735598502412923 0.0043467033301705102 0.13200624786027523 -0.017998117763102558 0.13612605435522954 0.0032476647257829732 0.012790666918875539 0.0069242128666960898 -0.02713340301208805 0.58260581294652536 0.97853069198186893 1.0666025141675202 -0.024853987492999382 -0.03585773171738648 0.18822591212013365 0.19858336424451481
decision_type=2 2 2 2 2 2 2 2 2 2 2 2 2 2 2 2 2 2 2 2 2 2 2 2 2 2 2 2 2 2
left_child=4 25 24 17 8 6 -6 13 9 -1 11 12 -7 -8 -9 21 -17 -4 19 20 -10 -12 23 -20 -3 26 27 -2 -29 -27
right_child=1 2 3 -5 5 10 7 14 18 -11 15 -13 -14 -15 -16 16 -18 -19 22 -21 -22 -23 -24 -25 -26 29 -28 28 -30 -31
leaf_value=0.0011313366381803846 -0.0060949220929799978 -0.012072503266118504 -0.0094688877380629186 -0.028911179268700068 -0.013963685475251257 0.00095822266682300285 0.06141366196796634 0.034061606835093093 0.036797975053431596 0.018076420317757278 -0.0044696834934866243 -0.0098043637970512409 0.0089267904355749914 0.01786573191880755 0.09126884394759055 -0.012913618311891939 0.0062323061191098574 0.0052397599467095364 0.0019740824531989877 -0.02707127829222232 -0.017524745153554844 0.014006245928514557 -0.0057169527005282118 0.042475146259613517 -0.036938570821722409 0.037794314797762463 -0.0045415260701406395 0.003094950415723826 0.020039737480771036 0.0029760584664978752
leaf_weight=3492.8162098377943 2615.2129755914211 2981.891743183136 768.8289602547884 172.8128515034914 368.90742018818855 6520.4572141841054 77.563207224011421 91.400926575064659 193.19649942964315 1125.6807259470224 661.5738731995225 923.57172241806984 7025.7661180049181 1377.1583956927061 71.015949726104736 1553.9152704402804 525.43727985024452 2339.1080843582749 675.23783840239048 52.120187312364578 46.995653100311756 627.10902388393879 6009.7823642045259 82.300812616944313 163.60240092128515 88.397309243679047 10411.022438555956 4713.7229203432798 422.02712477743626 2612.4856880307198
leaf_count=16098 14187 19216 4734 1163 1648 30149 322 397 924 4792 3081 4525 33056 5893 320 7366 2501 13625 3213 273 237 2975 28376 399 1149 439 55512 24403 2138 14419
internal_value=0.000191865 -0.00260622 -0.00654534 -6.03935e-06 0.00261575 0.00417456 0.0170242 0.0240933 -3.03478e-05 0.00526141 0.00274389 0.00414039 0.00509113 0.0201876 0.0590752 -0.00325577 -0.00807558 0.00160119 -0.00349228 0.0166763 0.0261693 0.00452122 -0.00436346 0.00637421 -0.0133658 -0.00139288 -0.00221206 0.000916858 0.00448738 0.00411563
internal_weight=58791.1 27289.1 6426.24 3280.75 31502 19823.9 1986.05 1617.14 11678.1 4618.5 17837.8 14469.8 13546.2 1454.72 162.417 3368.04 2079.35 3107.94 7059.63 292.312 240.192 1288.68 6767.32 757.539 3145.49 20862.9 18162 7750.96 5135.75 2700.88
internal_count=297530 150985 39887 19522 146545 92233 8580 6932 54312 20890 83653 67730 63205 6215 717 15923 9867 18359 33422 1434 1161 6056 31988 3612 20365 111098 96240 40728 26541 14858
is_linear=0
shrinkage=0.1


Tree=104
num_leaves=31
num_cat=0
split_feature=11 10 13 7 4 1 2 11 13 9 19 0 17 0 8 6 13 7 2 13 8 6 10 7 9 10 4 18 2 12
split_gain=125.322 57.1405 34.2369 25.6665 24.499 24.444 27.6694 24.2141 23.5325 21.8789 21.8383 37.5689 22.1086 23.5903 20.6341 23.2466 27.4512 22.5227 20.0064 19.5565 20.4574 16.2602 15.682 15.1869 15.1351 16.9332 14.9162 13.8491 13.8433 12.618
threshold=0.013002887401128335 0.36538877877995529 -0.44560068126385904 -0.22866321723753394 0.012452633682937366 -0.012773468119160468 -0.018738322671780768 0.01054007550812013 -0.59193301882767668 0.46824722331092589 1.0000000180025095e-35 0.010462347849986122 1.0000000180025095e-35 0.019213451742586155 1.1172102559719883 0.058229943437524974 0.31165974689814724 -0.018723359270109149 -0.016751562550226137 0.53694150155534259 -0.88103378990722903 -0.043394927668965237 0.48776653161650468 -0.057043001264685526 0.20119783717721854 0.16169175615781475 0.0083267406316172039 1.0000000180025095e-35 0.021658331357163444 0.040685585159705058
decision_type=2 2 2 2 2 2 2 2 2 2 2 2 2 2 2 2 2 2 2 2 2 2 2 2 2 2 2 2 2 2
left_child=2 4 24 19 8 6 23 29 -2 18 12 21 27 -14 15 16 -5 -16 -10 20 22 -12 -3 -4 25 -1 28 -6 -8 -7
right_child=1 3 5 14 10 7 26 -9 9 -11 11 -13 13 -15 17 -17 -18 -19 -20 -21 -22 -23 -24 -25 -26 -27 -28 -29 -30 -31
leaf_value=-0.023495154794399772 0.033044531152678427 0.066943945406158334 0.0050973674254550204 0.0052306982130771026 -0.013274033425371362 -0.038652681813367687 0.0014340596549281071 -0.014456696659384536 -0.0070557874550162634 -0.040508302359083023 0.11715047113643061 0.00036120373735388616 0.0022828988855463773 0.062245372515727954 -0.03046787357191498 -0.0056546629659595601 -0.0073715708027031679 0.01058671132596517 -0.00077135013802566888 -0.017745206709550231 -0.021453716391408088 0.047143875601366257 0.025491351606751339 -0.023443074683182935 -0.024884514715823598 0.02841192902943292 0.079408489295312093 0.012182204662818205 0.045578105438304289 -0.018081906562852707
leaf_weight=76.259927287697792 179.77072468400002 106.68098516762257 248.11612697690725 16311.726009964943 574.18177285790443 783.13006077334285 683.73234210908413 3173.761999361217 7883.1996997222304 156.76591418683529 45.302895292639732 181.20475600659847 147.40379025042057 118.24088852852583 137.16616815328598 2962.8541367352009 1933.3489162176847 5180.3692370951176 14173.148561872542 115.27092218399048 81.017588809132576 123.96283446252346 631.49442185461521 750.07970497757196 94.497511483728886 357.32275024801493 28.73866955935955 340.42018590867519 79.27544329315424 481.54276955872774
leaf_count=559 751 403 1774 67175 2947 8567 5202 25110 42415 775 204 923 750 589 554 12422 8271 20858 78339 437 309 605 2214 5690 530 1988 182 1713 562 4712
internal_value=-0.00026461 0.00141893 -0.0130681 0.00453153 -0.00215377 -0.0151409 -0.00527593 -0.0191192 -0.00299044 -0.00328207 0.0100859 0.032005 0.00357706 0.0289727 0.0039577 0.00256112 0.00389529 0.00952771 -0.00301748 0.0208201 0.0262468 0.0658807 0.0314821 -0.0163489 0.0113789 0.0192823 0.00868439 -0.00379907 0.00602056 -0.0308201
internal_weight=58140 51383.5 6756.46 27459.9 23923.6 6228.38 1789.94 4438.43 22392.9 22213.1 1530.72 350.47 1180.25 265.645 26525.5 21207.9 18245.1 5317.54 22056.3 934.464 819.193 169.266 738.175 998.196 528.08 433.583 791.746 914.602 763.008 1264.67
internal_count=297530 242654 54876 112643 130011 51799 13410 38389 122280 121529 7731 1732 5999 1339 109280 87868 75446 21412 120754 3363 2926 809 2617 7464 3077 2547 5946 4660 5764 13279
is_linear=0
shrinkage=0.1


Tree=105
num_leaves=31
num_cat=0
split_feature=11 11 13 14 13 4 9 9 20 12 3 19 2 14 6 20 12 11 11 4 12 5 3 10 2 4 12 15 9 14
split_gain=129.857 33.1599 30.4684 23.3885 25.3759 22.855 33.0424 22.3564 21.899 19.1267 18.173 17.9504 41.5988 18.5896 17.7105 16.4633 15.8389 21.3422 15.6639 15.6275 14.7888 13.8576 13.0111 18.116 16.3774 16.3276 13.5256 12.9583 12.5942 12.2332
threshold=0.01505561606670911 0.026989520915399905 0.026451757138321163 0.075142578063459073 0.43663468792789384 0.00084472498392651485 0.22006687929659921 0.24619952567138559 1.0000000180025095e-35 0.16031984890283721 0.12059059446747146 1.0000000180025095e-35 0.0090019577658413414 0.76067224186678828 0.028582280757524784 1.0000000180025095e-35 0.049344080428752712 0.012158450953393364 0.012865869874579739 -0.018835657539898017 0.087363769613254302 -0.0083411859625678857 -0.19488416456165011 0.99566824543047605 -0.1494035073390467 0.037889020957005082 0.12945007125136287 0.84233476924184936 0.47946557405216 0.98991596524719616
decision_type=2 2 2 2 2 2 2 2 2 2 2 2 2 2 2 2 2 2 2 2 2 2 2 2 2 2 2 2 2 2
left_child=2 3 5 10 7 11 8 15 21 -9 -2 13 -13 19 -10 -5 17 -8 29 -1 -12 -7 25 24 -24 28 -26 -25 -3 -4
right_child=1 22 18 4 -6 6 16 9 14 -11 20 12 -14 -15 -16 -17 -18 -19 -20 -21 -22 -23 23 27 26 -27 -28 -29 -30 -31
leaf_value=0.080327668918150782 -0.012440779558985931 0.014574586798592654 -0.024221547668648501 0.0050160033914413617 -0.014086779807845638 -0.014459557092613127 -0.042550340196157527 0.0013859852060382634 0.032336395036571153 -0.0077095415547525402 0.035148010922973018 0.022319544700356804 -0.021367814094817382 -0.0032161502224774584 -0.007217838469030455 0.020129598746761276 -0.024802916519987114 0.0052116292373485616 -0.01062924037210596 -0.019200515707009463 -0.016462242674697064 0.0060781815852793261 0.020639123991894555 0.013086673442674768 0.0083673161362752668 0.069366394127679115 0.001627601942468272 0.043903619548416671 -0.0074778911536259353 0.060170980880255721
leaf_weight=15.873912401497362 2079.1833319067955 317.14827993512154 1859.5443450957537 3501.5231399983168 1070.8873291537166 435.58624521270394 111.97261743247509 20340.74807715416 472.1176350414753 2608.4734798371792 154.22722471505404 469.26961466670036 406.98259408026934 1133.4890948086977 148.90129687264562 907.55027018487453 612.99586580693722 568.84277763217688 1940.7542817592621 2557.2549874670804 86.751900620758533 1336.8152276724577 741.49673157930374 382.9199328571558 6598.844329431653 31.367341503500938 5426.1031193733215 211.98782078921795 1411.8466872274876 17.336535051465034
leaf_count=105 11521 1254 16393 18889 5190 3320 909 96611 3181 12139 762 3477 3052 8478 963 4680 4055 3833 13828 19458 423 10158 2637 1255 24975 101 20083 666 5291 127
internal_value=-0.000318187 0.00211165 -0.00953902 0.000226176 0.00101406 -0.00612792 -0.000267166 0.00160515 0.00669287 0.000352162 -0.00942779 -0.0108433 0.00202859 -0.0138862 0.0228525 0.00812694 -0.0131425 -0.00264371 -0.0169284 -0.0185865 0.0165684 0.00103082 0.00594567 0.00701038 0.00621551 -0.00213563 0.00532611 0.0240679 -0.00343282 -0.023442
internal_weight=57958.8 45871.1 12087.7 30749.3 28429.2 8270.1 3687.23 27358.3 2393.42 22949.2 2320.16 4582.87 876.252 3706.62 621.019 4409.07 1293.81 680.815 3817.64 2573.13 240.979 1772.4 15121.7 13361.4 12766.4 1760.36 12024.9 594.908 1728.99 1876.88
internal_count=297814 206477 91337 150215 137509 60989 26419 132319 17622 108750 12706 34570 6529 28041 4144 23569 8797 4742 30348 19563 1185 13478 56262 49616 47695 6646 45058 1921 6545 16520
is_linear=0
shrinkage=0.1


Tree=106
num_leaves=31
num_cat=0
split_feature=11 3 8 2 3 9 6 20 15 3 0 3 7 15 9 2 5 14 3 8 0 6 19 8 11 13 8 14 7 15
split_gain=25.4709 15.8985 21.1701 20.6676 20.1908 19.6434 17.978 11.1956 13.7524 13.3266 9.82213 9.6801 12.1847 11.4501 8.91347 11.9117 8.66854 9.58858 9.57207 10.3279 9.19653 13.444 8.14321 7.4898 7.27834 7.7511 7.22234 7.14586 8.58377 6.92688
threshold=0.026166410110065031 -0.075101881029751003 -0.39851479706898768 -0.11636158640062998 -0.03306441306488294 0.11337684771091201 -0.039784230084062115 1.0000000180025095e-35 0.6141706357797504 0.017900138072399544 -0.039254458581216005 0.00097155473948973292 0.0042637013991998493 0.46724904428988601 0.22993831946647236 -0.022820018313745246 -0.018776156301803345 0.83417252243521856 0.041132648466627238 -0.22421676791645248 -0.0077291543738682291 0.0087685370848574768 1.0000000180025095e-35 -0.0077556941530183545 0.018347015298470878 0.08912365172127619 -0.89865997226866001 0.11152167869032405 0.058916437279107566 0.40436237302931094
decision_type=2 2 2 2 2 2 2 2 2 2 2 2 2 2 2 2 2 2 2 2 2 2 2 2 2 2 2 2 2 2
left_child=1 3 11 -1 5 -4 -7 9 -9 -6 24 12 -3 29 15 -2 20 18 19 -18 21 -16 -15 -20 25 -5 -14 -12 -29 -13
right_child=14 2 4 10 7 6 -8 8 -10 -11 27 13 26 22 16 -17 17 -19 23 -21 -22 -23 -24 -25 -26 -27 -28 28 -30 -31
leaf_value=0.01168973937188615 -0.023228242462144444 0.0076872912464890147 0.067876423934260285 0.04453843561938186 -0.00128032638576399 0.0065254307927783339 -0.014713297080182581 0.0015118242335411701 -0.0080660365279136715 0.0037314320798550989 -0.01530848662778617 0.011850292148038368 -0.024570770182009701 0.040276624625927619 -0.0070618267272995186 0.074048043948960515 -0.0051066139993353873 -0.016253606448729981 0.038811472822978081 -0.018726867418107165 0.0049834721938489084 0.022419391931103365 -0.0072377119986222083 -0.0022252711653554589 -0.034597573645434969 -0.028659237803279131 -0.00035554608396741493 -0.0031158109196820806 -0.052356758640442549 -0.029522368365776975
leaf_weight=790.91362902522087 20.498294115066528 5488.6946653574705 33.197631061077118 27.403481408953667 7431.0865847244859 524.03526729345322 1664.4000555202365 3637.9156581312418 2549.9429462403059 18549.921504274011 567.50971527397633 277.75995340943336 135.96444329619408 243.88198998570442 2109.931135289371 32.620404079556465 1557.5492054894567 918.17268362641335 45.110482960939407 866.41789472848177 1604.9247708693147 166.91828736662865 42.330706596374512 3161.6081452965736 188.60580199956894 30.644165337085724 1308.7752321362495 4961.253310367465 35.65620744228363 47.369300007820129
leaf_count=4097 103 26266 172 143 35916 2656 8746 17619 12467 88198 2953 1285 671 1119 12773 159 9076 5804 259 4927 9428 1047 191 18448 1001 152 6324 25419 182 213
internal_value=0.000119587 0.00108506 0.00180316 -0.00347628 0.000750777 -0.00846941 -0.00962754 0.00138754 -0.0024351 0.00229797 -0.00554044 0.00660014 0.00553652 0.018663 -0.00435032 0.0365095 -0.0045584 -0.00677788 -0.00523271 -0.00997501 -0.000813974 -0.00490053 0.0332493 -0.00164799 -0.0250677 0.00589636 -0.00263444 -0.00467486 -0.00346718 0.00582255
internal_weight=59021 48537.3 41935.3 6601.99 34390.5 2221.63 2188.44 32168.9 6187.86 25981 5811.07 7544.78 6933.43 611.342 10483.8 53.1187 10430.6 6548.86 5630.69 2423.97 3881.77 2276.85 286.213 3206.72 246.653 58.0476 1444.74 5564.42 4996.91 325.129
internal_count=297814 235790 201843 33947 165774 11574 11402 154200 30086 124114 29850 36069 33261 2808 62024 262 61762 38514 32710 14003 23248 13820 1310 18707 1296 295 6995 28554 25601 1498
is_linear=0
shrinkage=0.1


Tree=107
num_leaves=31
num_cat=0
split_feature=10 10 12 12 4 10 4 13 6 19 5 9 10 6 13 2 4 14 13 3 3 9 9 14 12 12 10 2 9 8
split_gain=80.286 18.7314 25.5392 19.1341 17.5122 16.0536 15.9613 13.5834 13.4253 12.9419 14.4972 11.6148 16.0134 13.1623 12.5159 11.3897 11.1267 11.0243 10.2138 10.0734 9.73302 9.36823 8.32977 8.18096 9.44679 7.96302 6.90379 6.74447 6.73109 6.51646
threshold=0.32914670736756552 0.52086268089112764 0.10542956949173471 0.25775196057648442 0.0092175767674395181 0.15449327047832809 -0.023719320910057014 0.12563828595555515 0.011595034550763496 1.0000000180025095e-35 -0.017128844334656775 0.46463296106480423 0.40408627083581755 0.094527769262795505 0.12563828595555515 0.021071498059654029 0.0059206729836698288 0.010658160135671503 0.031411395177382749 -0.087665359356838821 -0.12542764280710392 0.16404013307042492 0.24998251811934197 0.86850048838894678 0.019203036636450028 0.21532121259458989 0.84552856525772624 0.0017942328378806052 0.26147404746709452 -1.1330208709248746
decision_type=2 2 2 2 2 2 2 2 2 2 2 2 2 2 2 2 2 2 2 2 2 2 2 2 2 2 2 2 2 2
left_child=4 2 -2 26 5 19 -5 8 15 18 -11 -4 13 -13 -14 -7 22 -10 -6 -1 29 -9 -8 24 -21 -23 -3 -25 -18 -20
right_child=1 3 11 6 9 7 16 21 17 10 -12 12 14 -15 -16 -17 28 -19 20 23 -22 25 -24 27 -26 -27 -28 -29 -30 -31
leaf_value=-0.047346196977202056 -0.0057017886682519114 -0.011344163825039685 -0.00063438007745569239 -0.042870007628596135 -0.0071081921271673124 0.00054474668255512237 0.02714118345891315 0.018364206998424889 -0.033326542566475548 -0.04970932135941869 -0.010092463739288111 0.020501316909362799 -0.003879198781712747 0.085052039889381148 0.014296963358188529 -0.010819378925969333 -0.0567788349442028 0.0049026882016824334 0.0070836207066176981 0.024820001558356869 0.0042672950925759894 0.0054825327107460818 0.0031832245583034713 0.010879714540278253 0.010185089829648929 0.062132104529131919 -0.026970670829446028 -0.014367697944685946 -0.0085978718328666697 0.074867137543970896
leaf_weight=29.267331019043922 10371.40710683167 4550.026965610683 3880.2885086461902 84.787388443946838 1194.7412433326244 11954.312855690718 165.48052849620581 644.63612081110477 76.018938437104225 115.02403552830219 468.96981681883335 411.73593565821648 880.2952433526516 34.213496036827564 665.05062645673752 952.18930399417877 31.074748799204826 9779.3137007653713 24.37314760684967 596.69844205677509 836.8730161935091 6268.8114974796772 1179.605352923274 222.67870992422104 1691.0632158070803 24.911891475319862 301.45639122277498 201.59650228917599 433.40487864613533 33.922548845410347
leaf_count=123 59982 31637 20868 684 5649 54579 809 2692 351 579 2213 2226 5377 188 3980 4356 167 44110 127 2131 3984 29024 7762 840 6504 126 2755 761 3061 169
internal_value=3.63511e-05 -0.00455781 -0.00271826 -0.00898718 0.00304399 0.00368512 -0.000464168 0.00300929 0.00182856 -0.00473456 -0.0178954 0.00255175 0.00876034 0.0254537 0.00394304 -0.000293652 0.00152276 0.00460781 -0.00105695 0.0110072 0.00701937 0.00688275 0.00613068 0.011637 0.0140022 0.00570676 -0.0123151 -0.00111672 -0.0118213 0.0465272
internal_weight=58104.2 22988.8 16243 6745.84 35115.4 32441.5 1894.35 29700.2 22761.8 2673.9 583.994 5871.58 1991.3 445.949 1545.35 12906.5 1809.57 9855.33 2089.91 2741.3 895.169 6938.36 1345.09 2712.04 2287.76 6293.72 4851.48 424.275 464.48 58.2957
internal_count=297814 139496 92621 46875 158318 145597 12483 135238 103396 12721 2792 32639 11771 2414 9357 58935 11799 44461 9929 10359 4280 31842 8571 10236 8635 29150 34392 1601 3228 296
is_linear=0
shrinkage=0.1


Tree=108
num_leaves=31
num_cat=0
split_feature=11 13 11 9 1 13 13 3 8 2 8 6 5 14 3 11 3 9 14 5 3 9 14 12 2 16 9 11 9 5
split_gain=44.0081 18.7224 12.1487 14.3779 11.4228 11.2453 13.2049 16.2665 12.2452 10.9932 11.5864 11.1766 10.8668 12.2311 10.6001 10.1983 10.154 10.5285 10.1502 10.0141 11.8573 9.49853 9.23458 11.6475 9.06012 8.05783 7.46017 8.11863 18.7413 9.22512
threshold=0.021415522233453801 -0.36586184767979574 0.013267867499468214 0.22871159811518232 0.0094879163760848168 0.44979507447643202 0.14544372945463532 0.043994002275824513 -0.75540399697590865 0.057611584012352342 0.065759745418945664 0.0280162452663737 -0.0054266242212707696 0.96741733487510995 0.13233026498020631 0.011189135343642034 -0.034131783970592348 0.09812185706440664 0.98991596524719616 -0.046470973547640175 -0.045062570209143608 0.47946557405216 0.98591076661310162 0.066530180949117126 0.074921450537634562 1.0000000180025095e-35 0.30227815140388165 0.03785062095668832 0.71840779499720087 0.11251303215306675
decision_type=2 2 2 2 2 2 2 2 2 2 2 2 2 2 2 2 2 2 2 2 2 2 2 2 2 2 2 2 2 2
left_child=1 4 5 19 15 6 8 -8 -3 12 11 -11 -6 -14 -12 16 -1 -18 21 -4 -21 -5 26 -24 25 -17 -2 28 -28 -30
right_child=22 2 3 18 9 -7 7 -9 -10 10 14 -13 13 -15 -16 24 17 -19 -20 20 -22 -23 23 -25 -26 -27 27 -29 29 -31
leaf_value=0.05943853279019571 -0.00996650506976887 -0.0087017472444074085 -0.025831845979974174 0.0015200705309113074 0.063237515372102787 -0.028107077124394305 0.017613965700209941 -0.0034928113036077342 0.0040082913782005644 -0.0030215686972929353 -0.0091797448538055871 0.072089653215543378 -0.0076376876469640455 0.062945468756258643 0.044225604880009727 0.0055873972748145288 0.065155627786071021 0.014264529804038174 -0.021248916280701122 0.0044501482488139496 -0.005548501639604967 0.015523601979092175 0.033947570686383752 -0.027510572860967558 0.068345717491893845 0.023892507177066497 -0.0030573776743270226 -0.0086903748152505067 0.013024182781366323 -0.019060688111999066
leaf_weight=79.356694832444191 1613.2341591715813 827.10452758520842 199.63002544641495 17852.123550757766 23.543304055929184 107.33722017705441 1391.4458127170801 495.03682431578636 9073.1245607882738 29.091642200946808 141.60370209813118 62.098261058330536 852.87789373844862 25.278397649526596 50.391527697443962 1258.498201161623 46.043885871767998 347.14842964708805 191.3888722807169 1573.2690087407827 4818.9407235831022 497.8835808634758 34.650604918599129 280.20352958887815 26.234016314148903 297.28220069408417 13408.266088522971 2078.4435640275478 1046.1695550307631 98.008272759616375
leaf_count=359 8584 3777 920 86444 117 473 6149 2279 41305 140 677 314 4086 125 256 6072 212 1585 916 6973 22619 2536 199 1861 136 1416 75870 14540 6256 618
internal_value=0.000261935 0.00211883 0.00148103 0.000234956 0.00940892 0.0041141 0.00440753 0.0120753 0.00294644 0.00158953 0.0187773 0.0481275 -0.0038084 -0.0056059 0.00483715 0.0139184 0.0268094 0.020224 0.00166107 -0.0037764 -0.00308761 0.00190002 -0.0037669 -0.0207469 0.0100679 0.00908518 -0.00347386 -0.00284406 -0.00200906 0.0102758
internal_weight=58825.7 40266.7 37027.3 25133.2 3239.45 11894 11786.7 1886.48 9900.23 1184.88 283.185 91.1899 901.7 878.156 191.995 2054.56 472.549 393.192 18541.4 6591.84 6392.21 18350 18559 314.854 1582.01 1555.78 18244.1 16630.9 14552.4 1144.18
internal_count=297814 189886 174391 120408 15495 53983 53510 8428 45082 5715 1387 454 4328 4211 933 9780 2156 1797 89896 30512 29592 88980 107928 2060 7624 7488 105868 97284 82744 6874
is_linear=0
shrinkage=0.1


Tree=109
num_leaves=31
num_cat=0
split_feature=10 3 2 1 4 11 18 7 3 2 13 9 1 7 14 20 4 11 13 1 3 11 2 3 17 10 7 15 1 14
split_gain=127.478 41.0279 40.9254 35.324 51.1766 36.1624 35.437 27.6097 27.2882 27.225 21.7892 23.2168 21.6665 19.5639 19.2277 17.2574 16.3704 15.6667 14.979 23.8598 14.852 14.6067 14.3026 22.7129 14.2585 15.4086 12.9059 12.3435 12.3341 11.7729
threshold=0.2162340230483176 -0.13591558161209713 -0.074060588359114096 -0.012350747307508179 0.013572722953952178 0.018809758449262595 1.0000000180025095e-35 0.10299349724399033 -0.064352513015085475 0.007335671657866972 -0.45828610206435599 0.15696135058789842 -0.064329357051426492 -0.088844939540346765 0.96374621947976447 1.0000000180025095e-35 0.0072800209242762657 0.044148357855600159 0.13854800266486392 -0.0044609768084760129 -0.049978991437140678 0.023215851842863854 -0.018080232965068884 0.066754912605784936 1.0000000180025095e-35 0.21128922923148666 0.041760068768141097 0.17376721177174911 -0.029732802912510122 0.10741860894884636
decision_type=2 2 2 2 2 2 2 2 2 2 2 2 2 2 2 2 2 2 2 2 2 2 2 2 2 2 2 2 2 2
left_child=8 14 7 4 6 9 -4 12 29 -5 24 26 27 -14 15 18 -17 -7 19 -2 -6 -20 28 -24 25 -10 -12 -3 -13 -1
right_child=1 2 3 5 20 17 -8 -9 10 -11 11 22 13 -15 -16 16 -18 -19 21 -21 -22 -23 23 -25 -26 -27 -28 -29 -30 -31
leaf_value=0.043484636727034648 0.021535702205228172 0.0067304423694587419 0.0013454385446381306 -0.01185106855838277 0.052504833740158789 0.0018782724986302483 0.014725883001116467 0.021649360052580644 0.015940601738246168 -0.0013046745582402802 -0.020199317865237418 -0.0068496007398526071 -0.031412093930227633 -0.011183860353278089 0.040161791463162191 0.0033596958805592499 -0.02735123765682412 0.016388270884705552 -0.017882616972394311 0.0024316291789949701 0.022089279199866148 0.0078856026196663011 -0.0046627283356627256 -0.024852559706231139 -0.02765316758316751 0.1134318219149329 -0.038994020756169125 -0.010240109548969705 -0.030812119400833511 0.0017377237555133221
leaf_weight=76.093473471701145 2021.4401216208935 827.46525467932224 8833.9138791114092 3644.613982450217 213.85271430015564 16841.731510236859 2550.8612048774958 283.31779229640961 218.31947754323483 7453.3588043116033 1292.1741900108755 323.79703742265701 661.47870191931725 1724.8990578427911 199.29489846527576 900.37636671960354 215.01996923983097 778.51865588128567 274.52748837321997 966.24928288906813 644.02786129713058 1107.1377250105143 2646.671822912991 705.78049638867378 72.034294582903385 17.512308955192566 509.38341976702213 889.13281238079071 638.14021822065115 601.75245698541403
leaf_count=474 8109 3460 42220 21477 899 73145 12038 1082 1309 43671 12123 2155 2988 7859 776 3737 865 2791 1381 3925 2621 4402 20476 5522 473 87 4756 3994 4790 4209
internal_value=-0.00010557 0.00164133 0.000637467 0.00162054 0.00611825 -0.000296844 0.00434345 -0.00854284 -0.0126585 -0.00476815 -0.0146721 -0.0159788 -0.0106277 -0.0167909 0.00965014 0.00854146 -0.00256059 0.00251937 0.0113756 0.0153572 0.0296713 0.00276563 -0.0119974 -0.00891323 0.0112861 0.0231801 -0.0255134 -0.00205966 -0.0227461 0.00642414
internal_weight=58132.9 51031.2 45347.2 40960.9 12242.7 28718.2 11384.8 4386.29 7101.66 11098 6423.81 6115.95 4102.98 2386.38 5684.05 5484.75 1115.4 17620.3 4369.35 2987.69 857.881 1381.67 4314.39 3352.45 307.866 235.832 1801.56 1716.6 961.937 677.846
internal_count=297814 241440 218245 198862 57778 141084 54258 19383 56374 65148 51691 49822 18301 10847 23195 22419 4602 75936 17817 12034 3520 5783 32943 25998 1869 1396 16879 7454 6945 4683
is_linear=0
shrinkage=0.1


Tree=110
num_leaves=31
num_cat=0
split_feature=3 2 14 3 8 8 3 9 13 20 7 1 8 9 13 5 4 13 9 7 8 14 4 2 8 4 8 8 6 13
split_gain=38.7491 47.5531 44.4351 39.2242 70.2388 31.1513 59.308 29.7904 31.795 27.1647 25.7453 34.671 24.3394 24.4658 26.3696 23.9328 23.7046 23.5145 22.6404 25.0027 21.3519 20.7788 20.5168 18.9289 17.8943 17.0145 16.8324 13.9197 21.4408 13.901
threshold=0.0837595493183141 -0.037245598466707268 0.19926201504327984 -0.071936006298233032 -0.93453538168835049 1.0423620823748627 0.12742529759743396 0.52363375450071026 -0.27742069922648832 1.0000000180025095e-35 -0.076205242118019642 -0.055239781988671847 0.6696007284471529 0.37928449163478961 0.046169933745669377 -0.0070537504735066472 -0.0027763937579274862 -0.43341688378786353 0.13773921142114412 0.039908694295188958 0.31507249388987041 0.52133005059509041 -0.0098159801222150716 -0.086154145231344778 -0.59269328477163052 0.0053990334413174254 -0.18531016174625584 1.5601804870872125 0.060434524819869558 0.059207887635664737
decision_type=2 2 2 2 2 2 2 2 2 2 2 2 2 2 2 2 2 2 2 2 2 2 2 2 2 2 2 2 2 2
left_child=1 3 16 4 15 7 27 8 -2 24 11 26 13 14 -4 -1 -3 -12 19 -18 -15 -8 -19 -13 -6 -10 -5 -7 -29 -27
right_child=5 2 12 10 9 6 21 -9 25 -11 17 23 -14 20 -16 -17 18 22 -20 -21 -22 -23 -24 -25 -26 29 -28 28 -30 -31
leaf_value=0.0061887713635184203 0.024888467956344491 -0.021617012586425358 -0.0012375117963853129 0.011222262871840897 -0.014854295474418418 -0.027251293739208926 -0.0032993278587241225 0.023371305179857648 -0.001083057309544222 0.0029107186177817915 -0.024989882704801153 0.06598374319579639 -0.016392370693195327 0.0058849979359257426 -0.010361583779309125 -0.016342576913178541 0.0058897186131382576 0.020443174669480466 -0.0094387614840279205 0.096030096319967062 -0.0093648027083759015 0.0079563864747973015 0.004059736437230837 0.026764993840886431 -0.035320654245738901 0.020766787129880393 -0.03555505135380186 0.075454094405682903 -0.047412929938773565 0.0003471950459861569
leaf_weight=5025.3688072487712 754.76703173667192 1832.8491746671498 10926.753484815359 284.87240882962942 1199.5969473868608 871.4785795211792 2986.6953524202108 1178.6292456239462 3327.8715141043067 563.7292710095644 241.5030225738883 160.40392928570509 1186.6040375232697 5567.1790063753724 4460.6886512413621 520.23446127772331 122.35554066672921 925.71690229326487 3848.7968099936843 41.11031050235033 1099.4642962217331 3637.7624039463699 4385.2700760737062 528.69437395036221 663.48287928849459 791.54206732660532 105.38454786688089 33.451299890875816 24.682248845696449 575.99124412983656
leaf_count=21520 3853 10621 68244 1184 6003 4180 12655 4342 17776 2862 1202 629 6267 23003 29270 2253 975 3947 22255 292 4521 14435 21965 2557 3559 3829 443 139 107 2832
internal_value=-0.00058896 -0.00206325 -0.004401 0.0025926 -0.00213412 0.00395257 -0.000437616 0.00895555 0.00583807 -0.0163231 0.00827477 0.0224064 -0.00244083 -0.00169017 -0.0038825 0.0040751 -0.0121948 0.0055277 -0.00789066 0.0285593 0.00337 0.00288165 0.00691541 0.0358941 -0.0221428 0.0027758 -0.00140943 -0.0240908 0.0232874 0.0121663
internal_weight=57872.9 43690.1 29085.8 14604.3 7972.41 14182.9 7554.07 6628.8 5450.17 2426.81 6631.85 1079.36 23240.7 22054.1 15387.4 5545.6 5845.11 5552.49 4012.26 163.466 6666.64 6624.46 5310.99 689.098 1863.08 4695.4 390.257 929.612 58.1335 1367.53
internal_count=297720 233572 165448 68124 36197 64148 31516 32632 28290 12424 31927 4813 131305 125038 97514 23773 34143 27114 23522 1267 27524 27090 25912 3186 9562 24437 1627 4426 246 6661
is_linear=0
shrinkage=0.1


Tree=111
num_leaves=31
num_cat=0
split_feature=10 3 11 12 3 3 2 10 11 11 0 4 0 9 3 7 14 3 7 3 3 15 4 14 4 14 9 10 13 14
split_gain=28.5339 16.3765 10.3073 12.989 10.8262 10.1117 27.1702 11.2638 18.541 10.6902 10.5598 11.1265 9.9577 11.2773 9.12882 9.5905 9.44036 8.72229 8.67368 10.3552 10.3273 8.15492 11.1167 9.37738 7.94404 7.23767 7.19034 10.7371 11.4352 8.6629
threshold=0.33988456645701565 -0.05486439297884526 0.040044983724195231 0.11381249587869656 -0.34437524507926182 0.081105938104418143 0.042208179754127169 0.14385116311414356 0.0093318884875281411 0.012794680866360701 -0.017998117763102558 0.014473524127396333 0.0048038603822386792 0.43489664803309608 -0.00098989052732267858 -0.03738708648038213 0.62714149409692799 0.0093721578055847594 -0.0079288990356766714 -0.064352513015085475 -0.14401688929873832 0.55067116376341796 0.019682827117658345 0.42641125708682776 -0.0084746190001647719 0.89959731489136574 0.30677189752558548 0.4329372252705927 0.563783604203277 0.47013421473546907
decision_type=2 2 2 2 2 2 2 2 2 2 2 2 2 2 2 2 2 2 2 2 2 2 2 2 2 2 2 2 2 2
left_child=1 12 3 26 -5 6 10 -7 -9 -10 17 -12 13 -1 16 -16 -8 -3 20 -20 -6 -14 24 -24 -23 -4 -2 29 -29 -28
right_child=2 5 25 4 18 7 14 8 9 -11 11 -13 21 -15 15 -17 -18 -19 19 -21 -22 22 23 -25 -26 -27 27 28 -30 -31
leaf_value=-0.00078085921595665909 -0.010173844021946044 -0.0085238744307757231 -0.0073195464258001891 -0.036540382020343889 -0.0024520556903791617 0.056624900693041318 -0.029614168850597356 -0.04993898257349582 0.016822381677946589 0.0050631445823952365 0.0047413531767070416 -0.012382812624190664 -0.024234869876354259 0.056806363042358934 -0.031396029127089525 -0.0027381615850561735 -0.00035693374476421653 0.0047462903528046989 -0.020964101187311401 -0.00043909334797010373 0.00804023944511696 0.023441315360829652 -0.0061082108369040315 0.086039140444775022 -0.010143460854299301 -0.026709987943320475 -0.0039698392093330285 -0.0074205141966086621 0.036485126948533862 0.0033424914070266372
leaf_weight=4076.8235797286034 1603.3666346520185 1230.7345773875713 1546.6857315450907 76.33186087012291 1391.937022998929 45.116050109267235 295.05738727748394 57.692625492811203 929.96720318496227 4582.5950248911977 17687.317278146744 387.7568491846323 310.79804189503193 34.291943475604057 121.24753612279892 3166.3947698920965 176.1142596155405 828.90517889708281 258.51446054130793 4999.6006358340383 2877.1182032972574 75.361292809247971 20.696909189224243 23.678333938121796 1076.2878908291459 219.859883479774 3332.9209558218718 4330.7015594616532 60.144353523850441 3152.6396154016256
leaf_count=20398 8010 5960 9974 491 8000 190 1477 262 4063 21351 82817 1941 1588 172 581 14996 841 3976 1452 27239 15537 374 109 122 5415 1635 17399 24854 335 16161
internal_value=0.000286786 0.00209922 -0.00238264 -0.00179466 0.000970021 0.00304134 0.00214394 0.00685978 0.00645671 0.00704692 0.00360094 0.004374 -0.00284935 -0.000300508 -0.0056607 -0.00379506 -0.0186784 -0.00318328 0.00127056 -0.0014482 0.0046192 -0.00980343 -0.00605328 0.043061 -0.00794575 -0.00973283 -0.00392215 -0.00300055 -0.00681911 -0.000415306
internal_weight=58976.7 35126.8 23849.8 22083.3 9603.5 29508.9 23893.5 5615.37 5570.25 5512.56 20134.7 18075.1 5617.94 4111.12 3758.81 3287.64 471.172 2059.64 9527.17 5258.12 4269.06 1506.82 1196.02 44.3752 1151.65 1766.55 12479.8 10876.4 4390.85 6485.56
internal_count=297720 166633 131087 119478 52719 138455 112589 25866 25676 25414 94694 84758 28178 20570 17895 15577 2318 9936 52228 28691 23537 7608 6020 231 5789 11609 66759 58749 25189 33560
is_linear=0
shrinkage=0.1


Tree=112
num_leaves=31
num_cat=0
split_feature=11 11 2 7 4 7 19 6 11 7 0 19 8 5 7 13 9 9 2 3 9 15 5 6 13 10 7 0 13 9
split_gain=60.2984 25.6414 15.9403 15.5067 14.1794 12.9402 12.3258 17.9891 11.9818 10.2861 10.1495 15.7167 13.3045 11.6699 11.5293 10.5173 9.75066 8.6098 10.96 9.4188 8.49027 8.41618 11.1542 10.6019 7.82701 7.61857 7.25021 6.97908 5.54734 5.47302
threshold=0.025108207039482158 0.010438708093063751 0.1696696969672167 0.17975635118912983 0.0049180884009571999 0.28295603581122458 1.0000000180025095e-35 0.024638500856111748 0.040849017705196632 0.042680417271723566 -0.010047024141517589 1.0000000180025095e-35 -0.88103378990722903 -0.021982766643449166 -0.079756571382095617 -0.35311407391250288 0.47193345592210262 0.79255459504702086 -0.18004401713586363 0.26204639410186209 0.62378712253487023 0.56245805369127522 0.078902724017952633 0.14344672111397785 0.21616399034890607 0.15944543322072188 0.19571487518492317 -0.017998117763102558 -0.067477956906401945 0.43797668114754534
decision_type=2 2 2 2 2 2 2 2 2 2 2 2 2 2 2 2 2 2 2 2 2 2 2 2 2 2 2 2 2 2
left_child=1 3 4 10 5 16 9 -8 17 -6 11 13 15 -1 -14 -12 -3 18 28 24 -21 22 -4 29 -20 -13 -10 -19 -2 -23
right_child=8 2 21 -5 6 -7 7 -9 26 -11 12 25 14 -15 -16 -17 -18 27 19 20 -22 23 -24 -25 -26 -27 -28 -29 -30 -31
leaf_value=0.018381107260161244 -0.057132954860824307 0.0013929700500820001 0.027954057926455368 0.082117919032042005 0.0019605856021365016 -0.034582625062177526 -0.017213694403082565 0.0013913181183380459 -0.011195633601375375 -0.0053406556878250137 -0.016678840977686859 0.066584237593733553 -0.050320003329725894 -0.018625604773274119 0.0090403254234201775 0.044019508065808226 0.010537541194738993 -0.011104732038869771 -0.0068903415842184517 -0.031426338162176097 0.004599212740902945 0.078034595280434743 0.12166325429335192 -0.0061147744700822257 0.00095074162228081939 0.010952026131244796 -0.02773699773599142 0.010563753293095989 -0.019806722018039742 0.011908500521363764
leaf_weight=107.42524491250515 50.100959643721581 31326.490904003382 33.975315779447556 28.435710653662682 4990.188225671649 98.414066582918167 1237.7358694821596 895.83677499741316 919.60228878259659 3146.0214231908321 34.006068259477615 38.741128861904144 33.002210572361946 412.12343081831932 3821.7449854016304 177.80105774104595 1211.1029360741377 204.82018991559744 5992.5083542689681 254.66727040708065 88.031955905258656 31.268704131245613 20.286440715193748 81.95713497698307 1616.4395491853356 67.515889629721642 372.23315968364477 541.93229725956917 193.95180229842663 20.870721116662025
leaf_count=429 365 150057 187 106 24805 540 6194 4448 7386 15713 126 144 128 1605 14405 649 6750 1529 39916 1779 673 172 107 455 10335 263 3129 3863 1348 114
internal_value=6.86633e-06 0.00149795 0.000731493 0.0084946 0.000604062 0.00162384 -0.00263664 -0.00940189 -0.00695952 -0.000862579 0.00804845 -0.00380704 0.0098729 -0.0109739 0.00853212 0.0342743 0.00173335 -0.00565903 -0.00659565 -0.00595499 -0.0221722 0.0297587 0.0629884 0.0163124 -0.00522459 0.0312354 -0.0159619 0.00462049 -0.0274693 0.0515652
internal_weight=58049.2 47814.9 43094.1 4720.8 42905.8 32636 10269.8 2133.57 10234.3 8136.21 4692.36 625.806 4066.55 519.549 3854.75 211.807 32537.6 8942.45 8195.7 7951.65 342.699 188.358 54.2618 134.097 7608.95 106.257 1291.84 746.752 244.053 52.1394
internal_count=297720 227397 209542 17855 208507 157347 51160 10642 70323 40518 17749 2441 15308 2034 14533 775 156807 59808 54416 52703 2452 1035 294 741 50251 407 10515 5392 1713 286
is_linear=0
shrinkage=0.1


Tree=113
num_leaves=31
num_cat=0
split_feature=11 10 12 13 10 11 12 9 3 7 1 6 11 14 14 6 12 15 14 13 1 9 14 12 11 19 10 9 11 5
split_gain=47.5672 15.8138 11.6295 20.7465 12.0164 9.64361 8.89727 11.0393 9.28432 12.0536 12.8829 10.4513 8.90286 8.75935 10.0766 10.7041 10.3043 9.09673 8.66746 8.25742 9.3124 14.3417 10.0593 8.92645 9.03573 8.24329 7.92943 7.84146 12.9905 8.24926
threshold=0.01873252321546395 0.50339092722033618 0.17730810462552346 -0.45828610206435599 0.94301017942886756 0.025560194048335486 0.019975790494268595 0.14024738690325311 -0.071936006298233032 -0.074644079479392153 -0.021220947078562254 0.019890694032225101 0.014066775703766838 0.87252598364234635 0.74848891601119838 -0.082943833767140082 0.20541385881832372 0.64573545861297554 0.9033881139184099 0.53694150155534259 1.0000000180025095e-35 0.44406122061872461 0.19121102453648067 0.22137246252722689 0.02430420630270997 1.0000000180025095e-35 0.33366572752283796 0.69017394265966947 0.03924277595886546 0.061706296503706966
decision_type=2 2 2 2 2 2 2 2 2 2 2 2 2 2 2 2 2 2 2 2 2 2 2 2 2 2 2 2 2 2
left_child=6 19 3 5 27 -3 7 -1 13 -10 12 -12 -11 14 15 -8 -16 -15 -19 20 21 -2 -23 24 -22 -7 -25 29 -29 -4
right_child=1 2 4 -5 -6 25 8 -9 9 10 11 -13 -14 17 16 -17 -18 18 -20 -21 23 22 -24 26 -26 -27 -28 28 -30 -31
leaf_value=-0.0042228198261695122 -0.0064267601486210834 0.059058310318740807 -0.0021844031830504976 -0.011742652865991212 -0.01546051138423246 0.02007986535073783 -0.015143337848318637 0.015519632837001102 -0.0087368302990405104 0.011819132508025305 -0.00089470597635544027 0.0034754262831269175 0.0030003361087959156 0.003201169850570105 0.018115770644075147 0.008526244294363515 0.075255231744374373 -0.065584327927023553 -0.011118166646027498 0.01347319850901472 0.0022646471938503995 0.016437916986180946 -0.00046384219742918385 0.051910739819939572 -0.0045312712985976977 -0.042537278721905408 0.0095152550632777669 0.013427901105432918 -0.0066645249474378832 -0.025440457402276684
leaf_weight=383.6763481721282 6382.085571154952 51.45405188202858 1458.2859118878841 4098.8034100756049 598.69668879359961 112.02823649346828 207.62991358339787 1081.8445056825876 1055.1972001940012 2075.995638102293 11689.417214371264 10289.594493098557 2551.9583515077829 477.87415874004364 499.83422486484051 2394.1548514813185 33.687856152653694 38.734276846051216 118.91325682401657 367.57500942796469 5940.8318011462688 442.68707057833672 1721.3818777799606 57.04850409924984 2917.1085642278194 25.880924671888351 194.61963780969381 833.80847777426243 524.00320633500814 170.34227085113525
leaf_count=2004 33433 298 8272 26119 4083 733 955 4869 4942 9089 53842 48698 12295 2150 2239 10616 169 170 533 2014 30733 2505 9639 293 16383 167 1040 4816 3604 1017
internal_value=0.000211263 -0.00299463 -0.00673346 -0.0102476 -0.00253021 0.022113 0.00273484 0.010351 0.00237975 0.00174521 0.00216091 0.0011512 0.00695625 0.00703461 0.00920452 0.00663734 0.0217237 -0.00367053 -0.0245006 -0.00136137 -0.00167021 -0.00404132 0.00299362 0.000554246 2.66064e-05 0.00832873 0.0191255 6.19452e-05 0.00567388 -0.00461681
internal_weight=58795.2 25896.6 7873.3 4288.17 3585.14 189.363 32898.5 1465.52 31433 27662.2 26607 21979 4627.95 3770.83 3135.31 2601.78 533.522 635.522 157.648 18023.3 17655.8 8546.15 2164.07 9109.61 8857.94 137.909 251.668 2986.44 1357.81 1628.63
internal_count=297720 145149 49109 27317 21792 1198 152571 6873 145698 128866 123924 102540 21384 16832 13979 11571 2408 2853 703 96040 94026 45577 12144 48449 47116 900 1333 17709 8420 9289
is_linear=0
shrinkage=0.1


Tree=114
num_leaves=31
num_cat=0
split_feature=11 10 13 0 0 4 18 2 3 3 20 3 2 1 8 18 20 0 7 3 8 4 11 12 0 5 5 7 9 8
split_gain=100.774 37.7823 33.9194 24.7686 30.2938 45.0435 39.2253 25.4247 34.5928 30.2398 23.6048 23.3186 29.068 37.6812 27.6959 22.3439 36.0771 30.3542 20.0469 18.4619 34.3935 22.6337 18.369 17.7512 32.365 23.7375 17.7406 18.4945 17.7774 17.4539
threshold=0.013202693954268721 0.28910649184440879 -0.38812180094153975 0.032642656446367997 -0.026242168411907848 0.0046529258790057879 1.0000000180025095e-35 -0.037245598466707268 0.036458550946587572 -0.18668481394949629 1.0000000180025095e-35 0.0060959542017182686 0.030202476616822741 -0.002464921359518701 -0.26323329446498672 1.0000000180025095e-35 1.0000000180025095e-35 -0.004806370515420876 0.0042637013991998493 -0.023848922297834415 -0.48013013404042637 0.029564437193184027 0.0099432353466932192 0.11610549367765752 -0.035143474283387814 0.045834952539450365 0.042211065335461158 0.19571487518492317 0.27367896575098372 -0.18531016174625584
decision_type=2 2 2 2 2 2 2 2 2 2 2 2 2 2 2 2 2 2 2 2 2 2 2 2 2 2 2 2 2 2
left_child=2 23 15 4 5 6 -3 9 -9 -6 -7 12 -4 18 -13 16 -1 -17 -14 20 21 -5 -16 26 -25 -26 27 -2 -28 -21
right_child=1 3 11 19 7 10 -8 8 -10 -11 -12 14 13 -15 22 17 -18 -19 -20 29 -22 -23 -24 24 25 -27 28 -29 -30 -31
leaf_value=-0.017832855762318293 -0.0034592476126205571 0.00080800575348588587 -0.010019307210274386 0.018005008618685526 0.0095011878973034654 0.038004397560625611 0.022537335260606063 0.0073437750896866941 -0.00099244342644728956 -0.0066485036830837676 -0.00844038224367606 -0.054568137664389949 0.047347171999637609 0.010827680029062647 -0.034728666272800739 0.065874799459389774 0.038838953669023062 -0.012483928757389483 0.20712079348494764 -0.018909150255788959 0.052973092852896086 -0.0254216985542596 -0.013548737502208625 0.14993844065186948 0.00479694487294661 0.093908479484321558 -0.0051594217863203786 0.045181312912841234 -0.03600456954471578 0.0082352001936858727
leaf_weight=394.4390236698091 10662.20527741313 4060.0445430725813 2872.8638927564025 868.76103620231152 1401.7777189910412 684.27030858397484 1044.4752299040556 9086.9689981043339 11008.391003653407 6706.8995724469423 130.25852496922016 208.51535470038652 15.509384244680406 210.10388249903917 486.61312591657043 132.1491441577673 157.05856287479401 78.982953362166882 15.907772645354269 256.57883228361607 257.21945162117481 139.2544966340065 2583.4899632707238 16.737441793084145 618.68250887095928 31.410503342747688 417.83473418653011 78.748245418071747 337.99864099919796 3085.905893906951
leaf_count=2667 62846 16425 23359 3408 5444 2585 4200 40405 49548 29926 512 1880 106 1600 5386 623 974 512 101 1092 1040 523 21364 84 3335 163 2563 443 1911 12695
internal_value=7.49587e-05 0.00163725 -0.0110368 0.00316416 0.00223489 0.00873892 0.00525421 0.000869917 0.00277713 -0.00385665 0.030577 -0.0134148 -0.00721812 0.0261016 -0.019301 0.00889724 -0.00169354 0.0365614 0.128247 0.010046 0.0203343 0.0120057 -0.0169058 -0.00322465 0.0126375 0.00910254 -0.00414468 -0.00310264 -0.018953 0.00615152
internal_weight=58050.1 50894.4 7155.63 38730.8 34123.1 5919.05 5104.52 28204 20095.4 8108.68 814.529 6393 3114.38 241.521 3278.62 762.63 551.498 211.132 31.4172 4607.72 1265.23 1008.02 3070.1 12163.6 666.83 650.093 11496.8 10741 755.833 3342.48
internal_count=297720 239148 58572 167803 149045 23722 20625 125323 89953 35370 3097 53796 25166 1807 28630 4776 3641 1135 207 18758 4971 3931 26750 71345 3582 3498 67763 63289 4474 13787
is_linear=0
shrinkage=0.1


Tree=115
num_leaves=31
num_cat=0
split_feature=10 3 8 7 4 10 4 18 17 8 3 8 7 5 4 3 6 18 18 15 6 7 7 5 2 2 10 4 4 7
split_gain=82.0476 30.1239 112.576 37.7627 42.1553 35.5282 31.2168 23.8969 22.8282 21.7253 71.3858 30.7575 20.6144 20.1856 19.4439 20.614 18.8144 18.7744 17.1763 20.918 17.0902 18.6844 14.9359 14.6015 26.1315 14.8519 14.5409 14.4426 14.1997 13.2045
threshold=0.24323423760669827 -0.05365096701681437 -0.50880238786632148 -0.039363598671785675 0.0061412654510293327 0.70768858675509283 -0.016460087360086664 1.0000000180025095e-35 1.0000000180025095e-35 -1.4652947007799322 -0.10818147207330985 -0.9160633284560652 -0.16489036799599691 0.041393152820156216 0.037889020957005082 -0.23888391317825761 -0.047214616144260528 1.0000000180025095e-35 1.0000000180025095e-35 0.72843242249194107 -0.018232721771769819 -0.053222230655009577 0.037220159185885067 -0.028931031399012316 -0.011766890322446598 -0.074060588359114096 1.1577588515056088 0.029564437193184027 0.0021924969786271124 0.10127536121387827
decision_type=2 2 2 2 2 2 2 2 2 2 2 2 2 2 2 2 2 2 2 2 2 2 2 2 2 2 2 2 2 2
left_child=8 2 9 5 6 23 26 27 18 14 11 -11 -4 -9 15 -2 -12 -8 -1 29 21 -14 -22 25 -25 -3 -5 -6 -21 -20
right_child=1 3 12 4 7 -7 17 13 -10 10 16 -13 20 -15 -16 -17 -18 -19 19 28 22 -23 -24 24 -26 -27 -28 -29 -30 -31
leaf_value=-0.0032149478730307472 -0.0032599546463552096 0.013539711855879386 0.021033167654975961 0.010371021425598847 0.003404324705158843 0.047960272581270516 -0.00013247803243581638 0.026365904112125246 -0.017169700792614578 -0.0066394749756196027 0.015644821810766884 -0.027622260099787306 -0.035086511168857859 0.0052400949472314884 0.066721786281270484 0.01194437985176945 0.0014678653510345196 -0.0077548594373232031 -0.020572627214255221 -0.010737086680563432 -0.052374782990478853 -0.010679156977074167 0.0052706554322304528 0.024870525536573179 0.0057645961090721717 -0.010889802896086459 0.06959795956675445 0.019665942615625449 0.026404295323846135 0.012846941228126463
leaf_weight=6452.7108972407877 1414.7166326195002 424.38820907473564 88.625725246965885 1860.4875792711973 5729.7582636848092 255.67896290123463 15447.683098942041 1115.8423299267888 2225.2967994473875 2485.3068740069866 1575.2673236429691 971.73878703266382 610.11202299594879 760.57276079058647 54.053790479898453 2412.1050035059452 2307.0906371846795 4086.0929463505745 1649.3635861203074 217.9132132306695 381.66672971844673 645.45904868841171 50.946711003780365 1153.1816304922104 1887.6680205836892 601.68257444351912 42.39729306101799 603.70338659733534 195.08909478038549 127.3574291318655
leaf_count=47989 5593 1724 388 7154 25045 841 74232 4832 17423 11097 7049 4800 3171 3063 171 10143 11529 19828 13045 1685 2072 3213 228 5312 8902 2721 124 2210 1419 881
internal_value=-0.000307516 0.00150432 -0.00259 0.00307086 0.00179773 0.0118027 -0.000535887 0.00789099 -0.00813757 0.00111354 -0.0020862 -0.0125375 -0.0259773 0.0178029 0.00716481 0.00632357 0.00722017 -0.00172693 -0.00581194 -0.0134648 -0.0284453 -0.0225393 -0.0455862 0.00952951 0.0130101 -0.000785629 0.0116906 0.00495438 0.00680732 -0.0181771
internal_weight=57834 46966.2 12997.1 33969.1 29646.5 4322.6 21436.7 8209.88 10867.7 11220.3 7339.4 3457.05 1776.81 1876.42 3880.88 3826.82 3882.36 19533.8 8642.43 2189.72 1688.18 1255.57 432.613 4066.92 3040.85 1026.07 1902.88 6333.46 413.002 1776.72
internal_count=297884 215442 59454 155988 136488 19500 101338 35150 82442 50382 34475 15897 9072 7895 15907 15736 18578 94060 65019 17030 8684 6384 2300 18659 14214 4445 7278 27255 3104 13926
is_linear=0
shrinkage=0.1


Tree=116
num_leaves=31
num_cat=0
split_feature=11 3 8 8 12 3 14 13 0 3 8 6 7 8 19 7 0 10 10 0 11 4 6 15 12 0 13 13 2 10
split_gain=20.2033 17.4984 24.3974 21.5741 19.2227 16.4861 14.2561 13.074 12.0232 11.8815 19.1094 27.5595 19.5721 13.0185 11.8393 10.4688 10.4275 9.76768 9.5812 16.2679 9.56777 13.0105 11.316 18.0261 10.4178 10.4685 10.556 9.98854 9.43939 8.81548
threshold=0.018970332823088982 0.081105938104418143 0.45904430580561245 0.84441655147379668 0.032808075386854943 0.10490870099487194 0.78005378155505556 0.23001486408802918 0.0064329817855697255 0.017900138072399544 0.17244420657618703 -0.025299063263433116 0.09957393516325698 -0.0077556941530183545 1.0000000180025095e-35 0.14633062192748539 -0.015975199127940872 0.23247068119772238 0.16798262292331687 0.0058773921647488079 0.034657703752336073 -0.012989693860973038 -0.047214616144260528 0.20140989177908694 0.46893784942231215 -0.036372455158835575 0.36040811057618966 0.21616399034890607 -0.13709116988136213 0.2529513937194604
decision_type=2 2 2 2 2 2 2 2 2 2 2 2 2 2 2 2 2 2 2 2 2 2 2 2 2 2 2 2 2 2
left_child=1 2 9 7 18 29 -6 8 17 10 12 -12 -1 16 -15 -10 -11 -3 19 -4 21 22 23 -2 25 -23 -27 -25 -26 -5
right_child=20 3 4 5 6 -7 -8 -9 15 13 11 -13 -14 14 -16 -17 -18 -19 -20 -21 -22 24 -24 27 28 26 -28 -29 -30 -31
leaf_value=0.0014150541606190458 0.002615498329762489 -0.0062062739768528564 0.046246088295424176 -0.0035408910354483079 -0.019428624013841513 0.0037517387181732671 -0.00046992232484916179 0.031122326720578464 0.021847326656573844 -0.0099503217836636737 0.024320567190681527 -0.020599814487732425 -0.036687085824897221 0.00034725782176218278 0.011413251976902371 -0.0098628203768197659 0.013996845382468443 0.010510622518349912 -0.0020307558970895823 -0.01579166362838803 -0.0067423289374481171 -0.012101224262725963 0.00084817143914984842 0.040991085068951667 -0.049193725594881881 -0.0023657084932145068 0.0058912186541349391 -0.00090913815990728444 0.030322064636938657 -0.033170185163629969
leaf_weight=15962.856662899256 474.59951282292604 535.93747708201408 128.27295069396496 198.98917765170336 1290.261034540832 1953.1726050451398 572.66804581135511 343.43123939633369 968.3642191812396 201.14469119906425 163.50754587352276 829.30062717944384 135.96374724060297 4851.2376126721501 1207.4507377296686 116.65348187088966 1893.7883867770433 1004.8991766124964 349.7735631018877 63.042937219142914 3491.367102317512 1004.5176762342453 1554.6424042806029 280.33712540566921 16.526604488492012 17284.935985714197 1700.6667499244213 71.381134457886219 154.45913197845221 202.70976905524731
leaf_count=77084 2706 2367 581 893 6144 9166 2650 1523 4418 953 806 4203 675 22649 5482 529 8678 4672 1613 284 22249 5621 8384 1490 106 90939 8796 367 888 968
internal_value=0.000211362 0.00185552 0.00084464 0.00710521 -0.00878148 -4.27736e-05 -0.0136007 0.0127741 0.0103744 0.0017613 0.000262898 -0.0132018 0.00109326 0.00490226 0.00255263 0.0184381 0.0116976 0.00469611 0.00781066 0.0258032 -0.0018711 -0.00111663 0.00587425 0.0153304 -0.00194223 -0.00215246 -0.00162608 0.0324874 0.0226365 -0.0184928
internal_weight=59006.9 32973.4 27649.3 5324.16 2404.02 2354.87 1862.93 2969.29 2625.85 25245.3 17091.6 992.808 16098.8 8153.62 6058.69 1085.02 2094.93 1540.84 541.089 191.316 26033.4 22542.1 2380.96 826.318 20161.1 19990.1 18985.6 351.718 170.986 401.699
internal_count=297884 156338 131802 24536 11272 11027 8794 13509 11986 120530 82768 5009 77759 37762 28131 4947 9631 7039 2478 865 141546 119297 12947 4563 106350 105356 99735 1857 994 1861
is_linear=0
shrinkage=0.1


Tree=117
num_leaves=31
num_cat=0
split_feature=11 11 6 0 0 14 8 11 5 6 7 3 8 6 12 11 12 3 3 5 17 8 11 19 4 8 5 15 3 7
split_gain=69.9173 18.5386 16.6934 15.422 16.4086 10.4446 17.803 13.2885 11.7401 11.4421 10.3093 14.8554 14.9088 12.0711 14.4401 11.5975 9.64869 11.7284 24.108 9.54638 9.43733 12.038 8.76322 8.51879 13.7455 9.2731 8.30298 8.10894 8.06456 7.6637
threshold=0.021609969548080511 0.013808223708476683 0.034030411189659777 0.025347280903433637 -0.013105162276395353 0.76470585576790973 0.35743975066829603 0.0087608554196822782 0.0094989435869256029 0.047395690947732223 0.078807393880841695 0.076091743467078046 0.4401076530482409 0.058229943437524974 0.056871730633340077 0.01598681392402216 0.019975790494268595 0.016184653273459974 -0.0036268405735631055 0.013086855636208152 1.0000000180025095e-35 0.34886406472560222 0.035083297978587925 1.0000000180025095e-35 0.012109483344775464 -0.050684168338675929 0.037625092462535321 0.5073875117269252 0.074887140311213699 -0.061088247175286152
decision_type=2 2 2 2 2 2 2 2 2 2 2 2 2 2 2 2 2 2 2 2 2 2 2 2 2 2 2 2 2 2
left_child=1 2 16 4 -2 6 27 -8 -7 -10 11 23 19 -12 -15 -16 17 18 -1 -13 26 -22 -5 25 -25 -3 -18 -4 -19 -14
right_child=3 10 5 22 -6 8 7 -9 9 -11 13 12 29 14 15 -17 20 28 -20 -21 21 -23 -24 24 -26 -27 -28 -29 -30 -31
leaf_value=0.0053121520488231327 -0.0089478302254699157 0.0033671863660620542 0.042456148379255494 -0.0092971773042837252 -0.0016519061857804399 0.036688993711680648 0.071655208250306343 0.0065577743650218501 -0.014937473115203732 0.0096009062260028963 -0.007574830750668224 0.037982788741375208 0.048675821410774991 -0.0080649983407702977 0.027588237126269639 0.0039345791620732226 0.00070599574616695207 -0.0043017051838094783 0.03999129776763969 0.010794611510345973 0.010151684298466451 -0.0093495870385555142 -0.02212466047098708 -0.0025235656039032327 -0.029794823285065209 -0.002019578183922175 0.055547339672184316 0.020203040844633806 0.053086123084112785 0.0029021096351752444
leaf_weight=539.68638421595097 4857.2100245058537 9147.1618348062038 257.79061488807201 2315.4098794311285 8436.8884651213884 89.574421018362045 32.224688246846199 1166.0630573630333 348.87039904296398 417.35521705448627 3212.0985521227121 255.93031020462513 37.655535414814949 912.00937017798424 249.70578846335411 1220.1901965737343 10065.785712689161 460.10302060842514 318.91523924469948 260.69473411142826 2336.5773176848888 366.14196142554283 691.66771183907986 3180.3161645680666 196.22419157624245 4911.7158447504044 27.682850658893585 448.88724419474602 25.863824352622032 1276.8175985664129
leaf_count=2079 32293 45447 1029 14665 52829 373 118 4801 1414 1726 16059 1260 199 4453 1172 6389 41472 1736 1166 1248 9569 1525 5613 15770 1013 24088 117 1800 103 6358
internal_value=-0.00022623 0.00194177 0.00449706 -0.00578045 -0.00431759 0.0116097 0.0157323 0.00830839 0.00243298 -0.00157167 0.000204551 0.00130184 0.00987026 -0.00357465 0.00181977 0.00795286 0.00310843 0.0111668 0.0181932 0.0242633 0.00226169 0.00750981 -0.0122477 0.000401964 -0.00410841 0.00148523 0.000856406 0.0283208 -0.00124745 0.00421338
internal_weight=58063.2 41762 16901.5 16301.2 13294.1 2760.77 1904.97 1198.29 855.8 766.226 24860.5 19266.5 1831.1 5594 2381.91 1469.9 14140.8 1344.57 858.602 516.625 12796.2 2702.72 3007.08 17435.4 3376.54 14058.9 10093.5 706.678 485.967 1314.47
internal_count=297884 192484 69028 105400 85122 11261 7748 4919 3513 3140 123456 95383 9065 28073 12014 7561 57767 5084 3245 2508 52683 11094 20278 86318 16783 69535 41589 2829 1839 6557
is_linear=0
shrinkage=0.1


Tree=118
num_leaves=31
num_cat=0
split_feature=11 4 15 9 10 9 9 12 13 1 3 8 10 4 9 1 3 6 14 5 14 11 9 4 14 6 0 13 8 10
split_gain=29.5453 12.4139 12.2947 11.3085 11.0456 10.6266 8.87044 10.015 8.84418 14.5608 10.7792 13.8229 10.4661 10.3484 9.20533 9.13862 8.46491 8.35631 8.20002 7.77274 8.39768 7.64125 11.7533 7.5836 7.33569 6.9391 6.7715 6.75468 6.55997 10.3287
threshold=0.018809758449262595 -0.022100346216837537 0.89579830755436018 0.47193345592210262 0.44901357962542215 0.56330098569667097 0.32282027109078321 0.054480704559427974 -0.35311407391250288 0.019749797875217471 0.12273515043740836 0.95713527197678061 0.16595782417158142 0.00065913987287480335 0.16053204569974489 0.088123259697055603 -0.085816044012495304 0.048244392835744339 0.034887625529463138 0.019691635440164838 0.29919417874654342 0.040044983724195231 0.69017394265966947 0.0048301546065152587 0.89176469365323852 -0.012973552230456429 -0.011646650408657864 0.28488853706356682 -0.99471965200996637 0.64273402643263466
decision_type=2 2 2 2 2 2 2 2 2 2 2 2 2 2 2 2 2 2 2 2 2 2 2 2 2 2 2 2 2 2
left_child=3 -2 6 8 5 16 7 26 9 19 11 14 -13 24 -10 -12 -5 -15 -9 23 -21 22 -8 -1 -11 -18 -3 -6 -4 -30
right_child=1 2 28 4 27 -7 21 18 10 13 15 12 -14 17 -16 -17 25 -19 -20 20 -22 -23 -24 -25 -26 -27 -28 -29 29 -31
leaf_value=0.012377133691025629 -0.012747254251207369 0.012185550531427721 0.003717878475729445 0.087087686497587719 0.02490239368694179 0.10478646117010577 8.6625609141985095e-05 0.016458079874480183 -0.0022111698878053286 0.011830153340415293 -0.0084316451251197789 -0.02838276817483831 0.023553808809163024 -0.027928236137737289 0.0025919366486993833 0.026022260786230229 -0.021907069401968519 0.0059935629601390551 -0.0088270650020760549 -0.0067108563391219027 0.061575515258357395 -0.0081423088301516306 0.010421193856712382 -0.0038618009889908873 -0.037485227862736191 0.036959262408402666 -0.0020708546588188055 -0.033822981701815982 -0.0059202419318237394 -0.020242912565347413
leaf_weight=1909.7058859914541 1076.9436283782125 450.97591553628445 500.79958686232567 20.983021944761276 39.30330103635788 23.009020313620567 13500.740140303969 133.7960589826107 4819.1729912236333 302.98373685777187 1439.0512626096606 42.600030958652496 435.04892487823963 241.37573558092117 23196.819425448775 81.33577561378479 30.759760960936546 103.87053874135017 3098.5446599423885 25.913550809025764 59.039737120270729 991.20791690796614 1198.1268372014165 338.56545431911945 33.497946977615356 57.379029393196106 1275.4064829200506 39.04290097206831 2741.1980234533548 616.78637634962797
leaf_count=8897 6914 2294 3008 102 198 114 74635 666 22314 1440 7014 201 2067 1136 106818 402 151 504 16149 120 286 7035 7200 1570 156 290 6402 195 15362 4244
internal_value=0.000315235 -0.00223926 -0.0017775 0.00228144 0.0253872 0.0430273 -0.000809254 -0.00449608 0.0021342 0.00729721 0.00161556 0.00205332 0.0189217 -0.00555937 0.00176573 -0.00658847 0.0300049 -0.0177225 -0.00778044 0.0110537 0.0407459 0.000355938 0.000929012 0.00993172 0.00692063 0.0164154 0.00165329 -0.0043627 -0.00695872 -0.008551
internal_weight=58824 25584.5 24507.6 33239.5 210.477 132.131 20648.8 4958.72 33029 3014.95 30014 28493.6 477.649 681.728 28016 1520.39 109.122 345.246 3232.34 2333.22 84.9533 15690.1 14698.9 2248.27 336.482 88.1388 1726.38 78.3462 3858.78 3357.98
internal_count=297884 143909 136995 153975 1050 657 114381 25511 152925 14109 138816 131400 2268 3236 129132 7416 543 1640 16815 10873 406 88870 81835 10467 1596 441 8696 393 22614 19606
is_linear=0
shrinkage=0.1


Tree=119
num_leaves=31
num_cat=0
split_feature=11 0 18 0 1 4 13 14 7 10 18 14 4 0 20 1 18 11 4 7 1 4 7 15 7 15 4 18 4 6
split_gain=84.4994 30.6086 41.4598 37.7531 29.8477 29.3736 29.1459 31.0319 29.3723 26.7996 26.1854 25.2583 24.6433 24.1605 22.7174 22.0363 19.9254 19.0096 18.7734 18.9647 18.7273 17.7438 19.4842 17.7077 17.2609 16.2384 14.8702 18.3631 38.6636 17.2698
threshold=0.013202693954268721 -0.026242168411907848 1.0000000180025095e-35 0.026489984293688099 -0.002464921359518701 0.0045589831897008279 -0.023691372963461844 0.68603077780739596 0.035315307632575295 0.48776653161650468 1.0000000180025095e-35 0.57281882474610379 0.008496498566951562 -0.0064188996411487223 1.0000000180025095e-35 -0.033053561253762791 1.0000000180025095e-35 0.0087608554196822782 -0.031484990774065739 -0.0070117730548798765 0.10292844118990192 -0.045987367873483669 -0.24382411377604932 0.44410887367214041 -0.024371725254807904 0.55067116376341796 0.029564437193184027 1.0000000180025095e-35 0.0495502419711027 -0.047214616144260528
decision_type=2 2 2 2 2 2 2 2 2 2 2 2 2 2 2 2 2 2 2 2 2 2 2 2 2 2 2 2 2 2
left_child=4 2 5 6 10 21 7 16 9 -8 12 13 -1 23 15 -7 -3 -6 -4 -20 -9 24 -23 -12 -2 -15 -5 29 -29 -28
right_child=1 3 18 26 17 14 8 20 -10 -11 11 -13 -14 25 -16 -17 -18 -19 19 -21 -22 22 -24 -25 -26 -27 27 28 -30 -31
leaf_value=-0.010463705055890291 -0.0011071998291743265 0.0023676105110678023 -0.024466619448209478 0.0089381843621948402 -0.044748209563902248 0.04864671188278874 -0.0095789063866137912 -0.0052326078662925076 0.0011560523378239338 0.0039347057055278481 0.040664049710112594 -0.0052712106697556105 0.03431210321696717 -0.026283735359483119 -0.011925989544951509 0.007886562237875188 0.011498960708959165 -0.014466967502891892 0.015413191549986631 0.039822663010152852 0.035306266855734313 0.03383815799793468 -0.0018583869544499213 0.11596545099807823 0.06053829410866142 0.034272973274446249 -0.055743223272000278 -0.012753364551664016 0.074510110957295872 -0.0076764793672601667
leaf_weight=2344.3017545379698 86.357639268040657 11450.352913700044 77.713893502950668 6115.5333239063621 219.89067963510752 327.63489298522472 8422.6301421001554 5631.0582663118839 7088.9045025408268 1777.1725619584322 162.14457839727402 372.50945085659623 129.71853018924594 87.096750672906637 148.51504723727703 222.85837663710117 3019.9205123111606 3624.2593697495759 724.31859342753887 567.817407310009 116.30853027105331 158.75069957971573 4154.5737873390317 38.678332395851612 95.819560036063194 90.078426346182823 88.632787019014359 140.18273635953665 79.606639742851257 477.1442274749279
leaf_count=18449 339 54320 302 26308 2616 1225 44329 27270 35246 7008 1065 2800 865 678 617 871 14142 31156 2975 2341 452 548 17579 223 363 659 337 584 326 1891
internal_value=-1.63073e-06 0.00141928 0.00779293 0.000477114 -0.0102477 0.00371179 -0.000773591 0.00180423 -0.00378813 -0.00722435 -0.00315268 0.0132087 -0.00811601 0.0314204 0.0227819 0.0321456 0.00427331 -0.0161991 0.0232687 0.0261397 -0.00441223 0.00074656 -0.000544586 0.055167 0.0313164 0.00450417 0.00727449 -0.00567714 0.018853 -0.0152065
internal_weight=58040.5 50971.8 6564.36 44407.4 7068.68 5194.51 37506.3 20217.6 17288.7 10199.8 3224.53 750.508 2474.02 377.998 699.008 550.493 14470.3 3844.15 1369.85 1292.14 5747.37 4495.5 4313.32 200.823 182.177 177.175 6901.1 785.566 219.789 565.777
internal_count=297884 239373 27160 212213 58511 21542 182767 96184 86583 51337 24739 5425 19314 2625 2713 2096 68462 33772 5618 5316 27722 18829 18127 1288 702 1337 29446 3138 910 2228
is_linear=0
shrinkage=0.1


Tree=120
num_leaves=31
num_cat=0
split_feature=10 10 12 3 7 12 10 14 12 20 4 9 9 6 14 13 13 4 5 9 14 0 18 4 14 7 0 15 15 0
split_gain=74.6583 24.7971 25.8784 22.8726 32.253 31.0618 27.3502 25.1729 25.186 21.5527 29.3352 22.3335 20.8703 30.7619 19.5624 18.6508 16.8894 16.7904 15.7303 25.4751 15.116 15.1052 22.0361 15.0661 14.9968 14.6889 14.2172 25.9199 23.2142 44.8418
threshold=0.22627884582456467 0.34801164121839423 0.079228506714454291 0.026687443507046774 0.023962997711927895 0.1394689636695006 0.66174544553081927 0.76067224186678828 0.080399379501121415 1.0000000180025095e-35 0.0096230419834972842 0.22494082678362803 0.22135557642040307 -0.011500249657464099 0.17558024186285631 -0.41370265808137935 0.10678181552501771 -0.00021985809401869891 -0.067958396782181948 0.46824722331092589 0.059080234921865503 -0.0039413441101681093 1.0000000180025095e-35 0.037889020957005082 0.95630251607118333 0.33891583618910087 -0.004806370515420876 0.23750421995057597 0.72473981456858139 0.011581916215439804
decision_type=2 2 2 2 2 2 2 2 2 2 2 2 2 2 2 2 2 2 2 2 2 2 2 2 2 2 2 2 2 2
left_child=9 2 -2 7 6 -6 17 18 -9 15 26 -12 24 -14 -8 -1 21 -5 19 -3 -20 22 -17 -10 -4 -7 27 -11 29 -28
right_child=1 3 12 4 5 25 14 8 23 10 11 -13 13 -15 -16 16 -18 -19 20 -21 -22 -23 -24 -25 -26 -27 28 -29 -30 -31
leaf_value=-0.037928348437471365 0.00052095539135155557 0.026313242909574694 0.00075684965078902356 0.0025802943660606617 0.0076491077087853035 -0.0052018939418368845 -0.023997120646908079 -0.0075259977438403404 0.011139076445249219 0.010452690013882403 0.082710393383463574 -0.03513307736229232 -1.5317572434152531e-05 -0.019122857888402747 0.054580373252055225 0.0071168075355268774 -0.019517954055087373 0.020451788633739892 -0.018329087510590324 -4.0724492417604581e-05 -0.002365925216021485 -0.01181814292087642 -0.01921479142012877 0.060129893278901475 0.056328902524582142 0.011097891118420545 0.021087814217415856 -0.035140000120056053 -0.01782553612790487 -0.051981252911798795
leaf_weight=261.36895065382123 14055.046569719911 484.49668653309345 1250.5001670718193 955.1430826112628 7519.3093835562468 3847.7301211580634 36.113149330019951 835.68929927051067 2718.0759803950787 213.05579587072134 70.519856475293636 20.83327005058527 1357.5141721740365 2221.1719034910202 258.26581431925297 1199.8212310224771 1599.3674973659217 1169.2423015907407 631.28855497390032 1509.8552387058735 9830.6112301424146 2991.4325004816055 432.34115932881832 64.256950512528419 50.522751122713089 645.64327145367861 738.87672121077776 300.65440255403519 352.60841925442219 94.758944995701313
leaf_count=2371 79247 1907 7547 3969 30276 15626 136 3568 11166 1621 377 135 7078 11884 848 9511 13405 4748 2989 5639 42236 23869 3522 205 317 2194 5372 2399 2557 682
internal_value=-0.000286191 0.00118527 -0.00165735 0.00294968 0.00583954 0.00371822 0.016375 0.000355163 0.00769791 -0.00907704 0.000632483 0.0558359 -0.00793154 -0.0118747 0.0449408 -0.0117593 -0.0106602 0.0124166 -0.0017776 0.00636156 -0.00332917 -0.00759617 0.000141868 0.0122705 0.00291488 -0.00285981 -0.00233407 -0.0162309 0.00368404 0.0127821
internal_weight=57716.1 49440.5 18934.8 30505.7 14431.4 12012.7 2418.76 16074.3 3618.02 8275.64 1791.31 91.3531 4879.71 3578.69 294.379 6484.33 6222.96 2124.39 12456.3 1994.35 10461.9 4623.59 1632.16 2782.33 1301.02 4493.37 1699.95 513.71 1186.24 833.636
internal_count=297401 231580 106073 125507 57797 48096 9701 67710 14939 65821 13143 512 26826 18962 984 52678 50307 8717 52771 7546 45225 36902 13033 11371 7864 17820 12631 4020 8611 6054
is_linear=0
shrinkage=0.1


Tree=121
num_leaves=31
num_cat=0
split_feature=3 10 7 8 3 5 0 2 7 3 12 0 8 3 8 8 15 4 7 1 12 3 2 19 3 3 7 15 12 3
split_gain=17.786 16.764 15.5805 13.9254 16.4577 12.9538 12.4661 12.2165 9.69333 13.1634 10.3654 8.95006 10.1893 8.77391 26.8395 21.7261 8.76389 11.8278 8.64097 11.4015 10.5198 16.4785 10.9113 9.1843 8.20378 8.11192 9.64863 7.81613 7.81201 7.78742
threshold=-0.045062570209143608 0.60180385874690889 -0.017826717633217911 -0.2874883811116779 -0.026863427044597096 -0.032878713394410446 0.024760301512791742 -0.074060588359114096 0.0034206486034225052 0.039163164162820514 0.13095114204955488 0.0019241353012919851 0.21812312340509396 0.074887140311213699 0.8116960225356834 0.25806835360495145 0.83058821615289513 0.0012356873354937294 -0.13177070454841724 0.01615614439313973 0.13416154028314489 -0.13591558161209713 -0.069251202959870181 1.0000000180025095e-35 -0.16281159172743551 0.0093721578055847594 0.017128565595440074 0.69284997620129396 0.24954482501842143 -0.058848976550124547
decision_type=2 2 2 2 2 2 2 2 2 2 2 2 2 2 2 2 2 2 2 2 2 2 2 2 2 2 2 2 2 2
left_child=2 3 6 8 11 28 18 -4 9 10 -2 12 -5 15 -15 -6 -8 -18 19 24 22 -22 -20 -21 -1 -10 -27 -13 -3 -9
right_child=1 5 7 4 13 -7 16 29 25 -11 -12 27 -14 14 -16 -17 17 -19 20 23 21 -23 -24 -25 -26 26 -28 -29 -30 -31
leaf_value=-0.012527529233528248 0.0065998200475482095 -0.00013781132428788796 0.0051501536126552991 -0.0073115391736243585 0.0023240212390399392 -0.0092768053544937962 -0.030368471946316217 -0.019123621619323045 -0.0020299000541552383 0.071187517648149387 0.024895134065308723 -0.033292766846709843 0.030274927913078349 0.0084200631612859518 -0.00097768818542140327 -0.0045003328491326966 0.011316704738484441 -0.015471790129581898 0.0053576578578322584 0.0034484934120646961 -0.0060305844078834912 0.015987784985681357 -0.0031602913964847604 0.043866367449304861 -0.0007547953364969353 -0.012724776620481718 0.023114993751375795 -0.0091943434994172114 0.026939619662606957 -0.0059544989795357875
leaf_weight=1474.655279353261 4247.572447322309 329.51657724380493 410.91768456250429 639.68179003894329 13666.930095143616 2389.5699760317802 210.24259546399117 1129.4944829046726 1999.8542276397347 33.13771553337574 334.02740028500557 245.25074188411236 81.289315819740295 5657.4518558457494 6565.9713301509619 7082.6596224680543 236.30840899795294 544.80369148403406 2150.5244119390845 295.63959185034037 512.91572757065296 1007.6195840537548 5001.198089838028 69.423097893595695 988.81961149722338 101.68711945414543 287.47384998202324 298.2863582149148 157.46454258263111 745.35258314758539
leaf_count=8653 20046 2117 2282 3293 65862 14766 1164 6100 9714 158 1677 1290 423 27014 33199 34683 1364 3145 11078 1694 2907 5393 25479 400 5273 465 1336 1597 1000 3829
internal_value=0.000127775 0.00113354 -0.00287482 0.00164835 0.000817258 -0.0062474 -0.00148589 -0.0104656 0.00571113 0.00838788 0.00793366 -0.0103785 -0.00307367 0.00124661 0.00337194 -5.40203e-06 -0.0122455 -0.00736752 -0.000558426 -0.005358 0.001007 0.00856042 -0.000598942 0.0111347 -0.00780205 0.000540602 0.0137501 -0.0200679 0.00861763 -0.0138882
internal_weight=58895.7 44117.8 14777.9 41241.3 34237.5 2876.55 12492.2 2285.76 7003.75 4614.74 4581.6 1264.51 720.971 32973 12223.4 20749.6 991.355 781.112 11500.8 2828.54 8672.26 1520.54 7151.72 365.063 2463.47 2389.02 389.161 543.537 486.981 1874.85
internal_count=297401 218640 78761 200757 167361 17883 66550 12211 33396 21881 21723 6603 3716 160758 60213 100545 5673 4509 60877 16020 44857 8300 36557 2094 13926 11515 1801 2887 3117 9929
is_linear=0
shrinkage=0.1


Tree=122
num_leaves=31
num_cat=0
split_feature=11 13 11 11 9 10 7 9 9 13 3 8 7 13 6 3 13 14 10 13 7 8 10 14 14 13 9 13 3 14
split_gain=64.6578 18.506 19.4064 17.3114 14.6135 15.2297 13.7951 11.9438 10.8699 10.3634 9.6952 29.4821 20.5677 9.21282 9.03138 8.76753 8.57354 8.54903 9.10866 8.45738 8.92222 7.96186 7.84337 9.01271 8.3958 7.74036 7.45164 7.35082 7.09822 7.02695
threshold=0.021609969548080511 0.26171278304059747 0.013406472559490326 0.03666353773530228 0.73634319273716242 0.50339092722033618 0.014463952622932543 0.59862072528519572 0.28622422183613216 -0.53900217481006318 0.033707321667090014 0.23393953960680472 0.10299349724399033 -0.47122742058122563 -0.088368628726612872 -0.13226167216521587 -0.20748696192751101 0.59200810059897535 0.43564179663146951 0.51440359231916366 -0.00087039577854514094 2.2685392939723505 0.56229585244014901 0.95630251607118333 0.47799813145696718 0.69492379920095504 0.2114193991491182 0.15252028682101812 -0.015255179170126974 0.34240584280238456
decision_type=2 2 2 2 2 2 2 2 2 2 2 2 2 2 2 2 2 2 2 2 2 2 2 2 2 2 2 2 2 2
left_child=1 2 8 4 5 7 17 -2 10 29 12 -12 -1 -5 16 -16 -11 18 26 20 -19 -7 24 -24 -6 -8 -3 28 -10 -4
right_child=3 6 9 13 22 21 25 -9 27 14 11 -13 -14 -15 15 -17 -18 19 -20 -21 -22 -23 23 -25 -26 -27 -28 -29 -30 -31
leaf_value=0.0014680965358949605 -0.0036667476321015271 0.034736757428866241 0.0030104730743942473 -0.048540451545287855 0.0060736683324008611 -0.0094543113343859252 0.0016503095657288411 0.014967163788810762 -0.010253522446599174 0.018975323723087162 0.019665485694472434 0.0023320522227070427 0.052456398064021574 -0.012623491923319748 0.010320075972709605 -0.00035413005761226747 -0.022396849995766674 -0.00066017562205379003 -0.042458220985445695 0.031951162397748027 0.031374929395868889 -0.029818428533460728 0.0091979924587937811 -0.032432651598738288 0.083362130016103306 0.060980289454525209 0.016275579497993697 0.0682642358505052 0.028107837993450902 -0.024694307491679605
leaf_weight=9297.4976117163897 9313.0797467306256 317.74337467551231 133.47705480456352 73.941216208040714 28.03807744383812 3378.8001474514604 1805.2193791717291 357.17228317260742 65.978299498558044 59.721429020166397 1393.9239685833454 3314.7140233963728 79.791324198246002 2090.859031137079 797.45115299522877 21950.061242833734 310.55840127170086 673.55985353887081 22.381264179944992 120.55286970734596 99.825263872742653 203.55886778235435 698.96959974616766 56.183059468865395 28.182562135159969 22.260537102818489 701.01612043380737 32.7010138630867 179.35985794663429 291.45216664671898
leaf_count=37618 55443 1344 706 629 185 23195 8288 2248 285 325 5557 13516 318 16931 4153 108158 1629 3075 114 555 449 1450 4752 419 188 102 3315 134 750 1570
internal_value=-0.000170774 0.00191474 0.0012508 -0.00552558 -0.00424419 -0.00504179 0.00860381 -0.0029785 0.00414751 -0.000516554 0.00376102 0.00746336 0.00190196 -0.0138503 -0.000232103 2.00716e-05 -0.015724 0.0144881 0.0206471 0.00731499 0.00347478 -0.0106115 0.00878338 0.00610069 0.0448172 0.00237301 0.0220335 0.0237277 0.0177914 -0.0159918
internal_weight=57898 41669.2 37906.7 16228.8 14064 13252.6 3762.56 9670.25 14364 23542.7 14085.9 4708.64 9377.29 2164.8 23117.8 22747.5 370.28 1935.08 1041.14 893.938 773.385 3582.36 811.373 755.153 56.2206 1827.48 1018.76 278.039 245.338 424.929
internal_count=297401 191961 174719 105440 87880 82336 17242 57691 58178 116541 57009 19073 37936 17560 114265 112311 1954 8852 4773 4079 3524 24645 5544 5171 373 8390 4659 1169 1035 2276
is_linear=0
shrinkage=0.1


Tree=123
num_leaves=31
num_cat=0
split_feature=11 4 15 9 8 3 1 1 11 0 0 3 8 1 4 14 10 14 9 9 10 10 10 3 9 13 9 5 5 3
split_gain=26.4946 15.4643 11.9152 9.13709 9.59074 30.0122 20.8701 16.3418 13.8202 15.8932 18.9209 13.707 16.1541 12.077 11.8547 11.5743 10.6504 9.52831 8.16681 9.27442 15.337 7.49464 9.69345 7.34547 7.91261 6.84301 6.83386 8.22073 10.0392 6.66173
threshold=0.016745393475785398 -0.022100346216837537 0.95361344013710225 0.45737477643418112 -0.27933752892720148 -0.026863427044597096 0.028001412546406538 -0.024462871928339954 0.0089788543026652536 -0.008115340004123171 0.0039344052182797027 -0.057413255294628922 -0.62693371693400601 -0.015414284463986403 -0.0044338708796511908 0.83042324784844468 0.22880042954018343 0.8455857496360335 0.13264882643382939 0.29046804430061651 0.34638606948296879 0.42051355580703681 0.37893609543374834 -0.075101881029751003 0.34918123262249307 0.22537206665144974 0.42612527713501219 0.024080622595031968 -0.011447053436576203 -0.10089143470835092
decision_type=2 2 2 2 2 2 2 2 2 2 2 2 2 2 2 2 2 2 2 2 2 2 2 2 2 2 2 2 2 2
left_child=3 26 18 4 8 6 13 -7 9 17 -11 12 -10 -6 -13 -8 -9 -1 -3 25 -21 22 -5 24 -4 -20 -2 28 -28 -26
right_child=1 2 23 21 5 7 15 16 11 10 -12 14 -14 -15 -16 -17 -18 -19 19 20 -22 -23 -24 -25 29 -27 27 -29 -30 -31
leaf_value=0.071804204520511755 -0.023586645287496977 0.039009230221896576 -0.047525566357887371 0.023832502986866271 0.004202146284250927 0.012553206242256429 0.077784948763883352 0.0040957649221273823 -0.00060472182433264968 -0.0091704729948079901 0.042441810288986838 0.0061567423990643716 0.014757113360033587 0.022390867911974088 -0.0068378685170410007 0.0012178908636807742 -0.0013186544141724698 -0.00053438313630270972 -0.0052073011401685713 0.0045330796535329133 -0.001298887103177458 0.0043406582804768638 0.11336179095744842 -0.011038790490293252 0.0020620810782143602 0.0043174126581888485 -0.0086955347890375536 -0.028675177931991161 0.023021928973722808 0.038221788612754271
leaf_weight=71.241674214601517 392.00264246761799 52.021152183413506 25.938020467758179 29.695160731673241 677.52222500741482 1518.6211222559214 82.49499599635601 8063.0739356428385 2340.0420943051577 226.32086320966482 103.51663286238909 856.45107021927834 967.58770309388638 791.53420472145081 3893.9803211241961 25.954284563660622 6612.2140328511596 24.46036434173584 5713.5929192826152 6238.1889978349209 16270.689634002745 45.847241029143333 20.402234107255936 1730.7065986320376 229.71417462080717 869.02531439065933 501.17115789651871 146.78022620081902 124.60455346107483 65.470005191862583
leaf_count=326 2192 255 125 147 2820 6923 341 36607 10560 1117 523 3994 3991 3234 18278 107 31213 110 28252 31457 92875 224 101 10321 1429 4267 3327 1051 843 391
internal_value=0.000398647 -0.00151832 -0.00109594 0.00275275 0.00264018 0.00396071 0.0171275 0.00267809 -0.000126067 0.0174375 0.00702759 -0.00105358 0.00388911 0.0140023 -0.00449508 0.0594608 0.0016562 0.0533153 -0.000577375 -0.000648163 0.000317404 0.0335563 0.0602934 -0.0084615 0.00542893 -0.00394987 -0.0128326 -0.00737586 -0.00237995 0.0100821
internal_weight=58710.9 32359.9 31195.3 26351 26255 17771.4 1577.51 16193.9 8483.6 425.54 329.837 8058.06 3307.63 1469.06 4750.43 108.449 14675.3 95.702 29143.5 29091.5 22508.9 95.9446 50.0974 2051.83 321.122 6582.62 1164.56 772.556 625.776 295.184
internal_count=297401 176785 169372 120616 120144 81245 6502 74743 38899 2076 1640 36823 14551 6054 22272 448 67820 436 157106 156851 124332 472 248 12266 1945 32519 7413 5221 4170 1820
is_linear=0
shrinkage=0.1


Tree=124
num_leaves=31
num_cat=0
split_feature=9 13 3 8 13 8 3 7 2 7 2 3 3 8 8 14 12 3 7 11 12 3 2 9 7 14 13 12 0 15
split_gain=56.3856 42.4697 29.9874 98.1167 49.7974 49.061 44.0644 43.9166 38.5909 37.7484 33.0942 47.5528 30.3284 63.1583 29.1203 28.4898 30.9587 28.1972 26.6893 23.7984 22.2033 20.3947 20.3665 18.4719 18.1069 28.1235 16.9784 16.1535 15.931 17.2218
threshold=0.23241744489137242 -0.44560068126385904 -1.0000000180025095e-35 -0.10246214904785252 0.08912365172127619 0.89799993660980582 0.10490870099487194 -0.11815720335538525 -0.033832358433279579 0.0059704047235433775 -0.017379377781405744 -0.10089143470835092 0.074887140311213699 0.27414915001118556 1.4628639822992093 0.15547330158940645 0.063491411838465087 0.040122892507182602 0.033558429003675345 0.0087608554196822782 0.082820874191901997 0.16169105077059734 0.0045122291337329487 0.51886309918608819 -0.13177070454841724 0.14760149262465175 -0.28149779225817423 0.041715487596500955 0.018117734914013365 0.58260581294652536
decision_type=2 2 2 2 2 2 2 2 2 2 2 2 2 2 2 2 2 2 2 2 2 2 2 2 2 2 2 2 2 2
left_child=1 27 3 10 7 12 9 -5 -9 -7 11 20 13 -4 -8 22 -17 -15 -13 -3 -2 -16 -12 26 25 -21 -14 -1 -26 -30
right_child=2 19 5 4 -6 6 14 8 -10 -11 15 18 23 17 21 16 -18 -19 -20 24 -22 -23 -24 -25 28 -27 -28 -29 29 -31
leaf_value=-0.0097678312660369297 0.013131391048316898 -0.033608298669680667 -0.0066475358510663871 -0.028301988407796321 -0.00052282192705892336 -0.020751390330848676 -0.0038341467574403219 0.015149452200183135 0.048941617961972932 0.036296465642421248 0.0037225912779509556 -0.0097294246088510134 -0.023912773685022835 0.021218694682891684 0.029844682671863867 0.016125267985601915 -0.00017520381168651669 0.0032182080388970403 0.014184714535658227 0.10451725937708954 0.00067711968918920669 0.0063468597128520715 0.033697488636120668 -0.022549686143700124 -0.0084809926984137311 0.0065239501337146779 -0.0048888531746432663 0.022724959096801153 -0.036958816958677317 0.011488514115063853
leaf_weight=198.26245149224997 2155.9761544838548 341.93787000328302 7238.4835121333599 108.16291883587837 596.07044929265976 138.52623371779919 3387.2808600440621 507.59465476870537 1011.1858075857162 712.96836693584919 347.09306596964598 5301.6912090107799 540.70239198952913 1286.0289703831077 411.56806001067162 1696.5479462891817 3719.8887432068586 2691.5954809188843 511.73463410884142 33.815363585948944 4259.6868888810277 3602.6100027188659 653.35576513409615 1003.4449706450105 10263.081680059433 218.70447083562613 3544.3058196604252 670.19479566067457 82.037251137197018 694.75365079939365
leaf_count=1317 9706 4115 36040 442 2927 604 15103 2329 4660 3293 1612 25588 2557 6096 1762 8480 15787 13074 2231 166 16979 14330 2841 3915 73611 1156 17931 3389 579 4781
internal_value=-7.81135e-05 -0.00602495 0.00155864 0.00434577 0.0242041 -0.000809858 0.00547255 0.0332634 0.0376479 0.0270156 0.00197822 -0.00107353 -0.00398985 -0.00108488 0.00299415 0.00779414 0.00493047 0.00903805 -0.00762435 -0.00761731 0.00486236 0.00875606 0.0232981 -0.0103931 -0.00683029 0.0196464 -0.00740691 0.0153071 -0.0074359 0.00637197
internal_weight=57929.3 12502.8 45426.5 20869 2223.01 24557.5 8252.95 1626.94 1518.78 851.495 18646 12229.1 16304.6 11216.1 7401.46 6416.89 5416.44 3977.62 5813.43 11634.3 6415.66 4014.18 1000.45 5088.45 11292.4 252.52 4085.01 868.457 11039.9 776.791
internal_count=297401 89114 208287 93582 10358 114705 35092 7431 6989 3897 83224 54504 79613 55210 31195 28720 24267 19170 27819 84408 26685 16092 4453 24403 80293 1322 20488 4706 78971 5360
is_linear=0
shrinkage=0.1


Tree=125
num_leaves=31
num_cat=0
split_feature=11 1 11 17 2 6 12 0 7 4 19 9 11 0 12 11 9 1 10 1 2 18 2 7 19 4 10 20 2 9
split_gain=79.9532 28.6229 30.6241 29.2527 27.0161 25.7421 27.0133 24.7727 22.8671 17.7892 34.0348 31.0391 21.016 19.5924 18.9786 18.8432 21.0647 16.7544 16.6701 16.223 28.87 16.1532 15.734 21.2555 15.5859 20.2361 17.7267 13.7046 13.0604 12.9297
threshold=0.016816349428285922 0.0074962418402886319 0.0099432353466932192 1.0000000180025095e-35 0.010649964576533446 0.034620849111531633 0.10738512402807172 0.017446448803697615 0.032689585345230039 -0.015214963770405541 1.0000000180025095e-35 0.31954642669647054 0.021896912404622007 -0.029188949036327735 0.17410572809909311 0.028319898740222567 0.58348492216282277 -0.017724083339064608 0.28644033963242005 -0.048173764335874829 -0.067677387182450963 1.0000000180025095e-35 0.038530929969952339 0.097854016966494664 1.0000000180025095e-35 -0.0054164901952014058 0.50339092722033618 1.0000000180025095e-35 -0.1427284445872323 0.20762180916521003
decision_type=2 2 2 2 2 2 2 2 2 2 2 2 2 2 2 2 2 2 2 2 2 2 2 2 2 2 2 2 2 2
left_child=1 2 -1 5 17 6 8 18 -3 10 11 22 -13 -14 19 16 28 21 -5 20 -11 -4 23 -2 26 -26 -21 -19 -16 -6
right_child=9 3 4 7 29 -7 -8 -9 -10 14 -12 12 13 -15 15 -17 -18 27 -20 24 -22 -23 -24 -25 25 -27 -28 -29 -30 -31
leaf_value=-0.027994794470971432 0.040915747655419527 0.0041488431008749873 -0.0058676141179949647 -0.014232583703577063 -0.0071049492943891131 -0.0059808222160897739 -0.017367062151278822 -0.041291538578821368 0.0218682020883392 0.0040353576944677149 -0.00802263313534223 -0.01384419267709406 0.0029311414952898317 0.02151952789910714 0.045864065341030366 0.0013994474140977171 -0.029645202597106346 -0.0025986620554486811 0.012841327689733393 0.0011372996576886139 -0.011052224911817968 -0.022793610087635908 0.0018566295907787367 0.11915897115386712 -0.0034309062664616289 0.012189457236116065 0.0087186447050404663 0.013763807742612419 -0.006811868357020117 -0.023344466384400551
leaf_weight=811.06936927139759 253.26603378355503 2063.9718855656683 2719.8757188618183 939.25416233763099 766.86305822432041 2430.7743452787399 393.55376669019461 266.36040305346251 1125.4415860325098 3002.1942740902305 922.28762996196747 321.64050412923098 1002.8967543244362 1304.6844630539417 48.081177577376366 3711.239704400301 437.94666796922684 2541.0242902189493 300.08419164270163 16349.847155280411 2195.9001136571169 711.28413982689381 80.998773485422134 40.235687211155891 1055.5438990145922 3870.4520280957222 3801.1758996844292 641.01039238274097 2235.0021958500147 1359.3534370809793
leaf_count=8539 1127 14744 18631 7271 5811 16400 2497 1858 7967 12427 3704 1507 3534 4656 194 13655 2029 18178 1763 76252 9613 5046 363 157 4827 17080 13886 4222 10488 9205
internal_value=-3.03373e-05 -0.0057734 -0.00940686 -0.00115852 -0.00768179 0.00196244 0.00735134 -0.0136236 0.0104014 0.0023823 0.00878021 0.0139395 0.010103 0.0134408 0.00169801 -0.00323504 -0.00955607 -0.00452919 -0.00767711 0.0027461 -0.00233829 -0.0093764 0.0408742 0.051642 0.00380001 0.00884232 0.0025674 0.000697504 -0.00570253 -0.0174874
internal_weight=57703.3 17069.9 9550.48 7519.44 8739.41 6013.74 3582.97 1505.7 3189.41 40633.4 3926.01 3003.72 2629.22 2307.58 36707.4 6432.27 2721.03 6613.19 1239.34 30275.1 5198.09 3431.16 374.5 293.502 25077 4926 20151 3182.03 2283.08 2126.22
internal_count=297631 122132 69632 52500 61093 41608 25208 10892 22711 175499 15048 11344 9697 8190 160451 26366 12711 46077 9034 134085 22040 23677 1647 1284 112045 21907 90138 22400 10682 15016
is_linear=0
shrinkage=0.1


Tree=126
num_leaves=31
num_cat=0
split_feature=11 14 13 1 19 11 18 8 10 3 2 3 4 11 1 3 11 8 1 13 10 11 14 14 1 4 3 10 15 10
split_gain=14.2381 14.1015 15.265 17.6537 16.1347 23.0952 16.0475 15.3015 14.8741 11.92 11.6653 10.8067 10.4972 8.6744 7.93682 7.1879 6.96471 10.959 9.25697 9.15255 7.79274 6.9714 5.90459 10.4847 10.5295 7.72414 9.06714 6.50445 5.88959 5.85352
threshold=0.034198398899639819 0.48959731075055668 -0.0024855447867525846 0.028558868015152065 1.0000000180025095e-35 0.014929903796545874 1.0000000180025095e-35 1.1172102559719883 0.24809931003811556 0.157911414338366 -0.11636158640062998 0.18482102191347097 -0.017160554008409653 0.033781833385140049 -0.049203390117531935 0.076091743467078046 0.0099432353466932192 -0.88103378990722903 -0.015860843031362922 0.15252028682101812 0.14690320909376933 0.0089788543026652536 0.96002732410614433 0.95263731333717883 0.0067284771048512501 0.0015717560897412499 -0.17973363050272481 0.15944543322072188 0.91504395122133841 0.55122560864558012
decision_type=2 2 2 2 2 2 2 2 2 2 2 2 2 2 2 2 2 2 2 2 2 2 2 2 2 2 2 2 2 2
left_child=1 2 3 7 6 -6 -5 12 9 10 -4 -9 -1 15 -15 -10 17 21 20 -20 -19 -3 23 27 -25 26 -24 -18 -27 -2
right_child=29 16 8 4 5 -7 -8 11 13 -11 -12 -13 -14 14 -16 -17 22 18 19 -21 -22 -23 25 24 -26 28 -28 -29 -30 -31
leaf_value=0.013328731442947581 0.0013318299229523277 -0.048808461174534905 0.076844518825660346 -0.0049638458788000932 0.049758697816377359 0.0065519403110513826 0.012334109979100644 -0.032228754465455138 -0.0032306857676447347 0.060286977538774371 0.0055087409028168185 -0.0040519424656902626 -0.0050060170796321513 0.094123886557937658 0.0127376559245492 0.0034821495445465228 -0.0078089608717119771 -0.033619229437658459 0.015316541147626088 -0.010785916125596295 0.0036292981183902299 0.0014374811943331199 -0.050981610387429301 0.034455092627992394 0.00068520481207049073 -0.0072274654287353126 0.0034557555155384982 0.001927001318876746 -0.029293454821270267 -0.0082395092412684088
leaf_weight=321.72897890210152 824.69084180146456 53.273114122450352 23.06359851360321 2130.9529357776046 159.35638324916363 553.11779117584229 716.68619138747454 349.08229353278875 5663.7521736994386 40.794188916683197 3774.1412032544613 223.11349587887526 10614.894241988659 17.464325234293938 38.173815280199051 2220.4683399349451 706.73517812043428 79.738618604838848 1357.4190122708678 149.08566807210445 189.98922893404961 57.328708797693253 31.557678364217281 196.53393153846264 174.14462573826313 675.62987370043993 1004.8899756669998 23620.321405254304 147.3368965908885 2837.0742112696171
leaf_count=1693 4715 262 109 10930 709 2775 3617 1819 28974 181 17701 1207 53434 104 218 11176 3211 398 6187 701 931 280 186 969 839 3376 4994 116410 798 18727
internal_value=-4.50072e-05 0.000354932 -0.00128889 -0.00339701 0.00275703 0.0162158 -0.000610343 -0.00530069 0.00140829 0.00651966 0.00594202 -0.0212419 -0.00446665 -0.00106246 0.0382841 -0.00134012 0.00190645 0.00777702 0.00967875 0.0127334 -0.00738234 -0.0227643 0.00148936 0.00189849 0.01859 -0.00394495 0.00179825 0.00164416 -0.011178 -0.00608388
internal_weight=58952.5 55290.8 26846.8 15068.9 3560.11 712.474 2847.64 11508.8 11777.9 3838 3797.2 572.196 10936.6 7939.86 55.6381 7884.22 28444 1886.83 1776.23 1506.5 269.728 110.602 26557.1 24697.7 370.679 1859.41 1036.45 24327.1 822.967 3661.77
internal_count=297631 274189 134647 76184 18031 3484 14547 58153 58463 17991 17810 3026 55127 40472 322 40150 139542 8759 8217 6888 1329 542 130783 121429 1808 9354 5180 119621 4174 23442
is_linear=0
shrinkage=0.1


Tree=127
num_leaves=31
num_cat=0
split_feature=11 13 7 1 10 11 10 7 1 15 12 2 15 0 9 14 14 2 2 0 4 1 4 0 4 1 1 9 1 7
split_gain=40.6413 16.6565 15.9285 14.1904 12.9402 12.7295 11.1454 12.9117 10.6813 11.9501 9.5718 7.7856 8.87581 7.37939 13.3846 8.89711 9.88346 9.40747 7.80049 7.69891 9.47117 7.17263 12.7433 6.98494 6.85728 6.64761 6.28836 6.1775 6.04243 5.96861
threshold=0.022099538183243023 0.33504157383884298 0.040803439236401402 -0.092109822037683906 1.0606921104391753 0.045623160981048044 0.2529513937194604 -0.063834007981082172 0.0012893572300041181 0.9033881139184099 0.15327241421684448 0.055732170750499861 0.71279816575872335 -0.01418464371405581 1.2873506984821306 0.21148038636804128 0.11950320245559158 -0.15750554217795851 0.13245743742308205 0.024760301512791742 -0.017940941937259588 -0.060966973716605637 0.0050055266443658217 0.033605120777396642 -0.0026915790845598582 0.040919756996178565 0.050976761137942812 0.43489664803309608 0.01313890898601411 -0.012321348566667665
decision_type=2 2 2 2 2 2 2 2 2 2 2 2 2 2 2 2 2 2 2 2 2 2 2 2 2 2 2 2 2 2
left_child=1 3 8 -1 6 13 7 -5 29 24 -8 12 26 15 19 16 17 -2 -18 20 -15 22 -17 -11 -10 -16 -4 -21 -14 -3
right_child=5 2 11 4 -6 -7 10 -9 9 23 -12 -13 28 14 25 21 18 -19 -20 27 -22 -23 -24 -25 -26 -27 -28 -29 -30 -31
leaf_value=-0.026130706627908281 -0.051731354308247324 0.015237299368998716 -0.004933794481631718 -0.0055687954668577552 0.073334090494732981 -0.01793173092710763 -0.0012110347850441718 0.0036494111586533456 0.014717766598497673 -0.05403291666577107 0.0056819114628040655 0.0095327836663159464 -0.0048830221421073145 -0.016716373162519855 0.023994773163691627 0.0016170926216019796 0.0097777507370697056 -0.0038484128410713908 0.077801165041431447 -0.014674460790941389 -0.00017026638037108462 -0.013065073867158487 -0.029806376893225257 0.023418837053669699 0.043513292428779195 0.10493961248489753 0.047521243793566051 -0.0040876098467789966 -0.04808795027221921 -0.0017490910203291938
leaf_weight=189.30156154930592 45.375991106033325 757.53492996096611 292.72369347512722 1652.9176892638206 24.931590601801872 662.58560221269727 17568.90828551352 18818.841739743948 118.21707852184772 25.408016666769981 2275.5024788677692 370.54459491372108 52.859390959143639 363.22236592322588 28.972442217171192 886.28315903246403 403.65708601474762 428.48874562233686 17.592680364847183 782.13696608692408 7274.5787360146642 2173.7709227278829 151.04945789277554 21.494317397475243 275.25502038002014 15.613478444516657 24.789440259337425 1866.3679111972451 83.51052437722683 284.56147499382496
leaf_count=1010 329 3502 1335 7435 125 5792 88448 78775 543 121 11566 1771 247 2444 194 6126 2637 2736 122 4762 45716 14459 1082 104 1227 110 113 13134 390 1276
internal_value=8.24594e-05 0.00165492 0.00992018 0.00118448 0.00131265 -0.00437855 0.00126812 0.00290512 0.0161168 0.0291744 -0.00042064 -0.00122249 -0.010003 -0.00375653 -0.00233118 -0.00734259 0.00147381 -0.00843355 0.0126186 -0.00256815 -0.000957131 -0.00980022 -0.00295858 -0.0185385 0.0348618 0.0523407 -0.000838433 -0.00721404 -0.031341 0.0105989
internal_weight=57937 42837.3 2306.9 40530.4 40341.1 15099.7 40316.2 20471.8 1482.47 440.374 19844.4 824.428 453.883 14437.1 10330.9 4106.22 895.115 473.865 421.25 10286.3 7637.8 3211.1 1037.33 46.9023 393.472 44.5859 317.513 2648.5 136.37 1042.1
internal_count=297631 197988 10629 187359 186349 99643 186224 86210 6773 1995 100014 3856 2085 93851 66360 27491 5824 3065 2759 66056 48160 21667 7208 225 1770 304 1448 17896 637 4778
is_linear=0
shrinkage=0.1


Tree=128
num_leaves=31
num_cat=0
split_feature=11 13 13 10 14 10 3 7 2 1 2 0 14 5 1 5 15 12 10 7 11 8 4 2 12 14 13 2 5 5
split_gain=28.2068 12.0776 10.8128 26.8494 16.4213 17.5105 10.4164 10.1478 10.2708 8.43486 10.1411 11.3533 8.28111 8.14141 26.9567 14.8859 12.3069 8.95934 8.18337 8.53098 7.95423 7.62146 7.44682 12.9787 8.14549 7.30097 7.112 6.69648 6.17123 6.13889
threshold=0.023446486990244528 -0.37291012787093342 0.14896389331383228 0.18235832639825988 0.44239178021601083 0.13166326096220407 -0.012548702979790603 -0.21310530972188901 -0.11636158640062998 0.017927769909988015 0.049483561042098508 0.014702660566018546 0.61941547099470584 0.021647452080611255 0.050976761137942812 0.0020387782256556801 0.13820867036671938 0.030138059040182855 0.74860667286720484 0.055707312404915894 0.011367999476948805 0.021582359606389465 0.0078572342060467832 -0.074060588359114096 0.083439036089186278 0.46626398173990186 0.69492379920095504 0.0039554300664947925 -0.0041819944686682922 -0.032878713394410446
decision_type=2 2 2 2 2 2 2 2 2 2 2 2 2 2 2 2 2 2 2 2 2 2 2 2 2 2 2 2 2 2
left_child=1 9 7 4 6 -6 -4 12 29 10 20 -12 -3 14 26 16 -16 -15 19 27 -1 -10 24 -24 -5 -22 -2 -19 -18 -9
right_child=13 2 3 22 5 -7 -8 8 21 -11 11 -13 -14 17 15 -17 28 18 -20 -21 25 -23 23 -25 -26 -27 -28 -29 -30 -31
leaf_value=0.018289538762534065 -0.0034034172829540063 0.0080089789085171711 0.023996445183861029 -0.001538665505092632 0.078470528265544098 0.022561921082893593 -0.0099675884705596254 -0.023580879310122246 -0.001493552610919708 -0.0014790830290032245 0.042447123018517371 -0.02128611062528522 0.082043624282778324 0.046611985340366133 0.14511421341192862 0.014741485720672015 0.022747568973023758 -0.025606491952470015 -0.017366727914900522 -0.0025968952665509633 0.011240162436803824 0.0015877241246326308 -0.023380065847353276 0.012316144662888823 0.0072431254277407642 -0.001722210950101761 0.023389460919604574 -0.0086600928735507104 0.093237928203025733 0.019157952466129714
leaf_weight=568.33996883779764 8827.7013210207224 34.417436048388481 139.21590186655521 4957.6127542257309 61.216959774494171 659.83633489906788 256.98408038914204 272.12446678429842 16862.206180967391 883.85258153825998 164.28530192375183 33.680888801813126 26.93002961575985 30.783847823739052 16.039100550115108 195.25912122428417 37.914723478257656 290.26043190807104 719.76823704689741 2798.6565620005131 856.23431113362312 15321.324299633503 112.46165800094604 1080.1129822134972 1342.1551863253117 882.24285338819027 100.196980856359 1185.7522988542914 18.469936870038509 38.343680828809738
leaf_count=2557 52479 186 604 23477 281 2941 1160 1392 79389 4339 820 164 146 169 114 1199 243 1678 5039 16833 4111 73632 545 5274 6696 4310 598 6948 116 191
internal_value=-5.63992e-05 0.00118127 0.00070888 0.00386044 0.0183218 0.0273085 0.00196662 -0.000124582 -0.000201296 0.0069198 0.00988348 0.0316039 0.0405084 -0.00393399 -0.00216521 0.0291034 0.067824 -0.00717067 -0.00750217 -0.00584118 0.00801948 -2.66769e-05 0.00170397 0.00894994 0.000332281 0.00466201 -0.00310272 -0.0119926 0.0458381 -0.0183025
internal_weight=58774.4 44553.6 41164.9 8609.6 1117.25 721.053 396.2 32555.3 32494 3388.64 2504.78 197.966 61.3475 14220.8 9195.58 267.683 72.4238 5025.22 4994.44 4274.67 2306.82 32183.5 7492.34 1192.57 6299.77 1738.48 8927.9 1476.01 56.3847 310.468
internal_count=297631 212215 195914 40978 4986 3222 1764 154936 154604 16301 11962 984 332 85416 54749 1672 473 30667 30498 25459 10978 153021 35992 5819 30173 8421 53077 8626 359 1583
is_linear=0
shrinkage=0.1


Tree=129
num_leaves=31
num_cat=0
split_feature=9 13 0 0 18 4 2 1 4 14 15 1 9 15 14 19 12 7 19 17 4 19 5 12 16 4 18 13 14 14
split_gain=55.1731 35.4177 33.1169 35.3686 74.9829 42.7317 31.093 37.9879 29.2682 26.5717 24.9997 26.8918 24.096 22.8438 21.9455 21.9262 18.775 18.509 18.4609 16.8779 16.6921 33.309 19.4469 15.3143 14.8057 24.36 18.1979 14.1992 13.8921 12.9196
threshold=0.23241744489137242 -0.44560068126385904 0.046325120011475381 -0.015655855173674734 1.0000000180025095e-35 0.0072800209242762657 -0.018080232965068884 -0.00050833765185487312 -0.0098159801222150716 0.8763856091625325 0.96444145859497044 0.019749797875217471 0.14491595233953389 0.089291718688728552 0.53290800678357519 1.0000000180025095e-35 0.1394689636695006 -0.24382411377604932 1.0000000180025095e-35 1.0000000180025095e-35 0.010691840157894596 1.0000000180025095e-35 0.0088751272850898805 0.036624651032850349 1.0000000180025095e-35 -0.00050277677382304365 1.0000000180025095e-35 -0.009665559290903394 0.78756300120759859 0.67450454272599669
decision_type=2 2 2 2 2 2 2 2 2 2 2 2 2 2 2 2 2 2 2 2 2 2 2 2 2 2 2 2 2 2
left_child=1 18 3 4 5 17 29 14 -6 -9 11 16 23 -10 -8 -7 28 -2 19 -1 24 -22 -23 27 26 -26 -14 -3 -4 -5
right_child=2 12 10 6 8 15 7 9 13 -11 -12 -13 20 -15 -16 -17 -18 -19 -20 -21 21 22 -24 -25 25 -27 -28 -29 -30 -31
leaf_value=0.026861959768485707 0.027162440865937498 -0.044628660482991821 0.057685913140916083 -0.0027536071914244925 0.0028903981470515174 0.010895131154305272 0.014078248274307804 -0.0025299974645507598 0.015484011398885507 0.010200991161531753 0.0061504347541963674 0.014643994158425941 -0.011258356510696198 0.038203795577932409 0.0015436328069284389 0.044101965177415589 0.014962920271911163 -0.0015180463560852788 -0.028107723986895917 -0.0066436286834764338 -0.0027232601933812103 0.0817172561914212 0.0015878434308046138 -0.011232787752489048 0.014301337340334253 -0.0090973539010662918 2.221341667144606e-05 -0.014029170322080054 0.1247537138869977 -0.010302836501145714
leaf_weight=593.01652574539185 231.71313294768333 338.60232570394874 134.9358641654253 7321.4963270872831 627.98027385771275 561.63792625814676 3167.3276334553957 13732.145834699273 804.30307911336422 1861.6987073272467 1586.9260100051761 492.97040025144815 5572.6810507215559 983.93123544752598 2498.6472310386598 307.82424990832806 81.643884062767029 7783.7131261155009 95.772976364940405 201.40360476076603 402.50534170866013 89.577389508485794 45.759834282100201 1109.4378761984408 830.20584878325462 958.75863208994269 1923.7493402957916 274.65418461710215 40.051527738571167 3283.6948389261961
leaf_count=3077 796 3802 514 33428 2552 2215 14561 66046 3263 9065 6147 2061 39252 4455 11931 1187 300 34123 545 1151 2411 459 274 9261 5833 6772 13309 2993 150 15698
internal_value=5.07645e-05 -0.00585199 0.00166402 0.00103637 0.00584292 0.00159514 -0.000668307 0.00153794 0.0214629 -0.00101009 0.0132596 0.0283099 -0.00733381 0.027985 0.00855059 0.0226517 0.0545612 -0.000688939 0.0133674 0.0183675 -0.00542072 0.0117071 0.0546241 -0.0182427 -0.00641282 0.00176129 -0.00836351 -0.0309243 0.0730365 -0.00509108
internal_weight=57938.8 12436.1 45502.6 43166.1 11301.1 8884.89 31865 21259.8 2416.21 15593.8 2336.53 749.602 11545.9 1788.23 5665.97 869.462 256.631 8015.43 890.193 794.42 9823.24 537.843 135.337 1722.69 9285.39 1788.96 7496.43 613.257 174.987 10605.2
internal_count=297631 89139 208492 199320 48591 38321 150729 101603 10270 75111 9172 3025 84366 7718 26492 3402 964 34919 4773 4228 68310 3144 733 16056 65166 12605 52561 6795 664 49126
is_linear=0
shrinkage=0.1


Tree=130
num_leaves=31
num_cat=0
split_feature=11 3 2 2 9 4 11 9 14 9 13 4 4 4 1 14 2 10 2 7 13 14 3 14 7 10 13 11 4 20
split_gain=81.9204 25.3878 31.3463 28.9879 24.7662 36.4511 24.4701 34.1351 24.2014 22.0452 21.5609 24.9318 22.8204 21.1125 17.7092 16.974 19.6973 19.0347 16.5282 16.3149 15.9214 23.5505 14.4771 14.1741 15.0725 14.027 13.653 13.1963 12.8314 12.4739
threshold=0.015718325944105899 0.026687443507046774 0.034938374948022106 -0.13709116988136213 0.2038039725391548 -0.011494513541296268 0.01054007550812013 0.2114193991491182 0.063066092303260296 0.41518798509844362 0.27849137510920768 0.0013763531058441638 -0.020788485024278321 0.015819863451230102 0.0035505349030140469 0.54887458646073595 0.049483561042098508 0.200848643061485 -0.057920471069103023 -0.027348010928492535 -0.079243665246225212 0.93008402571389326 -0.10317902805481748 0.038616139788743682 0.0042637013991998493 0.218760251905431 0.44979507447643202 0.0078618324862541663 -0.022100346216837537 1.0000000180025095e-35
decision_type=2 2 2 2 2 2 2 2 2 2 2 2 2 2 2 2 2 2 2 2 2 2 2 2 2 2 2 2 2 2
left_child=6 3 4 9 5 -3 23 10 18 29 11 12 -8 -13 28 16 17 -9 -5 -16 21 -10 -22 24 -1 -7 -12 -25 -6 -2
right_child=1 2 -4 8 14 25 7 15 20 -11 26 13 -14 -15 19 -17 -18 -19 -20 -21 22 -23 -24 27 -26 -27 -28 -29 -30 -31
leaf_value=0.13155169879295769 0.019705735830994473 0.15036121498514168 0.0014393009933276316 0.0031546527951880165 0.024738391356379466 -0.019021559911684416 0.12444664022629111 -0.038586060454938315 -0.0054411391373590046 0.0050903929891468139 -0.03739465405054667 0.011540380103419578 -0.0044290814768298192 -0.054092844049318571 0.038540884363357897 -0.0054751931285313459 -0.034694221866529831 -0.0092731032835525716 -0.022323332929946621 0.01192919022916672 -0.0044095198039425625 0.015848217145878914 0.003797066445404406 -0.053901250626426069 -0.024742397808337084 0.037644346862623974 0.021717146117877541 -0.016404485487199076 0.0026991969000186716 0.056937300443696187
leaf_weight=13.075288303196432 395.89179909229279 26.090879693627357 12576.845930412412 356.37837606668472 282.9413890093565 53.982634976506233 13.800129674375055 247.23066035658121 7766.56582210958 2154.4506358504295 223.99237029254436 2132.6457849666476 3144.6682283878326 50.16372138261795 250.05425201356411 3283.9837628975511 471.51990998536348 2130.7214019596577 891.75563371181488 2927.6231898590922 2871.5892744213343 556.86174563318491 8549.6088453009725 99.011139824986458 11.683719739317892 228.98016626387835 47.329571850597858 1802.7476977519691 3981.6472778022289 116.45774465799332
leaf_count=117 1620 111 53593 1697 993 328 89 2074 35965 7964 2050 14898 23520 342 1024 22339 3390 15119 4930 12844 12843 2389 39351 1177 109 1112 420 17496 17236 465
internal_value=-0.000171129 0.00193031 0.00452211 -0.000296547 0.00952409 0.0372622 -0.00693193 -0.00521863 -0.00154412 0.0095242 0.000416773 0.00181369 -0.00386599 0.010032 0.00837221 -0.0103755 -0.016023 -0.0123207 -0.0150486 0.0140233 -0.000690446 -0.00401682 0.00173372 -0.017378 0.0577969 0.0268338 -0.0270832 -0.0183567 0.00416142 0.0281685
internal_weight=57660.3 43987.7 20328.2 23659.6 7751.32 309.054 13672.6 11746.1 20992.8 2666.8 5612.6 5341.28 3158.47 2182.81 7442.27 6133.46 2849.47 2377.95 1248.13 3177.68 19744.6 8323.43 11421.2 1926.52 24.759 282.963 271.322 1901.76 4264.59 512.35
internal_count=297605 194465 87241 107224 33648 1551 103140 84241 97175 10049 41319 38849 23609 15240 32097 42922 20583 17193 6627 13868 90548 38354 52194 18899 226 1440 2470 18673 18229 2085
is_linear=0
shrinkage=0.1


Tree=131
num_leaves=31
num_cat=0
split_feature=9 1 15 18 0 18 15 11 8 0 2 3 8 3 8 8 14 0 14 3 14 14 15 15 5 15 0 3 5 14
split_gain=18.4092 11.9861 10.4243 13.4921 9.7851 18.0305 9.59953 9.95822 9.12125 9.07983 8.86442 16.2416 15.3766 14.9289 37.2376 17.7021 8.14604 7.8111 7.65856 11.0008 7.54676 7.52405 7.11004 7.23414 8.7883 6.91138 10.248 8.68855 7.75059 6.78541
threshold=0.17510732770906559 -0.020202731105314339 0.17376721177174911 1.0000000180025095e-35 -0.021351191133941235 1.0000000180025095e-35 0.097413514518656541 0.011457564367953718 1.6865456753477164 0.032642656446367997 -0.016751562550226137 -0.05365096701681437 0.12526448926535169 1.0000000180025095e-35 0.058273380863007145 -0.22421676791645248 0.18365289666114856 -0.013105162276395353 0.84941174769146233 0.074887140311213699 0.34643810268803782 0.45851541096663256 0.62600812142666495 0.79939615320558699 -0.0041819944686682922 0.13418317511331976 -0.026242168411907848 0.13786354799174053 -0.02956877539295882 0.89959731489136574
decision_type=2 2 2 2 2 2 2 2 2 2 2 2 2 2 2 2 2 2 2 2 2 2 2 2 2 2 2 2 2 2
left_child=1 20 3 17 5 6 -2 -8 18 10 11 16 -13 14 -12 -15 -6 -3 19 -4 -1 -19 -11 24 -24 26 27 -7 -28 -22
right_child=4 2 8 -5 9 25 7 -9 -10 22 13 12 -14 15 -16 -17 -18 21 -20 -21 29 -23 23 -25 -26 -27 28 -29 -30 -31
leaf_value=0.0069169090617595685 -0.0044996223262323059 -0.0076884177536865154 0.0024300098842785097 0.061056548961831686 -0.0084267675368283855 -0.011082881447307118 -0.052104902570272393 0.0048077028460265887 -0.042240944548434495 0.056086821711733161 -0.0019680900631142743 0.0095110992366351978 -0.00070408785050433877 0.01399314978141763 -0.027779930342011164 0.00046075256949983188 0.00093434591972491911 -0.0010696848122981328 0.013441761644873113 0.01530447631244959 -0.013336880021512808 0.039581208733696215 -0.075555746080629774 -0.0035547597061804295 -0.014744097587861394 -0.025100288069893447 0.036419985152178314 -0.045664699291509375 -0.0037668296383121568 0.010463954198100712
leaf_weight=427.82392889261246 3292.8321978449821 111.83845645189285 4482.9949057623744 73.676084026694298 1134.0899493321776 786.49448418617249 31.182240575551987 2189.174245133996 39.544596895575523 19.33395578712225 6547.3973142504692 4673.7192115858197 2152.0797070488334 1018.9015585184097 611.07626997679472 18854.815171197057 5155.2094953805208 70.151256784796715 1120.3275777250528 779.02018254250288 713.8088099360466 129.73640343919396 26.811608113348484 3446.2867840155959 209.11662428826094 383.33528610318899 73.840305350720882 80.047043323516846 137.09676744788885 143.93528155237436
leaf_count=2133 18415 512 20884 341 6087 4424 154 11577 213 100 33047 22780 11051 4753 3290 92869 27130 326 4955 3364 3528 593 154 19451 1113 2046 403 498 721 693
internal_value=0.000494213 0.00492397 0.0065964 0.0225703 -0.000211167 -0.00369046 -0.00107313 0.00400843 0.00563775 0.000342202 0.000779144 0.00291244 0.00629039 -0.000255861 -0.00417149 0.00115454 -0.000753655 0.0134741 0.0059344 0.00433602 -0.00393183 0.0253146 -0.0043969 -0.00471448 -0.0216549 -0.0135684 -0.00946572 -0.0142774 0.0103009 -0.00934294
internal_weight=58915.7 8092.86 6807.29 385.402 50822.8 6974 5513.19 2220.36 6421.89 43848.8 40147.3 13115.1 6825.8 27032.2 7158.47 19873.7 6289.3 311.726 6382.34 5262.02 1285.57 199.888 3701.55 3682.22 235.928 1460.81 1077.48 866.542 210.937 857.744
internal_count=297605 37542 31188 1772 260063 38238 30146 11731 29416 221825 201007 67048 33831 133959 36337 97622 33217 1431 29203 24248 6354 919 20818 20718 1267 8092 6046 4922 1124 4221
is_linear=0
shrinkage=0.1


Tree=132
num_leaves=31
num_cat=0
split_feature=11 10 11 13 8 17 11 3 8 1 13 7 12 7 4 2 15 0 9 9 7 4 12 13 5 11 12 15 9 9
split_gain=31.2729 20.8478 16.8756 14.453 11.9817 11.9541 14.5168 15.611 9.22605 12.1007 8.97626 8.7681 8.17703 8.03905 7.89959 7.38894 10.0269 14.4026 8.27979 8.03814 7.03081 6.79481 6.41123 6.36089 7.62548 6.35507 7.77743 6.70771 6.28098 9.21883
threshold=0.016259463834901684 0.74860667286720484 0.032047388851515791 0.26171278304059747 1.1733555252859507 1.0000000180025095e-35 0.008248395454542758 0.033707321667090014 0.4401076530482409 0.036791561393555668 0.46425689098508122 0.014463952622932543 0.052610012391332416 0.010171994565574606 0.010691840157894596 0.079225496221911676 0.93425024419447344 0.051173097787588613 1.0637003796512599 0.23367294456818308 0.021441705796796055 0.0063811208139870077 0.36162789603422979 -0.2294819562497655 -0.014368732524592196 0.028319898740222567 0.040028953795134693 0.38838542004716475 0.64367210008515363 0.50960983409957861
decision_type=2 2 2 2 2 2 2 2 2 2 2 2 2 2 2 2 2 2 2 2 2 2 2 2 2 2 2 2 2 2
left_child=1 3 10 5 11 6 12 -8 9 -7 15 13 -1 -5 -10 18 17 -17 19 -2 -13 22 23 24 -4 26 27 -12 29 -24
right_child=2 -3 21 4 -6 8 7 -9 14 -11 25 20 -14 -15 -16 16 -18 -19 -20 -21 -22 -23 28 -25 -26 -27 -28 -29 -30 -31
leaf_value=0.011510134317348167 -0.0082116234162887478 0.07221111410519282 -0.003149844101724017 0.015784179592614186 -0.047613420816407452 0.0062884993591402552 -0.0023674335266464109 0.003630819047054896 -0.0011436301469792555 0.027564262373712747 0.018670984877313192 -0.024188547669458018 0.046413133592188086 0.058409329426296876 -0.046417745460832091 0.0034183029059291804 -0.0098219072034220686 0.079643895435323131 0.064822139250574784 -0.0021100162713477864 0.0069412947178338104 -0.014817777141600465 0.030499867548147593 -0.0051621984408768704 -0.032352608963267866 -0.0088107779050817358 0.014708948978899274 -0.036197823711258993 0.018473941942660398 -0.058303817898514854
leaf_weight=412.53889793157578 2419.6397142782807 42.417713508009911 159.23684544861317 971.64796170592308 35.107162579894066 3820.794096454978 12003.827137753367 6795.0433590561152 948.33612516522408 287.43666240572929 35.613087013363838 79.419644594192505 80.166396975517273 46.356832042336464 40.171900853514671 3486.0281292721629 621.2797662243247 24.965361624956131 18.139058247208595 20049.17270886153 839.06482623517513 1238.3465767465532 19.76541917771101 1999.8770826458931 203.93099094927311 194.04683818668127 744.5268516689539 59.513594299554825 183.87618564814329 28.612355448305607
leaf_count=1481 12238 187 1305 4060 155 16113 51562 29054 4112 1236 175 329 298 189 180 19905 3755 153 113 113011 3529 10034 150 15507 1618 1235 3915 293 1482 231
internal_value=-0.000376956 0.00216126 -0.00250532 0.00204853 0.010284 0.00138276 0.000244794 -0.000199304 0.00569007 0.00777708 -0.00164333 0.0113336 0.0171891 0.0177252 -0.00298352 -0.00199837 0.00188818 0.00396031 -0.00271257 -0.00276709 0.00424956 -0.00872304 -0.00581493 -0.00737313 -0.0195482 0.00749944 0.0112688 -0.0156563 0.0100388 -0.0220218
internal_weight=57888.9 26402.3 31486.6 26359.9 1971.6 24388.3 19291.6 18798.9 5096.74 4108.23 27652.9 1936.49 492.705 1018 988.508 26619.2 4132.27 3510.99 22487 22468.8 918.484 3833.65 2595.3 2363.04 363.168 1033.7 839.654 95.1267 232.254 48.3778
internal_count=297605 112485 185120 112298 8262 104036 82395 80616 21641 17349 154793 8107 1779 4249 4292 149175 23813 20058 125362 125249 3858 30327 20293 18430 2923 5618 4383 468 1863 381
is_linear=0
shrinkage=0.1


Tree=133
num_leaves=31
num_cat=0
split_feature=11 14 8 3 3 8 11 13 4 14 4 4 4 9 10 5 14 3 4 16 2 4 8 15 11 9 8 14 11 11
split_gain=21.9815 10.4059 9.64854 23.3015 15.2827 17.1941 13.1875 16.6881 11.2945 11.1 10.8207 9.33928 11.9105 11.2838 10.9007 9.79855 9.33479 8.33626 8.97483 8.07225 7.94264 8.07395 7.68771 8.24248 7.60578 7.24039 13.2647 12.3691 13.7477 11.1167
threshold=0.01565271663908362 0.98591076661310162 -0.39851479706898768 -0.03306441306488294 -0.075101881029751003 -0.75540399697590865 0.0089788543026652536 0.14896389331383228 -0.01057553906777464 0.82678749306998534 0.01487922120762031 -0.0093158017730834413 -0.0018920618573493584 0.27507337592005837 0.19112433589221342 0.0091873447274144499 0.83775623683780576 -0.12222989293001162 0.00053264552334186821 1.0000000180025095e-35 0.038530929969952339 -0.0026070548314880422 1.5091400598305447 0.76048303242272441 0.016745393475785398 0.17663461472364081 1.3764873897658576 0.9033881139184099 0.01054007550812013 0.01127726258380332
decision_type=2 2 2 2 2 2 2 2 2 2 2 2 2 2 2 2 2 2 2 2 2 2 2 2 2 2 2 2 2 2
left_child=2 11 4 8 5 -1 7 16 -4 10 -10 13 22 -2 24 -16 -6 -7 -19 -11 -8 -22 23 -13 -14 26 29 -27 -29 -5
right_child=1 -3 3 25 6 17 20 -9 9 19 -12 12 14 -15 15 -17 -18 18 -20 -21 21 -23 -24 -25 -26 27 -28 28 -30 -31
leaf_value=0.00036922670444957203 -0.01640010184365466 -0.015697046352362961 -0.019607527959313958 0.0029206014429547147 0.018325526163943784 -0.0077880593583300895 -0.0072185693852895062 0.076111334544548243 0.023361689231112818 0.0092119438565712638 -0.034221923368768663 0.0035296254654828387 0.039096721931049461 -0.0032414757986771398 -0.0040001137430075674 0.00021548930498313081 -0.023206919409551753 0.015360583200444554 0.045357569159339903 -0.029341828733659477 0.044447845263262502 1.0245981022913762e-05 0.015724063815412883 -0.0049523363324872659 0.003111902118615925 0.0053505054854463274 0.042136784241571412 0.034646601955963745 -0.0086063523640968736 -0.0064301782925877743
leaf_weight=1118.1057135909796 759.93113039433956 506.06311997771263 87.693582713603973 2973.5666602551937 190.06935197114944 74.17383348941803 3446.3127671554685 39.567218191921711 1149.9034310430288 238.96276903152466 33.586258009076118 6260.3446795716882 108.28645354509354 4574.9772286713123 11614.060919053853 10497.126049399376 75.657668061554432 224.55712702870369 179.44245512783527 70.279699668288231 59.055977150797844 132.89777785539627 429.62760027498007 1402.3183495178819 128.36098070442677 8914.5992733165622 72.014740593731403 78.874303087592125 1075.4395965337753 2221.0362499654293
leaf_count=5002 3779 3041 364 13830 925 305 15992 183 4639 984 131 32397 496 26801 61744 56895 363 935 749 279 285 650 2500 7385 593 40495 374 354 4915 10220
internal_value=6.41172e-05 -0.00145782 0.00252306 0.00370929 -0.00109909 0.00715637 -0.00444074 0.0155222 0.0152706 0.0173196 0.0217275 -0.0012564 -0.000579992 -0.00511586 -0.0017703 -0.00199879 0.00650043 0.0230266 0.0286842 0.000450057 -0.00611587 0.0136818 0.0027072 0.00197737 0.019578 0.00251782 -0.000486572 0.00408929 -0.00565088 -0.00107748
internal_weight=58736.9 36281.1 22455.8 16916 5539.84 1596.28 3943.56 305.294 1580.43 1492.73 1183.49 35775 30440.1 5334.91 22347.8 22111.2 265.727 478.173 404 309.242 3638.27 191.954 8092.29 7662.66 236.647 15335.5 5266.62 10068.9 1154.31 5194.6
internal_count=297605 195631 101974 76585 25389 6991 18398 1471 6397 6033 4770 192590 162010 30580 119728 118639 1288 1989 1684 1263 16927 935 42282 39782 1089 70188 24424 45764 5269 24050
is_linear=0
shrinkage=0.1


Tree=134
num_leaves=31
num_cat=0
split_feature=12 5 13 8 6 0 4 18 12 9 2 0 2 7 8 4 14 11 14 9 12 9 0 8 11 14 7 9 0 13
split_gain=45.417 32.4198 28.2742 26.0191 30.2428 31.7486 28.0455 25.5496 19.5162 18.6742 25.0139 24.3602 17.6367 16.6646 16.4661 16.3791 16.1533 14.855 13.1982 13.0324 12.7137 12.5747 11.5865 11.5381 11.0344 10.6718 10.0927 8.67291 9.32847 8.70499
threshold=0.030916060779838481 0.0023322577208568789 0.36040811057618966 1.2663881247454183 0.0449482221269576 0.046325120011475381 0.033010190026065984 1.0000000180025095e-35 0.32748217798320661 0.25881644982893703 -0.0058473216551007115 0.010895386770249706 -0.010040420095547285 0.0016983162621054817 -0.20837125581705482 -0.0030375732863050504 0.99000672721233218 0.016327980392723339 0.98591076661310162 0.12355671282667714 0.46893784942231215 0.2114193991491182 0.012058816843130151 2.7295332068428872 0.013937903968197095 0.52133005059509041 -0.00087039577854514094 0.28755541873163187 -0.020881874526646579 -0.053845444945221942
decision_type=2 2 2 2 2 2 2 2 2 2 2 2 2 2 2 2 2 2 2 2 2 2 2 2 2 2 2 2 2 2
left_child=1 9 3 4 5 7 -7 -2 16 10 -1 21 20 14 -6 27 25 -4 -19 -3 -10 -12 -17 -18 -15 -5 -13 29 -29 -11
right_child=2 19 17 8 13 6 -8 -9 12 15 11 26 -14 24 -16 22 23 18 -20 -21 -22 -23 -24 -25 -26 -27 -28 28 -30 -31
leaf_value=-0.014746754677870325 5.3702494634126242e-05 -0.057185873813472676 -0.025777429775701861 0.01529360928567711 -0.015538895204401033 0.029893659791916129 -0.022487681815892595 0.0065345188564412656 0.0027152398192987425 -0.02684447165181373 -0.005649044634561699 0.014342481332418947 -0.020434369337322369 -0.020910477303309315 0.015158236496761353 -0.0070969802312697396 0.023279472851970791 -0.0060170169026971271 0.040587362765300526 -0.017439588460009012 0.078510221450283607 0.027506716303456663 0.041330000863541168 0.10097355362748123 -0.0056220258521530071 0.0051913419714622253 0.12257449907087714 0.024595201710920299 0.08570472017078834 0.042219462896302185
leaf_weight=1192.6737908422947 28567.613138768822 86.168659884482622 389.10858005285263 1905.5988589450717 232.98703088611364 661.25768890231848 120.90217508375645 7728.8424424044788 72.036636590957642 30.74221371114254 350.74014737457037 12.827537674456833 383.37977079674602 511.01021946966648 698.97725863754749 263.80885974317789 46.160738989710808 3675.9026560261846 61.787672340869904 1935.509474311024 31.944058280438185 169.74833696335554 60.790647096931934 32.622840419411659 6197.8682224005461 2317.2572002708912 26.240706577897072 44.509317934513092 56.932131230831146 44.912288904190063
leaf_count=9231 146257 1132 2732 8066 959 2513 454 38674 282 171 3280 104 1538 4124 3188 1366 190 16484 251 15028 126 1118 319 112 29329 9641 197 214 275 250
internal_value=-2.06176e-05 -0.00993934 0.000770066 0.00143295 0.000682743 0.00186326 0.0217968 0.00143371 0.00843834 -0.00169241 -0.00656294 0.0108806 -0.0105273 -0.00504593 0.00748409 0.0153185 0.0105871 -0.00718242 -0.0052466 -0.0191337 0.0260003 0.00516413 0.00197237 0.0554512 -0.00678654 0.00975007 0.087038 0.0397806 0.0588918 0.0141553
internal_weight=57910.9 4275.6 53635.3 49508.5 44719.5 37078.6 782.16 36296.5 4789 2253.93 1752.23 559.557 487.36 7640.84 931.964 501.695 4301.64 4126.8 3737.69 2021.68 103.981 520.488 324.6 78.7836 6708.88 4222.86 39.0682 177.096 101.441 75.6545
internal_count=297605 32685 264920 245453 225498 187898 2967 184931 19955 16525 13930 4699 1946 37600 4147 2595 18009 19467 16735 16160 408 4398 1685 302 33453 17707 301 910 489 421
is_linear=0
shrinkage=0.1


end of trees

feature_importances:
parkinson_10d=470
vol_21d=367
ret_21d=352
volume_ratio=316
dollar_volume_pctile=304
vol_10d=289
ret_21d_z=264
overnight_gap=263
vol_of_vol=257
ret_10d=195
ret_5d=176
close_vs_sma63=176
ret_1d=143
close_vs_sma10=109
close_vs_sma21=108
ret_1d_rank=95
dow_thu=51
dow_fri=47
dow_wed=39
dow_tue=20
dow_mon=9

parameters:
[boosting: gbdt]
[objective: multiclass]
[metric: multi_logloss]
[tree_learner: serial]
[device_type: cpu]
[data_sample_strategy: bagging]
[data: ]
[valid: ]
[num_iterations: 27]
[learning_rate: 0.1]
[num_leaves: 31]
[num_threads: 4]
[seed: 42]
[deterministic: 1]
[force_col_wise: 0]
[force_row_wise: 1]
[histogram_pool_size: -1]
[max_depth: 6]
[min_data_in_leaf: 100]
[min_sum_hessian_in_leaf: 0.001]
[bagging_fraction: 0.8]
[pos_bagging_fraction: 1]
[neg_bagging_fraction: 1]
[bagging_freq: 1]
[bagging_seed: 400]
[bagging_by_query: 0]
[feature_fraction: 0.8]
[feature_fraction_bynode: 1]
[feature_fraction_seed: 30056]
[extra_trees: 0]
[extra_seed: 12879]
[early_stopping_round: 0]
[early_stopping_min_delta: 0]
[first_metric_only: 0]
[max_delta_step: 0]
[lambda_l1: 0]
[lambda_l2: 0]
[linear_lambda: 0]
[min_gain_to_split: 0]
[drop_rate: 0.1]
[max_drop: 50]
[skip_drop: 0.5]
[xgboost_dart_mode: 0]
[uniform_drop: 0]
[drop_seed: 17869]
[top_rate: 0.2]
[other_rate: 0.1]
[min_data_per_group: 100]
[max_cat_threshold: 32]
[cat_l2: 10]
[cat_smooth: 10]
[max_cat_to_onehot: 4]
[top_k: 20]
[monotone_constraints: ]
[monotone_constraints_method: basic]
[monotone_penalty: 0]
[feature_contri: ]
[forcedsplits_filename: ]
[refit_decay_rate: 0.9]
[cegb_tradeoff: 1]
[cegb_penalty_split: 0]
[cegb_penalty_feature_lazy: ]
[cegb_penalty_feature_coupled: ]
[path_smooth: 0]
[interaction_constraints: ]
[verbosity: -1]
[saved_feature_importance_type: 0]
[use_quantized_grad: 0]
[num_grad_quant_bins: 4]
[quant_train_renew_leaf: 0]
[stochastic_rounding: 1]
[linear_tree: 0]
[max_bin: 255]
[max_bin_by_feature: ]
[min_data_in_bin: 3]
[bin_construct_sample_cnt: 200000]
[data_random_seed: 175]
[is_enable_sparse: 1]
[enable_bundle: 1]
[use_missing: 1]
[zero_as_missing: 0]
[feature_pre_filter: 1]
[pre_partition: 0]
[two_round: 0]
[header: 0]
[label_column: ]
[weight_column: ]
[group_column: ]
[ignore_column: ]
[categorical_feature: ]
[forcedbins_filename: ]
[precise_float_parser: 0]
[parser_config_file: ]
[objective_seed: 16083]
[num_class: 5]
[is_unbalance: 0]
[scale_pos_weight: 1]
[sigmoid: 1]
[boost_from_average: 1]
[reg_sqrt: 0]
[alpha: 0.9]
[fair_c: 1]
[poisson_max_delta_step: 0.7]
[tweedie_variance_power: 1.5]
[lambdarank_truncation_level: 30]
[lambdarank_norm: 1]
[label_gain: ]
[lambdarank_position_bias_regularization: 0]
[eval_at: ]
[multi_error_top_k: 1]
[auc_mu_weights: ]
[num_machines: 1]
[local_listen_port: 12400]
[time_out: 120]
[machine_list_filename: ]
[machines: ]
[gpu_platform_id: -1]
[gpu_device_id: -1]
[gpu_device_id_list: ]
[gpu_use_dp: 0]
[num_gpu: 1]

end of parameters

pandas_categorical:null
