tree
version=v4
num_class=5
num_tree_per_iteration=5
label_index=0
max_feature_idx=20
objective=multiclass num_class:5
feature_names=ret_1d ret_5d ret_10d ret_21d overnight_gap close_vs_sma10 close_vs_sma21 close_vs_sma63 ret_21d_z vol_10d vol_21d parkinson_10d vol_of_vol volume_ratio dollar_volume_pctile ret_1d_rank dow_mon dow_tue dow_wed dow_thu dow_fri
feature_infos=[-0.15997403471786201:0.14017071250872426] [-0.31340040265715152:0.27747939712561642] [-0.4040455429429361:0.35598927864952951] [-0.51253452172128233:0.56259063107542651] [-0.10570992069131928:0.11367856126279947] [-0.238400875109851:0.23745390707314201] [-0.27026635889480138:0.39004459049913276] [-0.34009432764957326:0.66736997602550463] [-3.4076092865489027:3.5803397550605585] [0.070108588012500167:1.6085481828646397] [0.11114048089463111:1.3967145756851735] [0.0061714999497073063:0.064260343557538721] [0.012325288386786303:0.68722629090407628] [-1.0974626654027457:0.85769703605886904] [0.010644295302013421:0.99002691790040376] [0.010644295302013421:0.99002691790040376] [0:1] [0:1] [0:1] [0:1] [0:1]
tree_sizes=3450 3462 3457 3457 3458 3537 3558 3540 3569 3541 3551 3577 3561 3571 3535 3529 3563 3570 3555 3558 3535 3562 3542 3572 3551 3566 3584 3573 3563 3546 3525 3573 3580 3568 3551 3555 3588 3564 3567 3537 3551 3589 3554 3567 3543 3552 3582 3573 3571 3542 3555 3573 3552 3586 3539 3552 3557 3573 3554 3542 3529 3583 3561 3556 3551

Tree=0
num_leaves=31
num_cat=0
split_feature=11 11 11 16 11 11 11 11 14 17 0 5 14 4 10 15 15 4 12 4 9 7 4 15 15 7 7 9 13 13
split_gain=13213.3 2321.91 1997.71 340.892 330.667 311.666 298.185 289.453 242.609 185.166 170.646 136.11 127.525 113.861 110.088 104.933 104.112 90.0843 88.9562 88.7487 85.021 84.7019 85.1881 79.0549 77.5995 75.0408 74.6172 72.7282 68.4311 65.9206
threshold=0.022375993672495407 0.032518878533373909 0.016185801369714706 1.0000000180025095e-35 0.026774789434422987 0.018475703777234346 0.038268148605222582 0.013105086692960665 0.58944186963631895 1.0000000180025095e-35 -0.040881314432569253 0.010643421855445425 0.74294353563911952 -0.030512339580978761 0.95071560384312803 0.22069203015310349 0.14424691324681874 0.014032868176396597 0.31862262826601367 -0.045284194103154443 0.5544774912298831 -0.015610396188520502 -0.00057093057001034165 0.99001007164566601 0.98930495097913207 0.40088794854355619 0.31380171624876169 0.26038911108070789 0.24130715533193764 -0.37276022238533157
decision_type=2 2 2 2 2 2 2 2 2 2 2 2 2 2 2 2 2 2 2 2 2 2 2 2 2 2 2 2 2 2
left_child=2 3 7 4 11 -4 13 -1 14 19 -11 20 24 -3 28 27 -7 -17 25 -10 -2 29 -23 -13 -6 -15 -20 -5 -8 -18
right_child=1 6 5 15 12 16 8 -9 9 10 -12 23 -14 18 -16 17 21 -19 26 -21 -22 22 -24 -25 -26 -27 -28 -29 -30 -31
leaf_value=-1.6825618931464768 -1.5769772703877309 -1.4908912113684416 -1.6416228989491497 -1.4408211390823389 -1.5724337284278536 -1.5963101401817958 -1.5558735130265127 -1.6588049806872434 -1.418631348832458 -1.3776452620830422 -1.4840160754845189 -1.6085903077471193 -1.5394749200779172 -1.5493039239474331 -1.5028981005885282 -1.6130881388778329 -1.6807913216126058 -1.6582348670063267 -1.6103045599761545 -1.5144125779559559 -1.6209490875538841 -1.6286294165976183 -1.6055291512278189 -1.5174336975836402 -1.5086905550459195 -1.4559405513041095 -1.5030022761655351 -1.5902458920289122 -1.5245805433933972 -1.6291308989674187
leaf_weight=9947.0573447048664 4571.1827373206615 327.25925323367119 8078.8598848134279 33.605409607291222 6092.1360304802656 2129.8998773396015 1881.0560782849789 10587.249093681574 100.28686515986919 205.09651735424995 569.86857667565346 3704.3808693885803 1687.3090792745352 4817.5862327367067 820.3232370018959 2154.8618510216475 266.63587732613087 556.01559218764305 399.25834864377975 2734.444745182991 486.52168329060078 2526.3251302391291 4337.0205020755529 97.645439580082893 197.162348523736 87.654759734869003 77.364572554826736 1060.2863172292709 1111.8697265833616 3354.881499543786
leaf_count=77911 18760 694 47481 101 21666 9963 4744 70927 150 344 1190 16880 5343 13884 1571 9301 1627 2049 1294 5490 2191 13174 22113 281 510 220 194 4145 2655 17937
internal_value=-1.61023 -1.56385 -1.64822 -1.58477 -1.57866 -1.62629 -1.53098 -1.67031 -1.51776 -1.49918 -1.45586 -1.59195 -1.56389 -1.54816 -1.53535 -1.6118 -1.61647 -1.62235 -1.55164 -1.51102 -1.58121 -1.62056 -1.61403 -1.60625 -1.57044 -1.54764 -1.59289 -1.58566 -1.54425 -1.63293
internal_weight=75001.1 33773.2 41227.9 20641.1 16836.3 20693.6 13132.1 20534.3 7422.95 3609.7 774.965 8859.73 7976.61 5709.12 3813.25 3804.77 12614.8 2710.88 5381.86 2834.73 5057.7 10484.9 6863.35 3802.03 6289.3 4905.24 476.623 1093.89 2992.93 3621.52
internal_count=374790 113657 261133 81227 65631 112295 32430 148838 16144 7174 1534 38112 27519 16286 8970 15596 64814 11350 15592 5640 20951 54851 35287 17161 22176 14104 1488 4246 7399 19564
is_linear=0
shrinkage=1


Tree=1
num_leaves=31
num_cat=0
split_feature=11 11 11 17 4 20 4 0 0 11 13 4 4 11 4 3 11 0 3 0 14 4 15 15 0 0 0 1 7 7
split_gain=3766.89 416.44 406.151 384.634 222.676 121.97 111.54 105.862 98.0902 97.4184 96.8071 85.7904 70.1539 68.8751 65.6024 65.4237 51.8002 47.5928 40.478 39.9879 39.7991 37.2624 34.1517 31.6196 30.505 24.8434 31.1351 24.6539 21.6287 20.3772
threshold=0.026774789434422987 0.036892982596579332 0.021239794531033172 1.0000000180025095e-35 0.0018421523318010726 1.0000000180025095e-35 -0.0081320248088931884 0.0034998636819967292 -0.025219892306390431 0.016454848185728958 -0.59192894300328858 -0.015571508333000137 0.01867576600287069 0.032178912312752668 0.021823756169154006 0.051998162165989077 0.044515422831695871 -0.034895785854607946 -0.10310309442854092 0.026870992892762628 0.22505880940517201 -0.0063795834050059943 0.91052807598559438 0.67606580342268674 -0.054789505542215615 0.03626251454301422 -0.037666195473120327 -0.040481205202462116 -0.20748096298468657 0.069113939333302912
decision_type=2 2 2 2 2 2 2 2 2 2 2 2 2 2 2 2 2 2 2 2 2 2 2 2 2 2 2 2 2 2
left_child=2 13 3 5 6 7 -5 20 -4 15 -8 27 -9 17 21 -6 24 -2 -13 -11 -1 -10 28 -23 -3 26 -15 -7 -19 -26
right_child=1 16 8 4 9 11 10 12 14 19 -12 18 -14 25 -16 -17 -18 22 -20 -21 -22 23 -24 -25 29 -27 -28 -29 -30 -31
leaf_value=-1.6136013693329938 -1.6459633638118991 -1.676278633750937 -1.6282278522290956 -1.612235475583828 -1.5457409534212232 -1.6657098847629837 -1.4527404458708535 -1.5875495624947167 -1.6145457431429266 -1.5590662811776959 -1.5771142738966382 -1.5515076644781225 -1.6234394915179122 -1.6565475359512687 -1.6349253193898223 -1.5031004829969994 -1.6696104623609467 -1.6463543537625727 -1.582612416011181 -1.6010526296463501 -1.600677195372239 -1.5952531244646566 -1.6376606823971829 -1.6072134668803468 -1.6443063823726605 -1.6575004573421401 -1.6347908431221558 -1.6082118197682649 -1.6202539555040258 -1.6581502815431508
leaf_weight=3095.5612576603889 1246.4425797611475 540.67863281071186 2230.7370562106371 1015.8246948868036 1089.2322622537613 140.74645109474659 63.588390022516251 8741.2242579311132 2430.7844133973122 1090.8477244675159 3954.1481120437384 448.43912677466869 580.82572527229786 817.92474327981472 708.66391016542912 537.33042414486408 3735.6122207641602 335.10463805496693 6240.3969775438309 286.38959224522114 10346.606214910746 4959.5854960680008 1677.6268132925034 3987.5830064415932 2178.8492249548435 884.45314039289951 3358.8945567011833 158.60918426513672 6041.856320887804 2076.5383320748806
leaf_count=18587 3667 1043 8594 5612 7732 764 513 57051 10682 6273 26055 2921 2909 1967 2529 3696 7253 1021 43751 1444 66654 23582 5471 17990 5998 2284 10428 918 22513 4888
internal_value=-1.60947 -1.64328 -1.59462 -1.58918 -1.56977 -1.59443 -1.58263 -1.59797 -1.60896 -1.54823 -1.57515 -1.58287 -1.58979 -1.63289 -1.60541 -1.53165 -1.66078 -1.62778 -1.58053 -1.5678 -1.60365 -1.60357 -1.62497 -1.60058 -1.6539 -1.64228 -1.63905 -1.63525 -1.62163 -1.65106
internal_weight=75001.1 22894 52107.1 37789.8 8037.36 29752.4 5033.56 22764.2 14317.4 3003.8 4017.74 6988.19 9322.05 14362.3 12086.6 1626.56 8531.68 9301.03 6688.84 1377.24 13442.2 11378 8054.59 8947.17 4796.07 5061.27 4176.82 299.356 6376.96 4255.39
internal_count=374790 66533 308257 244880 51325 193555 32180 145201 63377 19145 26568 48354 59960 47351 54783 11428 19182 32672 46672 7717 85241 52254 29005 41572 11929 14679 12395 1682 23534 10886
is_linear=0
shrinkage=1


Tree=2
num_leaves=31
num_cat=0
split_feature=11 11 11 11 11 11 11 11 11 11 12 11 0 15 4 11 10 0 19 6 15 5 10 5 10 5 15 9 8 6
split_gain=18525.9 2932.74 2830.21 695.827 507.511 325.674 256.338 123.992 106.482 68.2621 57.9365 54.3709 52.8464 55.2159 52.4017 50.8298 46.8623 46.2857 44.699 41.8544 41.8447 38.6091 37.9907 33.8939 33.3353 33.1876 30.0344 29.3576 27.2584 27.0213
threshold=0.017957067746056758 0.026774789434422987 0.013427807286508789 0.010542218358523819 0.021239794531033172 0.015776231196314151 0.032518878533373909 0.011613092252075947 0.009372690526080826 0.024134260737993202 0.023135696323813768 0.040897472922131223 -0.022950539274081191 0.94080053147919041 0.01867576600287069 0.0149466788915576 0.24453660075608993 -0.01629354535987115 1.0000000180025095e-35 0.036527957528006867 0.90271719804284334 0.0072854225609004794 0.26383147421515601 -0.0028861003179199147 0.37688580328257093 -1.0000000180025095e-35 0.74714573024337472 0.11334756915275336 -0.54612392350111227 0.045868296389299908
decision_type=2 2 2 2 2 2 2 2 2 2 2 2 2 2 2 2 2 2 2 2 2 2 2 2 2 2 2 2 2 2
left_child=2 4 3 8 12 15 24 25 10 17 27 -8 -2 22 16 29 -7 -6 -12 -18 -19 -17 -14 -9 -3 28 -23 -1 -5 -4
right_child=1 6 5 7 9 14 11 23 -10 -11 18 -13 13 -15 -16 21 19 20 -20 -21 -22 26 -24 -25 -26 -27 -28 -29 -30 -31
leaf_value=-1.3483468828796186 -1.6252400471965314 -1.6421879202685645 -1.5530630581828622 -1.4883695611687748 -1.6429284455310569 -1.5670795131331179 -1.6761035407433007 -1.5379704593996648 -1.4795888271646289 -1.6436053766962797 -1.4633294599043418 -1.6891118007033994 -1.5859695985619235 -1.6321752342894764 -1.6299976944779915 -1.5765461879469029 -1.5920521081520658 -1.6216554044800717 -1.4040275389261141 -1.5730975497063926 -1.643136044078821 -1.5420638567073635 -1.604867592593378 -1.521784801245845 -1.6621519497260993 -1.4902211557062575 -1.5740035764114457 -1.4213318386756308 -1.5233651764657858 -1.5329027520477481
leaf_weight=70.305687129497528 1381.6862512901425 923.81196772307158 4402.0815349817276 307.747125223279 1987.2411424443126 1457.8320276290178 7524.0527757480741 2129.7072830870748 1810.5725271552801 6052.2975963279605 830.83890580385923 5608.0167833790183 1234.359804302454 662.57660557329655 246.7971116900444 1659.4055194556713 4428.134498000145 5178.4097420945764 150.06108282506466 1580.8676759675145 1099.4061427265406 825.96257466077805 7696.9977042600513 3296.1900495812297 8838.1008179038763 1317.8259585350752 457.48196380585432 255.04200586676598 804.19851832091808 783.10011763870716
leaf_count=712 6611 3871 29816 2504 8176 9407 20785 15271 14926 25178 7124 11645 7356 2980 1163 10282 25690 25415 1425 10052 4608 5810 41808 24451 30232 10581 2846 2351 5980 5734
internal_value=-1.60953 -1.6466 -1.54291 -1.50387 -1.62313 -1.56994 -1.67254 -1.51973 -1.46389 -1.63554 -1.44213 -1.68166 -1.60696 -1.60432 -1.58466 -1.55598 -1.58316 -1.62963 -1.45426 -1.58707 -1.62542 -1.56647 -1.60226 -1.52814 -1.66026 -1.50096 -1.55345 -1.40556 -1.51368 -1.55002
internal_weight=75001.1 48187 26814.2 10972.5 25293 15841.7 22894 7855.67 3116.82 14317.4 1306.25 13132.1 10975.6 9593.93 7713.63 8128.03 7466.83 8265.06 980.9 6009 6277.82 2942.85 8931.36 5425.9 9761.91 2429.77 1283.44 325.348 1111.95 5185.18
internal_count=374790 188665 186125 85325 122132 100800 66533 58787 26538 63377 11612 32430 58755 52144 46312 54488 45149 38199 8549 35742 30023 18938 49164 39722 34103 19065 8656 3063 8484 35550
is_linear=0
shrinkage=1


Tree=3
num_leaves=31
num_cat=0
split_feature=11 11 11 18 16 20 3 1 8 11 11 14 15 8 11 13 10 15 16 1 15 15 15 10 10 10 11 1 14 10
split_gain=3863.5 485.325 416.59 124.239 201.897 171.429 162.393 139.498 118.555 95.3504 86.6307 62.245 55.4907 54.9941 52.3305 44.1416 39.7723 36.8462 30.0767 29.1293 25.0029 24.8963 27.9983 24.3057 21.5254 24.5437 20.7428 19.957 18.1252 18.0782
threshold=0.026774789434422987 0.038268148605222582 0.021041968768244986 1.0000000180025095e-35 1.0000000180025095e-35 1.0000000180025095e-35 -0.002726986923014207 -0.014957027879746397 -0.4492364559118639 0.032178912312752668 0.015712924165180765 0.40356178440145923 0.19657835154101344 -0.44041293262578579 0.011134713735459155 -0.032845444459393934 0.72622896963267847 0.90271719804284334 1.0000000180025095e-35 0.034119891523109354 0.080053826749731424 0.98930495097913207 0.14031555793943057 0.33288101711957496 0.60637767580382529 0.29052502959454124 0.013041505503078159 -0.051998782602653552 0.51040268924944343 0.37688580328257093
decision_type=2 2 2 2 2 2 2 2 2 2 2 2 2 2 2 2 2 2 2 2 2 2 2 2 2 2 2 2 2 2
left_child=2 9 3 4 5 14 8 -7 -6 18 11 19 -4 -8 -1 27 -3 24 21 -5 -11 22 -2 -22 25 -14 -13 -12 -18 -20
right_child=1 16 12 10 6 7 13 -9 -10 20 15 26 17 -15 -16 -17 28 -19 29 -21 23 -23 -24 -25 -26 -27 -28 -29 -30 -31
leaf_value=-1.6190198458984209 -1.6394488685805761 -1.6549315931952471 -1.6188117602088019 -1.5562124419688312 -1.5752236521453307 -1.5616306012572663 -1.6566542762067831 -1.5928019941449481 -1.5341941010868092 -1.6555690799050891 -1.6129089817401976 -1.5684782410719202 -1.5859401261219679 -1.587869090543117 -1.6004874653018077 -1.5988594585133562 -1.6618992554693852 -1.6166666192569681 -1.5813088735596528 -1.5138295117772207 -1.5638897707241288 -1.6614977410694765 -1.62529865338697 -1.6406464822290403 -1.585774260619889 -1.6052903522957522 -1.5865290623502097 -1.5749835541026984 -1.6747790178178994 -1.6183695747610185
leaf_weight=1721.0691846609116 1877.2960691601038 2649.751965880394 3905.7460871189833 1256.0499005913734 1830.0629214942455 2041.9182629883289 119.52086812257767 4835.5769284814596 1144.7944991439581 1306.9822123199701 149.88313595950603 1396.9741485565901 719.26110348105431 4224.2079485207796 13284.890118122101 1964.1178834289312 1693.3502682000399 2154.3419759422541 143.77334514260292 186.20109790563583 41.61095342040062 242.13706633448601 5480.5249679386616 4821.4119389951229 741.42335207760334 7393.3902565687895 1169.6090951114893 1868.0855095237494 3079.8435121625662 1557.2989034205675
leaf_count=14376 5838 6609 15869 8805 11235 13744 887 34029 7574 3310 796 10987 3960 27369 82406 10136 3721 8711 711 1390 216 604 19905 14191 3591 34265 7689 10438 5814 5614
internal_value=-1.6095 -1.64374 -1.59445 -1.58879 -1.59181 -1.59662 -1.57743 -1.58355 -1.55943 -1.63365 -1.57774 -1.56736 -1.60857 -1.58976 -1.60261 -1.58819 -1.66476 -1.60494 -1.62726 -1.55074 -1.64329 -1.62995 -1.62891 -1.63999 -1.60208 -1.60357 -1.5767 -1.5778 -1.67021 -1.61524
internal_weight=75001.1 22894 52107.1 37193 29202 21883.5 7318.59 6877.5 2974.86 15471 7990.92 4008.83 14914.2 4343.73 15006 3982.09 7422.95 11008.4 9301.03 1442.25 6170.01 7599.96 7357.82 4863.02 8854.07 8112.65 2566.58 2017.97 4773.19 1701.07
internal_count=374790 66533 308257 241861 191620 144555 47065 47773 18809 50389 50241 28871 66396 28256 96782 21370 16144 50527 32672 10195 17717 26347 25743 14407 41816 38225 18676 11234 9535 6325
is_linear=0
shrinkage=1


Tree=4
num_leaves=31
num_cat=0
split_feature=11 11 11 0 10 10 10 0 0 11 16 11 0 16 4 2 11 0 0 1 4 20 8 13 4 20 20 1 0 3
split_gain=17268.4 2549.91 1809.75 449.309 413.978 347.803 326.981 239.44 223.826 211.95 194.129 161.476 155.308 184.824 249.238 131.234 121.555 117.312 110.846 107.334 103.29 95.7856 90.5331 84.6416 81.6104 79.8025 79.5511 77.9303 76.9522 122.287
threshold=0.021747129519925863 0.029563417340887677 0.015843590598013046 0.032128496184716589 0.56054750161107292 0.36909228422235024 0.2878972598782859 0.061319486329779245 -0.018831879163582862 0.013427807286508789 1.0000000180025095e-35 0.036892982596579332 -0.015659665680519904 1.0000000180025095e-35 0.014477704052302977 0.0049730578030655623 0.026609143722130583 -0.031609022695637361 -0.021942833894759369 -0.034884486135438923 0.019571104510111906 1.0000000180025095e-35 1.6847497623501153 -0.0024272451509192035 -0.0051075120174781654 1.0000000180025095e-35 1.0000000180025095e-35 0.065722133933319174 0.030463673814483897 -0.17106900064658312
decision_type=2 2 2 2 2 2 2 2 2 2 2 2 2 2 2 2 2 2 2 2 2 2 2 2 2 2 2 2 2 2
left_child=2 3 9 5 18 -2 21 11 15 -1 22 17 -8 24 -15 -7 -10 -6 -3 -13 -12 -4 -5 -9 -14 -11 -25 -22 -20 -30
right_child=1 4 6 10 7 8 12 23 16 25 20 19 13 14 -16 -17 -18 -19 28 -21 27 -23 -24 26 -26 -27 -28 -29 29 -31
leaf_value=-1.6850729425792295 -1.6159092348797348 -1.5290531173793469 -1.646397547405978 -1.5660136399142295 -1.5087873402390424 -1.5456768628025284 -1.6038856308938838 -1.4329692904368168 -1.5991882721599231 -1.6593538935593857 -1.5253564158478823 -1.5002758804312666 -1.6162399423444556 -1.6173837514377025 -1.5191033066680719 -1.587291534558213 -1.5739636132743231 -1.5488005295691445 -1.569432539062757 -1.5257763977935843 -1.3850091732055634 -1.6790057019837241 -1.4996135231330086 -1.5113844676997903 -1.6411588354541395 -1.6846581917125749 -1.4235458249237933 -1.5221304501892394 -1.3968617209578444 -1.5462063005738735
leaf_weight=10972.488469794393 3995.0642735958099 1366.9992163479328 5069.0561980605125 1543.8394412249327 937.37401959300041 2208.7133522033691 2890.3885919600725 336.74254964292049 5523.0668223053217 6857.6541710048914 252.87372687458992 2799.941486492753 1613.1455970704556 1947.5273041725159 297.44514101743698 1153.584861010313 2920.6253879964352 3355.9565324634314 3167.5723023116589 4020.9813738465309 131.84744639694691 1095.5304741561413 236.83901728689671 536.76776969432831 7093.9022222906351 1523.1298357397318 127.61683990061283 60.450451850891113 58.361202463507652 905.6194020062685
leaf_count=85325 18672 3986 29737 6089 2334 7614 14212 769 24857 45083 998 5896 8730 10572 1229 4365 11179 10416 10781 9003 363 7064 790 1076 39415 11001 250 223 130 2631
internal_value=-1.60847 -1.55804 -1.65413 -1.58448 -1.53098 -1.5904 -1.63304 -1.52065 -1.58177 -1.67593 -1.54242 -1.52487 -1.6245 -1.62995 -1.60436 -1.55995 -1.59046 -1.54006 -1.55374 -1.51531 -1.48335 -1.65219 -1.55718 -1.47381 -1.63654 -1.66395 -1.49451 -1.42811 -1.5619 -1.53716
internal_weight=75001.1 35640.8 39360.3 18026.9 17613.9 15801.1 20007 12115.4 11806 19353.3 2225.85 11114.3 13842.4 10952 2244.97 3362.3 8443.69 4293.33 5498.55 6820.92 445.172 6164.59 1780.68 1001.13 8707.05 8380.78 664.385 192.298 4131.55 963.981
internal_count=374790 122422 252368 75150 47272 66687 110959 29744 48015 141409 8463 27649 74158 59946 11801 11979 36036 12750 17528 14899 1584 36801 6879 2095 48145 56084 1326 586 13542 2761
is_linear=0
shrinkage=1


Tree=5
num_leaves=31
num_cat=0
split_feature=11 11 11 11 11 4 7 14 5 5 11 7 9 18 0 17 18 4 14 4 9 17 2 18 5 5 18 4 5 0
split_gain=11278.9 1853.47 1559.82 326.841 291.579 263.874 183.065 175.596 173.852 150.805 133.661 124.661 131.715 113.603 105.951 104.556 87.5268 156.892 83.2692 82.177 81.9263 77.9322 100.774 82.8851 77.8616 74.7806 69.0096 78.6013 65.7972 58.8651
threshold=0.021840513096382432 0.032913488319053129 0.015134432335212762 0.018475703777234346 0.026067552836171536 -0.035515824975436809 0.40088794854355619 0.52233770500978072 -0.096508604232543635 0.010643421855445425 0.011830043244872237 0.36029017213683595 0.98314267138232647 1.0000000180025095e-35 0.0094507367244292002 1.0000000180025095e-35 1.0000000180025095e-35 0.0041034022925794398 0.94833947758137205 0.033212524131169381 0.38767839964368983 1.0000000180025095e-35 -0.012409040781722112 1.0000000180025095e-35 0.007875244294103247 -0.047462279343577433 1.0000000180025095e-35 0.010052722912998748 1.0000000180025095e-35 -0.007242905217968775
decision_type=2 2 2 2 2 2 2 2 2 2 2 2 2 2 2 2 2 2 2 2 2 2 2 2 2 2 2 2 2 2
left_child=2 4 10 26 9 6 13 8 -7 -2 -1 12 -9 15 21 -3 29 25 24 -13 -11 23 -23 -6 -16 -18 -4 28 -28 -5
right_child=1 5 3 16 14 7 -8 11 -10 20 -12 19 -14 -15 18 -17 17 -19 -20 -21 -22 22 -24 -25 -26 -27 27 -29 -30 -31
leaf_value=-0.0740891354413096 0.020875242159235016 0.062315796235352529 -0.036977254388471895 -0.0022346730339361945 0.028074130978791346 0.10221829263936365 0.27313961234834128 0.065098454292833868 0.047256429009639264 0.011705412738410553 -0.055085175707144121 0.099821974633824154 0.1048141190239309 0.21153821286117824 -0.0024735218820025671 0.14631428983036085 0.05698692615471497 0.042155493329016747 0.074115162373129984 0.18592148156867047 -0.014594157895954647 0.086497302303165408 0.035738866427123039 0.054609534456427439 0.026816559192377555 -0.018265987583925437 -0.0066740415667344566 0.035436460316540401 -0.041470978743519051 -0.019590762176546136
leaf_weight=5806.3688184022903 6335.6890436559916 390.87663807719946 9009.0052962824702 3007.4364646077156 4341.5068578273058 645.9699125289917 75.522921331226826 4793.3719781115651 5276.6604084149003 2169.3907991722226 10206.815793544054 623.99318457394838 1011.2131690755486 94.882181383669376 1328.1250507235527 238.66516029834747 145.93328630179167 864.77517586946487 277.37841246277094 134.8010284230113 2608.9441874176264 758.95611551403999 807.08019512146711 1615.0184744000435 2866.1768392547965 1388.1720234304667 1088.8166117221117 247.49301336705685 1084.8193119093776 5579.5261423364282
leaf_count=50020 26667 678 56407 15173 15350 1377 79 11125 13890 9663 75206 1151 1929 142 4757 385 635 3848 784 232 12294 2502 2834 5155 10055 7311 6256 1298 7030 30600
internal_value=-0.000355935 0.03954 -0.0381392 -0.0211111 0.0224284 0.0693021 0.12498 0.065735 0.053251 0.0107591 -0.061976 0.0770001 0.0720173 0.109534 0.0332414 0.0941604 -0.0087943 0.00809335 0.0210511 0.115118 -0.00265401 0.0404877 0.0603382 0.0352688 0.0175419 -0.0111075 -0.0329492 -0.0179607 -0.0240405 -0.0135121
internal_weight=74823.4 36394.2 38429.2 22416 23108.3 13286 799.947 12486 5922.63 11114 16013.2 6563.38 5804.59 724.424 11994.2 629.542 10985.8 2398.88 4471.68 758.794 4778.33 7522.56 1566.04 5956.53 4194.3 1534.11 11430.1 2421.13 2173.64 8586.96
internal_count=374833 121049 253784 128558 90061 30988 1284 29704 15267 48624 125226 14437 13054 1205 41437 1063 57567 11794 15596 1383 21957 25841 5336 20505 14812 7946 70991 14584 13286 45773
is_linear=0
shrinkage=0.1


Tree=6
num_leaves=31
num_cat=0
split_feature=11 11 11 17 4 4 13 19 0 20 1 3 15 4 8 0 10 14 10 0 15 0 4 10 13 0 11 3 10 12
split_gain=2978.03 365.464 331.987 310.903 191.465 98.8675 84.5868 83.4914 200.963 131.04 90.9528 80.6433 77.9015 75.9748 65.5188 63.7684 61.3526 56.735 56.5519 46.6377 43.4037 42.6023 42.2372 34.133 29.8946 28.9548 22.4955 21.5845 19.467 23.5968
threshold=0.026774789434422987 0.036892982596579332 0.020852811807838278 1.0000000180025095e-35 0.0047599096394030935 -0.0053409175245913145 -0.42846342300595019 1.0000000180025095e-35 0.0098639001083122863 1.0000000180025095e-35 0.0097407935857432033 0.059915925704912894 0.88343993977322899 -0.013656204730427833 0.3783070257545606 -0.025219892306390431 0.45584139455330014 0.23296410815781055 0.75656445888338586 0.047835973941056327 0.48017472222887142 0.038759098252807218 -0.015095983820655688 0.52386090436391164 0.076498962401854956 -0.022950539274081191 0.024134260737993202 0.10928960670623435 0.47824154295517368 0.17378801908356795
decision_type=2 2 2 2 2 2 2 2 2 2 2 2 2 2 2 2 2 2 2 2 2 2 2 2 2 2 2 2 2 2
left_child=2 16 3 7 5 24 -7 9 10 17 -9 20 -10 -11 -13 -4 25 -1 28 23 -6 22 -18 26 -5 -2 -17 -24 -3 -30
right_child=1 18 15 4 11 6 -8 8 12 13 -12 14 -14 -15 -16 19 21 -19 -20 -21 -22 -23 27 -25 -26 -27 -28 -29 29 -31
leaf_value=-0.0055659603013484193 -0.026394190344296565 -0.015587485294678736 -0.014112172222633569 0.015006470370544376 0.075383622738541711 0.091419314063774765 0.031641295393291018 0.0036795626070312299 0.063323957426344848 -0.021417846484752978 0.032020309462502831 0.15038642690455165 0.019132392826835612 0.024623154540702696 0.074964860192973867 0.010996691722160695 -0.036572171287265955 0.008887413507667679 -0.054641404508222559 -0.021583778580435847 0.035883773629875194 -0.039746201578838222 -0.021776286339892113 -0.0064875572370462035 -0.014907086994510611 -0.004582380337218841 0.0013108667230505308 -0.0094731798956650144 -0.045650980277328938 -0.0272054291390539
leaf_weight=3553.3033793717623 773.94772195070982 352.63878250867128 2325.7309489920735 1091.8128886446357 421.34027440845966 250.35156664997339 4344.63800573349 3493.6051611304283 1383.4945586770773 379.18092355132103 1675.4468727782369 152.36835952848196 560.51630306988955 6542.815663293004 471.90524014085531 6744.9947957992554 1568.1138959079981 11524.094698265195 4463.5906152650714 684.02193589508533 818.77740941941738 1533.3187038376927 5314.5712210685015 2074.5381049439311 481.38383508473635 2848.8410500511527 3720.4897512942553 1948.8924644738436 2383.8120467215776 978.10201857984066
leaf_count=21676 2531 1168 9249 6419 2671 1758 28051 21483 9616 2179 11445 932 3271 45089 2724 32446 4555 74060 9340 2503 4837 4471 17688 9404 2616 11091 15964 6908 5805 2883
internal_value=0.000489845 -0.0302626 0.0134257 0.0185613 0.0359783 0.0274903 0.0348982 0.0137557 0.0231737 0.0107105 0.0128657 0.0640603 0.0505822 0.0221011 0.0933732 0.00115797 -0.0204443 0.00548117 -0.0470555 0.00384355 0.0493042 -0.0243598 -0.0216884 0.00523053 0.00585319 -0.00924211 0.00755337 -0.0184752 -0.0379399 -0.0402845
internal_weight=74860.6 22165.8 52694.8 37145 8032.58 6168.19 4594.99 29112.5 7113.06 21999.4 5169.05 1864.39 1944.01 6922 624.274 15549.8 13987.7 15077.4 8178.14 13224 1240.12 10364.9 8831.58 12540 1573.2 3622.79 10465.5 7263.46 3714.55 3361.91
internal_count=374833 66440 308393 238827 50008 38844 29809 188819 45815 143004 32928 11164 12887 47268 3656 69566 47244 95736 19196 60317 7508 33622 29151 57814 9035 13622 48410 24596 9856 8688
is_linear=0
shrinkage=0.1


Tree=7
num_leaves=31
num_cat=0
split_feature=11 11 11 11 11 11 11 10 20 11 10 10 12 10 11 20 20 10 5 1 1 6 1 0 0 4 4 12 13 10
split_gain=14700.1 2264.27 2136.94 493.845 317.055 291.342 242.087 99.3474 79.9655 73.8649 57.8865 54.7166 65.1925 53.7897 48.4482 45.1134 42.4664 42.0576 40.736 39.47 36.845 36.0394 34.8307 33.7875 34.15 31.7038 30.5522 29.2954 28.9057 26.731
threshold=0.018475703777234346 0.026774789434422987 0.013616378363172544 0.010542218358523819 0.021943916151268689 0.016185801369714706 0.03628417669658425 0.15664555100026337 1.0000000180025095e-35 0.01168940756346744 0.31320638989349364 0.34930046709018936 0.14394222389368752 0.26504879725318725 0.030922702476565925 1.0000000180025095e-35 1.0000000180025095e-35 0.23651016846492787 -0.008470313924430815 -0.00088223581066348966 -0.011828077437076255 0.045868296389299908 -0.0012716265991554729 -0.018831879163582862 0.038759098252807218 0.014032868176396597 -0.014636100978696163 0.02194809542884545 -0.46266869714935449 0.26504879725318725
decision_type=2 2 2 2 2 2 2 2 2 2 2 2 2 2 2 2 2 2 2 2 2 2 2 2 2 2 2 2 2 2
left_child=2 4 3 7 11 8 14 18 13 19 -6 29 -13 -4 -3 20 17 -7 -1 -5 -11 -15 28 -12 -25 -19 -18 -20 -9 -2
right_child=1 6 5 9 10 16 -8 22 -10 15 23 12 -14 21 -16 -17 26 25 27 -21 -22 -23 -24 24 -26 -27 -28 -29 -30 -31
leaf_value=0.10838090101456295 0.017587364048668546 -0.045494392870487205 0.047159680884676092 0.073977157520627876 -0.0046472142729347193 0.035386679590106399 -0.072649164836677757 0.034883100543338416 0.063415163976014044 0.050232641084185403 -0.038616043981197223 -0.016241521012330871 0.007978500676744972 0.025275477530782839 -0.057697546070448802 0.085115390804055238 -0.024551853218692469 0.013277248043531887 0.17500192589570593 0.097563328045109671 0.068791784682994378 0.051118706095483149 0.11681351765087999 -0.022984817215639126 -0.043317043928631276 -0.016314386077265756 0.036449449957758666 0.13784361729577208 0.096627336045229675 0.00072857019284130185
leaf_weight=300.5092383697629 1186.6144441962242 7182.526244238019 4014.4777815267444 1317.7433101907372 1147.0168516039848 828.69255813956261 8543.4938179850578 82.3332354798913 1676.2694640606642 1530.2528643980622 2444.3350590616465 4094.3410740718246 1525.3855324611068 2832.9249449074268 5947.1874937340617 1152.9473316967487 87.160618424415588 5461.1908996850252 324.24344094842672 1537.1090709865093 3554.252153262496 666.58599905669689 1185.1474531143904 7420.0555793344975 929.56670981645584 387.76038862019777 1415.2432318180799 613.85329529643059 958.64608802646399 4534.7085489779711
leaf_count=2241 6852 26664 25972 9206 5925 5173 20717 536 11610 9962 9708 19656 8457 16856 19059 8386 465 30950 2758 11349 24448 4385 9109 33834 3615 1903 8949 4930 7029 24129
internal_value=-0.000136078 -0.0362866 0.0541672 0.0855956 -0.0146332 0.0314476 -0.0595473 0.117721 0.0436659 0.0733537 -0.0260059 -0.0026589 -0.00966738 0.0392601 -0.0510219 0.0672559 0.0177203 0.0143027 0.140423 0.0866764 0.0632062 0.0301981 0.10509 -0.0282756 -0.0252484 0.0113154 0.0329105 0.150687 0.0917439 0.00422512
internal_weight=74882.6 44955.2 29927.3 12557 23282 17370.3 21673.2 3464.73 9190.26 9092.3 11941 11341 5619.73 7513.99 13129.7 6237.45 8180.05 6677.64 1238.61 2854.85 5084.51 3499.51 2226.13 10794 8349.62 5848.95 1502.4 938.097 1040.98 5721.32
internal_count=374833 178616 196217 89954 112176 106263 66440 26603 58823 63351 53082 59094 28113 47213 45723 42796 47440 38026 9929 20555 34410 21241 16674 47157 37449 32853 9414 7688 7565 30981
is_linear=0
shrinkage=0.1


Tree=8
num_leaves=31
num_cat=0
split_feature=11 11 11 17 19 4 5 11 4 10 1 12 11 1 14 11 14 16 2 3 10 16 10 9 6 7 10 10 6 11
split_gain=3173.61 433.2 341.534 227.572 145.115 132.602 98.2304 85.1434 71.4459 56.6911 49.9479 49.5647 45.7258 43.6278 40.3087 36.4913 31.0023 25.7714 25.1199 24.8986 24.0839 23.474 23.1573 20.0816 19.0755 18.8759 30.064 18.5303 17.4561 17.0248
threshold=0.026774789434422987 0.038268148605222582 0.021747129519925863 1.0000000180025095e-35 1.0000000180025095e-35 -0.0023593504139944872 -0.012668547984252652 0.032178912312752668 0.0038378985259370784 0.49752128830256337 0.035305733665112145 0.06730424392231861 0.0097937256960786197 0.0085468484469799506 0.52622731515651477 0.01190233805782388 0.6090755716890216 1.0000000180025095e-35 -0.066939553267657978 0.019431456112277482 0.34264687406587363 1.0000000180025095e-35 0.34424618109927707 0.42109477409490847 -0.079841563793339052 -0.029784184913272112 0.69989071279756809 0.32235279073420353 0.0045030810090466175 0.044515422831695871
decision_type=2 2 2 2 2 2 2 2 2 2 2 2 2 2 2 2 2 2 2 2 2 2 2 2 2 2 2 2 2 2
left_child=2 7 3 4 5 6 -1 17 9 12 -7 16 -5 -11 -3 -10 -6 27 -13 -17 -9 24 23 28 -4 26 -26 -2 -23 -16
right_child=1 14 21 8 11 10 -8 20 15 13 -12 18 -14 -15 29 19 -18 -19 -20 -21 -22 22 -24 -25 25 -27 -28 -29 -30 -31
leaf_value=0.052752546662729917 0.010368975111671315 -0.043286179018863918 -0.015989520078240903 -0.028605970619337413 -0.0029306070360999217 0.018249740584167798 0.028375872562339505 0.027683282551376909 -0.046027861201023444 0.011646362446001464 0.032086830797349211 -0.0092850195261958007 0.0092140755317609725 0.091814431166876376 -0.051663720856851163 0.005039229031516026 0.013938886695684251 -0.0047533337097908739 0.022845061757815394 -0.017235607675363931 -0.032008647348197854 0.045932491215177375 0.0035614630125949962 0.12559401674786594 0.0027716532194746275 -0.0042748843688394898 0.044530184369734958 -0.019324339472332558 0.0049796910205722952 -0.064656166269933799
leaf_weight=2590.0590495541692 216.46239515393972 3048.779426664114 988.33119168132544 339.37525343894958 2871.0516716316342 13473.943818725646 4569.6447935029864 68.379585549235344 271.48048710078001 129.38712718337774 3235.0714258998632 267.15134834498167 5508.9166463911533 142.8061795681715 1913.3290343433619 930.08565948158503 1755.5367726907134 1681.3812350183725 2728.8402755782008 1089.8185021951795 5868.213610753417 196.31517098098993 1981.8752605617046 20.499558433890343 2571.5482889860868 6630.9458455368876 184.79723038524389 7227.278722807765 221.54004126787186 2132.8057011291385
leaf_count=15733 973 7679 4042 2931 17900 85361 29824 323 2030 726 20166 1435 34343 814 4438 5584 12369 6235 16711 6484 17423 1053 8530 152 11432 28729 973 25329 1071 4040
internal_value=0.000158758 -0.0315964 0.0135098 0.0180686 0.0219716 0.0258078 0.0371943 -0.0219995 0.00345673 0.00909568 0.0209288 0.0099594 0.00701939 0.0537065 -0.0519694 -0.0116054 0.00347044 -0.0159351 0.01998 -0.00697893 -0.0313211 -0.000706442 0.0081618 0.0289607 -0.00277506 -0.00138379 0.00557132 -0.0184609 0.02422 -0.0585123
internal_weight=74855.7 22156.6 52699 39903.2 31491.3 23868.7 7159.7 15061.7 8411.87 6120.49 16709 7622.58 5848.29 272.193 7094.91 2291.38 4626.59 9125.12 2995.99 2019.9 5936.59 12795.9 2420.23 438.355 10375.6 9387.29 2756.35 7443.74 417.855 4046.13
internal_count=374833 66440 308393 252411 199499 151084 45557 50283 52912 38814 105527 48415 37274 1540 16157 14098 30269 32537 18146 12068 17746 55982 10806 2276 45176 41134 12405 26302 2124 8478
is_linear=0
shrinkage=0.1


Tree=9
num_leaves=31
num_cat=0
split_feature=11 11 11 0 0 0 17 11 11 11 11 16 0 16 4 5 15 3 14 4 15 4 4 16 0 6 4 16 4 0
split_gain=13049 1703.56 1624.97 317.221 289.185 228.558 235.52 215.005 194.281 189.339 170.598 131.154 139.8 130.265 113.298 110.93 108.403 97.4735 91.7742 89.5411 88.8775 86.3627 85.7266 130.615 96.7063 95.9194 84.4677 82.9976 81.923 90.5556
threshold=0.021747129519925863 0.029563417340887677 0.015525707842099211 0.061319486329779245 0.038759098252807218 -0.036212490142604851 1.0000000180025095e-35 0.019246477754558601 0.025745564977981878 0.039062942826411276 0.011613092252075947 1.0000000180025095e-35 -0.01966298394494936 1.0000000180025095e-35 0.010292402238124334 -0.046094837301121398 0.96741733487510995 0.35993840363757063 0.42737051187426739 -0.0085062048902710945 0.97816644144815068 0.038888190112253536 0.014477704052302977 1.0000000180025095e-35 -0.0097042184915061541 -0.0041516206274008196 -0.0058275835203136497 1.0000000180025095e-35 -0.011120043626868357 -0.028936649879709671
decision_type=2 2 2 2 2 2 2 2 2 2 2 2 2 2 2 2 2 2 2 2 2 2 2 2 2 2 2 2 2 2
left_child=2 4 10 5 8 6 15 11 28 17 -1 12 -4 -6 -13 -3 -15 -7 -16 -10 -5 -11 24 -24 -9 -25 -12 -28 29 -2
right_child=1 3 7 20 13 9 -8 22 19 21 26 14 -14 16 18 -17 -18 -19 -20 -21 -22 -23 23 25 -26 -27 27 -29 -30 -31
leaf_value=-0.078985322897347443 0.061514020913344604 0.11174029658124907 -0.0061934945265878956 0.16120252242201114 0.045863968602792023 0.044212129610927117 0.030754097263262271 0.0035116569254837675 0.049512811197926408 0.072803534665042191 -0.037634419881913704 -0.018722977481025773 -0.040127342132533772 0.16159626091808851 0.094955842854268169 0.071004404707036908 0.04932849088694724 0.12749132042637343 -0.0057234973061298135 0.023061869963277082 0.097606165914698312 0.0022804241764179229 -0.0030734649557017987 0.17024476108987635 -0.020800453541899751 0.025846415558698717 -0.065440765659453934 -0.042856557365306872 0.0038261168311365897 0.010688088431434905
leaf_weight=5246.038841702044 549.33005125820637 1705.284374512732 1407.0234480500221 280.7001866325736 1329.5445225834846 8729.657573595643 695.25053367763758 2472.4935504421592 1701.4028432741761 4644.2456963583827 1836.790205873549 2174.8200920373201 8852.7510547712445 203.85237351804972 170.82296159118414 1099.5008673816919 148.77622936666012 142.84420889616013 192.64696884900331 5164.6148392707109 1012.0195692330599 180.39018349349499 457.44730893522501 90.298941351473331 4836.5250983312726 93.777056135237217 8151.7494773045182 2033.1042795106769 8349.8548332974315 968.715088121593
leaf_count=45670 1916 3324 7552 618 4768 26544 1462 11963 5932 10108 12853 13071 54428 541 752 2462 515 383 1083 19562 2003 318 2228 281 26618 431 60751 14730 37664 4302
internal_value=-0.000156588 0.0421998 -0.0412759 0.0636416 0.0206721 0.0600504 0.0828563 -0.0224151 0.016699 0.0542228 -0.0639388 -0.0304384 -0.0354737 0.0601953 -0.010086 0.0957715 0.11423 0.0455529 0.0415936 0.0296164 0.111415 0.0701667 -0.0094998 0.0255498 -0.0125762 0.0966814 -0.0573728 -0.0609325 0.00771114 0.0290803
internal_weight=74922.3 36906 38016.3 18489.9 18416.1 17197.2 3500.04 20748.6 16733.9 13697.1 17267.7 12798.1 10259.8 1682.17 2538.29 2804.79 352.629 8872.5 363.47 6866.02 1292.72 4824.64 7950.54 641.523 7309.02 184.076 12021.6 10184.9 9867.9 1518.05
internal_count=374833 122422 252411 47222 75200 44601 7248 118407 69376 37353 134004 76886 61980 5824 14906 5786 1056 26927 1835 25494 2621 10426 41521 2940 38581 712 88334 75481 43882 6218
is_linear=0
shrinkage=0.1


Tree=10
num_leaves=31
num_cat=0
split_feature=11 11 11 11 11 11 11 16 16 13 5 12 14 13 12 18 13 17 1 0 18 14 6 9 1 18 0 9 2 11
split_gain=9308.21 1735.22 935.604 344.687 238.859 148.301 144.367 135.331 133.34 101.692 93.163 95.2398 92.8552 110.189 92.6316 88.2589 89.5347 80.3045 155.034 113.234 78.9956 76.1508 74.2309 73.6073 71.4952 68.398 65.8051 61.5383 70.0178 60.7238
threshold=0.020149206865104023 0.032518878533373909 0.015134432335212762 0.024534685915019831 0.038268148605222582 0.011613092252075947 0.018475703777234346 1.0000000180025095e-35 1.0000000180025095e-35 0.0098671286403344115 0.0084825511805186622 0.066351666409952784 0.58154366089079823 0.27009301980789863 0.20100156149995904 1.0000000180025095e-35 -0.0047946288269063476 1.0000000180025095e-35 -0.11267234940920681 -0.040881314432569253 1.0000000180025095e-35 0.25293911889620563 0.0049407178297572471 0.9055367500751782 -0.0048041673086296468 1.0000000180025095e-35 0.010526392786505913 0.68458228811340949 0.13912862948124041 0.020313803975498257
decision_type=2 2 2 2 2 2 2 2 2 2 2 2 2 2 2 2 2 2 2 2 2 2 2 2 2 2 2 2 2 2
left_child=2 3 5 8 14 -1 15 9 10 26 -2 -12 13 21 20 -4 -17 18 -14 -19 24 -6 -18 -22 -3 -11 -5 28 -16 -10
right_child=1 4 6 7 12 -7 -8 -9 29 25 11 -13 17 -15 27 16 22 19 -20 -21 23 -23 -24 -25 -26 -27 -28 -29 -30 -31
leaf_value=-0.072909919102264881 0.017299991932926882 0.028415637489460788 -0.035705157868587474 0.029135396390859825 0.024700436566247434 -0.051821846661949791 -0.011393168568027856 0.0063315852486250067 0.054187456494139245 0.033584295063956889 0.018115827607173455 -0.012132284329182631 0.021720489669965974 0.081240143038171536 0.055688168224501115 -0.031204440653121359 0.033967880128263572 0.16242273227235726 0.081848069943235471 0.084413547128159405 0.069598150015471746 0.059883270550169745 -0.018857243948529556 0.20363224754117173 0.056578468636263972 0.057629252843681623 0.0079217633621667082 0.0018282999476913215 -0.027716895259019877 -0.020867547809852435
leaf_weight=4924.2476452738047 5842.4595120623708 1650.7844238430262 8716.7112599536777 4396.1983177959919 981.70016152411699 10331.61947286129 5650.4319317117333 2793.9331254065037 113.17137157171965 4384.9172181412578 1587.7952757179737 3022.2928303852677 504.80513759702444 1429.8159024938941 630.37853120267391 1348.6725285574794 532.80759635567665 257.35350993275642 2849.0067779794335 671.81301777809858 988.03881593793631 1647.8274193257093 531.24834799766541 42.74486631155014 1985.7219046801329 1620.1324693188071 2191.0776068866253 747.40141928195953 119.77713008970022 2269.1535279899836
leaf_count=45617 25998 4440 56302 15458 2316 79758 30814 10540 522 15544 7474 15080 831 2926 1570 8453 2979 340 4987 1236 2441 3563 3180 60 5146 5333 8121 2293 351 11116
internal_value=4.40952e-05 0.0305966 -0.0407059 0.016148 0.0587036 -0.0586286 -0.0244109 0.0262418 0.00404774 0.0306594 0.00891375 -0.0017143 0.0697341 0.0588972 0.043777 -0.03102 -0.0140936 0.0800052 0.0727979 0.10602 0.0507205 0.0467482 0.00759402 0.0751563 0.043794 0.0400715 0.0220793 0.0221369 0.0423709 -0.0173021
internal_weight=74764 42728.3 32035.7 28221.1 14507.2 15255.9 16779.9 15386.3 12834.9 12592.3 10452.5 4610.09 8342.32 4059.34 6164.85 11129.4 2412.73 4282.98 3353.81 929.167 4667.29 2629.53 1064.06 1030.78 3636.51 6005.05 6587.28 1497.56 750.156 2382.32
internal_count=374789 147686 227103 115186 32500 125375 101728 54996 60190 44456 48552 22554 16199 8805 16301 70914 14612 7394 5818 1576 12087 5879 6159 2501 9586 20877 23579 4214 1921 11638
is_linear=0
shrinkage=0.1


Tree=11
num_leaves=31
num_cat=0
split_feature=10 18 10 10 16 4 4 9 5 6 4 4 14 13 17 15 15 4 15 4 16 13 13 6 13 12 10 8 8 10
split_gain=2181.64 285.64 293.95 269.957 117.348 77.839 68.532 68.2179 66.4721 66.2807 66.1708 57.777 57.1551 53.0936 51.5996 49.1059 50.1385 46.4204 40.3609 34.2019 40.2983 31.375 29.7028 24.8707 24.7084 23.0308 27.7066 19.0435 18.625 17.9308
threshold=0.45868533477458934 1.0000000180025095e-35 0.329869345648379 0.75656445888338586 1.0000000180025095e-35 0.02710972885272778 0.0025671306796077879 0.45977888157022156 -0.032672914495307452 0.019219622029428732 -0.015095983820655688 0.015857594743066365 0.2369923059933923 0.20364142319913531 1.0000000180025095e-35 0.94483685887833635 0.084090154148877536 -0.014130222957673631 0.50402955185105014 -0.0047791281545865863 1.0000000180025095e-35 -0.065280746411872773 -0.10653587972630228 -0.024217859714907305 -0.48856918204383731 0.28641170048881215 0.95071560384312803 -0.50676247587717282 2.5543266338260016 0.57871245731830812
decision_type=2 2 2 2 2 2 2 2 2 2 2 2 2 2 2 2 2 2 2 2 2 2 2 2 2 2 2 2 2 2
left_child=1 2 4 5 6 10 17 -5 -4 11 29 -6 -3 -11 -8 16 -12 -1 22 21 -21 -10 24 -20 -14 -9 -27 -25 -17 -2
right_child=3 12 8 7 9 -7 14 25 19 13 15 -13 18 -15 -16 28 -18 -19 23 20 -22 -23 -24 27 -26 26 -28 -29 -30 -31
leaf_value=-0.0028942521389714909 -0.022654745317763791 -0.015034491290853193 -0.0087006097246595231 -0.013469794907116785 0.0052082611056687225 -0.044795232191636024 0.028264909008957562 -0.050464047752514313 0.009876333814536422 0.032013353060267272 -0.025532986230228441 -0.058605259484449959 -0.036184626204345219 -0.00940179246757822 0.046955483414321868 -0.025587613160452407 -0.0087624337742741917 0.023737428165879412 0.028007275044488328 0.015182380745993866 -0.00037938104768214478 -0.0099304390667398421 -0.011314668974510958 -0.015850873441617994 0.01058578446908736 -0.024422304370406184 -0.046670430972348707 0.0084318538950579388 -0.059446623108237756 -0.039772839700964992
leaf_weight=694.57036184519529 1171.144857339561 2718.0182309746742 2889.4698047414422 759.26704962551594 3735.5793824344873 1023.1314213126898 4097.3419777527452 3497.8349429368973 1500.5503842607141 1758.3679573684931 2144.9157667011023 147.48446179926395 123.66238567978144 375.68005391955376 2309.7102706283331 1743.7000749111176 10556.228883594275 11345.772733047605 591.33032455295324 6749.953875541687 2208.5266338214278 1712.4358372017741 2684.4204998016357 363.78689470887184 1304.4240911900997 944.12560886144638 1374.9105804488063 2877.9697426185012 179.15178928524256 1281.4638616144657
leaf_count=3962 4124 14775 12212 3418 24620 2808 27367 7865 7433 11719 6915 684 645 2189 13839 5775 42988 74571 3128 33356 10609 7567 14505 2087 7950 3081 3495 17034 439 3629
internal_value=3.72789e-05 0.012007 0.0159255 -0.0243083 0.0226919 -0.0180037 0.0266473 -0.0416608 0.00493442 0.0105652 -0.0163985 0.00278453 -0.00251714 0.0247226 0.0350028 -0.0138493 -0.0115946 0.0222011 0.00176477 0.00817134 0.011346 -0.000680147 -0.00511602 0.00914715 0.00653579 -0.0453406 -0.0376128 0.00570687 -0.0287423 -0.0315988
internal_weight=74864.9 50189.1 39525.4 24675.9 24464.5 18099.7 18447.4 6576.14 15060.9 6017.11 17076.6 3883.06 10663.6 2134.05 6407.05 14624 12701.1 12040.3 7945.59 12171.5 8958.48 3212.99 4112.51 3833.09 1428.09 5816.87 2319.04 3241.76 1922.85 2452.61
internal_count=374789 290252 230128 84537 158951 66678 119739 17859 71177 39212 63870 25304 60124 13908 41206 56117 49903 78533 45349 58965 43965 15000 23100 22249 8595 14441 6576 19121 6214 7753
is_linear=0
shrinkage=0.1


Tree=12
num_leaves=31
num_cat=0
split_feature=11 11 11 11 11 11 11 11 0 1 20 15 11 1 20 1 20 15 15 17 12 12 19 0 0 1 11 0 9 12
split_gain=11869.5 1883.56 1718.78 326.929 253.701 231.977 179.17 67.6992 62.2893 58.6353 54.1223 51.1751 46.5053 43.2216 39.1194 37.5605 33.9726 31.6879 37.5462 31.4434 31.1849 31.7466 29.7013 27.0606 28.7826 25.4625 25.1241 22.4651 20.8441 20.2346
threshold=0.018704310369892264 0.026774789434422987 0.013809939209142976 0.010634411852570795 0.021239794531033172 0.03628417669658425 0.016185801369714706 0.009372690526080826 -0.018831879163582862 -0.0028102696108185383 1.0000000180025095e-35 0.90271719804284334 0.03063157058503618 -0.0060319487761821824 1.0000000180025095e-35 0.035881846929483492 1.0000000180025095e-35 0.12814493223322038 0.92941175673037302 1.0000000180025095e-35 0.21846998268277198 0.025218203760462403 1.0000000180025095e-35 0.033047585573103617 -0.011305261236619344 0.047373158694497881 0.0461913779493437 -0.028121834853840118 0.22167882482755027 0.03754350978339336
decision_type=2 2 2 2 2 2 2 2 2 2 2 2 2 2 2 2 2 2 2 2 2 2 2 2 2 2 2 2 2 2
left_child=2 4 3 7 17 12 10 20 -6 29 15 13 -3 -10 22 27 23 -2 25 -17 21 -1 -11 24 -8 -19 -7 -4 -18 -5
right_child=1 5 6 9 8 26 16 -9 11 14 -12 -13 -14 -15 -16 19 28 18 -20 -21 -22 -23 -24 -25 -26 -27 -28 -29 -30 -31
leaf_value=0.13266342551008739 -0.015471067825728369 -0.041890251872676906 0.0014905119290788019 0.063010567116877983 -0.035250000972227531 -0.065513843135273461 0.0033002583814141771 0.08602402655794282 -0.024184179493623184 0.061067876923289938 0.052159355792303658 -0.033485370654954362 -0.054014959076203295 -0.0099419791183590778 0.086529022068570952 0.058215830246727267 0.0047942808436379977 0.0014429301520698515 -0.021119037590085044 0.021776444796584093 0.26233445410474826 0.10191848978466111 0.080035180970464442 -0.012949281716366404 0.01796786339856939 0.01807938441985461 -0.077355569873047106 0.030145634461988209 0.033949996562613043 0.04856356572612
leaf_weight=486.12635567039251 1213.586069598794 6530.9160877540708 287.16967301815748 1516.8763540014625 3033.9028518050909 5361.4324101358652 1799.193657040596 2360.4127499014139 3603.0354189798236 3638.9169853702188 1625.5106540843844 1998.2208677083254 6135.2207396999002 5214.8720492348075 1073.1065494045615 863.39614955335855 299.62306082993746 5401.843229457736 639.35417228937149 326.29615859687328 13.813222177326677 1086.4691994190216 1067.8652580305934 387.19141697883606 5217.6665349006653 1108.8256478309631 2690.9295473322272 5786.4274902194738 1350.1983006075025 2686.5213538631797
leaf_count=3668 5818 25291 1504 10226 12438 14919 9561 16383 16349 23930 10748 8467 20631 26103 7644 5807 1621 28853 2917 1939 130 7856 7409 1921 30119 6509 5833 34592 8483 17120
internal_value=-0.000189855 -0.0345116 0.046041 0.0723962 -0.0142829 -0.0562001 0.0255797 0.096761 -0.0225876 0.0627638 0.0356649 -0.0190358 -0.0477632 -0.0157614 0.0692994 0.0319735 0.0156784 -0.000530471 0.00200542 0.0482216 0.112736 0.111422 0.0653711 0.0127868 0.0142069 0.00427627 -0.0694711 0.0287908 0.028655 0.053777
internal_weight=74804.9 42932.1 31872.8 13930.1 22213.6 20718.5 17942.7 3946.82 13850 9983.29 8888.8 10816.1 12666.1 8817.91 5779.89 7263.29 9053.87 8363.61 7150.02 1189.69 1586.41 1572.6 4706.78 7404.05 7016.86 6510.67 8052.36 6073.6 1649.82 4203.4
internal_count=374789 174128 200661 94366 107454 66674 106295 28037 63357 66329 54590 50919 45922 42452 38983 43842 51705 44097 38279 7746 11654 11524 31339 41601 39680 35362 20752 36096 10104 27346
is_linear=0
shrinkage=0.1


Tree=13
num_leaves=31
num_cat=0
split_feature=9 10 10 17 19 9 4 4 5 10 12 6 7 13 10 12 9 13 2 3 1 4 10 12 9 9 12 10 12 2
split_gain=1693.05 418.517 310.224 173.209 150.671 105.517 83.5737 60.5669 59.3045 55.6908 51.8061 50.5085 46.2778 42.9981 42.1897 51.8684 34.8338 33.6704 32.6135 30.6182 27.8993 51.3703 25.8266 22.0314 21.8738 21.7117 19.7814 19.4781 17.8969 16.375
threshold=0.52560524193966474 0.34930046709018936 0.63862320644540527 1.0000000180025095e-35 1.0000000180025095e-35 0.34147190016389734 -0.0024396578923839836 0.0035835257702834249 -0.015702202225237324 0.51921057734595621 0.11552504758019895 -0.099645610353712652 0.20699219487170797 -0.29392138854480265 0.828468308301057 0.19331803215738361 0.71431192034104884 -0.53968685063758393 -0.065314802471838171 -0.041792130039109747 -0.0032415372128800075 0.0066798359522144421 0.4330829121564419 0.14209544229452373 0.25536905307900398 0.20206613015614952 0.25304082949046458 0.43584606127450864 0.11801280972683018 -0.10920799837655386
decision_type=2 2 2 2 2 2 2 2 2 2 2 2 2 2 2 2 2 2 2 2 2 2 2 2 2 2 2 2 2 2
left_child=1 3 9 4 6 10 8 17 -1 28 -3 -7 22 -8 15 -4 29 -5 -12 -20 21 -6 -13 -11 -9 -19 -18 -14 -2 -16
right_child=2 5 14 7 20 11 13 24 -10 23 18 12 27 -15 16 -17 26 25 19 -21 -22 -23 -24 -25 -26 -27 -28 -29 -30 -31
leaf_value=0.047644229674502443 -0.010452342220337953 -0.0015448590881509971 -0.042742918758939236 -0.054676084945154552 0.0073015740487330566 -0.027987240191278351 0.034262843602612246 -0.023874500210863986 0.026235338720151997 -0.026064618728949853 -0.0098410237505439993 0.0010928208273181222 -0.0051361036654898511 0.017107917562830279 -0.060967456785672051 -0.021123723385384596 -0.061848840701899305 -0.001291497025247175 0.032138125569110193 0.012417604839936347 -0.00023998400963125364 0.044484416002188561 -0.0074565662339264914 -0.011457617716133666 -0.0031618746064959419 0.012739547723448756 -0.045962897479985582 -0.029769317295569593 0.0043615381108059823 -0.021367876713635613
leaf_weight=1898.940633110702 1820.4256034269929 3203.2689886391163 3077.4380252957344 86.41375932097435 2448.3189835846424 1016.0722197964787 1644.6549514755607 981.83445362746716 4060.9091184735298 2923.8797411173582 456.01322700828314 7004.22306188941 473.02205532044172 13089.285926401615 128.14267895370722 1735.6254268139601 1487.0356598645449 1617.7617980614305 1138.9999097213149 2549.7642947286367 3615.2863066270947 438.03514529764652 7130.6298615708947 1596.3139774277806 1060.662329018116 3464.9053849875927 1657.6025846004486 998.79154577106237 1477.3838570788503 564.16744115948677
leaf_count=11361 6845 14677 7820 667 14992 3430 10730 6589 26102 9000 1994 31832 2009 82356 264 5894 2961 11774 6467 13549 24103 2557 27624 6106 6149 20823 4147 3154 7109 1704
internal_value=0.000183367 0.00817155 -0.0281341 0.0152388 0.0188925 -0.00197259 0.0230646 0.00146053 0.0330567 -0.0136971 0.00800635 -0.00638376 -0.00497726 0.0190228 -0.0411825 -0.0349469 -0.0490044 0.00722125 0.015388 0.0185068 0.00561315 0.0129445 -0.0032201 -0.0209061 -0.0131185 0.00827361 -0.053475 -0.0218525 -0.00381588 -0.0286975
internal_weight=74845.8 58377.8 16468 34407 27195.4 23970.8 20693.8 7211.58 5959.85 7818 7348.05 16622.7 15606.7 14733.9 8650.01 4813.06 3836.95 5169.08 4144.78 3688.76 6501.64 2886.35 14134.9 4520.19 2042.5 5082.67 3144.64 1471.81 3297.81 692.31
internal_count=374789 322939 51850 218203 172201 104736 130549 46002 37463 29060 36687 68049 64619 93086 22790 13714 9076 33264 22010 20016 41652 17549 59456 15106 12738 32597 7108 5163 13954 1968
is_linear=0
shrinkage=0.1


Tree=14
num_leaves=31
num_cat=0
split_feature=11 11 11 4 11 16 11 4 11 17 11 20 15 15 16 1 13 14 5 15 16 3 4 13 12 8 5 5 3 1
split_gain=10726 1448.95 1441.88 264.057 179.444 163.231 141.783 147.906 136.816 113.819 110.356 106.502 101.827 118.516 116.45 97.0863 157.979 92.5145 89.6398 85.8546 81.2564 101.7 73.0818 67.8001 64.8587 64.6316 64.4494 60.0198 64.1035 58.1834
threshold=0.021435999592366691 0.0149466788915576 0.029563417340887677 0.013621878190698935 0.017957067746056758 1.0000000180025095e-35 0.026953579314301503 -0.0081320248088931884 0.039951275414791508 1.0000000180025095e-35 0.012976701988910206 1.0000000180025095e-35 0.9331545576735425 0.17221663569690121 1.0000000180025095e-35 -0.019215901572280366 0.28885726441947684 0.72306148720278673 -0.029189004695088224 0.91412276792747549 1.0000000180025095e-35 -0.039500907227895114 0.01716396245033636 -0.053664605885256525 0.05842098905101363 -0.25458195503704201 -0.096508604232543635 0.0055374401999761522 0.2089793673756313 -0.029925196813056939
decision_type=2 2 2 2 2 2 2 2 2 2 2 2 2 2 2 2 2 2 2 2 2 2 2 2 2 2 2 2 2 2
left_child=1 10 3 6 11 19 7 26 20 15 -1 17 13 -6 -15 16 -10 22 -17 -5 29 25 -3 -9 -7 -22 -2 -11 -29 -4
right_child=2 4 8 5 12 24 -8 23 9 27 -12 -13 -14 14 -16 18 -18 -19 -20 -21 21 -23 -24 -25 -26 -27 -28 28 -30 -31
leaf_value=-0.071287182643916577 0.10281144240387881 -0.023609395564659491 0.055831824164941493 0.0155956957750614 0.0036275953257006335 0.15970042825615563 0.028148272757731841 0.010339573852348679 0.10354012599657798 0.022727925666722017 -0.053609959970629312 -0.054805275989608208 0.020190606321312136 -0.028439696567918143 0.0011222394662096763 0.0037556439696155271 0.048395135448421993 -0.045523787306421634 0.066296399957785634 0.058962925635762879 0.08591072277801183 0.049863347893081021 0.036789098468413418 -0.0064183217708996404 0.076449545887017009 0.19431321018619535 0.023848071827593676 0.092195044649393029 0.02861090782465274 0.039870044354870363
leaf_weight=8475.7497544512153 107.15938906371593 5885.7029504999518 3495.027459256351 1150.0591883957386 2213.8260998651385 114.8250066190958 4405.7776933684945 4487.3607775047421 1804.6780226007104 774.26610610634089 6054.1124798431993 1787.1175825670362 796.04127306491137 6560.9120892137289 1672.1246992573142 249.81551539152861 729.50102607905865 2188.4689355269074 2774.3115846961737 756.96675170212984 806.50282524526119 1428.3012500107288 207.39429394155741 5226.0077039003372 505.83003459870815 59.0257638245821 2918.0170843675733 358.4267318919301 284.33918485790491 6589.0287144333124
leaf_count=74947 284 36738 9360 4648 10792 346 15303 19896 3160 1467 45996 12770 3695 37908 9165 492 1431 14680 5328 2366 2252 4182 1017 23200 1841 131 11799 784 489 18322
internal_value=-7.493e-05 -0.039571 0.036199 0.0171337 -0.0229692 0.047307 0.012685 0.0073369 0.0555783 0.0667787 -0.0639217 -0.0326655 -0.0142855 -0.0169125 -0.0224357 0.0732284 0.0876658 -0.0278879 0.0611301 0.0328097 0.0492665 0.0662545 -0.0215536 0.00132345 0.0918515 0.0933034 0.0266452 0.0414795 0.0640674 0.0454022
internal_weight=74866.7 35841.5 39025.2 19672 21311.6 2527.68 17144.3 12738.5 19353.2 6975.34 14529.9 10068.7 11242.9 10446.9 8233.04 5558.31 2534.18 8281.57 3024.13 1907.03 12377.9 2293.83 6093.1 9713.37 620.655 865.529 3025.18 1417.03 642.766 10084.1
internal_count=374789 247708 127081 79683 126765 9201 70482 55179 47398 13151 120943 65205 61560 57865 47073 10411 4591 52435 5820 7014 34247 6565 37755 43096 2187 2383 12083 2740 1273 27682
is_linear=0
shrinkage=0.1


Tree=15
num_leaves=31
num_cat=0
split_feature=11 11 11 15 7 11 11 16 16 15 12 0 10 12 15 9 9 12 18 18 9 1 0 9 20 16 12 8 6 9
split_gain=7464.01 1196.63 948.989 271.553 161.748 155.8 154.853 153.311 143.026 134.472 123.265 113.906 105.971 123.763 90.5432 80.0834 77.1018 72.3869 71.1363 71.0397 67.9462 67.5681 64.4674 64.0452 63.8552 89.1962 79.908 74.3979 53.9329 52.1809
threshold=0.020852811807838278 0.03063157058503618 0.015329072692328688 0.20463701482291094 0.36029017213683595 0.017437005246231183 0.011830043244872237 1.0000000180025095e-35 1.0000000180025095e-35 0.98930495097913207 0.16821241628743824 -0.021419577911115924 0.62972191052584736 0.23443189118730229 0.14031555793943057 1.0402450402437615 0.35598717783359685 0.20933801929874857 1.0000000180025095e-35 1.0000000180025095e-35 0.13476245741812934 -0.041394699321234178 0.067562098789566635 0.37212964470238669 1.0000000180025095e-35 1.0000000180025095e-35 0.10868395666327607 -2.1292433608789372 0.039053853450957805 0.24207093004710892
decision_type=2 2 2 2 2 2 2 2 2 2 2 2 2 2 2 2 2 2 2 2 2 2 2 2 2 2 2 2 2 2
left_child=2 3 6 24 7 28 -1 12 10 14 11 -5 18 -14 23 22 -10 -17 -3 -16 -8 -12 -9 -7 25 26 -2 -27 -4 -26
right_child=1 4 5 8 -6 9 20 15 16 -11 21 -13 13 -15 19 17 -18 -19 -20 -21 -22 -23 -24 -25 29 27 -28 -29 -30 -31
leaf_value=-0.068029681008969098 0.053066387807192639 0.032520115787876079 -0.026952424638739078 -0.045519217631347218 0.082502939856013729 0.020042771397400197 -0.0058000352047237512 0.02195413650284157 0.011683903025336609 0.11239710763644202 0.02765566382744223 0.017276569834590243 0.067203332104244867 0.041504826116830734 -0.022069368625449719 0.14586545796024955 -0.022685829233742537 0.041395385653211325 0.057312940972374819 -0.0010526620571443702 -0.04830782667915709 -0.016136407774740104 -0.057831068665871135 -0.022212611863283657 0.12901410374069919 0.11388102642385672 0.024861783073414082 0.0031285735723353596 -0.047935334741490282 0.0072983915493136323
leaf_weight=5109.8701555430889 2555.3621079996228 4208.1536005735397 5252.3368890956044 296.84647987782955 1243.6859420314431 1204.7688326314092 391.2337449118495 2539.3529021963477 922.70752783119678 85.249272637069225 422.67480775713921 10735.447989858687 4790.297264456749 3078.2989511489868 7408.9353885278106 93.159924708306789 2230.4702933654189 230.25164034962654 1596.2726942077279 2054.2503947839141 9679.3638521358371 2117.0510351881385 105.48004767298698 510.76009728014469 36.230414293706417 64.510819844901562 1655.119837552309 1014.303994461894 1597.5434425771236 1265.873414747417
leaf_count=49820 8899 11693 34363 1249 2139 6069 2922 6529 4211 292 1636 44639 9297 6646 43269 123 9659 532 4064 11101 76715 9227 230 2613 127 208 5915 4244 11344 4825
internal_value=-0.000196742 0.0282576 -0.0354088 0.0133319 0.0477162 -0.0199533 -0.0538508 0.0451164 0.00655705 -0.0127211 0.0110144 0.0155869 0.0495885 0.0571497 -0.0136752 0.024516 -0.0126283 0.0714884 0.0393384 -0.0175071 -0.0466564 -0.0088483 0.0187722 0.00746218 0.0305225 0.035406 0.0419793 0.00975133 -0.0318461 0.0106851
internal_weight=74495.9 41201.6 33294.3 23316.6 17885 18113.8 15180.5 16641.3 16725.2 11264 13572 11032.3 13673 7868.6 11178.7 2968.24 3153.18 323.412 5804.43 9463.19 10070.6 2539.73 2644.83 1715.53 6591.4 5289.3 4210.48 1078.81 6849.88 1302.1
internal_count=374600 136092 238508 94839 41253 109051 129457 39114 70621 63344 56751 45888 31700 15943 63052 7414 13870 655 15757 54370 79637 10863 6759 8682 24218 19266 14814 4452 45707 4952
is_linear=0
shrinkage=0.1


Tree=16
num_leaves=31
num_cat=0
split_feature=11 11 11 18 3 16 0 17 4 10 0 3 12 10 11 0 4 2 9 10 0 15 0 19 15 18 2 9 0 0
split_gain=2011.37 260.118 233.208 222.92 110.389 143.456 77.9655 70.8629 109.909 70.8412 63.3439 58.3236 54.1958 52.1559 49.0738 48.9191 41.2692 41.1904 31.679 47.0406 30.5885 28.929 27.0934 21.8204 28.5154 21.4837 21.6102 20.7596 20.27 23.9068
threshold=0.026774789434422987 0.036892982596579332 0.019978006224829644 1.0000000180025095e-35 0.041630450326819675 1.0000000180025095e-35 -0.025219892306390431 1.0000000180025095e-35 0.0046647837533959633 0.34588317547799302 -0.011070219036007021 -0.058131513663001393 0.11437453984867682 0.68846066376535919 0.032178912312752668 0.047835973941056327 0.01867576600287069 -0.050527287214351617 0.54228995594071128 0.39325728401437782 -0.031609022695637361 0.91052807598559438 -0.050888217184719135 1.0000000180025095e-35 0.96002732410614433 1.0000000180025095e-35 -0.098476834688127943 0.71431192034104884 -0.050888217184719135 0.043535610334836557
decision_type=2 2 2 2 2 2 2 2 2 2 2 2 2 2 2 2 2 2 2 2 2 2 2 2 2 2 2 2 2 2
left_child=2 14 3 4 5 9 25 12 -9 -1 17 -12 -6 22 20 18 -7 -5 19 -8 -2 27 -3 -17 -25 -4 -27 -22 -15 -30
right_child=1 13 6 10 7 16 15 8 -10 -11 11 -13 -14 28 -16 23 -18 -19 -20 -21 21 -23 -24 24 -26 26 -28 -29 29 -31
leaf_value=0.023175513096996031 -0.027159178274143377 -0.059125107990453486 -0.009257663315738995 0.016851036989463129 0.026643424571070381 0.0008843484572287519 0.0095559427318385477 0.029315918005552395 0.073388160132258129 0.0036699677485522199 0.032135086777710313 0.0012688561280459389 0.0038466821141012169 -0.060128415294247478 -0.02579183511334698 -0.02966142118351231 -0.055731028570374909 -0.022965197655219774 0.022545925330572328 -0.0020517572228162606 -0.0091080985958098652 -0.02255188659739972 -0.025271014486700296 0.11143217327932067 -0.0068890145089825815 0.016877816074435819 -0.037259736397082591 0.013901422974544242 -0.039353607728366893 -0.057155922478223889
leaf_weight=11174.259440921247 1327.2034291550517 264.12888957560062 2011.0953607112169 312.97985688596964 5745.3987538665533 4311.1212221086025 7484.1320534572005 2112.4465896040201 772.88369796425104 2234.2489938512444 702.50403176248074 4761.1268896535039 1274.1095519065857 890.48517574369907 4695.321842841804 585.80809558928013 132.71671229600906 1529.7704856470227 1002.0097957402468 6543.8803901001811 5529.215969517827 1619.2079748287797 2251.5284211263061 24.935408517718315 111.20528573542833 84.81941993534565 564.10513643175364 422.03544896095991 3222.4275664165616 984.89752194285393
leaf_count=73354 4307 593 8496 1868 38241 27874 36669 12711 4333 12299 4453 31087 8253 1733 14626 2166 571 8829 5321 28626 20972 5523 6710 143 420 389 1915 1902 8082 2134
internal_value=0.00025124 -0.0258092 0.0105859 0.0153712 0.0194621 0.0147647 0.00147265 0.0279285 0.0411214 0.0199253 -0.000169883 0.00523758 0.0225056 -0.0406077 -0.0175206 0.00414674 -0.000806489 -0.0162027 0.0053681 0.00414111 -0.0131558 -0.0107008 -0.0288255 -0.0212804 0.0147826 -0.0143626 -0.0301835 -0.00747637 -0.046422 -0.043521
internal_weight=74682 21206.5 53475.6 35063.6 27757.2 17852.3 18412 9904.84 2885.33 13408.5 7306.38 5463.63 7019.51 7613.47 13593 15752 4443.84 1842.75 15030 14028 8897.66 7570.46 2515.66 721.949 136.141 2660.02 648.925 5951.25 5097.81 4207.33
internal_count=374600 66582 308018 223873 177636 114098 84145 63538 17044 85653 46237 35540 46494 19252 47330 73345 28445 10697 70616 65295 32704 28397 7303 2729 563 10800 2304 22874 11949 10216
is_linear=0
shrinkage=0.1


Tree=17
num_leaves=31
num_cat=0
split_feature=11 11 11 11 11 11 11 11 0 15 4 1 1 13 5 6 0 11 9 14 11 0 14 15 12 15 17 15 4 12
split_gain=9368.07 1671.43 1202.83 347.36 200.469 172.849 148.052 88.9742 51.4356 63.3252 44.9195 45.9735 40.4575 35.9485 35.5431 33.4067 31.3817 29.6536 29.1158 28.4415 26.209 26.1508 26.1202 25.7354 24.3853 23.4861 23.7254 20.9658 20.8713 20.5052
threshold=0.020149206865104023 0.014364764321715457 0.02840014313685036 0.011613092252075947 0.017144745332085716 0.024134260737993202 0.035687420687607642 0.0097937256960786197 -0.015659665680519904 0.88343993977322899 0.015321428678931383 0.014522011606857179 -0.0056152415376007339 -0.31599429719783856 0.016485069457395255 0.037796398000619187 -0.031609022695637361 0.013168307129110499 0.25536905307900398 0.74294353563911952 0.043213291422272281 -0.020075176184115803 0.6718172709342265 0.79022501500701847 0.018186398861390431 0.92941175673037302 1.0000000180025095e-35 0.96002732410614433 0.015321428678931383 0.12585716303375261
decision_type=2 2 2 2 2 2 2 2 2 2 2 2 2 2 2 2 2 2 2 2 2 2 2 2 2 2 2 2 2 2
left_child=1 3 5 7 15 8 16 12 -2 14 11 -6 13 -1 -10 19 -4 -5 -19 23 -8 -7 -9 -3 -14 26 -17 -18 -23 -13
right_child=2 4 6 17 10 21 20 22 9 -11 -12 29 24 -15 -16 25 27 18 -20 -21 -22 28 -24 -25 -26 -27 -28 -29 -30 -31
leaf_value=0.029150001903461606 -0.023450235793227546 0.021984211287416795 -0.059925506114789057 0.051456415412670903 0.0025103318759936862 -0.040490767346243635 -0.060465580806409007 0.061050331247477774 -0.0090436839396159496 -0.024941179879653025 -0.019623258466424872 0.012846418251018685 0.13427468748363022 0.083576377672570173 0.0056649887846480203 0.044556428327931219 -0.041930870254225538 0.035623142881673717 0.053646168963272622 0.033129874836344879 -0.071955810504446147 -0.025048852673290115 0.076480509188138784 0.0034177335045812475 0.096548064247342968 0.0046598713900513058 0.020028959723761959 -0.057243389482687118 -0.041625886470479032 0.031077032385610815
leaf_weight=146.24569383263588 2680.1290009021759 5198.6129356101155 1520.3835198804736 5344.9112458452582 6042.7718046680093 1911.9465997368097 4401.6618964895606 2623.7112699225545 4246.1451389566064 1690.3442055955529 626.90456931293011 3137.2404642477632 197.91015788912773 713.06011864542961 2679.7042416930199 1747.9275620952249 6230.4026915282011 3329.0117193683982 1226.6047932803631 1976.2241761535406 3615.9310944005847 5789.5587914511561 1885.4395057335496 871.76715277135372 1275.6743331477046 218.12240864336491 509.2802179902792 1043.9996892809868 874.19600868225098 768.00015433132648
leaf_count=861 12116 29875 4833 33844 32326 7617 13434 16851 21276 7729 2988 17644 1472 4827 14736 11172 24346 19942 7973 12079 8753 26115 12606 4645 8885 1211 3016 3309 3505 4614
internal_value=-0.000123988 0.0347857 -0.0361328 0.0583779 0.0160628 -0.0194774 -0.0558192 0.0757046 -0.0113514 -0.00758798 0.00633924 0.00797535 0.0915586 0.0743135 -0.0033527 0.0258353 -0.0468594 0.0464038 0.0404759 0.0227101 -0.0656477 -0.0301815 0.0675022 0.0193179 0.101615 0.0359945 0.0390224 -0.0441285 -0.0272235 0.0164316
internal_weight=74523.8 37839.4 36684.4 16742.6 21096.9 19872 16812.4 6842.04 11296.3 8616.19 10574.9 9948.01 2332.89 859.306 6925.85 10521.9 8794.79 9900.53 4555.62 8046.6 8017.59 8575.7 4509.15 6070.38 1473.58 2475.33 2257.21 7274.4 6663.75 3905.24
internal_count=374600 226831 147769 107261 119570 93094 54675 45502 55857 43741 57572 54584 16045 5688 36012 61998 32488 61759 27915 46599 22187 37237 29457 34520 10357 15399 14188 27655 29620 22258
is_linear=0
shrinkage=0.1


Tree=18
num_leaves=31
num_cat=0
split_feature=11 11 11 18 11 11 9 15 0 15 10 3 8 8 3 15 13 9 15 0 10 8 11 15 10 15 2 0 11 12
split_gain=2208.59 313.626 228.496 63.9989 56.6743 53.6656 49.8537 46.0924 44.9582 60.2231 44.1722 42.9747 78.1366 61.0469 36.5315 26.1029 25.5888 20.8925 20.7965 24.8327 21.7493 20.5284 19.4469 18.3683 17.6483 17.4706 15.0859 16.9259 14.6789 13.7567
threshold=0.027551678392985567 0.038268148605222582 0.021239794531033172 1.0000000180025095e-35 0.032913488319053129 0.015843590598013046 0.14176984115601507 0.20073852547315665 0.027492884019153511 0.72757816061345992 0.72622896963267847 0.0034949642638202332 1.0000000180025095e-35 0.26787205169256428 -0.029875523637283848 0.98188527135970194 -0.037424590589703773 0.64760068362577006 0.91052807598559438 0.041733214942828896 0.59888408731900078 -0.058563062331800558 0.023638363338299748 0.12814493223322038 0.5919127302363999 0.9369339076967399 -0.020729587966351378 0.0036549685045865758 0.0092209137959855872 0.34361336315581714
decision_type=2 2 2 2 2 2 2 2 2 2 2 2 2 2 2 2 2 2 2 2 2 2 2 2 2 2 2 2 2 2
left_child=2 4 3 6 18 8 26 -4 14 -10 -3 12 -8 -13 -5 17 21 22 19 23 -21 -7 -9 -2 -6 -18 28 -28 -1 -12
right_child=1 10 7 5 24 16 11 15 9 -11 29 13 -14 -15 -16 -17 25 -19 -20 20 -22 -23 -24 -25 -26 -27 27 -29 -30 -31
leaf_value=0.051146063930819156 -0.021191299853140444 -0.035713731727605752 -0.008763823826802004 0.011374236973292623 -0.021717108783663931 0.033165631315966448 0.015016774505684624 0.0082229643407076385 0.25877852991917377 0.059563683384178528 -0.055829720786574756 0.0029654106401906404 0.04056209768602935 0.015396297282050584 0.033302667818625335 -0.0205153170699971 0.0088865453504624135 0.02919784542784537 -0.024983399419297312 0.10518830004076328 -0.022622072122398008 0.013145099592682672 -0.00026800549924719776 -0.0095478604563635355 -0.033920379641223734 -0.024388455110332996 -0.01468500374187726 0.0063694205462652316 0.004970389051196864 -0.041941237863424755
leaf_weight=84.430262677371502 1902.7356112152338 2369.5604316592216 4229.1805598437786 989.47080557048321 2141.4729226604104 902.12803363054991 11144.910830050707 4966.9027662277222 18.388689242303371 86.820881694555283 3271.3604348003864 7043.4947842657566 1341.5074363276362 8996.5736820697784 3271.8497137501836 438.24509191513062 1926.8151744231582 328.79669319093227 1616.7292735651135 33.403894558548927 22.137825913727283 1184.7871597111225 5903.1092669069767 4705.7994647994637 2653.5716301351786 171.86063601821661 1050.2115331664681 599.94742752611637 372.93370087444782 912.01892465353012
leaf_count=726 6316 6664 17072 6583 7114 4916 67783 23779 116 574 7235 45900 8393 55921 21935 1551 9724 1767 5194 197 75 6051 25236 17882 7614 604 8055 4703 2577 2343
internal_value=3.29468e-05 -0.0287671 0.0103015 0.0144009 -0.0198187 0.0220496 0.0122657 0.000176868 0.0298053 0.0943828 -0.0466228 0.0133622 0.0177613 0.00993766 0.0282109 0.00342613 0.0139586 0.00436303 -0.014809 -0.0123406 0.0542456 0.0217995 0.00361183 -0.0129003 -0.0284704 0.00616165 -0.00257608 -0.00703026 0.0134945 -0.0528019
internal_weight=74681.2 19628.8 55052.4 39186.1 13075.9 8552.12 30634 15866.2 4366.53 105.21 6552.94 28526.5 12486.4 16040.1 4261.32 11637.1 4185.59 11198.8 8280.81 6664.08 55.5417 2086.92 10870 6608.54 4795.04 2098.68 2107.52 1650.16 457.364 4183.38
internal_count=374600 60634 313966 244561 44392 50503 194058 69405 29208 690 16242 177997 76176 101821 28518 52333 21295 50782 29664 24470 272 10967 49015 24198 14728 10328 16061 12758 3303 9578
is_linear=0
shrinkage=0.1


Tree=19
num_leaves=31
num_cat=0
split_feature=11 11 10 10 11 11 10 15 6 16 9 12 11 14 20 20 17 1 10 10 9 7 13 1 1 11 13 14 7 16
split_gain=8598.86 1734.33 797.837 391.335 307.511 209.348 169.786 142.032 128.522 179.434 103.775 89.5234 81.5623 80.2104 79.758 76.3157 75.5882 90.9787 78.7415 74.6494 73.6569 97.8949 73.7551 61.7435 60.7874 60.4873 60.4719 57.3142 54.8688 52.8249
threshold=0.023160187188386368 0.015776231196314151 0.47824154295517368 0.2987603052389512 0.036892982596579332 0.012976701988910206 0.37100885078862372 0.90271719804284334 0.036527957528006867 1.0000000180025095e-35 0.49206504703122944 0.097240007382549412 0.020065370182317983 0.1690708006427829 1.0000000180025095e-35 1.0000000180025095e-35 1.0000000180025095e-35 1.0000000180025095e-35 1.158391676429946 0.58505890000261751 0.59842987445299711 -0.1583672710375377 -0.31141919968219761 0.00048807409166240495 0.047373158694497881 0.026953579314301503 0.63105700753015304 0.69150724237900529 0.055138172343915944 1.0000000180025095e-35
decision_type=2 2 2 2 2 2 2 2 2 2 2 2 2 2 2 2 2 2 2 2 2 2 2 2 2 2 2 2 2 2
left_child=1 5 6 14 7 -1 -2 20 9 23 25 28 -11 -9 -3 24 17 26 -18 -19 22 -22 -4 -5 27 -8 -6 -7 -12 -15
right_child=2 3 4 8 16 15 10 13 -10 12 11 -13 -14 29 -16 -17 18 19 -20 -21 21 -23 -24 -25 -26 -27 -28 -29 -30 -31
leaf_value=-0.068120373687427585 -0.0045077461924560077 -0.028387883053071741 0.018018355349128771 0.00058682460539017278 0.078982850874917285 -0.032013252011155874 0.020904838355542826 0.096925154257052906 -0.018576053049367124 0.0072986316901157049 0.0090291866904089711 -0.010518328515537183 0.045510710097756278 0.042880042116965139 -0.055736517160329062 -0.066004823902563806 0.038009487465726438 0.010248854782608863 0.12556203067892843 0.058793419711938959 0.05550363451211833 0.014766265216464791 0.044342579715686649 -0.016916719317793275 -0.072345445922158511 0.041748871371553947 0.020758958432767018 -0.052480546514631465 0.052311881810381648 0.077985112987020988
leaf_weight=7994.896990172565 3232.5949592143297 6115.3860819265246 1351.7776692137122 5562.678379021585 3663.8912687078118 4413.5567626804113 3121.0571005195379 420.71789686381817 5036.5772457420826 1141.2701554819942 738.07030592113733 1450.9990599304438 1094.0608028396964 2130.328942514956 1291.5729364901781 1502.0912717729807 1790.4209934771061 348.87478744983673 108.97489070892334 3442.3757072463632 710.24243297427893 3481.3013379275799 5005.4478297382593 3160.2069413512945 573.40390229970217 2513.2905197069049 187.51121435314417 1982.8424450606108 485.57221261411905 536.62040731310844
leaf_count=74852 14027 37591 4688 28163 6637 31918 12041 1072 28223 6196 2593 6068 4822 5791 8960 12796 3607 910 193 6394 1947 11072 15515 17475 4743 7572 369 15305 1576 1484
internal_value=3.58359e-05 -0.0316496 0.0364197 -0.0141539 0.0471166 -0.0565135 0.0149376 0.0374814 -0.0053539 0.000723218 0.0225028 0.00628244 0.0260012 0.0563452 -0.0331567 -0.0455602 0.0608861 0.0653231 0.0430327 0.0543263 0.0319599 0.0216691 0.0387451 -0.00575452 -0.0411541 0.0302027 0.0761481 -0.038358 0.0262049 0.0499436
internal_weight=74588.6 39868.5 34720.1 23401.8 23178.5 16466.8 11541.6 13636.4 15994.8 10958.2 8308.99 2674.64 2235.33 3087.67 7406.96 8471.89 9542.05 7642.65 1899.4 3791.25 10548.8 4191.54 6357.23 8722.89 6969.8 5634.35 3851.4 6396.4 1223.64 2666.95
internal_count=374600 271044 103556 131430 59679 139614 43877 41569 84879 56656 29850 10237 11018 8347 46551 64762 18110 14310 3800 7304 33222 13019 20203 45638 51966 19613 7006 47223 4169 7275
is_linear=0
shrinkage=0.1


Tree=20
num_leaves=31
num_cat=0
split_feature=10 9 10 10 13 15 15 9 12 5 10 15 7 8 10 15 3 18 10 13 1 18 3 4 3 19 0 15 8 14
split_gain=4589.48 743.542 598.89 415.328 279.244 168.666 136.126 128.112 123.517 121.31 118.301 111.759 119.036 102.722 101.475 101.101 92.1211 87.8861 80.6067 99.8223 78.2321 77.8968 99.077 98.5337 72.5737 70.5096 77.0918 161.951 70.4688 69.6583
threshold=0.33935071604839945 0.50604060158280506 0.25399019833009084 0.66671160050676992 -0.044265503606777189 0.14424691324681874 0.98188527135970194 0.26294178289604647 0.24660091700471184 -0.089204785286586527 0.38910632537535078 0.10427179114460815 0.21409095845305473 -1.5562601431866954 0.20578097601987599 0.23681569001266461 -0.24421210435405369 1.0000000180025095e-35 0.828468308301057 0.0023476367530738066 0.0085468484469799506 1.0000000180025095e-35 -0.12091539222765867 0.019571104510111906 0.055962870421978346 1.0000000180025095e-35 0.0025091414212599088 0.78266706565097188 1.4617933547347057 0.63654696234833874
decision_type=2 2 2 2 2 2 2 2 2 2 2 2 2 2 2 2 2 2 2 2 2 2 2 2 2 2 2 2 2 2
left_child=2 4 14 6 7 29 11 16 18 -10 -9 -3 -13 -6 25 -12 -2 -16 19 -5 -8 22 -15 -23 -11 -1 27 -27 -7 -4
right_child=1 3 5 8 13 28 20 10 9 24 15 12 -14 21 17 -17 -18 -19 -20 -21 -22 23 -24 -25 -26 26 -28 -29 -30 -31
leaf_value=-0.060954940097866263 0.13289485646644547 0.03483125941416499 0.021367866763570786 0.03054690150116678 0.052604532141288199 -0.022931961025622567 -0.014608152266654212 -0.015453858765396742 0.071864345607067184 0.01049011355719546 0.024108585771511631 0.0065067533152538496 0.043427239287757095 -0.026298932235119601 -0.044305486973967328 0.00081168327761066146 -0.029362320717749364 -0.018260998769189258 0.071898334799429128 0.062384492968750184 0.071181588081352651 0.027335334287765384 0.015470014012886902 0.10679465824143763 0.040329028418235574 -0.019311487437155904 -0.062533724728876236 0.28131341497783907 0.021384542409247448 -0.01847685594531449
leaf_weight=5035.1878768913448 35.67980333417654 2662.7083559557796 1434.7971673756838 1776.2751598358154 875.78100603818893 12250.709689091891 124.48025094717741 2890.2986254766583 702.23100864887238 1563.0350518152118 2669.7908995524049 6936.0285652205348 999.04377517104149 617.02014215290546 5854.7634472735226 6162.4882687181234 1811.4035331383348 1663.8630999848247 2242.2421607971191 2210.1360976472497 727.61707473546267 2063.7324118390679 7132.3840522244573 168.82820443809032 1703.417419899255 632.74600679054856 516.43624551966786 18.442118410021067 369.63761238008738 632.04559351503849
leaf_count=48050 136 7416 7222 3907 2872 78688 364 15109 1295 4019 10038 24720 2777 2533 46496 26510 12064 12092 3378 4277 1857 7868 30022 491 3800 5715 5122 78 1977 3985
internal_value=0.000281283 0.0197728 -0.0313312 0.0332674 0.00781414 -0.0172972 0.0201956 -0.00174984 0.0479449 0.0341572 0.0021071 0.0171038 0.0111551 0.0197669 -0.0463528 0.00785379 -0.026228 -0.0385419 0.05673 0.0481982 0.0586488 0.0168858 0.0121443 0.0333441 0.0260508 -0.0558207 -0.0336803 -0.0107976 -0.021634 0.00918325
internal_weight=74483.3 46074.6 28408.6 21647.2 24427.4 14687.2 11449.9 13569.7 10197.3 3968.68 11722.6 10597.8 7935.07 10857.7 13721.4 8832.28 1847.08 7518.63 6228.65 3986.41 852.097 9981.96 7749.4 2232.56 3266.45 6202.81 1167.62 651.188 12620.3 2066.84
internal_count=374878 165453 209425 57810 107643 91872 37134 63857 20676 9114 51657 34913 27497 43786 117553 36548 12200 58588 11562 8184 2221 40914 32555 8359 7819 58965 10915 5793 80665 11207
is_linear=0
shrinkage=0.1


Tree=21
num_leaves=31
num_cat=0
split_feature=11 11 0 10 17 11 4 10 20 19 0 9 6 2 10 0 15 0 0 9 15 9 10 3 15 11 19 0 10 10
split_gain=1766.44 240.798 179.539 120.086 107.207 78.3355 76.5009 50.384 50.2398 69.5237 49.6845 48.3007 41.4331 41.0361 40.1205 33.9571 56.2378 33.7957 33.8665 31.5698 27.7815 26.6254 24.9225 24.3045 23.1499 21.4654 21.3277 21.0726 18.8946 17.6495
threshold=0.026774789434422987 0.036892982596579332 -0.017704270464445223 0.37492869086389419 1.0000000180025095e-35 0.01481598832393129 0.0061875254953389644 0.75656445888338586 1.0000000180025095e-35 1.0000000180025095e-35 0.047835973941056327 0.44537702837102039 -0.04527199068331899 -0.018070673014392021 0.44119120562466713 -0.034895785854607946 0.15216647574996864 0.043535610334836557 -0.034895785854607946 0.59842987445299711 0.50789369163623899 0.98314267138232647 0.26628660237869017 0.1369247001373444 0.032203962027196747 0.018253031436831556 1.0000000180025095e-35 -0.050888217184719135 0.51459420932072297 0.67726850323186472
decision_type=2 2 2 2 2 2 2 2 2 2 2 2 2 2 2 2 2 2 2 2 2 2 2 2 2 2 2 2 2 2
left_child=2 14 15 4 8 6 -6 21 9 -4 11 13 -10 -5 -2 24 22 18 -16 -20 -7 27 25 -24 28 -17 -12 -3 -1 -29
right_child=1 7 3 10 5 20 -8 -9 12 -11 26 -13 -14 -15 17 16 -18 -19 19 -21 -22 -23 23 -25 -26 -27 -28 29 -30 -31
leaf_value=0.0050861273180376112 -0.0063179569411330686 -0.053868723341497685 0.0055449319147415112 0.012627493798644647 0.030767490994347779 0.026394698866773415 0.073011754361793885 -0.046696441254295985 0.049764100901513141 0.018180292186232662 -0.030376758020230588 0.015606236712914799 0.01775572140251399 -0.0031452714000259514 -0.030807606546482982 0.017360192419103946 -0.011960329501680066 -0.035015298045054495 -0.019613580462735411 -0.0063665215546867965 0.0099799029384910996 0.036399190840666 0.0005853301415448981 0.035116331214266328 -0.023494611652877081 0.067597167078235695 0.014509146828357872 -0.02335844847771994 -0.031292288774878212 -0.039841246220760268
leaf_weight=697.58261641860008 2955.8690177500248 369.5362062305212 13289.435069397092 2270.5333592072129 2789.1399153098464 1750.6207691058517 506.52868245542049 3983.7718356028199 434.87737602740526 6477.1161317378283 576.25864350795746 3214.6797162219882 5771.9332880377769 6030.5873297154903 1572.7042694911361 689.18115874379873 2405.7305157855153 1239.1352013796568 4856.7116708084941 2857.46110393852 2508.4697505012155 59.05103226006031 2527.6900256201625 221.70866901427507 1266.6894848570228 97.02787558734417 129.6800823584199 2057.0484123826027 179.51547956466675 949.49689607322216
leaf_count=3200 11456 886 83341 10775 19039 9213 3088 9406 2768 40192 2166 16148 37624 30129 4684 4322 13078 3829 16501 10831 12985 257 11571 1127 5658 588 543 6351 616 2506
internal_value=9.92259e-05 -0.0245746 0.00967854 0.0121062 0.0151995 0.0256843 0.0372602 -0.039044 0.0121498 0.00968529 0.00362052 0.00519915 0.0199984 0.00116892 -0.0166123 -0.00405868 -0.0001658 -0.0195031 -0.0174333 -0.0147066 0.0167269 -0.0301693 0.00785954 0.00336987 -0.0148475 0.0235601 -0.0221313 -0.0313337 -0.00235944 -0.0285639
internal_weight=74735.8 20900.8 53835 45749.9 33528.1 7554.76 3295.67 7418.9 25973.4 19766.6 12221.7 11515.8 6206.81 8301.12 13481.9 8085.13 5941.34 10526 9286.88 7714.17 4259.09 3435.13 3535.61 2749.4 2143.79 786.209 705.939 3376.08 877.098 3006.55
internal_count=374878 66707 308171 268011 208250 44325 22127 19406 163925 123533 59761 57052 40392 40904 47301 40160 30686 35845 32016 27332 22198 10000 17608 12698 9474 4910 2709 9743 3816 8857
is_linear=0
shrinkage=0.1


Tree=22
num_leaves=31
num_cat=0
split_feature=11 11 11 11 11 11 11 10 20 10 0 4 11 9 10 10 10 0 12 10 6 9 4 14 9 15 10 9 12 12
split_gain=7691.53 1385.78 1037.67 234.993 195.52 160.786 79.4423 78.8088 51.2404 47.9979 44.4742 44.0186 43.7891 41.3535 38.1035 36.9228 35.6275 35.0936 31.2968 28.6832 28.6784 26.3576 26.1845 24.0389 23.7931 23.7223 22.6638 22.2931 21.4174 21.1868
threshold=0.020395577885993946 0.014424580846607598 0.026774789434422987 0.011613092252075947 0.03628417669658425 0.017144745332085716 0.009372690526080826 0.34090387391023175 1.0000000180025095e-35 0.27620498803465704 -0.033736512089993724 0.015321428678931383 0.023160187188386368 0.43601105216425418 0.26383147421515601 0.44687784764600247 0.20168110096704747 -0.0050618578477539247 0.13342193992957657 0.62108854727261187 0.045087179459008871 0.20332576606061112 0.014886755031616296 0.415658564058419 0.25285069465210125 0.73111789013651818 0.15422870099922262 0.49645766013635534 0.0891506361548043 0.08221135083377186
decision_type=2 2 2 2 2 2 2 2 2 2 2 2 2 2 2 2 2 2 2 2 2 2 2 2 2 2 2 2 2 2
left_child=1 3 7 6 10 9 26 -2 16 -3 -4 14 13 -9 -7 -12 21 25 -16 -6 22 -5 -11 -19 -18 -8 -1 -14 -22 -10
right_child=2 5 4 8 19 11 17 12 29 20 15 -13 27 -15 18 -17 24 23 -20 -21 28 -23 -24 -25 -26 -27 -28 -29 -30 -31
leaf_value=0.09503486868255917 -0.0030558269288287242 0.028743695462012078 -0.057021574730981441 0.041750426158510698 -0.051320080515947192 0.019385051529932813 0.045473511256232696 -0.018229494191344228 0.061547336679367542 0.013061091985289151 -0.029173880104635209 -0.019626889215729977 -0.028308414431293002 0.0015970328001356981 0.00089124330094196385 -0.043273403498518354 0.029982680788762556 0.05228614427644232 0.016091091504424129 -0.066605997292797356 0.017499410845415595 0.06547545454352148 -0.026230007310284249 0.069685442579216869 0.043766626808837153 0.14874755547465524 0.072313908226880982 -0.01536490526263108 0.04528605248806454 0.036391092549957385
leaf_weight=846.81495330482721 3763.6840629279613 5316.9768337383866 1765.7694475203753 1648.5878329128027 1568.2588255107403 1892.2668379694223 1669.5978274568915 3820.3091747015715 1500.2060145586729 3924.4183335453272 2462.119132347405 685.7926584854722 5043.1632415503263 1451.7906924709678 7194.4149708449841 7560.9932730160654 4399.1699084192514 1155.8151635825634 1668.8585274368525 5650.6399573758245 651.75225006788969 654.03817226737738 177.2732916995883 2537.0073707178235 1750.633531011641 22.542355857789516 911.63105759769678 1807.6052235141397 482.93599256128073 430.96738127619028
leaf_count=5716 19817 31412 5841 9933 5567 10986 10051 18110 9915 21699 10924 3249 22280 7891 38113 29024 25634 7175 9509 15351 3709 4309 827 16476 10820 175 5947 8836 3032 2550
internal_value=-0.000344403 0.0298643 -0.0345592 0.0508409 -0.0503245 0.0131486 0.0648012 -0.0156965 0.0412369 0.022051 -0.0423879 0.00493714 -0.0196209 -0.0127698 0.00650338 -0.0398099 0.0378792 0.058775 0.00375321 -0.0632852 0.0152554 0.0484893 0.0113629 0.0642396 0.0339065 0.0468493 0.0832556 -0.0248932 0.0293257 0.0559334
internal_weight=74416 39521.7 34894.3 17527 19007.8 21994.7 7143.41 15886.6 10383.6 10553.4 11788.9 11441.3 12122.9 5272.1 10755.5 10023.1 8452.43 5384.96 8863.27 7218.9 5236.38 2302.63 4101.69 3692.82 6149.8 1692.14 1758.45 6850.77 1134.69 1931.17
internal_count=374878 231237 143641 108701 66707 122536 45540 76934 63161 60679 45789 61857 57117 26001 58608 39948 50696 33877 47622 20918 29267 14242 22526 23651 36454 10226 11663 31116 6741 12465
is_linear=0
shrinkage=0.1


Tree=23
num_leaves=31
num_cat=0
split_feature=11 11 11 17 5 3 19 4 4 11 11 19 11 0 10 12 12 5 3 3 2 20 5 16 10 10 0 14 3 6
split_gain=1845.38 288.832 195.655 145.959 116.18 94.3803 62.2313 54.29 46.2127 42.6056 38.4269 37.5938 36.8414 36.8144 36.5864 36.2258 33.4509 32.0393 27.9484 27.6846 24.2287 23.4097 33.7118 20.2418 19.6553 19.131 17.4859 16.2762 15.4788 17.2625
threshold=0.026774789434422987 0.038268148605222582 0.01877882572412851 1.0000000180025095e-35 -0.011569532202845843 -0.014295334830258797 1.0000000180025095e-35 0.0038378985259370784 -0.002865218542884906 0.032913488319053129 0.011134713735459155 1.0000000180025095e-35 0.023160187188386368 0.021191737809902026 0.77334176316066927 0.16559049689766139 0.069266112318614279 0.042261756640296418 0.08924885963821351 -0.025704951997860267 0.065309183753916158 1.0000000180025095e-35 0.046604791886698645 1.0000000180025095e-35 0.32235279073420353 0.60637767580382529 -0.025866029187397773 0.21714288167704335 0.18030976502304966 -0.10421579667655588
decision_type=2 2 2 2 2 2 2 2 2 2 2 2 2 2 2 2 2 2 2 2 2 2 2 2 2 2 2 2 2 2
left_child=2 9 3 4 5 11 13 10 -7 23 -5 -1 15 -6 -3 21 -8 19 -12 -9 -17 24 -23 27 -4 -11 -14 -2 29 -28
right_child=1 14 12 7 6 8 16 17 -10 25 18 -13 26 -15 -16 20 -18 -19 -20 -21 -22 22 -24 -25 -26 -27 28 -29 -30 -31
leaf_value=0.025671704121246065 -0.0072903414459912124 -0.034679653515508911 0.007923864510098003 -0.013797045230811617 0.015751870255968189 0.061082794645391715 -0.0024434078453990041 0.0042923517857321814 0.033887612667867065 -0.018708503311281714 0.014369301141724373 0.0034215831602513202 -0.012585127926418313 0.032623259602962931 -0.049900363464810249 0.011573259891401242 0.016618761190265782 0.028957923398434799 -0.0079729101586337222 -0.027285402586396203 0.036289778549588363 0.008764001116190849 0.047796399918916307 -0.004239845272972137 -0.0014301748274607724 -0.031484641695604776 -0.024088782888191676 -0.018257905934377056 -0.013486339191437028 0.0022950889309929583
leaf_weight=3060.2982874587178 1729.5890621468425 2893.6847680807114 3424.3146732971072 761.5304781422019 12280.702538974583 1022.0212777927518 2876.7853308394551 375.15483392775059 1607.912494815886 2281.9157614409924 3391.90326346457 1009.9759705588222 1407.9981861039996 1445.593141913414 3476.6439916677773 1418.908598780632 1353.8102607652545 153.6392850279808 670.58343056589365 1068.0677536502481 550.4645229652524 1987.6820282414556 248.99329873919487 1843.5368148013949 6530.2287690490484 2409.6881700903177 258.37996213883162 6216.2326809987426 803.77593289315701 6164.0274107679725
leaf_count=18966 6612 8233 17601 6291 81420 6268 19983 2464 9942 7735 21326 5839 5240 8434 8149 6946 8884 1031 4037 7145 3098 10076 1402 6864 30000 7088 1067 22026 3189 27522
internal_value=1.83227e-05 -0.0252415 0.00979507 0.0149563 0.0184534 0.0296909 0.0142605 0.00152668 0.044456 -0.0174353 0.00681712 0.0201507 0.00275836 0.0175287 -0.0429864 0.00589757 0.00365657 -0.0144554 0.0106813 -0.019077 0.0184818 0.00386471 0.0131092 -0.0136803 0.00178757 -0.0252705 -0.00239014 -0.0158706 -0.00040368 0.00123364
internal_weight=74724 20851.3 53872.8 31078 24657.1 6700.21 17956.9 6420.88 2629.93 14481 4824.02 4070.27 22794.8 13726.3 6370.33 14160.6 4230.6 1596.86 4062.49 1443.22 1969.37 12191.2 2236.68 9789.36 9954.54 4691.6 8634.18 7945.82 7226.18 6422.41
internal_count=374878 66707 308171 202030 159736 41015 118721 42294 16210 50325 31654 24805 106141 89854 16382 69123 28867 10640 25363 9609 10044 59079 11478 35502 47601 14823 37018 28638 31778 28589
is_linear=0
shrinkage=0.1


Tree=24
num_leaves=31
num_cat=0
split_feature=11 11 10 10 0 11 10 10 0 0 4 16 18 13 4 4 14 0 9 4 5 14 13 4 14 11 16 4 18 0
split_gain=7178.66 1201 982.2 325.783 222.804 190.839 188.482 125.556 120.336 127.543 116.004 142.149 114.913 129.186 110.529 110.339 180.915 99.6994 107.559 98.692 94.3014 98.165 90.5011 75.1759 72.9673 71.937 70.611 111.239 64.4657 63.1686
threshold=0.021747129519925863 0.0149466788915576 0.47824154295517368 0.2878972598782859 0.061319486329779245 0.032518878533373909 0.35280854061162653 0.21093703935809835 -0.015659665680519904 0.031279239990017478 0.019571104510111906 1.0000000180025095e-35 1.0000000180025095e-35 0.25264222399428593 0.0087325779786477948 -0.013245199942189421 0.17712179114958207 -0.031609022695637361 0.68458228811340949 0.029614920153117289 0.015827095786650539 0.74697580098819416 0.046999986818294433 -0.0098405288792113837 0.69150724237900529 0.028622029865715135 1.0000000180025095e-35 -0.0046744535493612452 1.0000000180025095e-35 -0.054789505542215615
decision_type=2 2 2 2 2 2 2 2 2 2 2 2 2 2 2 2 2 2 2 2 2 2 2 2 2 2 2 2 2 2
left_child=1 7 6 14 5 17 19 15 12 -10 20 -12 25 -14 -3 16 -1 23 -19 -2 21 -5 -6 -4 26 -8 27 -9 -24 -7
right_child=2 3 4 10 22 29 8 24 9 -11 11 -13 13 -15 -16 -17 -18 18 -20 -21 -22 -23 28 -25 -26 -27 -28 -29 -30 -31
leaf_value=0.26109343237195665 -0.013809336695747895 -0.040613359592719937 0.068522682978410396 -0.00011209637237172943 0.10224859111960483 0.06415758760297631 0.0093675361509774641 -0.01333418564475501 0.0022864218652398852 0.034207504439831594 -0.0044038299769825163 0.09516046406410987 0.085030901224467756 -0.014856977475229426 -0.0029423605292437406 -0.069789408379008849 -0.047841558959286962 0.02808227232933962 -0.0050804189322897529 0.097284578255741522 -0.023191247879864492 -0.025190752805449815 0.069984944324798598 0.025429404674701919 -0.061904564268257446 0.046452662619212909 -0.016259335627837556 -0.055887872866621016 0.011106861674502528 0.043664429577139272
leaf_weight=26.471412189304829 3522.7404644787312 6400.5443003550172 963.29673561453819 6841.0209918320179 729.16674794256687 1732.9287777096033 1731.3681386783719 775.2312493994832 6526.9249862059951 1548.7092359885573 387.68661104142666 227.56633035093546 626.17034150660038 163.22728936374187 886.76927228271961 5780.2623510956764 66.765563786029816 7222.7309906110168 1131.1938055977225 81.822600170969963 4838.9092624932528 2022.1686611399055 802.38659515976906 698.25335399061441 2567.8365054503083 749.48857904970646 930.01197787746787 2959.2454905025661 242.06052716076374 11391.949147164822
leaf_count=116 16465 44094 2368 37354 1400 2706 6406 6073 26254 5233 1959 814 1884 425 5495 57352 555 24592 4425 245 29714 12127 1450 1970 23028 2143 7608 25909 411 24303
internal_value=-5.50679e-05 -0.0333048 0.0288959 -0.018817 0.0410553 0.0384372 0.008633 -0.0571875 0.0149617 0.00840811 -0.0100563 0.0324225 0.0311453 0.0643766 -0.0360293 -0.0680487 0.0398698 0.0280414 0.0235918 -0.0112875 -0.0119637 -0.00583388 0.0752135 0.0504131 -0.0483669 0.0205713 -0.0409143 -0.0470543 0.0563394 0.0463702
internal_weight=74574.9 34710.5 39864.4 21604.7 24914 23140.4 14950.5 13105.8 11345.9 8075.63 14317.4 615.253 3270.25 789.398 7287.31 5873.5 93.237 10015.5 8353.92 3604.56 13702.1 8863.19 1773.61 1661.55 7232.33 2480.86 4664.49 3734.48 1044.45 13124.9
internal_count=374878 252198 122680 131557 63625 60364 59055 120641 42345 31487 81968 2773 10858 2309 49589 58023 671 33355 29017 16710 79195 49481 3261 4338 62618 8549 39590 31982 1861 27009
is_linear=0
shrinkage=0.1


Tree=25
num_leaves=31
num_cat=0
split_feature=10 9 10 10 9 4 16 15 20 15 15 7 6 5 18 4 15 18 9 8 10 13 6 13 15 16 4 18 1 13
split_gain=3846.29 690.495 427.216 331.69 219.712 160.867 157.581 155.122 151.899 152.058 103.869 141.332 97.3556 95.479 86.9131 143.436 85.1951 84.0982 86.3531 80.1783 73.9881 72.2741 68.0842 67.3924 64.9812 64.6018 67.2579 144.062 62.7081 62.5244
threshold=0.32686596860833123 0.48339608266713213 0.22936481472427575 0.51921057734595621 0.26294178289604647 -0.045284194103154443 1.0000000180025095e-35 0.14031555793943057 1.0000000180025095e-35 0.10427179114460815 0.028197384849072169 0.066836807284772717 -0.088318410169649295 0.079116254946447154 1.0000000180025095e-35 0.0049464218957870907 0.024169187013490429 1.0000000180025095e-35 0.98314267138232647 -0.93455665868119564 0.14003785178079811 0.17406859136721806 -0.012383978223546309 -0.088192301224406563 0.37227261417970192 1.0000000180025095e-35 -0.0013203559486929526 1.0000000180025095e-35 -0.040481205202462116 -0.18075991085373427
decision_type=2 2 2 2 2 2 2 2 2 2 2 2 2 2 2 2 2 2 2 2 2 2 2 2 2 2 2 2 2 2
left_child=2 4 20 16 12 17 8 25 9 -6 19 -12 -2 -14 21 22 -3 18 -5 -7 -1 -9 -16 -22 -23 26 -4 -28 -10 -18
right_child=1 3 7 5 6 10 -8 14 28 -11 11 -13 13 -15 15 -17 29 -19 -20 -21 23 24 -24 -25 -26 -27 27 -29 -30 -31
leaf_value=-0.086770964307956291 0.062925855854246274 0.048937047291306303 -0.0066043555586712335 0.10191472676632769 0.041572583629845464 0.076905049235207676 -0.0098208489281008324 -0.033423071032552182 -0.029206218378469137 0.012686264508696702 0.02164781464223119 0.041005272809167742 -0.027302003481282658 0.15110010789373626 0.00068817770904222282 0.02305300672226809 -0.019615834852580744 0.16410349097434077 0.017321997345018207 0.037917749509667614 -0.057667256034877983 -0.042520039922805647 -0.036396127465955573 -0.03957207446902003 -0.0033541079906088743 -0.03333105129124813 0.0024848552914820527 0.091534242298315485 0.001530000658299332 0.0096349332868290605
leaf_weight=477.90341307967901 131.04323168471456 483.32995513826609 874.87051817029715 303.78076835721731 2159.6396107375622 905.42686071246862 3954.6775532141328 8917.8535107262433 842.59263899922371 11667.049822002649 7983.4173029735684 7149.5449093207717 2694.4281271323562 30.336844883859158 739.32911324501038 904.03740936890244 861.18360424041748 112.01913520693779 200.20101038366556 1263.6882236152887 3295.7926155924797 568.01151539385319 1498.4815383292735 5481.0438729375601 1666.3638892620802 375.52546317130327 521.42101326212287 278.81538915634155 3127.7933519184589 4825.1917257681489
leaf_count=5816 511 1350 5242 485 7426 1541 18038 64369 3600 49805 20849 15805 17637 96 4570 5179 3607 133 260 2463 31454 3765 10609 49587 10389 2382 3191 1189 15018 18581
internal_value=9.56373e-05 0.0165929 -0.0312856 0.0286287 0.00481145 0.0355145 0.00823526 -0.0215648 0.0122475 0.0171981 0.0337266 0.0307932 -0.0212666 -0.0253157 -0.0252547 -0.0105636 0.00863093 0.085731 0.0683112 0.0541917 -0.0484534 -0.0293935 -0.0241442 -0.046367 -0.0133107 0.00415589 0.0125597 0.0335111 -0.00499282 0.005205
internal_weight=74294.8 48695.3 25599.4 24087.8 24607.6 17918.1 21751.8 16344.7 17797.1 13826.7 17302.1 15133 2855.81 2724.76 14294.1 3141.85 6169.71 616.001 503.982 2169.12 9254.74 11152.2 2237.81 8776.84 2234.38 2050.63 1675.11 800.236 3970.39 5686.38
internal_count=374947 177205 197742 65074 112131 41536 93887 110885 75849 57231 40658 36654 18244 17733 98881 20358 23538 878 745 4004 86857 78523 15179 81041 14154 12004 9622 4380 18618 22188
is_linear=0
shrinkage=0.1


Tree=26
num_leaves=31
num_cat=0
split_feature=9 18 9 9 13 12 3 4 8 3 14 4 15 7 3 4 4 8 16 3 13 17 3 7 4 4 9 12 5 3
split_gain=914.718 176.801 146.316 104.779 101.335 80.8448 49.0563 67.2484 56.1562 48.8258 46.2798 42.6604 49.1694 42.6078 40.7209 35.5302 33.8272 32.2685 30.2426 28.0088 26.1859 23.7108 22.2029 27.0957 21.3703 20.981 18.3396 17.12 16.0117 15.1975
threshold=0.47923046237384825 1.0000000180025095e-35 0.30363027619515298 0.62594251439374216 0.1623703746846257 0.10671051514923997 -0.023661355328161267 -0.0071036871507077484 -0.20044415650445643 0.049169044454530082 0.43544045499934886 0.02710972885272778 0.020140989177908693 0.29331215852315246 -0.019854098274512341 0.01867576600287069 -0.015095983820655688 -0.70667240534943243 1.0000000180025095e-35 -0.26446839605668931 -0.065280746411872773 1.0000000180025095e-35 -0.059543920481196715 0.072671539360695384 -0.0048968717431274724 -0.0047791281545865863 0.26412157849034723 0.0891506361548043 0.042261756640296418 0.02729876980626678
decision_type=2 2 2 2 2 2 2 2 2 2 2 2 2 2 2 2 2 2 2 2 2 2 2 2 2 2 2 2 2 2
left_child=1 2 4 16 5 9 15 20 -9 -1 14 12 -5 19 25 17 -2 -4 24 -14 -8 -7 -18 28 -6 -3 -27 -12 -24 -25
right_child=3 10 6 11 18 21 7 8 -10 -11 27 -13 13 -15 -16 -17 22 -19 -20 -21 -22 -23 23 29 -26 26 -28 -29 -30 -31
leaf_value=0.016945231811655061 -0.026609595365683043 -0.01892742623420984 0.0035179265782047547 -0.042336390705737303 -0.010726211124344267 0.00027742521876723516 0.0027760945626649105 0.029427208634755498 0.0073302670009279761 0.028767504406817409 0.0049010693265092407 -0.045178788958371754 -0.038225917715229457 -0.03926578500671421 -0.017366503355675848 -0.03626626555627166 -0.016894622675495307 -0.011032712457736803 -0.014906424625590615 -0.01564382575392503 -0.017845979108521405 0.017329754147614073 0.0056050124643280989 -0.033234407021617625 0.0093439576866837203 0.022800185414572006 -0.0015846356592718717 -0.0064173105381355455 -0.012755975316128418 -0.0096521623106497079
leaf_weight=11773.468731574714 1213.9010262005031 393.22161827236414 3751.0259531438351 1215.7003287672997 674.6377816349268 3034.0894105136395 1164.4250716865063 1330.7504901736975 8471.7818113192916 4967.2744641005993 4344.0224209278822 1026.5807135477662 604.45048622041941 1064.0517352074385 3571.3816991597414 325.64250074326992 2333.7464440092444 2567.1948898136616 998.85162150859833 6013.6568881943822 1306.7693825364113 1115.0979367271066 2207.097847186029 306.46767047792673 2483.6516142114997 487.47402290999889 839.71386797726154 1930.2091602236032 605.17713092267513 2523.269311144948
leaf_count=75763 4124 2025 17074 3065 3480 17882 5238 6957 40678 31377 25744 2582 1736 2800 19277 1221 8775 12164 5960 21038 5718 6204 9419 965 14920 3115 3770 9824 2451 9601
internal_value=0.000116236 0.00661086 0.00950498 -0.0187521 0.0145186 0.017356 0.00286694 0.00661353 0.0103301 0.0204531 -0.00439024 -0.0258766 -0.0236497 -0.0206925 -0.0112781 -0.00405444 -0.0110579 -0.00239423 0.00026016 -0.0177063 -0.00812887 0.00486025 -0.00869094 -0.00529759 0.0050568 0.00136083 0.00737187 0.00141907 0.00165389 -0.0122062
internal_weight=74644.8 55530.7 43964.7 19114.1 25047.1 20889.9 18917.6 12273.7 9802.53 16740.7 11566 9924.44 8897.86 7682.16 5291.79 6643.86 9189.66 6318.22 4157.14 6618.11 2471.19 4149.19 7975.76 5642.01 3158.29 1720.41 1327.19 6274.23 2812.27 2829.74
internal_count=374947 308391 244636 66556 155586 131226 89050 58591 47635 107140 63755 31221 28639 25574 28187 30459 35335 29238 24360 22774 10956 24086 31211 22436 18400 8910 6885 35568 11870 10566
is_linear=0
shrinkage=0.1


Tree=27
num_leaves=31
num_cat=0
split_feature=11 11 11 11 11 11 11 11 20 0 20 0 10 10 0 15 5 13 10 10 12 15 10 15 19 16 20 12 17 15
split_gain=6312.44 1194.39 742.064 225.657 123.579 121.437 81.4586 66.5714 43.9399 39.5829 39.4032 36.4358 33.2326 32.9323 32.5891 30.6543 37.4076 27.5483 27.3473 26.3425 41.1481 26.0086 24.215 22.9407 21.5245 20.5221 19.5478 19.5528 18.2232 17.5332
threshold=0.021239794531033172 0.0149466788915576 0.03063157058503618 0.011830043244872237 0.017506502373190035 0.024134260737993202 0.039062942826411276 0.0096678199488168266 1.0000000180025095e-35 -0.01966298394494936 1.0000000180025095e-35 -0.040881314432569253 0.34930046709018936 0.28002877926526992 -0.018451879433963644 0.9369339076967399 0.025995075543741145 -0.46266869714935449 0.5287364590324829 0.2878972598782859 0.13342193992957657 0.32851867999740031 0.20168110096704747 0.9331545576735425 1.0000000180025095e-35 1.0000000180025095e-35 1.0000000180025095e-35 0.14979738492171504 1.0000000180025095e-35 0.5784345761702091
decision_type=2 2 2 2 2 2 2 2 2 2 2 2 2 2 2 2 2 2 2 2 2 2 2 2 2 2 2 2 2 2
left_child=1 3 5 7 13 11 18 24 14 -7 19 -2 -11 -3 21 16 -13 25 -4 -6 -21 -5 -16 -14 29 -9 27 -15 -19 -1
right_child=2 4 6 8 10 9 -8 17 -10 12 -12 15 23 26 22 -17 -18 28 -20 20 -22 -23 -24 -25 -26 -27 -28 -29 -30 -31
leaf_value=0.057970854756562135 -0.041667337920798915 0.023033522352943193 -0.038063838144348133 0.007341709715994846 0.0081182821169247521 -0.039451552311588145 -0.06352323757248296 0.0042567597446925487 0.046179979079340808 -0.0080364660841077632 0.014002759512370755 -0.013418283071184154 -0.02521900641929474 0.0053831706913468128 0.041599632247672637 -0.031535869706698492 0.0035635912580633082 0.053926349899391705 -0.051240289630059992 -0.0071707118737496913 0.010685478354574913 0.077286060765433665 0.029486563060421467 -0.039489700744608905 0.091590288682412146 0.080956022199962452 0.024351498187048643 0.023540055743578432 0.039971500560405014 0.077861994574783544
leaf_weight=1196.1223439127207 407.18545867502689 4822.1511451601982 2335.0727334097028 797.65072730928659 2687.3508975431323 2674.4920527413487 5057.2697524465621 209.00872327387333 2241.578991048038 963.96600774675608 2320.6410482823849 4863.0945375710726 6432.6826315969229 3425.2129134461284 2183.1458568498492 656.86717826873064 1768.994547881186 4365.6574045717716 4839.950169660151 6076.2431899607182 1638.5570224523544 56.959700390696526 6762.3496201261878 1365.597840115428 373.82679262012243 41.874207824468613 961.8976016715169 717.30404905229807 1191.0948496460915 703.93302690982819
leaf_count=7393 1601 27807 9516 4251 14617 10802 14693 1084 13968 4949 13344 23980 29392 18477 13127 2919 9597 26903 17296 30774 9156 364 39313 5520 2506 281 5649 4064 7023 4581
internal_value=-0.000491235 0.0244961 -0.0345664 0.0422245 0.00874499 -0.0222676 -0.0538032 0.0551508 0.0335494 -0.028803 0.00222041 -0.0125559 -0.0255528 0.0171075 0.0306604 -0.0109296 -0.00888866 0.0494717 -0.0469521 -0.000408142 -0.00337821 0.0120035 0.0324428 -0.027718 0.0696557 0.0170584 0.0115092 0.00852715 0.0509351 0.0653401
internal_weight=74137.7 42772.6 31365.2 20123.2 22649.4 19132.9 12232.3 8081.52 12041.7 11436.7 12722.8 7696.14 8762.25 9926.57 9800.11 7288.96 6632.09 5807.64 7175.02 10402.2 7714.8 854.61 8945.5 7798.28 2273.88 250.883 5104.41 4142.52 5556.75 1900.06
internal_count=374947 244682 130265 120794 123888 88760 41505 49771 71023 50663 67891 38097 39861 55997 57055 36496 33577 35291 26812 54547 39930 4615 52440 34912 14480 1365 28190 22541 33926 11974
is_linear=0
shrinkage=0.1


Tree=28
num_leaves=31
num_cat=0
split_feature=11 11 11 17 5 3 11 4 19 4 2 14 9 11 11 0 12 10 0 4 14 20 9 10 9 16 3 11 10 9
split_gain=1531.79 220.314 176.758 120.59 81.5105 86.5993 49.467 49.2845 47.3145 44.576 36.213 35.241 34.6982 32.9079 31.826 30.3561 29.1565 29.1359 28.9885 22.6665 18.2676 18.2172 31.6201 18.8095 17.443 17.4204 24.9183 16.2341 15.1977 15.167
threshold=0.027551678392985567 0.038268148605222582 0.01877882572412851 1.0000000180025095e-35 -0.011219126738049255 0.043532707568440417 0.023160187188386368 -0.016237087059721041 1.0000000180025095e-35 0.0038378985259370784 -0.036535435399003273 0.52233770500978072 0.1322098870962907 0.0097937256960786197 0.032913488319053129 0.017121261933184865 0.15387296018105753 0.45290238930680904 0.030463673814483897 0.012541164350017288 0.18911652959479627 1.0000000180025095e-35 0.4671588415088872 0.32235279073420353 0.30518167130042589 1.0000000180025095e-35 -0.045385980339387004 0.01190233805782388 0.59888408731900078 0.51081277383244428
decision_type=2 2 2 2 2 2 2 2 2 2 2 2 2 2 2 2 2 2 2 2 2 2 2 2 2 2 2 2 2 2
left_child=2 14 3 4 5 7 16 -1 12 13 -7 -3 -6 -5 20 -10 21 -15 27 -20 -2 23 -23 -4 -18 -22 -27 -11 29 -16
right_child=1 11 6 9 8 10 -8 -9 15 18 -12 -13 -14 17 28 -17 24 -19 19 -21 25 22 -24 -25 -26 26 -28 -29 -30 -31
leaf_value=0.067268897867747784 -0.0031386904564124256 -0.031326165040998923 0.0082846460892921411 -0.025231811091966629 -0.0024294741676540816 0.018781365255700476 -0.0030139038791268452 0.019976501053373952 0.0079662274099288107 -0.041008334007876644 0.06674839591888268 -0.046668071813870282 0.017436490025826635 0.0067350638377953829 -0.028807704588144929 -0.014045887397246416 0.0046231947962271447 0.047394849701329206 0.063826209801591913 -0.009700164709676825 -0.017751005490735661 0.0089176106547715992 0.053758123977997202 -0.00089869307019653131 0.023140422239063194 0.016630103676448463 -0.014201531320023431 -0.012802193173963503 -0.028902037435070967 -0.011315706478793845
leaf_weight=228.99335011839867 1507.5449811220169 2662.6095093563199 3433.6482966318727 311.16838725656271 943.87092326581478 205.95863065868616 10203.685697577894 5843.1397446990013 3442.8660841435194 246.56193436682224 667.43399363011122 3420.8224036768079 12832.002776540816 4325.5632104277611 760.77450401335955 765.8680646494031 785.5624849870801 183.72307140380144 82.086350090801716 85.70100636780262 5435.9163388982415 2008.1907347738743 170.62296730279922 6364.4725520685315 1443.450587131083 382.26496089994907 834.14233270287514 1183.5290323644876 2433.3566211387515 1422.6941198259592
leaf_count=1301 5864 7701 17600 2875 7101 1179 42867 35234 23530 2007 4015 8525 82043 27704 2480 5154 3867 1121 517 465 19363 10142 968 29041 7527 1528 3071 7760 7405 4992
internal_value=0.000345516 -0.0242899 0.00867841 0.0136467 0.0167937 0.0259949 0.0022978 0.02176 0.0132403 0.00142314 0.0554371 -0.0399532 0.0160753 0.00622122 -0.016832 0.00396066 0.00611303 0.00839168 -0.0130516 0.026271 -0.0130779 0.00415862 0.0124291 0.00231951 0.0166145 -0.0153303 -0.00451246 -0.0176652 -0.0234672 -0.0174104
internal_weight=74618.2 18860.1 55758.1 31348.5 24930.1 6945.53 24409.6 6072.13 17984.6 6418.33 873.393 6083.43 13775.9 4820.45 12776.7 4208.73 14205.9 4509.29 1597.88 167.787 8159.87 11976.9 2178.81 9798.12 2229.01 6652.32 1216.41 1430.09 4616.83 2183.47
internal_count=374947 60929 314018 202006 159557 41729 112012 36535 117828 42449 5194 16226 89144 31700 44703 28684 69145 28825 10749 982 29826 57751 11110 46641 11394 23962 4599 9767 14877 7472
is_linear=0
shrinkage=0.1


Tree=29
num_leaves=31
num_cat=0
split_feature=11 11 10 10 0 0 3 17 10 15 14 11 16 14 0 15 9 0 7 20 11 6 12 3 15 15 3 11 3 11
split_gain=5979.5 964.197 694.242 248.191 212.104 174.381 198.659 170.409 154.233 107.875 103.029 94.2519 76.3839 95.091 94.6883 98.3816 73.5912 82.3351 70.4842 69.8336 68.9839 64.4385 63.7238 62.7968 60.6818 55.9046 54.1701 53.2613 49.6503 46.3803
threshold=0.021435999592366691 0.0149466788915576 0.4498429423731482 0.28401815566772076 0.061319486329779245 -0.031609022695637361 -0.28905347423183797 1.0000000180025095e-35 0.2987603052389512 0.044280447787395517 0.42358087767361885 0.026609143722130583 1.0000000180025095e-35 0.62479001457824646 -0.0080195514343741597 0.89505548762220088 0.53665243680184915 0.047835973941056327 -0.23854414093155005 1.0000000180025095e-35 0.026953579314301503 0.023725201281243339 0.041801263522585286 0.025569570522853583 0.9179831840105287 0.67606580342268674 0.047291287808793665 0.010804086975374815 0.031645952460089395 0.01877882572412851
decision_type=2 2 2 2 2 2 2 2 2 2 2 2 2 2 2 2 2 2 2 2 2 2 2 2 2 2 2 2 2 2
left_child=1 10 8 19 5 7 -7 9 24 -4 25 -8 14 21 29 -16 17 20 -9 -3 -10 -14 -12 -19 -2 27 28 -1 -6 -5
right_child=2 3 4 12 26 6 11 18 16 -11 22 -13 13 -15 15 -17 -18 23 -20 -21 -22 -23 -24 -25 -26 -27 -28 -29 -30 -31
leaf_value=-0.06390324147335813 -0.034471765966486559 -0.029888143131945016 0.044344711302019106 -0.013627125034425007 0.080598114074706351 0.075641289923630936 0.012026699232083694 -0.068976413160677638 0.0046222123470579446 0.076354415055225444 -0.071165711493100248 0.028952287742852603 0.031268685275941975 -0.021526875577341134 -0.026756524121519437 0.0044401583178910308 -0.021955623265770916 0.10881654875907348 0.019554401998345444 -0.057525435905523607 0.022113019047070928 -0.0074210618069572316 -0.052930021632239255 0.028636772339553015 0.047867043414052846 -0.06120973550230864 0.05434767860296176 -0.030556921247452868 0.17065002927914408 0.0086333292903185144
leaf_weight=570.78881135582924 1112.0897834375501 5479.8781770244241 3033.6303181797266 1765.0664592683315 564.57270937412977 820.02033533900976 4158.3227670192719 98.902332678437233 7612.274183280766 1612.4139551743865 3399.5233145132661 15756.684171780944 1172.9851895272732 973.75808747857809 5923.7544079273939 1218.8715441003442 695.01272286474705 139.93317774683237 991.26240137964487 1097.3508859649301 3203.9889807775617 680.05997506529093 4391.983947686851 323.49911791831255 97.339658804237843 1159.8477411530912 1226.2976803332567 2977.8230862319469 68.673408359289169 1992.6276566162705
leaf_count=6338 5887 37464 5816 10673 1071 1745 17038 147 32652 3526 35188 39871 5897 5859 37919 6644 2923 399 2159 8814 10255 3893 42057 1062 388 10898 2274 26313 89 9688
internal_value=-6.9221e-05 -0.0319786 0.025145 -0.0185269 0.0339666 0.0316733 0.0274044 0.0471046 0.00618855 0.0554537 -0.0538289 0.0254182 -0.0108739 0.00377422 -0.0146727 -0.0214329 0.00962587 0.0115718 0.0115227 -0.0344992 0.00980333 0.0170697 -0.0608865 0.052847 -0.0278448 -0.0421502 0.0666126 -0.0359206 0.0903639 -0.00182287
internal_weight=74319.2 32804.3 41514.9 20304.4 28330.8 26471.2 20735 5736.21 13184.1 4646.04 12500 19915 13727.1 2826.8 10900.3 7142.63 11974.7 11279.7 1090.16 6577.23 10816.3 1853.05 7791.51 463.432 1209.43 4708.46 1859.54 3548.61 633.246 3757.69
internal_count=374947 247645 127302 126851 73736 70302 58654 11648 53566 9342 120794 56909 80573 15649 64924 44563 47291 44368 2306 46278 42907 9790 77245 1461 6275 43549 3434 32651 1160 20361
is_linear=0
shrinkage=0.1


Tree=30
num_leaves=31
num_cat=0
split_feature=11 11 11 4 11 16 11 15 15 12 4 10 3 12 18 8 16 18 12 2 2 4 17 13 11 2 4 12 10 15
split_gain=4756.83 746.451 609.236 186.194 147.494 167.698 122.781 109.77 108.918 102.978 95.6062 88.3544 83.068 82.0005 79.856 69.8603 78.0864 69.6638 67.7001 65.6757 52.8249 50.0637 78.1537 57.0627 46.574 44.7354 41.7421 41.259 40.2468 40.1405
threshold=0.020852811807838278 0.014884883634154383 0.026774789434422987 -0.045284194103154443 0.0461913779493437 1.0000000180025095e-35 0.011830043244872237 0.040254952533995927 0.19657835154101344 0.16821241628743824 -0.0036573700325452925 0.95071560384312803 0.086569131168697147 0.15182680993406727 1.0000000180025095e-35 -2.246796712421061 1.0000000180025095e-35 1.0000000180025095e-35 0.11674194834782831 0.11870386371360787 0.13912862948124041 -0.00013915534740061017 1.0000000180025095e-35 -0.22729588295644734 0.016185801369714706 0.099890295206596327 0.033212524131169381 0.23443189118730229 0.88182176278877666 0.020140989177908693
decision_type=2 2 2 2 2 2 2 2 2 2 2 2 2 2 2 2 2 2 2 2 2 2 2 2 2 2 2 2 2 2
left_child=1 6 8 17 5 18 25 24 19 15 -9 26 -7 14 -12 -10 -17 20 -5 21 28 22 -2 -23 -3 -1 -6 -13 -4 -8
right_child=2 7 3 4 11 12 29 10 9 -11 13 27 -14 -15 -16 16 -18 -19 -20 -21 -22 23 -24 -25 -26 -27 -28 -29 -30 -31
leaf_value=-0.062867098305851382 0.004343235926168261 -0.048952341213836487 0.081161422195631036 0.037482531172866679 0.031646529263285934 -0.002749175942452645 0.066401140801244068 -0.030491951870462716 0.096195772150090592 -0.019844753560149805 -0.015953412221749556 0.091273437425589909 0.027155130180442067 -0.035951514113917442 0.003206640278102977 0.008971505527619765 -0.014270708191669722 0.1542770996243451 0.025308148096382391 -0.045839568269428949 0.14792620522918937 -0.003619697766443157 0.044780841636268373 0.045118480568747725 0.036596289526253621 0.12434556527764598 0.07893783657740433 0.055438243343896909 0.021431887157614418 -0.041866173765186816
leaf_weight=4362.0561506077647 2061.1726498827338 72.823017492890358 270.25096998363733 8195.0940989777446 2042.6468546837568 2550.1041791886091 34.395954452455044 4859.0612015351653 84.240205571055412 1913.199656739831 8948.6445088163018 491.0800451412797 1461.1181272938848 1522.6466749981046 2873.869088307023 7930.9075023755431 1767.692294485867 115.44751912355423 10319.346234954894 147.37772399932146 72.663776017725468 294.76828627288342 622.22853780537844 1298.1758163943887 504.56218588352203 12.801286853849886 205.41232775896788 929.27300237864256 193.64523313194513 7764.13605889678
leaf_count=49746 7843 528 456 21908 3383 7630 231 31076 269 9135 58911 600 3980 10049 16432 35116 8523 127 26481 673 73 1118 2132 4814 2475 102 290 1358 247 69176
internal_value=0.000263975 -0.0296223 0.0217957 0.0310229 0.029709 0.0266808 -0.0489107 -0.0171204 0.00642861 0.00137333 -0.018482 0.0483035 0.00814369 -0.014109 -0.0112959 0.00552289 0.00473532 0.0838087 0.0306969 0.0197944 0.0686466 0.0220564 0.0137199 0.0360997 0.0258064 -0.0623193 0.0359677 0.0678281 0.0562284 -0.0413887
internal_weight=73920.8 30955 42965.8 26846.1 26194.1 22525.7 12173.4 18781.6 16119.8 11696 18204.2 3668.41 4011.22 13345.2 11822.5 9782.84 9698.6 652.007 18514.4 4423.72 536.56 4276.35 2683.4 1592.94 577.385 4374.86 2248.06 1420.35 463.896 7798.53
internal_count=374882 238726 136156 66533 65630 59999 119255 119471 69623 53043 116468 5631 11610 85392 75343 43908 43639 903 48389 16580 776 15907 9975 5932 3003 49848 3673 1958 703 69407
is_linear=0
shrinkage=0.1


Tree=31
num_leaves=31
num_cat=0
split_feature=11 11 0 11 18 13 1 12 0 18 4 0 16 0 9 0 10 10 9 7 10 6 12 11 4 11 15 12 11 7
split_gain=1202.48 182.29 149.21 96.6587 79.4043 79.9851 64.5327 50.2032 46.0671 45.9407 38.4849 42.8237 35.239 32.7983 32.6017 29.9493 29.7975 29.3699 46.9852 23.9845 22.8734 20.8281 19.9816 19.6588 19.0101 17.5523 18.5139 17.2228 15.3649 14.4934
threshold=0.026774789434422987 0.038268148605222582 -0.025219892306390431 0.020852811807838278 1.0000000180025095e-35 0.1623703746846257 -0.028012160003040517 0.10979389120109578 -0.0038790462853601766 1.0000000180025095e-35 0.024808980907197856 -0.031609022695637361 1.0000000180025095e-35 -0.050888217184719135 0.43274262739469455 0.047835973941056327 0.50590099051937998 0.55479577967371141 0.75150550952272854 -0.088586301667994513 0.52386090436391164 -0.091642275613935328 0.15840584608234323 0.044515422831695871 0.021823756169154006 0.01604357013764842 0.15619739071485894 0.049698550999137593 0.032178912312752668 0.069113939333302912
decision_type=2 2 2 2 2 2 2 2 2 2 2 2 2 2 2 2 2 2 2 2 2 2 2 2 2 2 2 2 2 2
left_child=2 10 9 4 5 7 19 -4 -8 25 11 -2 -7 -3 20 27 22 28 -19 -6 24 -11 -15 29 -5 26 -1 -16 -13 -18
right_child=1 13 3 14 6 12 8 -9 -10 21 -12 17 -14 16 15 -17 23 18 -20 -21 -22 -23 -24 -25 -26 -27 -28 -29 -30 -31
leaf_value=0.02483479478904389 -0.025355604221896189 -0.052421816933761869 0.019286073189118753 0.0019478993697136602 0.057078577277065085 0.0079901591162281176 -0.013223091807558072 0.0075032590494886935 0.005170845860968336 0.022365640116739537 -0.034471029832571436 -0.0029515301044398586 -0.011691677898699957 -0.010276381375191398 -0.016093931749337188 -0.015529029615595991 -0.019608416034796239 -0.021668795626610528 0.0024131690193881484 0.018380501498106563 -0.01429261335191508 -0.030393802479837709 0.073402890393926376 -0.04040578343273861 -0.024150016495054841 -0.0063634148473172246 -0.019636435330770818 0.013942115707743627 -0.014402055724780261 -0.035095678703809717
leaf_weight=379.64511568844318 2272.8916299194098 921.20084253698587 19906.319579280913 7586.2311799526215 192.19077378511429 3691.2175301983953 2041.5381009876728 4418.7127991989255 4088.0307264998555 80.566722132265568 879.39205772802234 4710.393086925149 1207.1980584859848 269.58831758052111 201.28025697171688 426.02197390794754 1181.7353694140911 3620.1446136124432 1043.7618914693594 960.96890537440777 1118.7950321063399 1049.9805741086602 31.914197541773319 2324.8952777013183 289.76986736804247 2876.5173577740788 124.25174626708031 3703.7945029363036 1559.9553287178278 1236.5213700644672
leaf_count=2262 7267 2099 124358 33919 1125 21998 12890 26707 26532 376 2681 18502 7277 907 832 1693 3689 12093 4299 5797 5033 4658 166 5906 1030 13176 849 17837 5555 3369
internal_value=0.000509506 -0.0204198 0.00823234 0.00980889 0.0124698 0.014798 0.00312743 0.0171457 -0.000955511 -0.00918361 -0.0142149 -0.0128662 0.00313964 -0.0350707 0.00251934 0.00964736 -0.0319022 -0.01027 -0.0162794 0.0248301 -0.000912888 -0.026634 -0.00141889 -0.0338399 0.000987718 -0.0033475 0.013869 0.012394 -0.00580022 -0.0275275
internal_weight=74395.4 20052.4 54343 49832.1 36506.2 29223.4 7282.73 24325 6129.57 4510.96 14086.5 13207.1 4898.42 5965.86 13325.9 4331.1 5044.65 10934.3 4663.91 1153.16 8994.8 1130.55 301.503 4743.15 7876 3380.41 503.897 3905.07 6270.35 2418.26
internal_count=374882 66533 308349 287028 226684 180340 46344 151065 39422 21321 50397 47716 29275 16136 60344 20362 14037 40449 16392 6922 39982 5034 1073 12964 34949 16287 3111 18669 24057 7058
is_linear=0
shrinkage=0.1


Tree=32
num_leaves=31
num_cat=0
split_feature=11 11 11 11 11 11 11 19 15 5 1 0 4 4 0 20 0 20 19 15 1 11 4 15 15 14 4 0 12 12
split_gain=5236.52 873.846 760.769 166.233 151.623 73.8962 71.9566 45.7744 40.5022 48.1334 39.7897 39.6783 41.8492 31.7604 31.1387 29.487 29.473 28.6816 28.1754 27.9588 26.6936 26.2234 24.0496 21.6305 18.5921 18.0277 16.961 25.1453 16.3511 15.4433
threshold=0.020580682389077821 0.014751946481871671 0.03063157058503618 0.010965706918269908 0.024813962940704284 0.038268148605222582 0.017362609021776543 1.0000000180025095e-35 0.96741733487510995 0.028756330953879975 -0.0028102696108185383 -0.013306168375700976 0.017888289064968092 0.015321428678931383 -0.031609022695637361 1.0000000180025095e-35 -0.0086302277045753311 1.0000000180025095e-35 1.0000000180025095e-35 0.90655461129068426 -0.007251977514192153 0.0084629012112817821 0.014886755031616296 0.60611153207765034 0.67998644185218926 0.83316513416862714 0.012879913283342816 -0.020960668154390568 0.025218203760462403 0.14979738492171504
decision_type=2 2 2 2 2 2 2 2 2 2 2 2 2 2 2 2 2 2 2 2 2 2 2 2 2 2 2 2 2 2
left_child=1 3 4 7 11 26 13 20 9 15 25 -2 19 16 -6 -8 -3 18 -12 -13 -1 -22 -16 -18 -19 28 27 -4 -5 -15
right_child=2 6 5 10 14 -7 8 -9 -10 -11 17 12 -14 29 22 -17 23 24 -20 -21 21 -23 -24 -25 -26 -27 -28 -29 -30 -31
leaf_value=0.038594554402243769 -0.020828262910216281 0.0081103131749642801 -0.051429017343878253 0.040122882349556521 -0.042535874600767118 -0.059862279797113449 -0.0013460394412983787 0.073070252882707923 -0.031797042203736178 0.01753327939789991 0.030935413161252548 -0.0026980113161055655 -0.030971297081475998 -0.019348032509667937 -0.023784289786728741 0.013799791120386616 0.025874856253255137 0.057828430490039107 0.046359608853611858 -0.019959499186666809 0.079135937566084752 0.051047181884377672 -0.039386736268850892 0.014753741224284012 0.034799235236950207 0.037966917224017127 -0.053909143970784723 -0.036340987192987673 0.021786027401424414 0.039363689922874763
leaf_weight=1590.4917638003826 3032.7837928235531 2915.1341770365834 1623.7617436647415 548.94382928311825 1306.2172904908657 5172.9429728388786 7034.6962958201766 960.53913578391075 309.36942267417908 2363.3064169809222 5175.7328593432903 6354.4279610738158 691.02770833671093 355.51013006269932 7184.9304767325521 1572.8087399527431 3353.5719132870436 985.69221108406782 1535.7077783197165 1100.9129808694124 381.06823088228703 2600.9076806753874 1145.4152801074088 3655.0876226127148 544.06707310676575 1119.7995917499065 1314.7552066072822 3454.4839645661414 4260.7147613987327 51.261193856596947
leaf_count=9325 14222 15703 5846 3326 5202 16136 36534 6118 1331 13659 29832 33557 2964 1726 33333 8976 19576 6182 9332 5269 2446 15770 4748 20319 3206 6718 4541 14738 23955 292
internal_value=-0.000304235 0.023295 -0.0304135 0.038526 -0.0189881 -0.0509763 0.00940812 0.0532254 0.00388601 0.00489225 0.0327866 -0.0110641 -0.00742908 0.0154378 -0.0281806 0.00142149 0.0165604 0.0372813 0.0344648 -0.00524698 0.0490566 0.0546367 -0.0259296 0.0200751 0.049638 0.0265395 -0.0437862 -0.0411654 0.0238789 -0.0119492
internal_weight=73696.1 41314.4 32381.7 19703.7 20815.7 11565.9 21610.7 5533.01 11280.2 10970.8 14170.7 11179.2 8146.37 10330.6 9636.56 8607.51 9923.79 8241.2 6711.44 7455.34 4572.47 2981.98 8330.35 7008.66 1529.76 5929.46 6393 5078.25 4809.66 406.771
internal_count=374882 234326 140556 116210 99295 41261 118116 33659 60500 59169 82551 56012 41790 57616 43283 45510 55598 48552 39164 38826 27541 18216 38081 39895 9388 33999 25125 20584 27281 2018
is_linear=0
shrinkage=0.1


Tree=33
num_leaves=31
num_cat=0
split_feature=11 11 11 17 5 6 9 19 4 11 10 4 10 6 19 4 11 2 7 13 7 15 15 9 11 4 15 15 15 14
split_gain=1270.98 210.595 120.273 112.422 86.8879 63.9975 48.8999 47.4515 46.8723 36.7168 48.3874 37.7286 33.6737 32.9378 31.459 30.5964 30.2451 28.5399 38.3803 26.4968 22.1403 21.4293 20.4003 20.6864 19.9931 15.7961 15.4211 14.8984 14.7601 14.3773
threshold=0.026774789434422987 0.038268148605222582 0.017437005246231183 1.0000000180025095e-35 -0.011219126738049255 -0.0084321833251918537 0.34679898840382256 1.0000000180025095e-35 0.023123989384462588 0.023160187188386368 0.50590099051937998 -0.0023593504139944872 0.77334176316066927 -0.016104659663169537 1.0000000180025095e-35 0.0060740175841353947 0.032518878533373909 -0.013590558804139395 0.010799999593893552 -0.68012758425411557 0.23964450728769773 0.17221663569690121 0.98588235134607471 0.58221343754063948 0.013295914527255872 -0.035515824975436809 0.22875386008288404 0.63352364790149995 0.052331438294194711 0.2609133843635677
decision_type=2 2 2 2 2 2 2 2 2 2 2 2 2 2 2 2 2 2 2 2 2 2 2 2 2 2 2 2 2 2
left_child=2 16 3 4 5 7 -7 -1 14 10 11 20 29 -10 -6 19 22 -12 -19 -5 -4 -13 23 25 -21 -2 -11 -17 -14 -3
right_child=1 12 9 15 8 6 -8 -9 13 26 17 21 28 -15 -16 27 -18 18 -20 24 -22 -23 -24 -25 -26 -27 -28 -29 -30 -31
leaf_value=0.027438378617765425 -0.052708680223855255 -0.016731739561562622 0.0102698925139396 -0.085550730187474944 0.014347051927751915 0.042573312086885133 0.12142971955443414 0.0037471927485811653 0.18204901112909855 -0.0081630393136342249 0.0028689361936047146 -0.0092597507217223023 -0.055945699423144195 0.046920635821439877 0.0035586964938663056 -0.030755664771969261 -0.02096049288080442 0.04703925888097743 0.012839289418650335 -0.0035331472338678213 0.065041571518276789 0.0029345899267620322 -0.034435404980079985 -0.001949319842097784 0.0098829858645400424 -0.012498336665057154 0.0010547840160551861 -0.0040822088792247689 -0.040259893007420361 -0.03340091684318626
leaf_weight=3556.8489183187485 99.196175582706928 701.71783657371998 5861.5593303069472 33.198565371334553 11633.230579532683 997.94659478217363 85.36496739089489 1109.0327860862017 20.018982522189617 2587.8932684883475 581.59904609620571 1689.4578845575452 807.93304727226496 182.3390861749649 3521.0200898349285 416.01657079160213 4925.0320260822773 639.00451209396124 674.50712287425995 1948.721574626863 74.743798650801182 9802.6464677006006 364.09023686498404 2225.8678327053785 2583.1869615167379 6457.323152706027 6076.3863067999482 421.62726322561502 2329.7403217554092 1970.2054078914225
leaf_count=21917 265 2323 29071 269 77165 6113 545 6667 102 10483 2661 7586 1826 970 24925 2926 16265 3537 3241 15035 399 49426 1071 8938 15834 23858 26631 2846 6212 5775
internal_value=0.000387089 -0.0212556 0.00828268 0.0131098 0.0164047 0.026891 0.0487872 0.0218072 0.0124788 0.00371066 0.00613599 0.00448588 -0.0372733 0.0602887 0.0118404 0.000238449 -0.0146425 0.0213112 0.0294771 0.00346198 0.0109595 0.0011419 -0.0112405 -0.0102789 0.00411405 -0.0131067 -0.00169844 -0.0173296 -0.0442989 -0.0290231
internal_weight=74377.5 19881.1 54496.4 26508.6 21105.8 5749.19 1083.31 4665.88 15356.6 27987.8 19323.5 17428.4 5809.6 202.358 15154.3 5402.75 14071.5 1895.11 1313.51 4565.11 5936.3 11492.1 9146.48 8782.39 4531.91 6556.52 8664.28 837.644 3137.67 2671.92
internal_count=374882 66533 308349 175314 138404 35242 6658 28584 103162 133035 95921 86482 16136 1072 102090 36910 50397 9439 6778 31138 29470 57012 34132 33061 30869 24123 37114 5772 8038 8098
is_linear=0
shrinkage=0.1


Tree=34
num_leaves=31
num_cat=0
split_feature=11 11 11 4 0 4 16 0 4 15 0 11 7 15 5 14 4 16 13 7 3 14 0 7 15 1 5 7 3 9
split_gain=4632.86 728.871 675.439 198.183 180.895 150.969 136.024 127.556 125.654 122.159 126.334 112.683 99.3417 95.2747 105.207 93.5146 87.5733 81.6411 86.7228 80.4676 68.4645 67.0021 65.5521 83.3733 77.4293 59.4071 69.042 56.4904 149.411 56.0693
threshold=0.019484431439687429 0.027151312198154805 0.0149466788915576 0.013621878190698935 0.061319486329779245 -0.0055710663606134405 1.0000000180025095e-35 -0.054789505542215615 0.01716396245033636 0.91052807598559438 -0.0099303971702595622 0.011613092252075947 -0.1583672710375377 0.98188527135970194 0.028267616356900008 0.4746390417172543 -0.0058275835203136497 1.0000000180025095e-35 -0.47498173682655465 0.0082613612676439869 0.046297027955253707 0.73102750102949021 -0.029752787488817486 -0.047302142681451879 0.052331438294194711 -0.020753954363056378 -0.009808521516658451 0.013299545406051607 0.020272684513419351 0.23481422026281393
decision_type=2 2 2 2 2 2 2 2 2 2 2 2 2 2 2 2 2 2 2 2 2 2 2 2 2 2 2 2 2 2
left_child=2 3 11 5 7 22 -5 -3 13 10 -7 -1 -9 14 21 29 27 18 -18 -14 -6 -4 24 -24 -2 -8 -27 -13 -29 -10
right_child=1 4 8 6 20 9 25 12 15 -11 -12 16 19 -15 -16 -17 17 -19 -20 -21 -22 -23 23 -25 -26 26 -28 28 -30 -31
leaf_value=-0.066606434993287597 0.010887727128067556 0.048129531909382461 -0.014056630380688032 0.015552836656278947 0.08631266613256261 0.0057512617400619298 0.11033366693602072 0.040210752390316955 -0.038683749960007452 0.019893259282234194 -0.016651207176431849 -0.042328020432305866 0.01293740546223999 0.091497785694582376 -0.041044418131679479 -0.011110991742701422 0.0079222793141270498 -0.028679174168281214 -0.058291902178113697 0.02632192172834761 0.045090342505115982 -0.032452771631739895 -0.013329849115216072 0.016982356207940624 0.057223924420159028 -0.087684401204371917 0.058160753335313779 0.070828892736540652 -0.03455331899535654 0.088304294760340921
leaf_weight=3823.9929659254849 784.91449108719826 2436.9369535073638 8322.6226806864142 1820.2414500042796 618.17135203629732 3739.5433657094836 219.81205050647259 3247.7911806255579 41.081535167992115 1634.969897761941 7701.6035279035568 621.99850517138839 7191.8222743347287 73.464351817965508 2535.4480793327093 323.89058864861727 205.6363041959703 1401.2517222836614 5192.1449290178716 11964.09455255419 1156.991147570312 2597.8640216179192 1316.9662776961923 2917.6150961667299 667.16286291182041 34.940776586532593 456.90622968226671 201.83533627167344 403.50667111948133 226.29767604917288
leaf_count=45468 2630 3998 54066 7215 1047 16015 568 7370 236 6784 39648 5412 19827 359 18495 1877 1747 12610 50359 29259 2022 18514 6162 12947 2418 150 1594 1454 3678 953
internal_value=-0.000863382 0.0175734 -0.034875 0.00378407 0.028606 0.000240242 0.0300457 0.0264021 -0.0201014 -0.00567516 -0.00932895 -0.052479 0.0240388 -0.0220734 -0.0226935 0.0250226 -0.0457482 -0.0501862 -0.0557694 0.0212969 0.0594453 -0.0184329 0.0138423 0.00755518 0.0321771 0.0671149 0.0477999 -0.0211634 0.000583602 0.0687932
internal_weight=73881.5 47910.5 25971 21294.7 26615.8 18762.8 2531.9 24840.6 14120.7 13076.1 11441.1 11850.4 22403.7 13529.4 13455.9 591.27 8026.37 6799.03 5397.78 19155.9 1775.16 10920.5 5686.66 4234.58 1452.08 711.659 491.847 1227.34 605.342 267.379
internal_count=374882 159654 215228 96131 63523 86604 9527 60454 94500 62447 55663 120728 56456 91434 91075 3066 75260 64716 52106 49086 3069 72580 24157 19109 5048 2312 1744 10544 5132 1189
is_linear=0
shrinkage=0.1


Tree=35
num_leaves=31
num_cat=0
split_feature=11 11 11 14 12 4 7 11 1 15 4 9 15 15 0 4 15 19 10 17 17 7 2 12 9 3 15 5 10 9
split_gain=3828.44 573.728 505.384 144.294 107.821 104.546 104.68 100.312 95.0515 88.8217 80.6892 79.1259 72.1167 71.9002 129.238 70.4408 64.9915 62.974 67.0832 56.8697 55.3404 73.259 51.9448 49.04 48.9443 56.6926 48.5968 51.8498 48.5663 47.0609
threshold=0.020149206865104023 0.015134432335212762 0.026774789434422987 0.6170642066847023 0.16559049689766139 -0.030512339580978761 0.23964450728769773 0.012520793415510158 0.072249133377986899 0.47179313704264997 0.038888190112253536 0.19443695494839724 0.14424691324681874 0.9636974748899062 0.047835973941056327 -0.0016653820516274729 0.024169187013490429 1.0000000180025095e-35 0.19764749470415302 1.0000000180025095e-35 1.0000000180025095e-35 0.16602315411284987 -0.087112342189409983 0.14781747732765146 0.30813406354537204 0.013521590871073965 0.66454003391787564 0.014833039857993559 0.22568179796762258 0.36784942254982289
decision_type=2 2 2 2 2 2 2 2 2 2 2 2 2 2 2 2 2 2 2 2 2 2 2 2 2 2 2 2 2 2
left_child=1 7 4 13 9 6 -5 -1 -6 20 -7 17 22 14 16 24 -4 -9 -19 -12 -2 -22 -3 28 25 -14 27 -11 -17 -28
right_child=2 12 3 5 8 10 -8 11 -10 26 19 -13 15 -15 -16 23 -18 18 -20 -21 21 -23 -24 -25 -26 -27 29 -29 -30 -31
leaf_value=-0.05532774253368751 0.011181701372190524 -0.049201130017328593 0.037750064641038465 0.046255126719673946 -0.0058256928987657731 0.030120546456760711 0.12051354015112584 -0.02892849348074546 -0.058876156526648883 -0.00024528204671692892 0.054100547814158399 -0.043809429576422032 -0.0078950492362839155 0.037939062374873739 -0.043165578936426093 -0.036229069957089924 0.016950878717611154 0.069102062579933607 -0.017221404531847697 0.13817881753765748 0.036948285757061189 -0.052220261143559182 0.0046891911531767635 -0.034532152835693629 -0.043727744326318423 -0.03643977629621839 0.016678043251726799 -0.032297713068791964 -0.0091505786347979619 -0.0020632328900798708
leaf_weight=5644.9715003371239 5931.8482887670398 196.06685207784176 1702.0030443966389 673.99704311043024 2595.2916642203927 9107.9380844607949 264.26517651230097 1432.4479681104422 388.26538821309805 1346.6544842496514 360.06214758008718 4949.1496477648616 1427.529650747776 2051.6412662118673 337.94474469870329 729.76582829654217 12805.45875787735 149.30424433201551 226.73320733755827 103.59309371560812 1580.4048165604472 97.841921426355839 2038.4460923299193 1062.8217673450708 1606.1428062394261 1357.375177025795 2231.2439414337277 807.21202102303505 7169.6069434955716 3353.8828692138195
leaf_count=64605 25339 1209 3151 1061 11835 20629 291 12835 2032 6345 637 44645 9886 4328 901 5781 35594 1175 1946 117 6208 480 11613 7353 10620 9442 10038 4218 46028 14750
internal_value=-0.000308245 -0.0294376 0.0175175 0.0261145 0.00466516 0.0353148 0.0671703 -0.0454879 -0.0127294 0.00804632 0.0321921 -0.0372683 -0.0166669 0.020392 0.017967 -0.0194494 0.019391 -0.0193676 0.017053 0.0728859 0.0157176 0.0317498 -3.94034e-05 -0.0143655 -0.0298257 -0.0218079 0.000502847 -0.0122577 -0.0116522 0.00542386
internal_weight=73729.9 27990.4 45739.5 27406.9 18332.6 10509.9 938.262 12402.6 2983.56 15349.1 9571.59 6757.64 15587.8 16897 14845.4 13353.2 14507.5 1808.49 376.037 463.655 7610.1 1678.25 2234.51 8962.19 4391.05 2784.9 7738.99 2153.87 7899.37 5585.13
internal_count=375092 227138 147954 66709 81245 22735 1352 125206 13867 67378 21383 60601 101932 43974 39646 89110 38745 15956 3121 754 32027 6688 12822 59162 29948 19328 35351 10563 51809 24788
is_linear=0
shrinkage=0.1


Tree=36
num_leaves=31
num_cat=0
split_feature=11 11 18 3 16 4 0 4 17 13 10 6 13 0 1 12 15 11 4 0 9 1 0 1 0 10 15 11 0 15
split_gain=1033.89 192.458 110.324 79.1089 104.006 80.8264 62.3528 53.4812 49.9908 72.0094 46.739 42.3846 38.5458 37.5503 34.3271 28.5084 28.0333 27.9911 27.4459 28.3653 30.2507 27.2905 24.9486 23.4077 23.2089 21.1073 20.7021 18.75 18.1461 18.0962
threshold=0.02495802532813687 0.038268148605222582 1.0000000180025095e-35 -0.010654145789939394 1.0000000180025095e-35 -0.0037602556409730421 -0.0059347276022794207 0.015321428678931383 1.0000000180025095e-35 -0.12780524863831252 0.51459420932072297 -0.0060417447654791392 -0.016687494031353785 -0.042885506112479981 -0.02624429239544512 0.15182680993406727 0.86044949788214764 0.0461913779493437 -0.015571508333000137 0.033047585573103617 0.75150550952272854 -0.042313944694637 -0.059671818239569935 -0.014957027879746397 -0.028936649879709671 0.35802719105992248 0.10016807854451845 0.021335295409945085 -0.039176923219074837 0.048305943040795114
decision_type=2 2 2 2 2 2 2 2 2 2 2 2 2 2 2 2 2 2 2 2 2 2 2 2 2 2 2 2 2 2
left_child=2 10 3 4 11 12 21 16 15 -10 28 13 23 -1 -8 -7 -6 -3 -12 20 -20 22 -4 -5 -23 -13 -26 -24 -2 -30
right_child=1 17 6 5 7 8 14 -9 9 -11 18 25 -14 -15 -16 -17 -18 -19 19 -21 -22 24 27 -25 26 -27 -28 -29 29 -31
leaf_value=-0.017406854758300474 -0.021299676943196989 -0.026993915610761973 -0.058537062927862198 -0.0014111151085915172 -0.0087387601152191744 0.015704389680980958 0.023682596616688836 -0.052023983263020671 0.04074427699677563 0.01704253347299926 -0.029668807991886127 0.005582417240506822 -0.0048093415856586873 0.014617600645995342 0.0023567268844328854 0.00054162272257184672 0.027376092736763287 -0.041182416897461833 -0.014599562846556564 -0.026241341849994965 0.0039634037465135549 -0.038120007053408754 0.021029392609509704 0.016208550833531347 0.013255291947404883 -0.012801435275671215 -0.01508751458562662 -0.011082447921675285 0.020950748709771157 -0.0060842990471916582
leaf_weight=383.22659282386303 769.81184736639261 3461.1407343558967 57.674446746706963 1065.8551218733191 3100.0458526164293 12122.100169435143 872.41028009355068 276.23291233927011 1976.7774328067899 3646.126590192318 1403.7673131003976 1689.7208418995142 2643.7530062049627 8213.2203244194388 5598.1515256464481 1381.2769639119506 230.94478458166122 2324.0430457144976 4881.9673077650368 1604.9059534221888 1070.370264172554 388.98582284897566 510.1646069958806 2576.8608958944678 289.97103665024042 990.72282785177231 2316.2077611386776 282.53243402391672 255.54505230486393 7953.2132566347718
leaf_count=1633 2760 10337 191 5775 18263 74001 4593 1156 11149 19152 4400 9543 14590 46577 34185 8043 1292 5854 17470 5365 4416 1714 3013 15058 1720 5249 13764 1125 1110 31594
internal_value=0.000391781 -0.0168334 0.00846604 0.0108283 0.00503879 0.0142192 -0.000761416 -0.00974127 0.0174524 0.0253751 -0.0117187 0.0097666 0.00438218 0.01319 0.00523204 0.0141534 -0.00623484 -0.0326938 -0.0168279 -0.0144427 -0.0112615 -0.0108461 0.00496396 0.0110531 -0.0153348 -0.00121247 -0.011934 0.00958412 -0.00661938 -0.00524268
internal_weight=74337.7 23724.8 50613 40296.9 14884.1 25412.8 10316.1 3607.22 19126.3 5622.9 17939.6 11276.9 6286.47 8596.45 6470.56 13503.4 3330.99 5785.18 8961.01 7557.24 5952.34 3845.54 850.371 3642.72 2995.16 2680.44 2606.18 792.697 8978.57 8208.76
internal_count=375092 83306 291786 231481 83713 147768 60305 20711 112345 30301 67115 63002 35423 48210 38778 82044 19555 16191 31651 27251 21886 21527 4329 20833 17198 14792 15484 4138 35464 32704
is_linear=0
shrinkage=0.1


Tree=37
num_leaves=31
num_cat=0
split_feature=11 11 11 11 11 11 10 11 1 20 12 10 12 10 20 9 9 10 14 9 12 10 12 4 1 9 10 10 4 3
split_gain=4249.98 700.76 616.309 141.628 115.409 66.4535 64.7003 57.1566 35.6881 33.7199 32.9792 32.7077 48.8685 31.7029 29.5646 25.0817 24.7591 34.8765 23.8645 23.2444 22.6237 22.0676 21.6326 21.4213 21.7997 20.817 19.9116 19.0868 18.6499 17.6463
threshold=0.021140575033742386 0.015134432335212762 0.02840014313685036 0.012318448500142827 0.038268148605222582 0.017506502373190035 0.36909228422235024 0.0097937256960786197 0.014929680208705333 1.0000000180025095e-35 0.10868395666327607 0.31472323344374736 0.10374302630012701 0.39969999491154373 1.0000000180025095e-35 0.36371727674358217 0.47530110012737287 0.47824154295517368 0.40356178440145923 0.32917714133323311 0.22330553782958459 0.19627448380762022 0.035794656807336865 0.015857594743066365 0.046534587329992945 0.30518167130042589 0.75656445888338586 0.23879532817750396 -0.015571508333000137 0.13420167392902707
decision_type=2 2 2 2 2 2 2 2 2 2 2 2 2 2 2 2 2 2 2 2 2 2 2 2 2 2 2 2 2 2
left_child=1 3 6 7 13 14 -2 20 18 23 -8 15 19 -4 21 27 -12 -18 -9 -13 22 -3 -1 24 -5 -23 -6 -7 -15 -25
right_child=2 5 4 9 26 11 10 8 -10 -11 16 12 -14 28 -16 -17 17 -19 -20 -21 -22 25 -24 29 -26 -27 -28 -29 -30 -31
leaf_value=0.060994034560045346 -0.0058085160763288769 0.036989251850952934 -0.018994723350240786 0.021356678636801005 -0.049418134826561232 0.02024071594794059 -0.025026136955964534 0.022539830112038462 0.046857938117441711 0.035901902232762968 -0.019847153954111161 -0.017642402751680469 0.0082639853214549284 -0.05112705310613929 0.024976627392970692 0.03287427998228272 0.012749598483979245 -0.014677095830447483 0.036665703538604925 -0.0029772496913767596 0.15733768681841762 0.0062148781004213441 0.042864981826482254 -0.018786407331726658 0.040162616514531485 0.018215859631952783 -0.062349859317698798 0.0033420774134335657 -0.037860854017538942 0.074252586835059337
leaf_weight=1412.6456963866949 4585.0941451489925 303.14611196517944 801.07490307465196 8430.4270106554031 2035.8082639276981 809.61545984447002 5922.1737118586898 1807.4878421202302 2268.2055822238326 2143.3512485027313 3062.7532920613885 1724.0167173594236 2815.6869496107101 1242.1161527223885 1745.1436295360327 384.27861946076155 686.24989641457796 1429.3340142332017 3535.0013340860605 2896.8807116150856 20.764192640781403 5351.1012317612767 1232.4313680455089 194.5458687916398 665.0214481651783 1980.281747713685 2868.1592453084886 3831.7791347056627 7215.9270107932389 22.771797060966492
leaf_count=8667 23814 1846 3991 46977 7562 4713 27370 9996 13527 12758 14474 8242 15532 4405 10205 2418 4104 7075 20593 15114 155 28318 7292 993 4089 11353 8629 20455 30266 159
internal_value=-0.00038673 0.0195256 -0.0294558 0.0322389 -0.0445777 0.00687597 -0.0158016 0.0407623 0.0363485 0.0245931 -0.0199293 0.00209067 -0.00212083 -0.0380083 0.0132339 0.0083225 -0.0141003 -0.00578047 0.0318866 -0.00844869 0.0533633 0.0105497 0.0525471 0.0219903 0.0227317 0.00945647 -0.0569814 0.00628977 -0.0398091 -0.00903725
internal_weight=73423.3 43574.6 29848.7 21732.7 14163.1 21841.9 15685.6 10276.5 7610.69 11456.1 11100.5 12462.3 7436.58 9259.12 9379.67 5025.67 5178.34 2115.58 5342.49 4620.9 2665.84 7634.53 2645.08 9312.77 9095.45 7331.38 4903.97 4641.39 8458.04 217.318
internal_count=375092 243402 131690 125206 54853 118196 76837 60230 44116 64976 53023 66474 38888 38662 51722 27586 25653 11179 30589 23356 16114 41517 15959 52218 51066 39671 16191 25168 34671 1152
is_linear=0
shrinkage=0.1


Tree=38
num_leaves=31
num_cat=0
split_feature=11 11 11 17 4 5 6 11 4 0 11 4 0 3 16 3 8 10 11 10 7 10 3 4 6 13 1 14 4 4
split_gain=1048.03 160.799 125.2 79.5497 64.5429 50.8223 62.5 43.114 39.3234 30.4348 29.2689 25.991 24.5403 25.1516 24.4671 28.8131 52.9637 23.2612 23.1594 32.8063 22.5061 21.2656 20.97 20.0263 19.3373 19.0807 18.3427 17.4383 17.2168 20.8402
threshold=0.027551678392985567 0.040897472922131223 0.01877882572412851 1.0000000180025095e-35 -0.019476242237099314 -0.014184014920832542 -0.029548877662256719 0.032178912312752668 0.0060740175841353947 -0.042885506112479981 0.012115905996770086 0.021823756169154006 0.034028226394309698 -0.034056604190043853 1.0000000180025095e-35 0.031645952460089395 -0.014586365620295727 0.37688580328257093 0.023877481834074548 0.54913538218761559 1.0000000180025095e-35 0.88182176278877666 0.097820940837005224 0.012879913283342816 -0.034796730339258612 -0.50348531345719183 0.085483763405247229 0.70339271448752738 -0.035515824975436809 0.0082304389477489987
decision_type=2 2 2 2 2 2 2 2 2 2 2 2 2 2 2 2 2 2 2 2 2 2 2 2 2 2 2 2 2 2
left_child=2 7 3 4 9 6 -6 27 10 -1 25 -7 -10 -14 18 16 20 -9 19 26 -16 -3 -12 -18 -21 -5 -4 -2 -19 -30
right_child=1 21 14 8 5 11 -8 17 12 -11 22 -13 13 -15 15 -17 23 28 -20 24 -22 -23 -24 -25 -26 -27 -28 -29 29 -31
leaf_value=-0.0031479949150486977 -0.0068877436352994328 -0.031789855301500754 0.00039424840254418205 -0.065473591194096931 0.011980783963956155 0.010457429897089074 0.032614353600561911 0.014524541018765573 -0.021389367020521601 0.077955184043920767 0.012068360820167167 0.037991971111354467 0.13350978332782212 0.0066933282676157908 0.014985867836120418 -0.0003119068719523985 0.06005302558945811 -0.047856110812299124 -0.0043804897988830071 -0.0036775083918347547 -0.008782481385368265 -0.04636411736517463 -0.0082886858077129751 0.0049916851509689006 0.026167376243082869 -0.0055863394465533404 0.018359308000935593 -0.018290405782652196 -0.016991495441965199 -0.029414555100657935
leaf_weight=58.167633920907974 5335.910349316895 2549.2620985470712 11352.816470190883 55.608806677162647 3158.6599414795637 18834.956432975829 2742.7267121598125 180.09190924465656 939.31802761554718 226.20136345922947 3498.6785561293364 349.17632561177015 18.948374591767788 89.550245374441147 1681.3023163154721 2084.530310921371 321.15828357636929 246.04986874759197 6663.0198170691729 287.84987572580576 522.09473483264446 1648.612472306937 591.58296199887991 83.159021407365799 883.24726196378469 1229.1078580245376 598.28767422586679 1791.4891109466553 4303.2875413931906 1967.8399325758219
leaf_count=258 20515 7498 54224 490 18273 121918 16250 758 6382 1344 21339 1708 119 495 7700 9739 1654 635 27655 1250 2279 4188 3558 289 4391 9991 3021 6279 14818 6074
internal_value=0.000614565 -0.0203722 0.00733632 0.0114752 0.0139921 0.013455 0.0215704 -0.0151672 0.00153368 0.0613655 0.00498844 0.0109586 -0.0161882 0.0288408 0.00196051 0.00845266 0.0154588 -0.0209282 0.000420838 0.00285879 0.00935396 -0.0375135 0.00912408 0.0487281 0.0188317 -0.00817855 0.0012936 -0.00975383 -0.0219079 -0.0208898
internal_weight=74292.7 18022.5 56270.1 31792.7 25369.9 25085.5 5901.39 13824.7 6422.79 284.369 5374.98 19184.1 1047.82 108.499 24477.5 4692.24 2607.71 6697.27 19785.2 13122.2 2203.4 4197.87 4090.26 404.317 1171.1 1284.72 11951.1 7127.4 6517.18 6271.13
internal_count=375092 60765 314327 202125 159751 158149 34523 49079 42374 1602 35378 123626 6996 614 112202 21661 11922 22285 90541 62886 9979 11686 24897 1943 5641 10481 57245 26794 21527 20892
is_linear=0
shrinkage=0.1


Tree=39
num_leaves=31
num_cat=0
split_feature=10 11 11 10 10 4 11 20 0 3 4 4 16 4 0 0 9 12 10 7 2 0 17 9 7 3 18 13 12 16
split_gain=4058.63 644.728 593.998 204.848 158.813 121.989 119.47 108.836 105.879 99.2552 80.8598 80.3353 159.287 77.2207 77.0844 75.8634 92.6165 70.7318 66.8586 65.1125 63.7644 61.6451 95.5017 75.1732 53.0568 50.9883 47.954 51.4052 49.111 47.0446
threshold=0.35280854061162653 0.013809939209142976 0.025426849296801748 0.28401815566772076 0.56639558927354594 0.017888289064968092 0.015392092800130085 1.0000000180025095e-35 -0.054789505542215615 -0.28905347423183797 -0.0051075120174781654 0.01867576600287069 1.0000000180025095e-35 0.0092668005179312746 0.079064319434312372 -0.066551669984392839 0.42988785474139896 0.075632372187431657 0.19186827611242618 -0.067479676374499017 -0.13482360079054403 -0.036212490142604851 1.0000000180025095e-35 0.98314267138232647 -0.018375016240911087 0.11303503332067467 1.0000000180025095e-35 0.26405683083753217 0.19331803215738361 1.0000000180025095e-35
decision_type=2 2 2 2 2 2 2 2 2 2 2 2 2 2 2 2 2 2 2 2 2 2 2 2 2 2 2 2 2 2
left_child=1 18 6 7 8 -5 -2 10 -4 20 24 15 19 -12 21 -8 -17 -11 -1 -13 -10 22 -6 -23 -3 -7 28 -28 -16 -20
right_child=2 3 4 5 14 25 11 -9 9 17 13 12 -14 -15 26 16 -18 -19 29 -21 -22 23 -24 -25 -26 -27 27 -29 -30 -31
leaf_value=-0.065671286623414621 -0.035142059139775202 -0.03128032200436176 0.0563464988790843 -0.013507993834194482 0.050898340513683464 0.056149344470515998 0.071161139639354512 -0.055741658618803508 0.04987276177923098 0.02590604188132177 -0.036382416025564107 0.06879303088308443 0.0857798651608494 -0.0042619545114839941 0.052402052353709344 0.0069303308902818328 -0.010834285041598835 0.0092681188092802857 -0.051963665374976077 -0.0094372726272574509 0.17258996690910711 0.031210139318723608 0.0097268600971354858 0.010358367268539621 0.007865571541472877 -0.02512823987236025 0.07669666734490993 -0.044092136714181801 0.11422541256574002 -0.027662671351574977
leaf_weight=3153.1921302452683 812.49564332515001 536.46616450324655 673.93337138742208 10036.248940758407 2857.1182513609529 365.37813305854797 157.55311230570078 1555.2097350396216 156.93655380606651 3700.1928977966309 5273.5914921611547 128.63752108812332 351.47864602506161 872.25893911719322 288.27382280677557 9377.7881687358022 4271.5848715379834 8256.951621748507 3908.2017083838582 615.26774294674397 57.986423373222351 10997.005583547056 701.78874684870243 2051.4548183009028 976.39460057020187 97.855872772634029 68.125805512070656 72.97419711202383 231.81906433403492 1000.6004061847925
leaf_count=38620 7629 3889 1418 59043 4613 1599 463 13416 310 10689 40149 499 1010 5476 445 46772 20625 25565 42087 2494 103 25096 1239 4136 6646 470 110 92 321 10068
internal_value=-0.000321445 -0.0304847 0.0179593 -0.0207416 0.0261834 -0.0111922 0.0021994 -0.0316233 0.0177637 0.0156275 -0.0267257 0.00423531 0.0303023 -0.0318237 0.0324468 0.00216726 0.00137088 0.0144168 -0.0543089 0.00409046 0.082982 0.0311137 0.0427796 0.0279319 -0.00601571 0.0389799 0.0659311 0.014227 0.0799583 -0.0470102
internal_weight=73604.8 27775.4 45829.4 19713.4 30114.6 10499.5 15714.8 9213.92 12846 12172.1 7658.71 14902.3 1095.38 6145.85 17268.6 13806.9 13649.4 11957.1 8061.99 743.905 214.923 16607.4 3558.91 13048.5 1512.86 463.234 661.193 141.1 520.093 4908.8
internal_count=375092 221463 153629 130688 74137 61112 79492 69576 38085 36667 56160 71863 4003 45625 36052 67860 67397 36254 90775 2993 413 35084 5852 29232 10535 2069 968 202 766 52155
is_linear=0
shrinkage=0.1


Tree=40
num_leaves=31
num_cat=0
split_feature=11 11 11 14 15 0 4 1 11 9 9 12 11 9 1 11 10 13 9 12 9 4 11 1 0 2 9 11 4 14
split_gain=3337.71 608.064 370.11 139.063 125.922 88.3648 85.9869 89.2422 82.5654 103.711 73.0961 68.5026 64.1695 84.6152 81.7647 63.1686 58.3864 58.588 59.8628 56.8345 52.8195 52.1395 51.2134 48.9706 52.9328 45.1392 54.7661 49.1474 43.5723 43.1354
threshold=0.018475703777234346 0.027969230692648849 0.013168307129110499 0.58944186963631895 0.10427179114460815 -0.029752787488817486 -0.045284194103154443 0.0024092753946067806 0.024134260737993202 0.37639900070171778 0.45977888157022156 0.18606941944456332 0.016254042968378471 0.16925203875340228 -0.015840282388741574 0.043213291422272281 0.33601204000797696 0.24693715708820338 0.44537702837102039 0.13685257131816503 0.35408534497949207 0.0018421523318010726 0.0095303246627531733 -0.080878454322615742 0.056730420249139664 -0.20777752650650336 0.54228995594071128 0.021335295409945085 -0.00096691876359256124 0.74294353563911952
decision_type=2 2 2 2 2 2 2 2 2 2 2 2 2 2 2 2 2 2 2 2 2 2 2 2 2 2 2 2 2 2
left_child=2 4 22 16 25 28 -5 15 9 -7 -10 -9 13 14 -4 -8 -3 19 -19 -18 29 -16 -1 -22 -25 -2 27 -27 -6 -14
right_child=1 3 12 6 5 8 7 11 10 -11 -12 -13 20 -15 21 -17 17 18 -20 -21 23 -23 -24 24 -26 26 -28 -29 -30 -31
leaf_value=-0.074243798800137414 0.12175612722528178 -0.025784524115318661 -0.055994299419356387 0.080103153030425867 -0.056025819497289943 0.0035670657614108149 0.014590713986585849 0.049197925607315986 0.018335171067683353 -0.013996365924246796 -0.0019409721690554307 0.026241082213029444 -0.0080572012840194902 -0.032891895845094631 0.042425812277835477 0.039979596383607457 0.022909009616848244 0.064838227264771051 0.025663600623977875 0.0079952852733284445 0.049719289355294849 -0.020717554226424396 -0.048585734260269242 -0.046777707744624544 0.077571252889754014 0.0056167418337838195 -0.011784997444884822 0.031011369416771836 0.0047179909496343209 -0.029073808088389975
leaf_weight=895.78756141662598 42.781048268079758 288.67523866891861 183.95342588797212 386.35248938202858 405.13881750404835 9146.4458255246282 3366.0251240059733 3490.0858541354537 4384.2964566648006 5316.2280797362328 2990.8473474532366 2071.2002844810486 4388.9309910871089 7607.5046973377466 377.60734825208783 1382.4576100036502 5267.6164794415236 439.8273484185338 3448.3432014733553 4962.619194611907 61.290671974420547 200.051996268332 5912.2360330075026 964.67127363756299 35.492169924080372 1115.3108642920852 520.41563279926777 2406.5140735432506 166.66785279661417 1256.0684372633696
leaf_count=13102 95 1142 1579 451 1762 47740 8142 7313 16538 27392 11563 3947 29369 64464 2939 1873 13489 1065 7847 12461 371 1777 66018 6907 179 5142 1779 8226 675 8896
internal_value=0.000116433 0.0139961 -0.0326095 0.0251486 0.00342927 0.000485857 0.0337867 0.032051 0.00150197 -0.00288895 0.0101126 0.0406481 -0.0238701 -0.0297104 0.00206846 0.0219823 0.0187356 0.0196458 0.030095 0.0156745 -0.0165819 0.0205583 -0.0519618 -0.0370479 -0.042365 0.0195763 0.0184948 0.0229693 -0.0383205 -0.0127336
internal_weight=73481.4 51597.8 21883.6 25103.2 26494.6 22409.6 10696.1 10309.8 21837.8 14462.7 7375.14 5561.29 15075.6 8369.12 761.613 4748.48 14407.1 14118.4 3888.17 10230.2 6706.45 577.659 6808.02 1061.45 1000.16 4085.02 4042.24 3521.82 571.807 5645
internal_count=374243 178642 195601 57730 120912 105670 21726 21275 103233 75132 28101 11260 116481 70759 6295 10015 36004 34862 8912 25950 45722 4716 79120 7457 7086 15242 15147 13368 2437 38265
is_linear=0
shrinkage=0.1


Tree=41
num_leaves=31
num_cat=0
split_feature=11 11 11 18 3 16 3 14 2 4 17 6 0 13 10 3 10 14 0 0 16 2 0 15 11 0 12 0 4 10
split_gain=857.765 166.49 117.509 73.9599 68.9566 72.4293 53.2072 52.4173 45.7704 44.1754 43.3622 37.9497 41.9436 35.199 34.8998 29.4109 29.0987 28.5584 26.119 31.9269 24.3633 23.1779 19.9861 21.114 17.855 17.7855 16.5883 16.1473 15.9393 22.1557
threshold=0.028622029865715135 0.021747129519925863 0.036892982596579332 1.0000000180025095e-35 0.064151616012957838 1.0000000180025095e-35 -0.034056604190043853 0.2369923059933923 -0.037452560452430943 0.0015158021651462408 1.0000000180025095e-35 -0.056465610532069659 -0.028121834853840118 -0.11815240777393067 0.33935071604839945 -0.024705631564575278 0.61411493843590192 0.48251512322899032 -0.034895785854607946 0.03626251454301422 1.0000000180025095e-35 -0.077810518217173538 -0.016616442423972973 0.95233299227894952 0.044515422831695871 -0.0097042184915061541 0.13175550272953396 0.0034998636819967292 -0.0077748832144153282 0.28133548310364587
decision_type=2 2 2 2 2 2 2 2 2 2 2 2 2 2 2 2 2 2 2 2 2 2 2 2 2 2 2 2 2 2
left_child=1 3 14 4 5 8 -7 15 -1 13 -11 -9 -13 -6 -2 25 26 20 -16 21 22 -20 -3 -24 -18 -5 -4 -17 29 -19
right_child=2 17 16 7 9 6 -8 11 -10 10 -12 12 -14 -15 18 27 24 28 19 -21 -22 -23 23 -25 -26 -27 -28 -29 -30 -31
leaf_value=0.02132116939812248 0.025937966296762829 -0.01303017474101497 -0.02511680059578203 -0.016168568592358445 0.02286353315679017 -0.013883754914065372 0.0060644505743735339 0.035601655153985785 0.0092965949092673542 0.020184808557988904 0.042959452128824169 -0.032666416256765585 0.0054568059927043852 0.0053802771064567125 -0.026557987747505042 -0.029118142448824592 -0.028004407077952945 0.073810860384123295 0.0028266140818831004 -0.025449922313551605 -0.017213246292718767 -0.011764738555580183 0.0012941006385534493 -0.019609168800815154 -0.039661513152792073 0.021355992888244916 -0.0016275825258943906 -0.008054877848236679 0.0046594880278572476 -0.008081242054068646
leaf_weight=4030.4582854732871 226.39185408502817 1768.4563408531249 873.31719748303294 203.45194784551859 1962.3227368146181 2039.6791067123413 3881.7492607906461 393.1580927670002 14750.738579891622 2869.3446354791522 1179.724154099822 303.89573796093464 5731.232210919261 2787.1531211137772 1367.8317673280835 857.38486094027758 2749.3137499317527 33.713491953909397 1382.4413514062762 1372.049685947597 1670.3905207365751 5122.3916193172336 4865.0306115821004 536.50496007502079 2516.7569785825908 333.118054702878 458.4968007132411 632.41207885742188 5633.7133081406355 1646.5176648497581
leaf_count=23476 1086 6919 2777 1131 11835 12106 24285 2141 87871 17576 6131 1510 36371 16241 4376 5158 8126 188 5500 4669 7238 18461 21217 1979 6548 2110 1734 3755 24972 6756
internal_value=0.000458974 0.0061137 -0.0199902 0.00943507 0.0115443 0.00883663 -0.000806854 0.00107742 0.0118771 0.0191462 0.0268204 0.00549822 0.00353713 0.0126038 -0.0128527 -0.0129468 -0.0302358 -0.00251251 -0.0138026 -0.0115876 -0.00633691 -0.00866371 -0.00380305 -0.000782107 -0.0335756 0.00712776 -0.0170303 -0.0201769 0.00211004 -0.00643809
internal_weight=74179.1 58110.1 16069 41955.8 33501.2 24702.6 5921.43 8454.65 18781.2 8798.54 4049.07 6428.29 6035.13 4749.48 9471.11 2026.37 6597.88 16154.3 9244.71 7876.88 8840.38 6504.83 7169.99 5401.54 5266.07 536.57 1331.81 1489.8 7313.94 1680.23
internal_count=374243 320966 53277 251697 199521 147738 36391 52176 111347 51783 23707 40022 37881 28076 34092 12154 19185 69269 33006 28630 37353 23961 30115 23196 14674 3241 4511 8913 31916 6944
is_linear=0
shrinkage=0.1


Tree=42
num_leaves=31
num_cat=0
split_feature=11 11 11 11 11 10 10 12 9 15 15 10 10 9 11 9 10 9 10 10 14 4 11 15 12 4 0 0 12 12
split_gain=3536.98 747.686 366.142 137.837 121.095 53.7062 50.1545 41.3692 39.4393 35.3699 38.9525 34.7223 34.3563 34.221 33.6549 27.1006 25.7332 25.9127 31.2205 24.7697 22.2099 22.0034 21.8419 21.64 20.0628 19.5982 20.6944 17.1408 16.8548 16.4812
threshold=0.023160187188386368 0.015134432335212762 0.032178912312752668 0.011613092252075947 0.018401504324657994 0.39325728401437782 0.61411493843590192 0.15840584608234323 0.58221343754063948 0.16818030829775507 0.9331545576735425 0.5919127302363999 0.20578097601987599 0.43896436307621439 0.0097937256960786197 0.23236413694659031 0.2328795861306045 0.2935215559290239 0.30588600280330197 0.50164748834262241 0.79469094095224346 -0.013656204730427833 0.0461913779493437 0.92941175673037302 0.22330553782958459 0.0050364300551020156 -0.0048930341091282239 -0.023498558141158195 0.18292790967306174 0.020634389331316418
decision_type=2 2 2 2 2 2 2 2 2 2 2 2 2 2 2 2 2 2 2 2 2 2 2 2 2 2 2 2 2 2
left_child=1 3 5 14 16 -2 -4 19 -9 27 13 -10 21 -11 24 20 -3 -18 -19 -7 -14 -5 28 -17 29 26 -16 -6 -8 -1
right_child=2 4 6 12 9 7 22 8 11 10 -12 -13 15 -15 25 23 17 18 -20 -21 -22 -23 -24 -25 -26 -27 -28 -29 -30 -31
leaf_value=0.063961034980403217 -0.0122243316463995 0.021169453153976975 -0.038085178634730148 -0.022738764535414974 -0.019616020727526579 -0.025862274415335632 -0.056084772108495475 -0.024194631589726567 0.024642430604651336 -0.00059375058092851209 -0.01863226206909668 -0.014084804824736849 0.010737189880994825 0.017305519782862534 0.02739705215309814 0.025741420989214288 0.004321205842208041 0.024400939213237719 0.0076843303204385555 -0.037522942354890954 0.026555981374015256 0.031464966584860067 -0.063031795849554928 -0.007138070226348524 0.13995003173303364 0.019543465972614641 0.041843163498835073 -0.0039111096327808176 -0.043339641862705697 0.043422627640068004
leaf_weight=475.49237503111362 3623.9096381291747 1931.5947856083512 3108.5766219682992 76.412433922290802 1611.114562317729 4890.6757905744016 2101.5704255476594 2234.1306856125593 357.86311385035515 9505.6146237552166 1065.3770904168487 655.71957889944315 4052.3219583854079 1203.3426566645503 1537.5005728453398 4983.5544068589807 6072.2078353390098 1833.5274608284235 2859.8110536038876 2902.994913097471 1136.486235126853 3761.7233319729567 1780.5042156651616 208.55028878897429 23.468693546950817 785.24674696475267 2793.044073574245 1222.1374035999179 2049.5373901352286 2191.2818097919226
leaf_count=2940 18370 10986 13214 322 7582 22882 7185 10415 2316 50381 5107 3341 21665 7129 8643 28432 31962 10718 15685 12320 6458 21613 5386 1028 170 4274 16360 6354 8067 12938
internal_value=-0.000799669 0.0144556 -0.032545 0.0281633 0.00339839 -0.0227874 -0.0483741 -0.0262543 -0.0167721 -0.00281042 -0.000396615 -0.000411476 0.0223019 0.00141755 0.0388402 0.019313 0.0105414 0.00863447 0.0142149 -0.0302057 0.0142019 0.0303858 -0.0537663 0.0244208 0.0478948 0.0340786 0.0367143 -0.0128416 -0.0497921 0.0470847
internal_weight=73035.3 49329.8 23705.5 22025.1 27304.7 14665.3 9040.19 11041.4 3247.71 14607.6 11774.3 1013.58 14219 10709 7806.03 10380.9 12697.1 10765.5 4693.34 7793.67 5188.81 3838.14 5931.61 5192.1 2690.24 5115.79 4330.54 2833.25 4151.11 2666.77
internal_count=374243 270747 103496 124843 145904 69644 33852 51274 16072 76553 62617 5657 79518 57510 45325 57583 69351 58365 26403 35202 28123 21935 20638 29460 16048 29277 25003 13936 15252 15878
is_linear=0
shrinkage=0.1


Tree=43
num_leaves=31
num_cat=0
split_feature=10 9 10 10 12 4 0 7 17 17 8 19 15 3 5 0 7 8 12 12 0 3 1 3 8 12 7 3 8 5
split_gain=546.523 136.675 109.652 91.4837 62.232 57.757 51.7353 49.4045 42.5597 39.8585 42.9822 39.8112 38.2421 35.9184 37.0025 34.2263 32.4843 35.2535 31.5465 30.1213 29.8791 25.3111 44.6127 25.258 27.2086 25.2473 24.3217 22.8541 25.6981 22.0978
threshold=0.48960809836677771 0.43274262739469455 0.63862320644540527 0.35099315403585302 0.15182680993406727 -0.00089891418337950657 -0.037666195473120327 0.1743121806941115 1.0000000180025095e-35 1.0000000180025095e-35 -0.91665219701759171 1.0000000180025095e-35 0.77116939308264165 0.029852960218725636 -0.00056469203109077426 0.022513046030806508 -0.016531389620441091 -0.22392447073718044 0.13175550272953396 0.26961699826736701 -0.013306168375700976 0.039781694288358434 0.035305733665112145 0.006026647265284125 0.27598747957245412 0.095614638819945794 0.17007349093704707 0.059915925704912894 0.10309643968740644 -0.013771748131293947
decision_type=2 2 2 2 2 2 2 2 2 2 2 2 2 2 2 2 2 2 2 2 2 2 2 2 2 2 2 2 2 2
left_child=3 4 18 5 -2 11 -4 19 16 10 -5 12 15 -13 -15 -1 17 -7 -3 -8 -6 22 -22 -11 -25 -12 -27 -10 -29 -18
right_child=1 2 6 9 20 8 7 -9 27 23 25 13 -14 14 -16 -17 29 -19 -20 -21 21 -23 -24 24 -26 26 -28 28 -30 -31
leaf_value=0.018004464150099413 -0.017972497626738342 -0.01426950913662991 -0.042219175224066346 -0.0095992185377235303 -0.0086653854474655068 0.0093758910882316589 -0.022240217640018732 -0.034513666953860982 0.0011644400709724602 0.00044652922511724964 0.00096014415888388675 -0.00453056064782503 0.0014240640447674069 0.052066115863095168 0.0071383560855920016 0.091619446757364997 0.01576004208286037 0.028108860707130312 -0.0004918083434121912 -0.0048579639284877249 0.011722223519239188 0.0032000170038460592 0.051221267096506533 -0.031877561822151373 -0.0082780644666412082 0.012777991742013587 -0.0073941567792309582 -0.063361995144866845 -0.010701105527176936 0.00319335144753089
leaf_weight=10026.4686412476 1133.6376835256815 4403.3620279617608 1600.6983103305101 2437.610837765038 710.04679429531097 3837.6002054512501 2769.1264665573835 2155.2533883750439 3004.7641211114824 1695.1020337864757 6884.9027535915375 1963.3349926695228 1513.9346508234739 251.87309305369854 673.49756220728159 63.558235786855221 1611.1330574974418 1360.8193491026759 2669.2865576632321 1557.7267951034009 936.29732756689191 1072.5876514837146 411.67218862473965 712.22950414568186 1555.5217071399093 4591.9518337771297 687.15256260335445 101.00709424167871 1122.2531148083508 10641.858138129115
leaf_count=60159 4102 15405 4287 10243 2886 22192 9174 6387 19894 7731 30102 11452 8488 1535 4439 365 8932 7979 11149 5928 4494 4914 2283 2955 6927 23040 2956 662 7063 66120
internal_value=0.000699966 -0.0137128 -0.0181628 0.0058134 0.00210284 0.00874219 -0.0261195 -0.0221439 0.00547506 0.000106785 0.0025207 0.0136294 0.0162445 0.00312483 0.0193671 0.0184682 0.00765593 0.0142797 -0.00906967 -0.0159824 0.00937242 0.0146636 0.0237853 -0.00878759 -0.0156899 0.00494948 0.0101523 -0.00352659 -0.0150494 0.00484573
internal_weight=74156.3 19419.7 15155.5 54736.6 4264.24 36172.1 8082.8 6482.11 21679.4 18564.5 14601.6 14492.7 11604 2888.71 925.371 10090 17451.4 5198.42 7072.65 4326.85 3130.6 2420.56 1347.97 3962.85 2267.75 12164 5279.1 4228.02 1223.26 12253
internal_count=374243 71009 52330 303234 18679 219280 25776 21489 132842 83954 66341 86438 69012 17426 5974 60524 105223 30171 26554 15102 14577 11691 6777 17613 9882 56098 25996 27619 7725 75052
is_linear=0
shrinkage=0.1


Tree=44
num_leaves=31
num_cat=0
split_feature=10 10 11 10 14 16 3 0 15 11 11 6 16 3 12 8 9 8 12 15 0 0 9 17 2 11 10 15 14 8
split_gain=3310.08 571.418 480.445 172.678 159.751 99.4819 122.544 101.918 103.693 90.4967 89.7173 97.4607 90.3891 96.0579 81.0636 70.7885 68.3111 67.0859 64.617 64.0685 63.0266 90.8111 86.9118 72.1195 62.0777 61.9456 59.9657 59.6637 56.0475 55.9439
threshold=0.35280854061162653 0.23411255378960033 0.023638363338299748 0.56639558927354594 0.76268904881734911 1.0000000180025095e-35 0.07067274306942363 -0.0086302277045753311 0.9369339076967399 0.013809939209142976 0.015201820242276115 0.032882551374667453 1.0000000180025095e-35 0.064151616012957838 0.12441093670502043 1.6847497623501153 0.36371727674358217 0.76106434739286333 0.023686303040734633 0.052331438294194711 0.047835973941056327 -0.036212490142604851 0.98314267138232647 1.0000000180025095e-35 0.023926747608231439 0.018628604456545048 0.40415995365466684 0.9636974748899062 0.22893591032222879 -2.3655254002995485
decision_type=2 2 2 2 2 2 2 2 2 2 2 2 2 2 2 2 2 2 2 2 2 2 2 2 2 2 2 2 2 2
left_child=1 9 10 14 5 7 18 19 -9 -1 15 12 -12 -14 29 -2 24 -8 -7 -3 21 23 -23 -5 -16 -6 -18 -22 -29 -4
right_child=2 4 3 20 25 6 17 8 -10 -11 11 -13 13 -15 16 -17 26 -19 -20 -21 27 22 -24 -25 -26 -27 -28 28 -30 -31
leaf_value=-0.057563388382322944 -0.042707536157593345 -0.039095052093619381 0.069392354641328091 0.046328389986640267 -0.046058156171823905 0.12081648876370986 -0.061643880570613541 -0.027433141631028474 0.017694026095408651 -0.036174447907606565 0.0017122723133866894 -0.012222605473966926 0.018263437427299956 0.087428534433698843 0.0052750417344321005 0.10169683736039066 -0.042727138004404627 -0.0016964749808078411 0.011201009613609888 0.00041049227422905389 0.078079161696790911 0.025210243959511248 0.0009703858208571425 0.010675426057653399 0.065762587341734777 -0.017649891018166903 0.0014555785637096427 0.073083832475671337 0.029213732257840165 0.017609729188033166
leaf_weight=5408.8614980168641 694.63213545456529 468.43871680647135 212.50197485089302 3016.3344300314784 2497.0514552183449 55.111276485025883 388.01821997389197 7496.6280408389866 546.2895767390728 3118.6930797323585 5695.1402666978538 3884.4028899148107 1245.068224042654 239.40830693393946 387.36135783791542 35.691288772970438 336.75121051073074 359.75755474343896 2222.5835453048348 3319.8730317950249 404.85347004234791 10336.811775818467 1726.1847481206059 698.80687114596367 301.9098559692502 1108.2398213930428 3498.5644127354026 346.85551599413157 1815.5413985326886 11461.038210198283
leaf_count=66459 6739 2419 425 4783 22541 309 2794 54182 2967 26031 28826 21564 5839 932 1254 335 1395 2221 13977 20713 870 24493 3654 1229 950 6236 11373 541 2987 35205
internal_value=-0.000492377 -0.0283316 0.0157226 0.0216725 -0.0184426 -0.0138602 0.00232171 -0.0179982 -0.024368 -0.049741 -0.00170352 0.000537278 0.00744078 0.029418 0.0141482 -0.0356504 0.00278517 -0.032803 0.0138533 -0.00447451 0.0283161 0.0259518 0.0217416 0.0396222 0.0317694 -0.0373257 -0.00242378 0.042847 0.0362506 0.0185524
internal_weight=73327.4 26989.5 46337.9 34543.5 18462 14856.7 3025.47 11831.2 8042.92 8527.55 11794.3 11064 7179.62 1484.48 16198.1 730.323 4524.59 747.776 2277.69 3788.31 18345.4 15778.1 12063 3715.14 689.271 3605.29 3835.32 2567.25 2162.4 11673.5
internal_count=374243 220849 153394 89159 128359 99582 19301 80281 57149 92490 64235 57161 35597 6771 50602 7074 14972 5015 14286 23132 38557 34159 28147 6012 2204 28777 12768 4398 3528 35630
is_linear=0
shrinkage=0.1


Tree=45
num_leaves=31
num_cat=0
split_feature=10 10 15 16 13 20 4 8 15 10 4 10 4 13 14 12 5 15 18 10 14 14 1 13 3 13 4 4 5 12
split_gain=1959.95 328.374 263.682 215.213 173.947 170.081 142.39 123.93 113.511 93.1332 83.1102 79.9496 108.341 76.7785 68.6789 67.4074 63.9463 63.4331 62.6118 61.9674 64.4115 57.4915 57.034 55.5008 53.5477 51.6084 52.861 48.8933 43.3449 42.4022
threshold=0.33601204000797696 0.23052314437381469 0.036229457280596337 1.0000000180025095e-35 -0.037424590589703773 1.0000000180025095e-35 -0.00013915534740061017 2.5543266338260016 0.14424691324681874 0.39545018614138777 -0.0087062528064505412 0.75656445888338586 0.038888190112253536 -0.085857974883956037 0.53022163888287521 0.037900204421842519 -0.026218144401143669 0.028197384849072169 1.0000000180025095e-35 1.0651442732051164 0.080953644703573621 0.24102050382897403 0.033591970957910895 0.019557136680434056 0.32191385195198224 0.041773811932664599 0.0025671306796077879 0.029614920153117289 -0.053815519523705439 0.30776877145828835
decision_type=2 2 2 2 2 2 2 2 2 2 2 2 2 2 2 2 2 2 2 2 2 2 2 2 2 2 2 2 2 2
left_child=1 13 19 4 9 6 -6 11 14 15 -11 21 -13 -1 22 -4 18 -15 -10 20 -2 -5 -3 29 -22 -18 -27 28 -19 -9
right_child=2 8 3 7 5 -7 -8 23 16 10 -12 12 -14 17 -16 -17 25 27 -20 -21 24 -23 -24 -25 -26 26 -28 -29 -30 -31
leaf_value=-0.052381396699667265 0.074401210179858887 0.024622110934498329 0.043784676273906448 0.0031194677741871401 0.012223820271753278 0.00095416180998753302 0.032531421942681701 0.12159158589299897 -0.04651531816569221 0.022657598712458218 0.0045067552469328477 0.0059015592394514333 0.11229986309896388 0.11269739307952248 -0.015095435896511789 -0.013241433645899126 -0.02095822457864404 0.074693149321933092 -0.0012336153558441282 0.071175260180482577 0.025035176498254031 -0.018583208675726142 -0.063872421360968185 0.010105614770590889 0.096544474905661815 -0.017064235108512977 0.0041133805375760434 0.12880209020971398 -0.034444657124453402 0.016004656594167693
leaf_weight=2995.2834856435657 305.64767016470432 1298.1779670901597 221.51302852854133 1642.5356918983161 5847.7397216483951 4031.2494587153196 8430.2301042489707 128.77396931126714 1358.8008417002857 3295.5551251918077 10756.589142102748 1028.6094067916274 105.52016887068748 30.041986439377069 969.48479811102152 3226.2968992590904 7823.0161539576948 36.658675506711006 393.87241061776876 399.24254751950502 4105.7222621031106 4751.778661776334 77.15694784745574 162.70152873545885 107.45746165513992 2687.1886577643454 2099.5174260511994 18.596385944634676 4973.6602427624166 53.975362416356802
leaf_count=34648 688 6740 1010 6480 18854 13916 25475 290 9602 10007 40136 2405 128 207 6315 18065 60674 246 2453 479 9513 20469 485 372 147 18448 13305 99 53273 139
internal_value=-0.000207649 -0.0231069 0.0114591 0.00898763 0.012279 0.0190929 0.0242142 -0.00598094 -0.0151112 0.00515 0.00876355 -0.00866835 0.0158009 -0.0396926 0.00528863 -0.00957765 -0.0184416 -0.0321799 -0.0363393 0.0334112 0.0300747 -0.0130083 0.0196575 0.052586 0.026859 -0.015954 -0.00777543 -0.0330454 -0.0336461 0.0904063
internal_weight=73362.6 24761.5 48601.1 43683.1 35809.2 18309.2 14278 7873.89 16707.2 17500 14052.1 7528.44 1134.13 8054.24 2344.82 3447.81 14362.4 5058.96 1752.67 4918.07 4518.83 6394.31 1375.33 345.451 4213.18 12609.7 4786.71 5028.92 5010.32 182.749
internal_count=375068 206495 168573 157746 127463 58245 44329 30283 118022 69218 50143 29482 2533 88473 13540 19075 104482 53825 12055 10827 10348 26949 7225 801 9660 92427 31753 53618 53519 429
is_linear=0
shrinkage=0.1


Tree=46
num_leaves=31
num_cat=0
split_feature=11 11 11 18 1 13 17 4 12 14 3 10 10 11 4 8 4 4 3 4 3 15 8 5 4 4 8 13 14 15
split_gain=673.933 148.972 88.2788 75.0914 52.681 44.3179 55.144 88.9438 48.3648 37.0599 31.5613 29.3868 24.7188 20.5899 20.3863 19.4965 18.4311 18.2503 16.8512 16.6061 30.8964 16.7363 16.1392 17.0277 14.8456 13.8473 12.896 12.4669 11.7384 11.8101
threshold=0.029314496129651601 0.02248534642684313 0.036892982596579332 1.0000000180025095e-35 -0.04739019396178689 0.15522246843714554 1.0000000180025095e-35 -0.0079510306572894134 0.11094396634955471 0.4472445998293697 -0.019854098274512341 0.62108854727261187 0.34090387391023175 0.044515422831695871 0.021823756169154006 0.17337449670431451 -0.024984085895701998 0.024808980907197856 0.052962978262379841 -0.0047791281545865863 -0.055386067208669225 0.85277309260906364 -0.83341310650032996 0.027787158268389626 -0.0025224841830708829 -0.012845369378493341 -0.954583072915831 -0.044265503606777189 0.94095940295013947 0.92173363193968672
decision_type=2 2 2 2 2 2 2 2 2 2 2 2 2 2 2 2 2 2 2 2 2 2 2 2 2 2 2 2 2 2
left_child=1 3 12 5 24 6 8 -8 -1 10 -6 25 -2 -13 19 -11 -14 18 -18 -3 26 -22 -7 -24 -5 -4 -21 -26 -16 -30
right_child=2 14 11 4 9 22 7 -9 -10 15 -12 13 16 -15 28 -17 17 -19 -20 20 21 -23 23 -25 27 -27 -28 -29 29 -31
leaf_value=0.011478606851326914 0.024564558728250113 -0.0075181721014266015 -0.035797488577171153 0.0083253487867193613 0.0053408650074002056 0.015291428422734869 -0.0087791056087096371 0.022779084052148995 -0.00072601381743708988 -0.0019307339415783429 -0.015649080437226438 -0.024974127656391919 -0.031309146917746299 -0.037805472665896157 -0.02263387335877913 0.01138209614268827 -0.014057314724404074 -0.029381893120556682 -0.0040028449763362143 -0.0038238795257525848 0.0062120645843961476 -0.0047575538499665497 -0.0026001950646821941 0.0098371254349059207 0.056957698248449776 -0.010156506322727701 -0.01799952183244213 0.023118210939647329 -0.019389172531502977 0.058810050930356642
leaf_weight=16816.718751788139 181.92971431463957 4512.6424154341221 257.39302064478397 322.29588504880667 981.79120124131441 881.02877175062895 1021.0261004343629 7127.0379431843758 4023.9361664280295 2656.3380860313773 2649.7320324927568 2606.8973404057324 499.70574503019452 2403.6584907472134 738.28583214432001 1877.6416184604168 4259.5988346636295 529.2410184815526 2738.6223393529654 1671.8215703368187 5202.6254111304879 1898.3268164843321 4107.4172223731875 1503.7987319976091 178.76381879299879 1158.9864340759814 1041.5889456793666 278.45283880084753 40.058988906443119 37.292043760418892
leaf_count=102171 866 18709 766 1794 5885 5052 5243 40020 23700 17085 15837 7900 1519 6521 2752 11275 15332 1667 10280 6963 22893 7773 23785 8196 969 4035 4379 1392 146 163
internal_value=0.000468975 0.00519282 -0.0187571 0.00811244 -7.56743e-05 0.0101767 0.0118493 0.0188246 0.00912213 -0.00244681 -0.0099744 -0.0275344 -0.0118853 -0.0311296 -0.00337286 0.00358246 -0.0127114 -0.0114768 -0.0101227 -0.00249739 -0.000188835 0.00327951 0.00270864 0.000732991 0.0247623 -0.0148161 -0.00926544 0.0363489 -0.0187508 0.0183118
internal_weight=74204.7 59568.6 14636 44426 8945.02 35481 28988.7 8148.06 20840.7 8165.5 3631.52 6426.94 8209.1 5010.56 15142.6 4533.98 8027.17 7527.46 6998.22 14327 9814.36 7100.95 6492.24 5611.22 779.513 1416.38 2713.41 457.217 815.637 77.351
internal_count=375068 326182 48886 262404 54237 208167 171134 45263 125871 50082 21722 19222 29664 14421 63778 28360 28798 27279 25612 60717 42008 30666 37033 31981 4155 4801 11342 2361 3061 309
is_linear=0
shrinkage=0.1


Tree=47
num_leaves=31
num_cat=0
split_feature=11 11 11 11 11 10 10 10 14 20 4 0 4 4 5 20 4 4 5 3 11 1 0 0 0 17 12 3 9 10
split_gain=2953.71 477.285 476.088 82.7375 80.7405 69.369 56.9726 39.2633 38.8456 38.2368 41.3356 34.8778 36.986 30.1362 31.6188 28.2728 23.9788 22.9501 24.6477 22.4292 22.2107 21.8778 19.5386 19.2408 25.4821 18.0719 17.3561 17.3544 17.1867 17.1798
threshold=0.021435999592366691 0.031513000132407279 0.014364764321715457 0.026774789434422987 0.016722299060011814 0.16944556633249078 0.62108854727261187 0.32235279073420353 0.65233455044389188 1.0000000180025095e-35 -0.011760319104039406 -0.015968717129346995 0.014032868176396597 0.017888289064968092 0.025995075543741145 1.0000000180025095e-35 0.0051326255350665493 0.01051922866589994 0.016835541031831051 0.085323039206128284 0.043213291422272281 -0.015384933351020756 -0.034895785854607946 0.025120086366314801 -0.0037100701512278174 1.0000000180025095e-35 0.20100156149995904 0.19666181280788256 0.41559941759939251 0.29596155565693621
decision_type=2 2 2 2 2 2 2 2 2 2 2 2 2 2 2 2 2 2 2 2 2 2 2 2 2 2 2 2 2 2
left_child=2 3 5 7 15 16 -3 28 21 11 -11 -6 -13 14 -9 17 -1 18 -4 -19 26 -7 -5 24 -10 -23 -8 -12 -2 -24
right_child=1 6 4 22 9 8 20 13 23 10 27 12 -14 -15 -16 -17 -18 19 -20 -21 -22 25 29 -25 -26 -27 -28 -29 -30 -31
leaf_value=0.041918778760016623 0.0006175559867561657 -0.034957969796167394 0.0088914758412311674 -0.041102187739831153 -0.010783509767448754 0.01144900773372217 -0.052184441697802987 -0.016559323219378478 0.022984880038406333 -0.023634729392604591 0.017744884110484783 0.0040536646825207624 -0.016903455350161821 -0.033050527461222522 -0.0039108664966003154 0.024836626197348742 0.017732463315548785 -0.016695876964399659 0.021719867962981854 0.026641003799623156 -0.058584673648596257 0.025523995424326869 0.019385663031022304 0.0023859112929155908 0.036478420145447853 0.012943665102792108 -0.037705148698407243 -0.022842856432859045 0.074713388833322986 -0.024868037507153568
leaf_weight=3449.0034620910883 1655.6030211597681 3592.3330038636923 5094.7800681740046 775.38453779369593 2523.1467370316386 2277.2874983921647 1895.5044625885785 6772.9390723481774 2260.3048541098833 289.58636876195669 2610.0305144041777 9905.8345837518573 920.36135252565145 801.90921828895807 2790.728862427175 1822.5334324091673 465.19811900705099 516.03686532378197 2121.3439378067851 155.38664711266756 2315.978354588151 5256.7916490361094 89.148551173508167 238.746581800282 3675.0413282290101 1458.7489626258612 1469.7876981906593 109.77702827006578 31.907669104635715 5490.1970282457769
leaf_count=20213 8928 15925 27160 3221 12376 12336 7039 33274 12605 1493 15117 53072 4462 3542 14803 10498 2516 2501 12100 910 7659 29224 537 1248 21372 7882 6306 522 250 25977
internal_value=-0.000595621 -0.0263149 0.0151729 -0.0169949 0.00638759 0.0271754 -0.0448149 -0.0121269 0.0241124 0.00209992 0.0122825 -0.00019557 0.00227205 -0.0144298 -0.0128684 0.0136111 0.0390443 0.0110173 0.0126627 -0.00666648 -0.0510476 0.019919 -0.0262281 0.0302202 0.0313398 0.0227913 -0.0458606 0.0161067 0.00201857 -0.0241609
internal_weight=72831.4 27681.4 45149.9 18407.8 26068.8 19081.1 9273.6 12053.1 15166.9 16358.7 3009.39 13349.3 10826.2 10365.6 9563.67 9710.08 3914.2 7887.55 7216.12 671.424 5681.27 8992.83 6354.73 6174.09 5935.35 6715.54 3365.29 2719.81 1687.51 5579.35
internal_count=375068 127461 247607 90532 140211 107396 36929 60797 84667 87042 17132 69910 57534 51619 48077 53169 22729 42671 39260 3411 21004 49442 29735 35225 33977 37106 13345 15639 9178 26514
is_linear=0
shrinkage=0.1


Tree=48
num_leaves=31
num_cat=0
split_feature=11 11 11 4 17 15 5 20 4 7 3 7 11 15 5 16 15 9 15 2 4 2 15 10 13 3 15 13 10 4
split_gain=763.939 137.604 111.848 51.8507 39.6868 42.4536 34.6958 55.0183 51.992 43.9039 34.4559 31.3522 27.2635 25.032 23.1058 22.0581 20.4627 23.104 18.9788 24.5503 24.0131 19.3432 16.9988 16.4596 25.4718 16.3703 16.348 15.9646 15.6529 14.3523
threshold=0.029563417340887677 0.021943916151268689 0.040897472922131223 -0.0022806292308370497 1.0000000180025095e-35 0.13628736010384881 -0.016104857057720853 1.0000000180025095e-35 -0.013656204730427833 0.075036615934450671 -0.059543920481196715 -0.016531389620441091 0.01245539756015559 0.14424691324681874 0.030777708937694607 1.0000000180025095e-35 0.98588235134607471 0.5544774912298831 0.080053826749731424 -0.059451755348391304 0.01867576600287069 0.20232698462900514 0.45598116291495178 0.75656445888338586 0.45548749203755917 0.18030976502304966 0.83708441767699082 -0.56330811886296506 0.828468308301057 -0.014636100978696163
decision_type=2 2 2 2 2 2 2 2 2 2 2 2 2 2 2 2 2 2 2 2 2 2 2 2 2 2 2 2 2 2
left_child=1 3 18 6 5 15 7 12 -9 26 14 -7 -1 27 -6 -5 17 25 -2 23 21 -21 -12 24 -20 -15 -8 -3 -4 -11
right_child=2 13 28 4 10 11 9 8 -10 29 22 -13 -14 16 -16 -17 -18 -19 19 20 -22 -23 -24 -25 -26 -27 -28 -29 -30 -31
leaf_value=0.038721162963876184 -0.023728587657285367 -0.060134350303323869 -0.028577407637287212 -0.012675172581531509 0.014223080189015358 0.0149321686204 0.0076119993082108921 0.07662945120707243 0.025845167224112599 0.045117295706931709 -0.012294817669161445 0.0065671898174991007 0.011633313165002485 0.00021592104895722764 0.094236028956147577 0.012500054933881583 -0.021911485408955933 0.011848583102745995 -0.0026747540919074089 -0.014830060611542331 -0.030522147422429115 0.010058731024819037 -5.8497931516704314e-05 -0.021320825152609135 0.040933597344693734 -0.012211044230255359 -0.009616495879974719 -0.0086755956651322162 -0.041077921000611299 0.019144887359816485
leaf_weight=424.5502592921257 1948.7586469985545 61.321694627404213 2073.8298526890576 1433.1181434169412 718.04819285869598 6386.2412230223417 6728.2108246125281 301.83251856267452 607.02945255488157 235.14614516496658 1833.5512810237706 15015.724927581847 2977.063144274056 10345.053872987628 38.001238949596882 459.66244093328714 420.64130187034607 1576.8341255784035 1476.7344537004828 4802.4651315286756 949.51193143054843 333.97807304561138 2981.3259772472084 401.96863680332899 147.30375625193119 1181.0758173838258 599.87616547197104 3580.1215372830629 1937.6177414730191 2235.1763701736927
leaf_count=2884 6328 164 6372 7440 4569 37169 40274 1502 3577 1265 11838 91065 15296 44797 230 2485 1407 7482 5800 17182 2886 1361 19433 1359 768 4735 3234 14054 5316 12796
internal_value=0.000477889 0.00538576 -0.0204967 0.00840885 0.00598041 0.0077937 0.0133772 0.0208539 0.0427106 0.0100881 -0.00160182 0.00906326 0.0150141 -0.00218288 0.0182448 -0.00656136 -0.000201284 0.000495674 -0.0148672 -0.0127384 -0.0159125 -0.0132118 -0.00471821 -0.00320361 0.00128062 -0.00105746 0.00620168 -0.00954216 -0.0346154 0.0216172
internal_weight=74211.8 60139.6 14072.2 42974.6 28865.7 23294.7 14108.9 4310.48 908.862 9798.41 5570.93 21402 3401.61 17165 756.049 1892.78 13523.6 13103 10060.7 8111.96 6085.96 5136.44 4814.88 2026.01 1624.04 11526.1 7328.09 3641.44 4011.45 2470.32
internal_count=375068 327696 47372 255057 174229 138159 80828 23259 5079 57569 36070 128234 18180 72639 4799 9925 58421 57014 35684 29356 21429 18543 31271 7927 6568 49532 43508 14218 11688 14061
is_linear=0
shrinkage=0.1


Tree=49
num_leaves=31
num_cat=0
split_feature=11 11 11 0 20 0 14 5 3 0 4 4 5 3 20 4 15 16 3 4 16 15 1 11 8 16 4 0 2 1
split_gain=2787.1 694.177 282.021 116.791 115.499 148.212 103.202 102.418 97.4713 95.7267 84.3773 81.0752 88.6361 110.124 78.2804 75.0853 88.6268 78.5293 81.0915 77.2761 74.072 72.2448 67.0444 65.3291 65.0099 64.6103 68.5631 58.7855 57.0556 53.894
threshold=0.021435999592366691 0.0149466788915576 0.032178912312752668 0.030463673814483897 1.0000000180025095e-35 -0.040881314432569253 0.38407252828746835 -0.06459296840915206 0.19075284909820092 0.061319486329779245 -0.024984085895701998 -0.0059588969809927219 -0.014184014920832542 0.020272684513419351 1.0000000180025095e-35 0.015321428678931383 0.98930495097913207 1.0000000180025095e-35 0.078916522386041979 -0.0053409175245913145 1.0000000180025095e-35 0.92547834004173801 -0.03564531126212888 0.011613092252075947 1.1394978026825109 1.0000000180025095e-35 0.0031054450998273535 0.050329503362493096 -0.036535435399003273 -0.070436535313419521
decision_type=2 2 2 2 2 2 2 2 2 2 2 2 2 2 2 2 2 2 2 2 2 2 2 2 2 2 2 2 2 2
left_child=1 6 3 7 15 28 11 10 22 -4 14 12 -1 -14 -2 16 19 29 -19 -3 24 -22 -7 -8 -5 -13 -27 -23 -6 -17
right_child=2 4 9 20 5 8 23 -9 -10 -11 -12 25 13 -15 -16 17 -18 18 -20 -21 21 27 -24 -25 -26 26 -28 -29 -30 -31
leaf_value=-0.057612691089530356 0.032481160811041541 0.0015883375748613341 0.023568854680807248 0.0093036282706725881 0.13579658839304723 -0.0051972507982267057 -0.065346298722276014 0.0041664863255569213 0.052160839068747959 0.050663541129152258 0.018685431599208203 -0.044701494374249626 0.078774444108652045 -0.028118186575870348 0.13149869090868088 0.15875259913896567 0.13125456385840234 0.079366245228360721 -0.023981110458296026 -0.015256332223484615 0.093426101483433999 0.0026294205517131616 -0.043954833767481369 -0.044696266501631214 0.041949449006364638 -0.032953844377109964 0.035075579472262919 0.06722427353729768 -0.0098229747518899825 -0.0096483437395799756
leaf_weight=162.80765014141798 192.62801814079285 3583.4988597035408 16184.598729535937 2288.3935319408774 72.611245665699244 542.18362266197801 2341.4593730382621 19634.072582364082 127.41248872876167 1418.2260693311691 1907.427826449275 2455.2599555589259 212.40719373524189 176.43979115411639 136.36141780018806 19.60361810028553 43.792680755257607 289.76155968010426 102.8803353458643 11347.666444525123 275.40034361928701 319.87494782358408 2524.3849933855236 4431.6775094233453 831.685023419559 426.4250622279942 227.01945869252086 251.78693047910929 42.746688030660152 621.59671452641487
leaf_count=1621 453 21828 31768 7413 362 3902 33649 74913 776 2152 5882 27826 1717 1808 209 65 161 1021 553 74809 721 1024 19738 47565 2347 4539 2128 579 232 3307
internal_value=-0.000159191 -0.0237388 0.0159901 0.00933949 -0.0125131 -0.0295196 -0.0445236 0.00647605 -0.0335415 0.0257518 0.0267523 -0.0309948 0.00433479 0.0302718 0.0735225 -0.0089975 -0.010797 0.0170673 0.0522871 -0.0112136 0.0251254 0.0513503 -0.0371023 -0.0518349 0.0180057 -0.0372642 -0.00931909 0.03108 0.0818362 -0.00449977
internal_weight=73192.1 29751.6 43440.5 25837.6 19318.1 3309.34 10433.5 21870.5 3193.98 17602.8 2236.42 3660.36 551.655 388.847 328.989 16008.8 14975 1033.84 392.642 14931.2 3967.14 847.062 3066.57 6773.14 3120.08 3108.7 653.445 571.662 115.358 641.2
internal_count=375068 247607 127461 93541 126754 25010 120853 81457 24416 33920 6544 39639 5146 3525 662 101744 96798 4946 1574 96637 12084 2324 23640 81214 9760 34493 6667 1603 594 3372
is_linear=0
shrinkage=0.1


Tree=50
num_leaves=31
num_cat=0
split_feature=10 10 10 12 15 18 4 0 9 13 16 10 13 3 20 18 1 4 4 13 12 15 9 10 9 1 1 13 19 4
split_gain=1506.94 334.772 225.961 231.935 155.655 118.805 126.38 135.775 129.303 126.54 106.591 101.021 92.4032 90.2208 87.3893 75.0958 81.8376 81.0284 73.2178 72.5732 71.942 64.0296 72.3785 103.257 62.0167 61.6446 59.3148 58.7983 57.0074 56.0009
threshold=0.34930046709018936 0.23052314437381469 0.51921057734595621 0.15610264619686118 0.028197384849072169 1.0000000180025095e-35 0.0025671306796077879 -0.010834594432928222 0.24569519238272192 -0.53968685063758393 1.0000000180025095e-35 0.75656445888338586 -0.079009422859343745 -0.21366253755400108 1.0000000180025095e-35 1.0000000180025095e-35 -0.016768251286438881 -0.030512339580978761 -0.0019683844890057141 -0.43866623129007454 0.12585716303375261 0.012084593506745215 0.3578831120420744 0.28265751665231259 0.44212567603604941 -0.03061979368608014 -0.040481205202462116 -0.35984019101926851 1.0000000180025095e-35 -0.0020512905955858414
decision_type=2 2 2 2 2 2 2 2 2 2 2 2 2 2 2 2 2 2 2 2 2 2 2 2 2 2 2 2 2 2
left_child=1 -1 10 15 -5 21 9 8 -8 29 13 -6 -11 -2 20 16 28 -17 -19 -18 -15 -3 23 -23 -13 -9 -16 -12 -4 -7
right_child=2 5 3 4 11 6 7 25 -10 12 27 24 -14 14 26 17 19 18 -20 -21 -22 22 -24 -25 -26 -27 -28 -29 -30 -31
leaf_value=-0.036148445235459473 0.045602079450003143 0.074089840051455663 0.020106846484378538 0.038360233232060545 -0.0039860824027965688 0.24801346280242542 -0.068889021298508837 0.068543022652656563 0.10774703561068429 -0.040975326670827615 -0.055347647428195437 -0.014140414374612329 -0.00035792297178566186 0.013510628873436462 -0.030804316296425494 0.12491536948703785 0.089532128445510284 0.014110450679976287 0.053005599647289472 0.030290129363420848 -0.003278403154769462 -0.02247792203043476 -0.032353421902482825 -0.0039084658842256995 0.01787960408165256 0.0029672199961180575 -0.00087030277711802736 -0.007518318119663055 -0.010404134330074699 0.053359596987001913
leaf_weight=7801.2251266092062 591.00666769593954 78.774323038756847 2405.2178884148598 1630.3953664079309 5847.5817054845393 24.364541955292225 48.626073833554983 161.68448812514544 280.54375860467553 869.22756772115827 275.98939350619912 679.70306816697121 1574.9005682244897 10811.283332277089 845.43799230456352 120.23092035204172 216.79944493621588 709.58224464207888 1522.2317359000444 4476.2003460377455 3341.0420669391751 5970.9664778597653 2351.7729912362993 6007.0657246559858 5494.3891329355538 1264.4124485440552 3050.2567563802004 3740.6105380021036 821.54577485471964 37.570573840290308
leaf_count=88459 1630 344 5323 2720 21328 122 328 876 941 6852 1634 3050 9632 41332 3561 156 548 1565 2991 10533 16214 49214 14043 39420 10716 7802 14629 16814 1860 215
internal_value=0.00030099 -0.0187513 0.0111284 0.0179062 0.00936559 -0.0114819 0.00318656 0.023764 0.0816538 -0.011226 0.00397115 0.00543329 -0.0148031 0.00715527 0.00589628 0.0292575 0.0245978 0.0449473 0.0406393 0.0330269 0.00954712 -0.0158201 -0.0163143 -0.0131652 0.0143545 0.0104019 -0.00736654 -0.0108048 0.0123386 0.129934
internal_weight=73050.6 26471.1 46579.5 23923.9 13652.1 18669.9 4261.33 1755.27 329.17 2506.06 22655.6 12021.7 2444.13 18639 18048 10271.8 7919.76 2352.04 2231.81 4693 14152.3 14408.6 14329.8 11978 6174.09 1426.1 3895.69 4016.6 3226.76 61.9351
internal_count=374852 218248 156604 60790 37814 129789 26768 9947 1269 16821 95814 35094 16484 77366 75736 22976 18264 4712 4556 11081 57546 103021 102677 88634 13766 8678 18190 18448 7183 337
is_linear=0
shrinkage=0.1


Tree=51
num_leaves=31
num_cat=0
split_feature=11 11 11 18 13 3 8 8 14 3 5 2 11 5 15 9 11 8 3 13 8 11 15 7 9 9 7 7 15 1
split_gain=578.312 102.294 93.4707 55.6328 55.0016 40.8158 56.254 52.5175 39.9442 30.3479 25.7697 26.4499 23.9581 22.2727 21.3148 21.9041 21.8708 19.1036 24.2103 16.4 15.278 14.778 13.8014 13.5495 19.2704 13.4109 12.982 17.3456 15.5144 12.7684
threshold=0.028178471799709011 0.019735951253745606 0.044515422831695871 1.0000000180025095e-35 0.1057767307762016 -0.011557472277679002 -0.60979922095271888 -0.18530967870623141 0.52622731515651477 0.00099583864372809771 0.029279246387823313 -0.0554704681643221 0.032518878533373909 0.0022980361306433887 0.96002732410614433 0.52034703637530122 0.022592741905062403 -0.095417726166724351 -0.12427032765155709 0.012465416864722504 -0.19260772119565284 0.01652265852383282 0.91052807598559438 -0.17090365205685318 0.8177883371120489 0.45977888157022156 -0.23854414093155005 0.023233643435038868 0.012084593506745215 -0.11267234940920681
decision_type=2 2 2 2 2 2 2 2 2 2 2 2 2 2 2 2 2 2 2 2 2 2 2 2 2 2 2 2 2 2
left_child=1 3 12 4 5 7 -7 -1 9 20 11 -6 22 -11 15 16 -3 18 -10 -19 -5 -12 23 -2 -25 -24 -14 28 -28 -18
right_child=2 14 -4 8 10 6 -8 -9 17 13 21 -13 26 -15 -16 -17 29 19 -20 -21 -22 -23 25 24 -26 -27 27 -29 -30 -31
leaf_value=0.010960541657354128 -0.020537699366611147 0.0033596253154727787 -0.033488639799237802 -0.00076101647555208783 0.016518752947132769 0.06802332050115649 0.015468408208359208 -0.011055767743048769 0.041367584322474692 -0.026887753715221303 0.02679612404742476 -0.0031724501972698808 -0.035355388762636823 -0.0059825265203862941 -0.012495745858634211 0.0096698788125390688 -0.027241076494018197 0.022224650266333221 -0.0030185086555397592 0.002842673834277784 0.024573232078896248 0.0050602351645567204 -0.035404260682379535 -0.0053273823403379335 0.027483906352654044 -0.011333712815991317 -0.034394461885974878 -0.020103731641088626 -0.0082690099663108498 -0.0030209504472970116
leaf_weight=6256.7995452284813 553.71594128757715 8449.6526449322701 2564.0827560164034 1136.6118778288364 800.27405247092247 206.64873217046261 14129.648317672312 1310.3785978406668 133.51995416730642 843.47446952015162 610.05408277362585 4621.3945556022227 347.57500064000487 1287.6711825355887 1278.0105687938631 2460.1927081644535 222.66556295752525 1201.8606195226312 1543.1014189049602 685.59922597557306 301.10022688657045 641.93693454563618 316.99635004252195 4266.164983805269 186.83569198474288 857.87224050983787 245.67415972799063 3867.778174046427 3039.9298951737583 9687.7754414118826
leaf_count=37465 1969 40493 7290 7197 4655 1419 87230 8045 759 5136 3897 27848 1043 8294 4947 11679 761 7998 10018 4309 1935 3327 991 16661 904 3249 710 12661 10852 41110
internal_value=0.00070227 0.00538706 -0.015967 0.00869618 0.0106681 0.0130897 0.016226 0.00714806 0.000795852 -0.00668243 0.00272022 -0.000265899 -0.0126835 -0.0142565 3.96319e-05 0.00080909 -0.000378226 0.00828415 0.000516236 0.0151844 0.00454474 0.0156514 -0.00807406 -0.00578514 -0.00395071 -0.0178283 -0.0164822 -0.0155652 -0.0102225 -0.00356512
internal_weight=74055 57808.4 16246.6 35710.1 28577.1 21903.5 14336.3 7567.18 7132.94 3568.86 6673.66 5421.67 13682.5 2131.15 22098.3 20820.3 18360.1 3564.08 1676.62 1887.46 1437.71 1251.99 6181.59 5006.72 4453 1174.87 7500.96 7153.38 3285.6 9910.44
internal_count=374852 318522 56330 219532 173886 134159 88649 45510 45646 22562 39727 32503 49040 13430 98990 94043 82364 23084 10777 12307 9132 7224 23774 19534 17565 4240 25266 24223 11562 41871
is_linear=0
shrinkage=0.1


Tree=52
num_leaves=31
num_cat=0
split_feature=10 10 10 9 12 14 0 15 10 15 20 12 12 12 10 9 9 0 0 14 5 15 15 0 9 12 12 0 5 7
split_gain=1983.26 318.696 255.838 176.912 143.373 59.2227 56.1151 53.6881 53.6723 51.441 42.8217 55.1067 40.1714 37.9857 33.7509 31.8644 52.3375 29.5479 26.3971 26.731 22.6367 24.8685 22.6327 20.5339 18.9502 18.4133 18.2777 18.1542 17.8441 16.261
threshold=0.37294266902665679 0.23052314437381469 0.52386090436391164 0.40220841726389828 0.12726425718946313 0.72699794372601911 -0.030664111239495414 0.10427179114460815 0.16944556633249078 0.95630251607118333 1.0000000180025095e-35 0.099890444104712164 0.16559049689766139 0.1798201409800633 0.43050324599280332 0.29489743165709709 0.51081277383244428 -0.013306168375700976 -0.020960668154390568 0.71500508426905529 -0.0020078622317774571 0.91052807598559438 0.28067221535766557 -0.027363749324295746 0.18098949292398733 0.096424907025469242 0.16559049689766139 0.021191737809902026 -0.020979030111550997 -0.13370142711567032
decision_type=2 2 2 2 2 2 2 2 2 2 2 2 2 2 2 2 2 2 2 2 2 2 2 2 2 2 2 2 2 2
left_child=1 8 4 13 14 7 -5 17 -1 12 11 -9 -8 -4 25 28 -17 -3 22 24 -15 -22 -10 -7 -20 -2 -18 -25 -6 -12
right_child=2 5 3 6 15 23 9 10 18 -11 29 -13 -14 20 -16 16 26 -19 19 -21 21 -23 -24 27 -26 -27 -28 -29 -30 -31
leaf_value=0.033720534052981387 -0.016632327154006643 -0.016207923287511465 -0.030707168854460388 -0.05049902985420332 -0.010475707550606485 -0.0066667031410476869 -0.036949431486485843 0.00023809425416118952 -0.0079560671460186822 -0.048053848106016206 -0.021810550495916729 0.01647534566448491 -0.021572928069516814 -0.014630345081531677 -0.024478714866059043 -0.013642005234778282 0.0028579386514080993 0.034189279800597827 0.01156357969405453 0.028989553218467762 0.01401689171565877 -0.028006362472135834 0.047372814626539562 0.01771114906504969 0.021959932895473259 -0.0036668378664541992 0.028267994121510709 0.0021496296983242172 0.019474549075916378 0.016264690536087405
leaf_weight=4147.2423169985414 4367.310878008604 1714.2461403571069 514.92060242965817 2327.435950037092 237.13454079255462 441.20441780984402 3295.6540586054325 13045.708303932101 512.32184059172869 1794.983409229666 115.95899232104421 2488.9294772185385 3507.0438695587218 677.33639544248581 5170.7729761861265 1871.8720622360706 686.80923506245017 124.8059353530407 2692.0861781612039 3387.7452963665128 1028.6284447871149 163.15913176164031 86.400370799005032 5605.3591242134571 5027.6312435753644 1462.0433236397803 481.56684539839625 865.42028534039855 1234.6539367809892 3429.4301396235824
leaf_count=23702 21472 8164 2228 8818 1188 2277 14326 68107 2612 6955 574 13909 17118 3340 24453 9311 3905 800 14277 19294 5772 731 526 31218 28048 7735 3082 4670 6813 19427
internal_value=-0.000805655 0.0126281 -0.0211671 -0.0313387 -0.0124401 0.0061816 -0.0367244 0.00352999 0.023945 -0.0329956 0.0051028 0.0028396 -0.0290223 -0.0066579 -0.0185974 0.00257087 -0.00327615 -0.0127878 0.0204817 0.0215842 -3.26278e-05 0.00826379 2.833e-05 0.0142067 0.0183344 -0.0133805 0.0133311 0.0156299 0.014649 0.0150194
internal_weight=72505.8 43684.5 28821.3 13309.2 15512.2 27831.1 10925.1 20919.1 15853.4 8597.68 19080 15534.6 6802.7 2384.04 11000.1 4512.04 3040.25 1839.05 11706.2 11107.5 1869.12 1191.79 598.722 6911.98 7719.72 5829.35 1168.38 6470.78 1471.79 3545.39
internal_count=374852 237605 137247 59288 77959 149146 47217 110981 88459 38399 102017 82016 31444 12071 53660 24299 16298 8964 64757 61619 9843 6503 3138 38165 42325 29207 6987 35888 8001 20001
is_linear=0
shrinkage=0.1


Tree=53
num_leaves=31
num_cat=0
split_feature=11 11 11 4 16 7 15 5 2 4 18 11 10 1 7 16 15 15 0 10 10 15 4 18 10 2 13 4 13 0
split_gain=583.584 107.84 96.1643 49.7921 37.9402 50.4257 39.2208 33.1191 53.2832 27.8237 26.8589 25.0372 23.0814 22.6767 20.9228 35.344 20.7773 22.5402 37.5577 25.8935 17.947 17.6197 16.8853 16.6418 16.1593 16.0771 13.5915 13.5118 13.2198 12.9456
threshold=0.029563417340887677 0.021239794531033172 0.040897472922131223 -0.00089891418337950657 1.0000000180025095e-35 -0.024871585104064283 0.30477160432492983 -0.018247894149527707 -0.021397825614958062 -0.0083111829997073432 1.0000000180025095e-35 0.014424580846607598 0.88182176278877666 0.0077757938524469781 0.05724442666811725 1.0000000180025095e-35 0.99001007164566601 0.22875386008288404 -0.01966298394494936 0.36171076561640009 0.60637767580382529 0.18852736103421427 -0.035515824975436809 1.0000000180025095e-35 0.37492869086389419 -0.087112342189409983 -0.39445375416290523 0.0118945037190914 -0.039652755529514104 -0.016962008722460006
decision_type=2 2 2 2 2 2 2 2 2 2 2 2 2 2 2 2 2 2 2 2 2 2 2 2 2 2 2 2 2 2
left_child=1 3 22 7 6 13 26 8 9 -1 -8 -10 -4 -6 15 -9 17 -3 19 -19 -20 -16 -2 24 -24 -26 -5 28 -25 -7
right_child=2 16 12 4 5 29 10 14 11 -11 -12 -13 -14 -15 21 -17 -18 18 20 -21 -22 -23 23 27 25 -27 -28 -29 -30 -31
leaf_value=0.025608408743248268 -0.035740545530331645 -0.0062572976394809493 -0.025139925222905563 0.016089259488059428 0.021259234634849456 -0.01936502465592858 0.0025991498008027056 0.0032417435994195627 0.061564503789582906 0.0063677630186060796 0.011876586121273807 0.02849154764351311 -0.040980051927702668 0.050284138216296383 -0.00065762182632853679 0.019153274251449214 -0.031584617152943459 0.077175174574755742 -0.0009043790097895487 0.017037754154332875 0.010852042461859238 0.018220654480749398 0.013011757273282951 -0.0041824030448856268 -0.0017257223410507829 -0.013183859977707622 -0.006993054070974539 -0.033517405244416973 -0.022811301690328224 0.007814105571621207
leaf_weight=1170.6151213869452 308.0015992410481 5589.726477175951 2379.4541498124599 272.40362298488617 1023.9556673690677 184.98715654015541 10672.247354958206 6682.2597967721522 338.19956220686436 2099.6201253831387 4410.0495360940695 708.24020549654961 1499.7049568481743 365.17380441725254 580.68610931187868 1764.6867426633835 223.49014525860548 96.406561359763145 11680.586437195539 278.23317195475101 1460.9022101163864 3326.9965204820037 299.50100251287222 648.20934059843421 1564.4618644118309 5636.2189970389009 4015.4747559577227 535.87331378087401 923.85857423394918 3328.2556429281831
leaf_count=6092 887 23022 7540 1596 5425 1005 69327 40077 2073 11692 24569 3481 4157 2068 3074 10802 722 530 51175 1097 6389 20050 1367 2386 5989 20245 24025 1594 3249 19147
internal_value=0.00063879 0.00488536 -0.017915 0.00779166 0.00490156 0.0127604 0.00291259 0.0119995 0.0195399 0.0132552 0.00531186 0.0391804 -0.0312638 0.0288893 0.0093649 0.00656589 -0.00127085 -0.000916254 0.00129259 0.032513 0.000402549 0.0154153 -0.0126929 -0.0119541 -0.00974775 -0.0106944 -0.00552666 -0.0198044 -0.0151301 0.00638301
internal_weight=74068.5 60273.2 13795.3 40943.9 24272.5 4902.37 19370.2 16671.3 4316.68 3270.24 15082.3 1046.44 3879.16 1389.13 12354.6 8446.95 19329.3 19105.9 13516.1 374.64 13141.5 3907.68 9916.12 9608.12 7500.18 7200.68 4287.88 2107.94 1572.07 3513.24
internal_count=374852 327438 47414 244503 147162 27645 119517 97341 23338 17784 93896 5554 11697 7493 74003 50879 82935 82213 59191 1627 57564 23124 35717 34830 27601 26234 25621 7229 5635 20152
is_linear=0
shrinkage=0.1


Tree=54
num_leaves=31
num_cat=0
split_feature=10 11 11 11 0 20 0 14 0 2 5 0 0 1 19 8 4 7 5 4 1 19 14 14 10 11 0 11 7 3
split_gain=2362.08 467.5 215.539 185.37 134.468 118.053 104.815 96.2735 80.04 79.0701 69.3128 67.937 66.2923 67.8488 88.9332 120.824 73.115 69.939 70.0467 65.8687 65.6674 50.2547 44.9117 43.1907 54.7418 42.9869 42.1243 40.7799 40.4861 39.9371
threshold=0.29735908037241482 0.028178471799709011 0.011613092252075947 0.015075112462925302 0.045495924926563854 1.0000000180025095e-35 -0.017704270464445223 0.69150724237900529 -0.0086302277045753311 -0.073941546430975155 -0.012668547984252652 -0.042885506112479981 0.047835973941056327 -0.03061979368608014 1.0000000180025095e-35 -2.7150221991311225 -0.012457857715887586 -0.23854414093155005 -0.029189004695088224 0.029614920153117289 -0.091393711523955742 1.0000000180025095e-35 0.22128940421276824 0.22893591032222879 0.79020903568597445 0.039062942826411276 0.025677714076715267 0.017075970178272341 -0.19695172242542899 -0.18463550069312748
decision_type=2 2 2 2 2 2 2 2 2 2 2 2 2 2 2 2 2 2 2 2 2 2 2 2 2 2 2 2 2 2
left_child=2 3 -1 29 6 7 21 8 10 -8 -4 -7 13 14 16 -16 -3 25 -19 28 -10 -5 -6 -14 -25 -15 -9 -24 -13 -2
right_child=1 12 5 4 22 11 9 26 20 -11 -12 19 23 17 15 -17 -18 18 -20 -21 -22 -23 27 24 -26 -27 -28 -29 -30 -31
leaf_value=-0.05801910462392066 0.094709978290103053 0.034792496614675726 -0.019908409432893435 0.016419926386806394 0.063495231042759614 0.10571815915958596 -0.020037552105598686 -0.042415479685780903 0.20406815634603662 -0.0004282925030835344 0.013642677598818809 0.14446113568672947 0.05693940628300858 0.087820271803506392 0.1458533291331682 0.037073490114230681 0.01232185690349027 -0.014173390487459076 0.01360616553775611 0.19711473317084735 -0.025235201198698883 -0.0060164458086912308 -0.08089005277336965 0.014782876141961863 0.044667622752156855 0.017161784317252515 0.0045729838695958936 0.025623439036906878 -0.052457689981481807 -0.036312270306786805
leaf_weight=2929.6627768501639 23.649171374738216 2037.1889704093337 1259.9898684993386 5127.0532810129225 341.07972371578217 28.195107579231262 2314.882185626775 2888.8927696160972 12.513970814645289 18409.63097949326 1204.2481183372438 10.487864591181276 595.05119420588017 196.46220356225967 108.45237141102552 1745.2776006013155 5006.9054842144251 980.32660368084908 12250.312341146171 10.699299540370701 6268.2543251365423 1239.7161487415433 37.13672211393714 1498.8919405415654 1037.0060605332255 153.27432581037283 204.27872397378087 1119.976703338325 2324.3299020789564 1428.8259074389935
leaf_count=43616 186 3727 9127 20719 1015 159 10605 27628 52 94655 8755 43 1042 392 139 3661 11000 2295 28870 50 52966 4963 264 2993 1442 268 1580 3704 23826 15110
internal_value=-0.000864011 0.00913349 -0.0333215 0.000671207 0.00244175 -0.0282303 0.00082897 -0.0241491 -0.0187858 -0.0026186 -0.00351233 -0.0485839 0.0190605 0.0171617 0.0239491 0.0434376 0.0188205 0.0127146 0.0115478 -0.0504387 -0.0247783 0.0120512 0.0316051 0.0326931 0.0270037 0.0568537 -0.0393123 0.022205 -0.0515731 -0.034179
internal_weight=72792.7 55651.1 17141.6 30042 28589.5 14211.9 27091.3 11838.2 8745.01 20724.5 2464.24 2373.71 25609.1 22478.2 8897.82 1853.73 7044.09 13580.4 13230.6 2345.52 6280.77 6366.77 1498.19 3130.95 2535.9 349.737 3093.17 1157.11 2334.82 1452.48
internal_count=374852 207050 167802 151221 135925 124186 130942 100108 70900 105260 17882 24078 55829 50352 18527 3800 14727 31825 31165 23919 53018 25682 4983 5477 4435 660 29208 3968 23869 15296
is_linear=0
shrinkage=0.1


Tree=55
num_leaves=31
num_cat=0
split_feature=11 11 11 11 16 5 15 13 9 9 15 14 16 9 10 15 6 18 6 2 13 13 16 9 11 15 19 11 13 15
split_gain=2192.7 527.504 145.488 128.951 118.634 73.4399 114.622 69.6717 66.9706 66.4742 66.8966 63.0033 75.5433 65.6078 61.3735 60.3865 95.7389 58.398 139.591 75.9921 71.2479 63.7133 56.8047 72.298 61.3319 55.0773 48.8576 44.4609 39.9811 44.8355
threshold=0.017144745332085716 0.026774789434422987 0.011830043244872237 0.0351508335049018 1.0000000180025095e-35 0.033002071139704332 0.96002732410614433 -0.34204107023191205 0.13476245741812934 0.5544774912298831 0.16818030829775507 0.1690708006427829 1.0000000180025095e-35 0.44873532259463084 1.0651442732051164 0.76326395945725933 -0.0060417447654791392 1.0000000180025095e-35 -0.17941534734616357 -0.24031384314780199 0.19474549022810075 -0.34204107023191205 1.0000000180025095e-35 0.31431109543457431 0.014884883634154383 0.13225916226826709 1.0000000180025095e-35 0.009372690526080826 -0.016687494031353785 0.92941175673037302
decision_type=2 2 2 2 2 2 2 2 2 2 2 2 2 2 2 2 2 2 2 2 2 2 2 2 2 2 2 2 2 2
left_child=2 4 27 11 5 9 7 -7 15 10 -2 -3 14 -14 -13 -4 -17 19 -19 26 -20 -21 23 24 -10 -25 -5 -1 -24 -30
right_child=1 3 8 17 -6 6 -8 -9 22 -11 -12 12 13 -15 -16 16 -18 18 20 21 -22 -23 28 25 -26 -27 -28 -29 29 -31
leaf_value=-0.073443688926133718 0.01721574927749742 -0.0022317431139465705 -0.0037399894828564436 0.0043403868424548749 -0.014533204808303066 -0.061426215268586874 0.027146307329640341 -0.011149958531905632 -0.029405409126003264 -0.022153256573275566 0.0030429862804973572 0.019722892067832034 0.026270178533951166 -0.012804418280670936 -0.04166629705640032 0.28257754886513942 0.019467732689330962 0.13161158049501695 0.021845394523389204 0.048574419811791371 0.055713959250711098 0.021763194258463656 -0.053322438497733674 0.00061985431460610699 -0.012722294404056722 -0.055198133094116267 -0.064098145476252671 -0.04474549798793151 -0.031738779227584384 0.074287403154544393
leaf_weight=667.72507078200579 4575.1529129371047 2435.6347870230675 305.58820348605514 369.25252389162779 4985.6476102285087 296.43002473562956 775.56306238472462 3928.6439519114792 4910.7655779011548 826.27759975939989 12240.907472029328 10458.602023556828 596.83871521055698 1534.4378731399775 165.4293046221137 20.295296769589186 43.411463987082243 152.49435036629438 1830.4387581646442 983.65897414833307 940.14446014165878 8957.9648535624146 1388.1845114417374 208.74610266834497 3997.2956851385534 1154.2631042189896 145.37982182204723 2818.8182770237327 1038.5208865106106 41.476619962602854
leaf_count=11546 18517 7357 2863 632 26981 1876 2996 21090 50846 3745 63754 28266 1953 4901 439 105 376 183 3181 1635 1498 16260 13041 1472 31505 9813 228 38259 9324 302
internal_value=-0.000147703 0.00928352 -0.0320863 0.0188109 -0.00056853 0.00250628 -0.00819078 -0.0146773 -0.0272575 0.00553832 0.00689898 0.0125059 0.0153201 -0.00186204 0.018767 0.0147232 0.103288 0.0259695 0.0384649 0.0224764 0.033338 0.024416 -0.0284744 -0.025201 -0.0219192 -0.0466496 -0.014993 -0.0502416 -0.0420964 -0.0276669
internal_weight=72794 56198.9 16595.1 28570.3 27628.6 22643 5000.64 4225.07 13108.5 17642.3 16816.1 15190.9 12755.3 2131.28 10624 369.295 63.7068 13379.3 2923.08 10456.3 2770.58 9941.62 12739.3 10271.1 8908.06 1363.01 514.632 3486.54 2468.18 1080
internal_count=374944 205492 169452 66533 138959 111978 25962 22966 119647 86016 82271 42916 35559 6854 28705 3344 481 23617 4862 18755 4679 17895 116303 93636 82351 11285 860 49805 22667 9626
is_linear=0
shrinkage=0.1


Tree=56
num_leaves=31
num_cat=0
split_feature=10 10 13 10 12 17 13 3 9 3 5 12 6 4 14 5 12 4 8 3 9 19 3 4 3 13 1 5 7 6
split_gain=466.473 91.3544 68.7319 63.537 38.9474 33.2665 42.2364 45.693 30.016 28.4828 27.9283 32.026 26.0327 25.0523 24.0986 23.7988 23.5359 23.3423 20.9525 30.3251 20.7966 19.0216 17.0055 16.803 16.4995 16.4678 15.9018 15.6142 25.3502 14.7412
threshold=0.52386090436391164 0.36536091244235636 0.076498962401854956 0.77334176316066927 0.22875437048178068 1.0000000180025095e-35 -0.62298669896613357 0.049169044454530082 0.71431192034104884 0.01851427290213126 0.015827095786650539 0.075094164192518784 -0.043148735201145198 -0.0072633039203322527 0.46704773223925095 0.029776395386947322 0.34361336315581714 0.02710972885272778 0.1493432743560531 0.074211303607958815 0.53665243680184915 1.0000000180025095e-35 -0.22707241618279281 -0.0074349383404932459 0.16276300966944837 0.53021047746162209 0.011315882507472176 0.034137405216930435 0.0082613612676439869 -0.048519814247692188
decision_type=2 2 2 2 2 2 2 2 2 2 2 2 2 2 2 2 2 2 2 2 2 2 2 2 2 2 2 2 2 2
left_child=1 2 5 4 -2 10 26 -8 24 17 14 -12 -4 27 -1 23 -5 20 29 -20 22 -17 -3 -14 -6 -22 -7 28 -11 -15
right_child=3 9 12 16 8 6 7 -9 -10 13 11 -13 15 18 -16 21 -18 -19 19 -21 25 -23 -24 -25 -26 -27 -28 -29 -30 -31
leaf_value=0.0020987260006682519 -0.013418481434796107 -0.027205763978436083 0.012308741857707766 -0.029206150838410622 -0.011373671253562791 0.11832214142984128 0.0098514666948442201 0.028251887718158064 0.018992911888031531 0.011712616730082556 0.019095012834536483 0.0026422961399291331 -0.015031140130335942 -0.051519925775893066 0.010176139025405401 0.0035824341865183917 -0.01449142326283725 -0.037577144532248079 -0.0085396526003124317 0.0072400084870932989 0.0041677337370031285 0.02491036226015347 -0.0049894510443844256 -0.0012992129803193597 0.012459498948791076 0.045707513269856601 0.0095925270884040965 0.0078429500084210881 -0.020914460679456143 0.019244382692385185
leaf_weight=7178.5168190076947 8638.4366314932704 361.38502936810255 1895.4358232170343 3137.2496992647648 1299.6440459378064 56.000222511589527 4009.3878260627389 2034.3203634098172 670.51659055799246 311.74773974716663 4172.9470410048962 1651.29367736727 1017.8517991229892 30.181119807064533 7608.2572577819228 1930.9490077272058 1663.2816223911941 211.86104765534401 1632.5395208746195 4794.9444739185274 1292.9607469029725 533.75821979343891 7394.151913639158 7155.3388195149601 374.08302693068981 103.04064716398716 17.703044153749943 480.47366258502007 1008.5131258293986 1195.0391149744391
leaf_count=41887 31804 1144 10161 9691 5970 338 22642 10763 3239 1487 25657 10040 5456 110 49068 10596 6547 776 6956 22007 5787 2991 33096 42198 1821 552 86 2215 4141 5718
internal_value=0.00073348 0.00487627 0.00762192 -0.014511 -0.0103163 0.010487 0.0169627 0.0160451 0.00111517 -0.000852588 0.00856504 0.0144303 0.00151183 0.00301945 0.00625481 -0.00041194 -0.0241078 -0.00476186 0.00551661 0.00323208 -0.00400218 0.00820122 -0.00602467 -0.00300932 -0.00604689 0.00723384 0.092206 -0.0075929 -0.0132104 0.0175012
internal_weight=73861.8 58078.6 39261.8 15783.2 10982.7 26728.4 6117.41 6043.71 2344.24 18816.8 20611 5824.24 12533.3 9453.44 14786.8 10637.9 4800.53 9363.4 7652.7 6427.48 9151.54 2464.71 7755.54 8173.19 1673.73 1396 73.7033 1800.73 1320.26 1225.22
internal_count=374944 315872 231883 59072 42834 160481 33829 33405 11030 83989 126652 35697 71402 42634 90955 61241 16238 41355 34791 28963 40579 13587 34240 47654 7791 6339 424 7843 5628 5828
is_linear=0
shrinkage=0.1


Tree=57
num_leaves=31
num_cat=0
split_feature=11 11 11 11 11 15 1 0 18 1 11 20 4 4 2 4 0 9 15 11 4 12 9 8 4 4 17 9 4 14
split_gain=2102.26 373.598 289.163 79.4314 50.9778 42.6303 48.3844 41.136 35.4011 32.8216 30.7407 29.7182 31.0699 26.6508 25.4073 25.316 23.6599 27.0017 21.438 20.5196 20.2676 19.7296 19.6977 19.4343 18.9705 22.3218 18.8128 16.34 14.5764 13.9767
threshold=0.023160187188386368 0.016116281098797407 0.031513000132407279 0.011830043244872237 0.043213291422272281 0.96002732410614433 0.047373158694497881 -0.020075176184115803 1.0000000180025095e-35 -0.0016642048404247321 0.026774789434422987 1.0000000180025095e-35 0.015857594743066365 -0.0076023437755226011 0.12576476705063103 0.0042000768318091195 0.047835973941056327 0.53665243680184915 0.80961989100694132 0.0096678199488168266 -0.010551529248422396 0.034781299521201417 0.16610172470768503 -0.5985849094067196 -0.015571508333000137 0.012879913283342816 1.0000000180025095e-35 0.61613558274693336 -0.017731748009016533 0.37600800851616184
decision_type=2 2 2 2 2 2 2 2 2 2 2 2 2 2 2 2 2 2 2 2 2 2 2 2 2 2 2 2 2 2
left_child=1 3 7 9 24 6 8 28 13 21 16 12 14 -3 -5 -10 17 -9 26 -11 -13 23 -22 -1 -4 -26 -8 -12 -2 -29
right_child=2 5 4 11 -6 -7 18 10 15 19 27 20 -14 -15 -16 -17 -18 -19 -20 -21 22 -23 -24 -25 25 -27 -28 29 -30 -31
leaf_value=0.048897221956990367 -0.041373296052328458 -0.0060009588121791432 -0.048378284962466461 0.013566146969615146 -0.053041494342804835 -0.021022393111322049 0.02345272183050566 -0.010088736944225652 -0.002562425560377547 0.042471869989891581 -0.022711543712554651 -0.0046465976045524928 -0.016272208834606793 0.0047389106875734294 0.085513784593817033 -0.019517871014812768 -0.033760334587802823 0.01200233652668313 0.0019547458564932126 0.028059516651573926 0.0057036296039827796 0.013882167498247286 0.02876564486139347 0.02247945273415744 -0.029605900758255439 -0.044618776307372272 0.0017275521365902953 0.014129364289086564 -0.023914201778774048 -0.015630083224107454
leaf_weight=355.75362242013216 601.72125557437539 2859.4115151688457 1007.2047614343464 14162.620771989226 2365.3496007807553 805.84265780076385 1828.0428846254945 4753.3592484556139 2859.3443496748805 1363.8889919817448 3910.1541044712067 237.95838333666325 351.70509441941977 12036.860636264086 49.252968683838844 1272.4816405326128 366.98242349177599 626.1835389919579 1132.9161694347858 3583.1824930459261 428.81762694567442 2319.7243343740702 2716.6132986992598 1281.83521335572 3923.7848626710474 1324.7517604678869 509.73317067325115 227.17972270026803 2329.4144729413092 516.89467743039131
leaf_count=2130 2532 14844 3975 76195 8744 3828 10830 24510 14773 8106 18955 1279 1785 65015 339 5840 1605 3750 6278 20020 2153 12390 15701 7159 18682 5430 2709 1424 11232 2731
internal_value=-0.000455349 0.0108409 -0.0262639 0.0188813 -0.040536 0.00157679 0.00238622 -0.0170347 0.000405685 0.0266029 -0.0140859 0.0150502 0.0130889 0.00267734 0.0138155 -0.00778421 -0.00919324 -0.00751732 0.0132445 0.0320329 0.0234928 0.0198147 0.0256216 0.0282185 -0.0358076 -0.0333952 0.0187157 -0.0201268 -0.0274983 -0.00654397
internal_weight=72109 50156 21953 26851.4 8621.09 23304.6 22498.8 13331.9 19028.1 8904.38 10400.8 17947 14563.6 14896.3 14211.9 4131.83 5746.53 5379.54 3470.69 4947.07 3383.39 3957.31 3145.43 1637.59 6255.74 5248.54 2337.78 4654.23 2931.14 744.074
internal_count=374944 271374 103570 147257 36831 124117 120289 66739 100472 49805 52975 97452 78319 79859 76534 20613 29865 28260 19817 28126 19133 21679 17854 9289 28087 24112 13539 23110 13764 4155
is_linear=0
shrinkage=0.1


Tree=58
num_leaves=31
num_cat=0
split_feature=11 11 11 5 6 16 4 3 4 11 9 10 18 7 11 15 10 9 9 5 8 20 8 6 15 13 2 8 20 10
split_gain=550.826 104.491 88.5165 44.8843 50.4744 39.7782 34.173 53.2687 32.9138 30.0326 27.162 31.6329 26.5681 22.8711 22.4342 22.3195 22.2551 21.5709 21.2317 21.2191 20.3567 20.1758 19.8942 19.4196 18.5346 18.3439 20.6727 18.0748 16.2568 16.0717
threshold=0.03063157058503618 0.017437005246231183 0.040897472922131223 -0.015315901021302423 -0.020522812597737857 1.0000000180025095e-35 0.021823756169154006 -0.066870602651106101 -0.012457857715887586 0.023160187188386368 0.41001651496859287 0.59888408731900078 1.0000000180025095e-35 0.26194741417359163 0.014173844449952176 0.14827240850021833 0.69989071279756809 0.14176984115601507 0.58221343754063948 -0.0040356896931532651 1.1968088940117105 1.0000000180025095e-35 -0.73258424791758048 -0.079841563793339052 0.23681569001266461 0.32556223002484297 0.20232698462900514 0.06568996129235824 1.0000000180025095e-35 0.45584139455330014
decision_type=2 2 2 2 2 2 2 2 2 2 2 2 2 2 2 2 2 2 2 2 2 2 2 2 2 2 2 2 2 2
left_child=1 3 13 4 5 24 17 -8 21 10 11 23 -9 15 -10 -2 20 -5 29 -13 -4 -6 -7 -3 -1 26 -20 -19 -12 -11
right_child=2 9 16 6 8 22 7 12 14 18 28 19 -14 -15 -16 -17 -18 27 25 -21 -22 -23 -24 -25 -26 -27 -28 -29 -30 -31
leaf_value=-0.0038048808209381578 -0.019475538730065543 -0.015232366306950346 -0.0099984986344360451 -0.0025588880676571499 0.041785362253250677 0.011473397844546901 0.16773211413674291 0.0050235749374260806 0.038164734483829066 -0.00082012481208415273 0.0082046843920412348 -0.0010437477101273565 0.0757864994944034 -0.027033722988835836 0.014694347298268649 -0.0073563203687230716 -0.035905794380927829 0.0048005178181169733 0.010777605200044595 0.035146896115348394 -0.04338798195140442 0.11180285903734738 0.04328301044208762 0.0016675243202262516 0.011895160730228211 -0.0081490232453486026 0.07519763324954945 0.010983852565281985 0.025383170681498531 -0.0079532882696639242
leaf_weight=1235.2311787158251 2162.0448047891259 712.99467773735523 729.62990066409111 2233.114975053817 91.018741518259048 328.74421329796314 30.046417817473412 172.54755648225546 835.27810450643301 7438.0256743133068 2896.1798910200596 249.53073078393936 76.617283925414085 1007.4651727303863 794.7622529938817 5114.2189985141158 2804.1637217737734 9638.3237880952656 1415.2566326335073 461.88387521356344 243.54239955917001 75.120364584028721 489.17038681358099 14667.539290212095 1921.8459922447801 565.93018715083599 51.631739608943462 9278.3884098678827 680.29056427627802 5490.0000812746584
leaf_count=6900 7285 3156 2573 17260 526 1814 144 955 5390 32191 14417 1077 330 3129 4326 19211 8373 62111 6410 2394 709 424 2821 71329 12152 2265 325 60219 3629 21099
internal_value=0.000851174 0.00466454 -0.0186975 0.00930302 0.0171307 0.0108441 0.00719492 0.0419507 0.0310429 0.00102115 0.00358958 0.00183764 0.0267829 -0.0129126 0.0267212 -0.0109574 -0.031384 0.00673609 -0.00235547 0.0224529 -0.0183544 0.073444 0.0304978 0.000884097 0.0057524 0.0071447 0.0130451 0.00783336 0.0114723 -0.00384929
internal_weight=73890.5 61829.5 12061.1 27200.2 5771.17 3974.99 21429 279.211 1796.18 34629.3 19668.4 16091.9 249.165 8283.73 1630.04 7276.26 3777.34 21149.8 14960.8 711.415 973.172 166.139 817.915 15380.5 3157.08 2032.82 1466.89 18916.7 3576.47 12928
internal_count=374944 333664 41280 175372 34353 23687 141019 1429 10666 158292 96002 77956 1285 29625 9716 26496 11655 139590 62290 3471 3282 950 4635 74485 19052 9000 6735 122330 18046 53290
is_linear=0
shrinkage=0.1


Tree=59
num_leaves=31
num_cat=0
split_feature=11 11 11 20 0 0 14 3 4 12 4 15 13 20 13 0 7 12 4 13 0 0 4 13 17 8 3 15 14 3
split_gain=1873.1 395.166 229.454 123.854 105.592 93.8957 91.8966 92.3937 93.4225 89.7119 79.6357 75.0693 71.3026 96.6394 95.9487 70.2683 71.443 66.7674 63.3417 59.6152 57.7238 69.276 60.206 92.8908 57.5609 56.3923 56.3133 55.5136 50.4144 50.3492
threshold=0.019897132390648609 0.013809939209142976 0.03035328105059203 1.0000000180025095e-35 0.047835973941056327 -0.025866029187397773 0.73102750102949021 0.07067274306942363 0.015321428678931383 0.040353893771120856 -0.024984085895701998 0.084090154148877536 -0.45038080810268161 1.0000000180025095e-35 -0.68012758425411557 -0.040881314432569253 0.21409095845305473 0.22875437048178068 0.012541164350017288 0.039325905393546752 0.061319486329779245 -0.054789505542215615 -0.013245199942189421 0.079305581592544375 1.0000000180025095e-35 -0.6326135434188499 -0.28905347423183797 0.98188527135970194 0.28057801223048234 -0.0052756230278818697
decision_type=2 2 2 2 2 2 2 2 2 2 2 2 2 2 2 2 2 2 2 2 2 2 2 2 2 2 2 2 2 2
left_child=1 9 4 6 5 10 7 8 -3 -1 11 -2 13 -11 -15 -5 -17 18 -7 -9 21 24 23 -23 25 -4 -24 -22 -19 -14
right_child=2 3 20 15 -6 17 -8 19 -10 12 -12 -13 29 14 -16 16 -18 28 -20 -21 27 22 26 -25 -26 -27 -28 -29 -30 -31
leaf_value=-0.056309477801887532 0.031731996730911378 -0.0043306291312448604 0.023327917383157763 0.057085163589699221 0.029941314397747665 -0.0044518261931078612 -0.025953458719190414 -0.034385561426151977 0.045753597186365187 -0.015280785428979735 0.01071068053455689 0.11974321330720115 -0.02220558438383706 0.41351414114592622 0.072273383850184822 -0.039969980532650141 0.064398507739274038 0.039903368918234247 0.012425593037214968 -0.0028087215953586831 0.066448709843286866 0.012645129823585802 0.037964521384835151 0.047158030561932636 0.00032545542259753433 0.057776334530532741 0.010064068814724124 0.024982148688348749 0.0069239208332919633 -0.046401252026243935
leaf_weight=3139.1509807780385 454.17723217606544 7719.439865924418 966.04342691600323 81.019186541438103 1505.2486423179507 16087.965782757849 3453.8365907073021 1726.3188115619123 391.31346311420202 201.9095617942512 3886.5890906080604 123.2035910487175 1387.3575393743813 10.002582188695667 46.755677338689566 2674.1267025545239 67.236573703587055 630.83117441833019 2580.3688188828528 914.67230504751205 440.06501498073339 1914.2009793147445 764.79740332812071 1315.9796954393387 445.14004461467266 935.27679707109928 13370.203952252865 1212.1125372871757 1747.6540051102638 2262.7189540937543
leaf_count=44689 1166 54008 1325 431 4247 71669 27662 13077 1787 2400 12983 329 16845 57 533 24314 474 2442 9644 6569 702 3656 1284 2419 645 1337 29652 1765 7164 29669
internal_value=-0.00101418 -0.0238064 0.0103282 -0.0155641 0.00420404 0.00268543 -0.0117626 -0.007204 -0.00191425 -0.04372 0.0158587 0.0505121 -0.0336093 0.0171265 0.132411 -0.0346976 -0.0374102 -0.000108582 -0.002119 -0.0234493 0.0180725 0.0165677 0.0143885 0.0267057 0.032695 0.0402734 0.0115737 0.036027 0.0156709 -0.0372047
internal_weight=72455.7 24075.9 48379.9 17028 27016 25510.8 14205.6 10751.7 8110.75 7047.9 4463.97 577.381 3908.74 258.668 56.7583 2822.38 2741.36 21046.8 18668.3 2640.99 21363.8 19711.6 17365.2 3230.18 2346.46 1901.32 14135 1652.18 2378.49 3650.08
internal_count=374944 222515 152429 128322 109644 105397 103103 75441 55795 94193 14478 1495 49504 2990 590 25219 24788 90919 81313 19646 42785 40318 37011 6075 3307 2662 30936 2467 9606 46514
is_linear=0
shrinkage=0.1


Tree=60
num_leaves=31
num_cat=0
split_feature=10 10 16 15 15 0 4 9 0 15 1 13 9 19 20 6 14 6 4 0 13 9 13 1 0 12 1 14 13 9
split_gain=1059.55 228.375 167.67 144.351 209.374 101.155 85.7801 136.701 80.7669 75.6147 83.4776 72.876 61.2926 103.234 68.2749 57.478 56.7714 58.8199 54.6039 52.8064 67.1883 60.4575 50.6785 50.4714 50.059 47.8906 47.1737 46.8175 45.6699 61.2024
threshold=0.34090387391023175 0.25884582975236758 1.0000000180025095e-35 0.17645087527401548 0.96002732410614433 0.047835973941056327 0.038888190112253536 0.73276440253461139 -0.02243594823480843 0.13225916226826709 0.036493206242330441 -0.085857974883956037 0.94380579502158202 1.0000000180025095e-35 1.0000000180025095e-35 0.039646357170792242 0.80235291884504423 0.064034889983697343 0.024808980907197856 0.056730420249139664 0.29558195519755925 1.1213460018074339 0.11481094080258589 -0.062368750830175783 0.061319486329779245 0.26077368148239066 -0.099942636534974913 0.057142863599221938 0.17012966382464054 0.28513216626799881
decision_type=2 2 2 2 2 2 2 2 2 2 2 2 2 2 2 2 2 2 2 2 2 2 2 2 2 2 2 2 2 2
left_child=1 11 3 12 5 8 15 -8 -5 10 16 -1 14 26 25 23 17 -3 -13 21 -21 -6 -15 27 -17 -2 -14 -4 -11 -30
right_child=2 9 6 4 19 -7 7 -9 -10 28 -12 18 13 22 -16 24 -18 -19 -20 20 -22 -23 -24 -25 -26 -27 -28 -29 29 -31
leaf_value=-0.03900445447103127 0.023723871565706066 0.018532405691047291 0.07509133913031063 -0.026463512488831525 0.03229256511377579 -0.039241789899103652 -0.033875224848865702 0.097082724605954476 0.0047758452287027884 -0.015480577807039734 -0.090043994714124831 -0.023187178421902988 0.030309999753207129 -0.060706723501111816 0.0019440316684255282 0.007082652532816743 -0.030168424474333062 0.14779195146330187 0.071049052784043318 0.00081043762193955227 0.040227595827772328 0.099153914248436323 0.019039506996656685 -0.019548567890332519 -0.056490546442619298 -0.0029094025394791109 0.072970683707926601 -0.0020341728458930374 0.023655872202292746 -0.010829993638443372
leaf_weight=4160.9525046125054 7244.4398785568774 1469.8897260203958 83.606824696063995 859.46136152744293 2285.4122378788888 564.04370079562068 133.20572890341282 198.47524772584438 22336.67440783605 8733.5498949103057 80.099664181470871 7121.8672162890434 453.17412915080786 118.83677799254656 2379.405895832926 2680.2898355126381 246.19914290681481 36.068451683968306 62.023121304810047 1282.0959869548678 652.52852170914412 143.74449699372053 241.91237496584654 3831.8150596804917 129.86210806667805 744.53950624540448 605.58891458064318 1342.9098580591381 755.84155669808388 1612.497904304415
leaf_count=48637 20034 7346 216 2809 5816 1940 467 244 86364 63533 583 74659 578 176 7395 10084 1743 111 355 2780 1163 192 354 15999 323 2086 945 3961 4558 9615
internal_value=-0.00107519 -0.0181176 0.00748941 0.0101921 0.00629859 0.00260091 -0.00535184 0.044489 0.00361837 -0.00903441 0.00978645 -0.0284733 0.0194813 0.0389695 0.0168132 -0.00740071 0.0143502 0.0216282 -0.0223736 0.026432 0.0141054 0.0362491 -0.00723023 -0.0135709 0.00414482 0.0212418 0.054711 0.00248608 -0.0121406 0.000175967
internal_weight=72591 24279 48312 39911.9 28124 23760.2 8400.16 331.681 23196.1 12934.1 1832.26 11344.8 11787.9 1419.51 10368.4 8068.48 1752.16 1505.96 7183.89 4363.78 1934.62 2429.16 360.749 5258.33 2810.15 7988.98 1058.76 1426.52 11101.9 2368.34
internal_count=375066 211140 163926 132632 101064 91113 31294 711 89173 87489 9783 123651 31568 2053 29515 30583 9200 7457 75014 9951 3943 6008 530 20176 10407 22120 1523 4177 77706 14173
is_linear=0
shrinkage=0.1


Tree=61
num_leaves=31
num_cat=0
split_feature=11 0 10 11 17 4 15 11 6 0 16 0 15 10 18 0 12 0 15 15 6 10 12 5 4 5 14 10 11 11
split_gain=399.191 88.2138 68.8827 60.5644 45.5398 63.9475 45.4442 33.688 33.1194 39.0473 37.8234 31.7519 29.6449 29.9524 28.4141 24.551 27.6935 24.2047 45.4958 23.2503 22.8873 22.2469 20.034 20.0279 19.6867 18.3154 16.3852 17.4965 16.1461 15.6966
threshold=0.028622029865715135 -0.025219892306390431 0.77334176316066927 0.018475703777234346 1.0000000180025095e-35 0.0061875254953389644 0.35236817519170621 0.015263305836846503 -0.048519814247692188 0.01118865885607523 1.0000000180025095e-35 -0.037666195473120327 0.51192459932389445 0.4714070141744679 1.0000000180025095e-35 0.03626251454301422 0.16559049689766139 -0.01201622676312941 0.21666111518821321 0.052331438294194711 -0.02885140902974875 0.33935071604839945 0.43288460491605846 -0.037641657286448686 -0.0055710663606134405 -0.033464488623268666 0.30016803350184895 0.43584606127450864 0.037515994271453891 0.012976701988910206
decision_type=2 2 2 2 2 2 2 2 2 2 2 2 2 2 2 2 2 2 2 2 2 2 2 2 2 2 2 2 2 2
left_child=1 14 11 4 8 6 -6 -7 10 -10 -3 23 17 20 19 16 21 18 -5 26 -14 -13 -15 -2 -18 -25 -1 -28 -4 -21
right_child=2 3 28 12 5 7 -8 -9 9 -11 -12 15 13 22 -16 -17 24 -19 -20 29 -22 -23 -24 25 -26 -27 27 -29 -30 -31
leaf_value=-0.0094732288298146547 -0.031734245875828737 0.032116148301995655 -0.015003472421786377 0.0079192701948264926 0.024248294283538443 0.051119664445374725 0.0049776047739618209 0.018651677088182141 0.0032139926852942872 0.013192214551041252 -0.0073020444740437259 0.021994821033355094 0.012039137661497518 -0.010703525600228319 -0.021514301814417526 -0.018639683643699268 -0.0098622047262862927 0.0098011395294510129 -0.014266102560243649 0.034023892179246056 -0.00061951353224351372 -0.010104424357553946 0.03105078583654813 0.068587705635606774 0.01111522601068337 -0.012222191311000238 0.022376539524196118 -0.0033866328048114042 -0.029334045153951518 -0.012102682678565645
leaf_weight=518.64254877343774 983.54893999546766 957.58835384249687 1095.8302326723933 2536.8847584575415 1800.3432355523109 681.30972432345152 3820.7661367431283 601.88127029687166 16623.357924163342 5132.7098197117448 326.39883972704411 224.46024345606565 1722.1397352218628 3324.6098859682679 1212.0076962672174 1693.4910031221807 651.56880931556225 6260.3519025892019 1454.2186410501599 76.363915294408798 8370.9981058873236 5670.1598817519844 119.02566972374916 29.668687529861927 1427.5136847645044 513.14725672081113 660.26702182739973 438.7849303856492 2782.6405894309282 2175.3396535217762
leaf_count=2119 3111 5568 3992 11446 10619 3677 22452 2844 109540 31806 1943 1023 8308 14475 5486 5975 2538 30124 6443 522 38370 20311 624 168 5912 1854 3405 1860 8357 10194
internal_value=0.000719635 0.00444059 -0.0138003 0.00563156 0.00862392 0.0157479 0.0111497 0.0358905 0.00648913 0.00556806 0.0220958 -0.00982089 0.00186482 -0.00120724 -0.00815315 -0.00770458 -0.00538213 0.00592139 -0.000164305 -0.00396805 0.00154037 -0.00888212 -0.00926033 -0.0232245 0.00454106 -0.00780537 0.00517729 0.0120909 -0.0252851 -0.0105384
internal_weight=73886 58814 15072 53732.6 29944.4 6904.3 5621.11 1283.19 23040.1 21756.1 1283.99 11193.6 23788.2 13536.8 5081.41 9667.19 7973.7 10251.5 3991.1 3869.4 10093.1 5894.62 3443.64 1526.36 2079.08 542.816 1617.69 1099.05 3878.47 2251.7
internal_count=375066 321825 53241 298239 188449 39592 33071 6521 148857 141346 7511 40892 109790 61777 23586 35759 29784 48013 17889 18100 46678 21334 15099 5133 8450 2022 7384 5265 12349 10716
is_linear=0
shrinkage=0.1


Tree=62
num_leaves=31
num_cat=0
split_feature=11 11 11 11 11 11 10 20 10 9 10 14 3 12 9 10 20 4 2 13 10 4 7 10 12 9 4 10 9 4
split_gain=1698.55 353.927 214.2 72.6659 66.7484 38.6281 36.4464 31.5367 30.9132 49.9423 30.187 29.9535 31.4501 26.11 26.7118 31.9008 22.2331 23.9162 23.8303 21.6004 21.4052 20.0217 19.2768 18.7516 18.3609 18.1517 18.1304 17.4547 17.4193 17.2772
threshold=0.024134260737993202 0.015843590598013046 0.034189504277448483 0.010445960367798031 0.019654009370232848 0.0461913779493437 0.39545018614138777 1.0000000180025095e-35 0.31930864939234849 0.38307589293752881 0.36909228422235024 0.66778636324657104 0.026413419194936786 0.15840584608234323 0.5544774912298831 0.63862320644540527 1.0000000180025095e-35 -0.015095983820655688 0.072197757913452523 -0.45038080810268161 0.4330829121564419 0.01867576600287069 0.1743121806941115 0.50164748834262241 0.18968238605464152 0.35598717783359685 -0.01005797040103351 0.57871245731830812 0.1322098870962907 0.0054319892445064974
decision_type=2 2 2 2 2 2 2 2 2 2 2 2 2 2 2 2 2 2 2 2 2 2 2 2 2 2 2 2 2 2
left_child=1 3 6 22 16 20 -2 11 25 27 -11 12 -5 23 -15 -16 18 -18 21 28 -4 -3 -1 -8 -20 -6 -21 -10 -9 -13
right_child=2 4 5 7 8 -7 13 19 9 10 -12 29 -14 14 15 -17 17 -19 24 26 -22 -23 -24 -25 -26 -27 -28 -29 -30 -31
leaf_value=0.028153106124428697 -0.008487265180575047 0.0022354531828618217 -0.005850440372481884 0.0049283637526669885 0.00040210660290438104 -0.055159199543036511 -0.020491645467552673 -0.089343496977898743 -0.016755991934733889 0.014785287681507275 -0.0045872927812086869 0.020673202150283013 0.015635712348348606 -0.022073648699691042 0.012443647677938473 -0.017756915114987875 -0.026288387011363393 0.015587113108959489 0.010723416645083635 -0.00088956262822665526 -0.038423214050432627 -0.025205396436616664 0.12262596167971168 -0.030842051296920265 0.043968469749194022 0.02081355918200177 0.025882630203180088 0.0034827743945898895 0.0010946183269702346 0.0072048627672799837
leaf_weight=4394.5120367854834 2679.6884328275919 9805.2340316995978 211.53777964040637 6321.4826806038618 2443.4593220725656 1555.6084342896938 4065.467758141458 24.496944546699524 4340.4624783210456 1041.5100145563483 3532.3807407319546 5158.9281323328614 4846.2078696489334 1834.7694606184959 652.01202752813697 754.49945576116443 144.06987980753183 2557.3568339794874 1401.5656916350126 271.83981779962778 4359.5272784084082 273.3038719445467 21.705008454620838 3073.6880475841463 188.46569757163525 530.22254459559917 3640.6280672848225 472.52401676028967 163.06530662626028 1168.1169141381979
leaf_count=24908 14166 51582 1200 32453 13026 5835 20331 64 20975 6078 18882 28484 26284 8866 3964 3910 726 14419 7681 1430 19414 1319 154 14361 1175 3167 20586 2585 852 6189
internal_value=-0.000643418 0.00862518 -0.0261214 0.0169295 0.000544367 -0.041548 -0.0188845 0.0145393 -0.00484361 -0.00765836 -0.000176008 0.0126893 0.00957481 -0.0215686 -0.0141254 -0.00375694 0.00517891 0.0133538 0.00328631 0.0224333 -0.0369158 0.00149133 0.0286174 -0.0249479 0.0146639 0.00404157 0.0240225 -0.014769 -0.0107172 0.0181866
internal_weight=71928.3 52741.5 19186.8 26011 26730.6 6126.67 13060.1 21594.8 12360.6 9386.88 4573.89 17494.7 11167.7 10380.4 3241.28 1406.51 14370 2701.43 11668.6 4100.03 4571.07 10078.5 4416.22 7139.16 1590.03 2973.68 3912.47 4812.99 187.562 6327.05
internal_count=375066 283019 92047 141404 141615 26449 65598 116342 64713 48520 24960 93410 58737 51432 16740 7874 76902 15145 61757 22932 20614 52901 25062 34692 8856 16193 22016 23560 916 34673
is_linear=0
shrinkage=0.1


Tree=63
num_leaves=31
num_cat=0
split_feature=11 11 11 17 10 11 5 1 9 9 7 9 15 11 1 5 15 3 8 7 9 12 20 15 3 8 10 15 0 9
split_gain=415.827 105.977 39.8109 28.9845 36.1243 34.0639 40.5017 33.6881 27.5443 27.5308 23.0782 21.8114 29.5436 24.8265 20.4727 19.5379 18.5466 17.8039 65.3807 26.6198 17.1283 16.8788 14.8159 13.9048 16.0399 17.9321 16.8987 13.7199 20.8727 13.6586
threshold=0.032913488319053129 0.021747129519925863 0.043213291422272281 1.0000000180025095e-35 0.49752128830256337 0.0149466788915576 0.0026007838424191303 0.017058455103462936 0.36570229884015026 0.28932856465852264 0.019097138373965875 0.64760068362577006 0.99001007164566601 0.026774789434422987 0.062946999750413304 -0.10736460973199179 0.92941175673037302 0.094804365073200905 0.4532899161233655 0.092418035641093535 0.37639900070171778 0.1046911543158031 1.0000000180025095e-35 0.20463701482291094 -0.16544097582485404 -1.4599542440601534 0.37688580328257093 0.13628736010384881 -0.030664111239495414 0.54228995594071128
decision_type=2 2 2 2 2 2 2 2 2 2 2 2 2 2 2 2 2 2 2 2 2 2 2 2 2 2 2 2 2 2
left_child=1 3 23 5 17 6 9 -6 16 -1 -9 13 15 20 -8 -13 -7 19 -19 -5 -3 -17 -10 -2 25 -25 -26 -15 -29 -27
right_child=2 11 -4 4 7 8 14 10 22 -11 -12 12 -14 27 -16 21 -18 18 -20 -21 -22 -23 -24 24 26 29 -28 28 -30 -31
leaf_value=0.01494872596085187 -0.021513094127960111 -0.004775787847452832 -0.029260172340705493 -0.00015814396950772803 0.0043871746776385162 0.0039737313889323051 0.0048546525673551794 0.098369657174613115 0.0090382213219944701 0.039671818353259711 0.026096168927833702 -0.025423255243507106 -0.039464551975264772 -0.015389091931942184 0.036648830519967666 -0.011537437623582511 -0.011697956498935423 -0.065827117594321444 -0.0017449385431200855 0.022191841072058419 0.0027942854884343772 0.018921260805702483 0.023233071466605835 -0.0025490677912263938 0.026147536018747336 -0.010314021955863112 -0.015133085723617004 0.042569654772002398 -0.0060206821641951248 0.082562075069135432
leaf_weight=6884.6019747033715 2120.2181609347463 5093.1393914148211 2819.8275461159647 6287.1944209299982 217.98090296983719 15478.088980734348 6533.7519476413727 90.608498111367226 3072.6768698841333 481.94548266381025 86.227340005338192 130.65679677575827 120.77275153622031 1734.8161243237555 209.00410440564156 210.17339016869664 793.88229429721832 186.57133451104164 1085.6993848793209 582.25784308463335 7234.4959478527308 1354.1918674409389 966.6166949570179 461.15121246129274 102.08321645855904 23.821440979838371 3469.5388171225786 89.740970812737942 5939.5149675048888 47.225672163069248
leaf_count=45064 7230 21709 8708 39750 1154 79534 45933 506 15510 3036 409 439 365 6309 1526 776 3617 1182 6362 3520 32240 6403 5242 1730 472 85 12441 398 23173 243
internal_value=0.000684891 0.00348569 -0.0194031 0.00637225 0.0011563 0.00766584 0.0114403 0.0306969 0.0050439 0.0165662 0.0631282 -0.00217438 0.00832153 -0.00312295 0.00584017 0.0117264 0.00320914 -0.000276212 -0.0111422 0.00173625 -0.000333276 0.0148291 0.0124351 -0.0149373 -0.0115399 0.00465588 -0.0139532 -0.00755234 -0.00529745 0.0514216
internal_weight=73908.5 64864.6 9043.87 42957.1 8536.54 34420.6 14109.3 394.817 20311.3 7366.55 176.836 21907.5 1815.79 20091.7 6742.76 1695.02 16272 8141.72 1272.27 6869.45 12327.6 1564.37 4039.29 6224.04 4103.82 532.198 3571.62 7764.07 6029.26 71.0471
internal_count=375066 344157 30909 252345 52883 199462 95559 2069 103903 48100 915 91812 7983 83829 47459 7618 83151 50814 7544 43270 53949 7179 20752 22201 14971 2058 12913 29880 23571 328
is_linear=0
shrinkage=0.1


Tree=64
num_leaves=31
num_cat=0
split_feature=10 10 11 13 4 17 11 14 16 4 4 10 5 1 9 14 7 9 4 13 3 11 16 3 8 2 7 9 15 8
split_gain=1693.24 291.108 270.062 157.695 123.707 126.337 113.428 107.161 102.006 101.258 92.9675 92.3971 88.7075 85.3743 84.8798 83.0034 73.3463 76.2533 73.0309 72.7465 66.9968 65.734 61.9767 70.0674 102.071 56.3653 55.6273 54.9855 54.801 54.3104
threshold=0.31930864939234849 0.23411255378960033 0.023516682087692125 0.23634795126986155 -0.015571508333000137 1.0000000180025095e-35 0.0149466788915576 0.75495129833544439 1.0000000180025095e-35 0.038888190112253536 0.0092668005179312746 0.48960809836677771 0.016485069457395255 -0.023372234802505606 0.42408043758314257 0.20114161769541258 -0.20748096298468657 0.47923046237384825 -0.0037602556409730421 0.079305581592544375 0.064151616012957838 0.010445960367798031 1.0000000180025095e-35 -0.059543920481196715 -0.33623940526308055 0.0098655468217823134 0.056221024295477491 0.3785537507486228 0.74714573024337472 0.25973672191139935
decision_type=2 2 2 2 2 2 2 2 2 2 2 2 2 2 2 2 2 2 2 2 2 2 2 2 2 2 2 2 2 2
left_child=1 3 6 4 5 -1 -2 8 9 18 20 16 14 -12 25 -7 -4 -18 -3 -14 -10 -6 -13 24 -24 -8 -19 -21 -9 -25
right_child=2 7 11 -5 21 15 12 28 10 -11 13 22 19 -15 -16 -17 17 26 -20 27 -22 -23 23 29 -26 -27 -28 -29 -30 -31
leaf_value=-0.032706245899724096 -0.035700998398272711 -0.00066269290351027071 0.050042021220194091 -0.0016625826838436151 -0.069005555819375702 0.34831428183872098 0.00602831982227301 -0.043171643830594589 0.010770914283235162 0.15648238943461856 0.12450912295527461 0.015300621020924561 -0.017129530328127605 0.020590967050073947 -0.011667538318402688 0.060876688030544336 0.011530763317848157 -0.015173900763319585 -0.022611731281043768 0.029641198121299391 -0.034133544833417927 -0.042766445041490186 0.038590294151589211 -0.0020595252796487863 0.14918092755884693 0.025435167622767464 0.0091899155362399117 -0.0081320734592708714 -0.008601950658782432 0.0273482947876246
leaf_weight=53.232905924320221 907.99267549067736 2069.8666447289288 380.80832075327635 920.48058962449431 1168.3883164487779 19.757955387234688 5219.1112246438861 1778.5173846147954 1310.4726135134697 33.894905012100935 119.14304260164499 20671.320248201489 3754.0876313969493 234.97827127948403 1996.8586398214102 20.439018283039331 7211.3471335470676 2423.4558928310871 5664.3367585577071 690.06235315650702 445.111109290272 5221.6759349480271 1590.6311716809869 876.23228695988655 88.079003676772118 2098.2655235566199 1527.9789285063744 872.78465384244919 617.86817290261388 2216.7278705313802
leaf_count=517 10336 14914 954 9988 21055 51 27344 17387 9266 112 465 45127 22589 1341 10150 179 24563 8550 45058 3603 3498 61130 3460 2195 146 11081 4963 4642 5494 4908
internal_value=0.000284455 -0.0247347 0.00965758 -0.0403949 -0.0458939 0.068342 -0.00140493 -0.0152882 -0.0106859 -0.0159818 0.00881384 0.0143053 0.000723438 0.0555539 0.00660642 0.20216 0.00688499 0.00541272 -0.0167376 -0.00958241 -0.000614173 -0.0475641 0.0176719 0.0279445 0.0443928 0.0115933 -0.00575267 0.00854641 -0.0342584 0.0190171
internal_weight=72203.9 19678.2 52525.7 7403.97 6483.49 93.4299 15539.2 12274.2 9877.8 7768.1 2109.71 36986.6 14631.2 354.121 9314.24 40.197 11543.6 11162.8 7734.2 5316.93 1755.58 6390.06 25443 4771.67 1678.71 7317.38 3951.43 1562.85 2396.39 3092.96
internal_count=375066 190455 184611 92920 82932 747 89745 97535 74654 60084 14570 94866 79409 1806 48575 230 39030 38076 59972 30834 12764 82185 55836 10709 3606 38425 13513 8245 22881 7103
is_linear=0
shrinkage=0.1


end of trees

feature_importances:
parkinson_10d=321
vol_21d=188
overnight_gap=180
ret_1d=159
ret_1d_rank=148
vol_10d=117
vol_of_vol=94
ret_21d=85
volume_ratio=78
dollar_volume_pctile=68
ret_5d=65
close_vs_sma10=63
dow_mon=62
close_vs_sma63=51
dow_fri=48
ret_21d_z=46
dow_tue=41
dow_wed=40
close_vs_sma21=37
ret_10d=34
dow_thu=25

parameters:
[boosting: gbdt]
[objective: multiclass]
[metric: multi_logloss]
[tree_learner: serial]
[device_type: cpu]
[data_sample_strategy: bagging]
[data: ]
[valid: ]
[num_iterations: 13]
[learning_rate: 0.1]
[num_leaves: 31]
[num_threads: 4]
[seed: 42]
[deterministic: 1]
[force_col_wise: 0]
[force_row_wise: 1]
[histogram_pool_size: -1]
[max_depth: 6]
[min_data_in_leaf: 100]
[min_sum_hessian_in_leaf: 0.001]
[bagging_fraction: 0.8]
[pos_bagging_fraction: 1]
[neg_bagging_fraction: 1]
[bagging_freq: 1]
[bagging_seed: 400]
[bagging_by_query: 0]
[feature_fraction: 0.8]
[feature_fraction_bynode: 1]
[feature_fraction_seed: 30056]
[extra_trees: 0]
[extra_seed: 12879]
[early_stopping_round: 0]
[early_stopping_min_delta: 0]
[first_metric_only: 0]
[max_delta_step: 0]
[lambda_l1: 0]
[lambda_l2: 0]
[linear_lambda: 0]
[min_gain_to_split: 0]
[drop_rate: 0.1]
[max_drop: 50]
[skip_drop: 0.5]
[xgboost_dart_mode: 0]
[uniform_drop: 0]
[drop_seed: 17869]
[top_rate: 0.2]
[other_rate: 0.1]
[min_data_per_group: 100]
[max_cat_threshold: 32]
[cat_l2: 10]
[cat_smooth: 10]
[max_cat_to_onehot: 4]
[top_k: 20]
[monotone_constraints: ]
[monotone_constraints_method: basic]
[monotone_penalty: 0]
[feature_contri: ]
[forcedsplits_filename: ]
[refit_decay_rate: 0.9]
[cegb_tradeoff: 1]
[cegb_penalty_split: 0]
[cegb_penalty_feature_lazy: ]
[cegb_penalty_feature_coupled: ]
[path_smooth: 0]
[interaction_constraints: ]
[verbosity: -1]
[saved_feature_importance_type: 0]
[use_quantized_grad: 0]
[num_grad_quant_bins: 4]
[quant_train_renew_leaf: 0]
[stochastic_rounding: 1]
[linear_tree: 0]
[max_bin: 255]
[max_bin_by_feature: ]
[min_data_in_bin: 3]
[bin_construct_sample_cnt: 200000]
[data_random_seed: 175]
[is_enable_sparse: 1]
[enable_bundle: 1]
[use_missing: 1]
[zero_as_missing: 0]
[feature_pre_filter: 1]
[pre_partition: 0]
[two_round: 0]
[header: 0]
[label_column: ]
[weight_column: ]
[group_column: ]
[ignore_column: ]
[categorical_feature: ]
[forcedbins_filename: ]
[precise_float_parser: 0]
[parser_config_file: ]
[objective_seed: 16083]
[num_class: 5]
[is_unbalance: 0]
[scale_pos_weight: 1]
[sigmoid: 1]
[boost_from_average: 1]
[reg_sqrt: 0]
[alpha: 0.9]
[fair_c: 1]
[poisson_max_delta_step: 0.7]
[tweedie_variance_power: 1.5]
[lambdarank_truncation_level: 30]
[lambdarank_norm: 1]
[label_gain: ]
[lambdarank_position_bias_regularization: 0]
[eval_at: ]
[multi_error_top_k: 1]
[auc_mu_weights: ]
[num_machines: 1]
[local_listen_port: 12400]
[time_out: 120]
[machine_list_filename: ]
[machines: ]
[gpu_platform_id: -1]
[gpu_device_id: -1]
[gpu_device_id_list: ]
[gpu_use_dp: 0]
[num_gpu: 1]

end of parameters

pandas_categorical:null
