tree
version=v4
num_class=5
num_tree_per_iteration=5
label_index=0
max_feature_idx=20
objective=multiclass num_class:5
feature_names=ret_1d ret_5d ret_10d ret_21d overnight_gap close_vs_sma10 close_vs_sma21 close_vs_sma63 ret_21d_z vol_10d vol_21d parkinson_10d vol_of_vol volume_ratio dollar_volume_pctile ret_1d_rank dow_mon dow_tue dow_wed dow_thu dow_fri
feature_infos=[-0.12639743333195783:0.11227066329717957] [-0.22240612896463244:0.18555919738050208] [-0.30904067431058435:0.28276146103229272] [-0.38359364508594684:0.40030951780767571] [-0.084399556272839682:0.1381449844639524] [-0.15646429728904496:0.14472649141252988] [-0.20685180200849354:0.27251590356864386] [-0.30276720328137846:0.56114925235393731] [-3.464244444868446:4.0169496163781995] [0.022318812624852847:1.2965314520717011] [0.025068156261982898:1.0877650716648257] [0.0020191445184707317:0.066126806767812935] [0.0054011231153420058:0.51868785221055524] [-1.8649766355916917:1.0412591516888927] [0.012103004291845493:0.99009708737864077] [0.012103004291845493:0.99009708737864077] [0:1] [0:1] [0:1] [0:1] [0:1]
tree_sizes=3408 3399 3403 3408 3410 3500 3532 3478 3525 3493 3510 3526 3500 3513 3497 3506 3526 3483 3521 3525 3488 3530 3510 3533 3494 3494 3512 3519 3536 3510 3521 3512 3527 3519 3521 3521 3535 3519 3536 3531 3526 3521 3519 3518 3523 3528 3520 3524 3530 3517 3513 3511 3522 3527 3489 3529 3529 3491 3530 3529 3501 3530 3514 3517 3517 3530 3510 3521 3540 3513 3506 3524 3513 3521 3499 3520 3536 3534 3539 3521 3526 3520 3537 3536 3548 3528 3528 3518 3526 3516 3534 3513 3536 3516 3519 3530 3533 3512 3504 3496 3522 3522 3546 3530 3507 3535 3513 3525 3507 3527 3518 3531 3505 3529 3510 3515 3534 3535 3520 3540 3525 3541 3525 3492 3516 3519 3508 3543 3510 3538 3503 3518 2882 3521 3515 3324 3397 3517 3496 3514 3525 3519 3533 3521 3507 3498 2862 3528 3522 3521 3522 3538 3525 3508 3514 3535 3522 3521 3531 3515 3168 3510 3533 3530 2956 3542 3501 3508 3507 3544 3500 3551 3526 3529 3521 3530 3288 3515 3502 3510 3507 3516 3525 3529 3508 3509 3506 3520 3535 3550

Tree=0
num_leaves=31
num_cat=0
split_feature=11 11 10 10 10 11 11 10 7 7 2 11 7 10 13 12 14 13 14 2 4 12 7 2 14 2 7 10 2 13
split_gain=2052.07 433.473 356.449 135.775 123.659 77.8726 64.7593 45.9002 42.6018 41.0935 38.4277 32.7272 32.356 39.2024 31.8309 31.6219 31.0221 30.4984 29.7107 27.6917 26.9748 26.287 26.1308 43.0739 25.3226 21.4017 21.0201 19.8589 18.1019 17.3227
threshold=0.014489016285295675 0.025448142210334992 0.16398925264093103 0.2333879714793925 0.47578407853481652 0.019732215183443487 0.009758848960102923 0.19861022279146306 0.10234804821185596 0.14271272076833422 -0.091558588791516002 0.012197066460888193 -0.086545464466887143 0.79809951958985093 -0.72417987179556598 0.03181818877817328 0.24260385849410396 0.24353980193438879 0.51287804927078839 -0.15223082972911792 -0.020061302410233846 0.025643790252652097 -0.16351282799699032 -0.10270354090562205 0.93777300906056282 -0.073734956783479286 0.15281232111445966 0.10567320198111428 0.029052356699550422 0.054731044973080074
decision_type=2 2 2 2 2 2 2 2 2 2 2 2 2 2 2 2 2 2 2 2 2 2 2 2 2 2 2 2 2 2
left_child=2 3 6 8 7 22 27 -3 16 -8 17 20 13 -6 -14 -12 -2 -7 -15 -16 -4 -10 -5 -24 26 -13 -9 -1 -26 -22
right_child=1 4 11 5 12 10 9 24 21 -11 15 25 14 18 19 -17 -18 -19 -20 -21 29 -23 23 -25 28 -27 -28 -29 -30 -31
leaf_value=-1.7011283898490934 -1.6457561498078577 -1.6379446615831581 -1.5434665812605637 -1.6685938849280479 -1.5618980696572267 -1.562585128620539 -1.6603499271008284 -1.5559943390567483 -1.4683682177282829 -1.5117500320202995 -1.6309509713152324 -1.571841788691708 -1.6044525834547068 -1.539811492116085 -1.4227372699076972 -1.5750185427996788 -1.6137545503829207 -1.4934917342300236 -1.4005488904866439 -1.5138096095928337 -1.6356586526112689 -1.5830802196866669 -1.5314223991759595 -1.5977969019991134 -1.6369861457048251 -1.6244966662371554 -1.5941194037308781 -1.6796496513758647 -1.5488628396832707 -1.6556687312212939
leaf_weight=674.11999145150185 373.17431554198265 85.474433541297913 28.63674733042717 49.871395111083984 340.55019420385361 182.6306400001049 1251.7920006215572 1465.7702766656876 23.236464291810989 18.890409141778946 105.97354087233543 80.187356650829315 37.187584906816483 33.023201584815979 34.931888520717621 2188.444057404995 1609.0502873659134 98.256935924291611 28.575878381729126 754.89455714821815 1573.6950589716434 142.39768260717392 101.07569724321365 2990.7447599768639 74.972116768360138 2066.3347263634205 160.44501495361328 1190.9677853882313 33.827553182840347 596.66035363078117
leaf_count=4268 1960 453 139 247 1436 802 7076 6422 100 88 508 403 158 135 132 9998 8119 433 101 2997 8399 674 452 14346 358 10606 691 7078 153 3251
internal_value=-1.60951 -1.58186 -1.64986 -1.59427 -1.54986 -1.58622 -1.67555 -1.56641 -1.61571 -1.65814 -1.57333 -1.63131 -1.52535 -1.54862 -1.51404 -1.5776 -1.61978 -1.53842 -1.47521 -1.50978 -1.63989 -1.56699 -1.59679 -1.59563 -1.56288 -1.62253 -1.55976 -1.68741 -1.60959 -1.64116
internal_weight=18395.8 10914.5 7481.28 7864.86 3049.65 5717 3135.77 1820.49 2147.86 1270.68 2575.31 4345.51 1229.16 402.149 827.014 2294.42 1982.22 280.888 61.5991 789.826 2198.99 165.634 3141.69 3091.82 1735.01 2146.52 1626.22 1865.09 108.8 2170.36
internal_count=91983 50675 41308 37639 13036 26786 18510 8077 10853 7164 11741 22798 4959 1672 3287 10506 10079 1235 236 3129 11789 774 15045 14798 7624 11009 7113 11346 511 11650
is_linear=0
shrinkage=1


Tree=1
num_leaves=31
num_cat=0
split_feature=11 9 5 9 11 11 11 3 11 14 11 7 13 9 13 13 7 11 4 8 0 11 11 9 0 14 9 13 8 11
split_gain=237.059 83.5103 41.0159 33.324 24.763 22.259 21.5296 19.1483 18.0218 22.0913 19.1668 15.4015 14.3382 12.8376 12.7898 12.6346 11.4824 10.2976 9.93996 9.2149 8.31248 7.57819 7.54975 7.34546 7.30388 6.91579 7.68975 6.76992 6.41259 6.24192
threshold=0.024426783369909683 0.071369404208061968 -0.0050055035878195367 0.33554090295801164 0.039967620586456858 0.016429527353256538 0.0052739082676459288 0.042977762836383888 0.018728102776299906 0.84770733031128465 0.006547314696018435 0.065352057339407424 0.63060468556443305 0.15634012798437336 0.23361825770153619 0.47498879775917718 -0.054588510681409956 0.0044779743324781943 -0.006220859875102124 0.53110770674244145 -0.003098409792802403 0.016503641605933348 0.031867152597773819 0.45865024094401352 -0.0011813260489290653 0.96835002384358615 0.25918723370026847 0.013796205965751214 1.8067020390991873 0.029387605670735697
decision_type=2 2 2 2 2 2 2 2 2 2 2 2 2 2 2 2 2 2 2 2 2 2 2 2 2 2 2 2 2 2
left_child=1 7 8 13 14 6 -4 17 9 10 -3 -8 16 20 29 23 -7 -1 -17 -14 -2 -11 28 -10 -19 -15 -27 -9 -16 -5
right_child=3 2 5 4 -6 12 11 27 15 21 -12 -13 19 25 22 18 -18 24 -20 -21 -22 -23 -24 -25 -26 26 -28 -29 -30 -31
leaf_value=-1.6921963400610809 -1.5371395248573723 -1.6591996316510005 -1.6450962195739798 -1.6331726808985081 -1.662013108061418 -1.6219891750038993 -1.5911699974283957 -1.6250198619323528 -1.6234930089867465 -1.6168602493476192 -1.6012517428485415 -1.6030140692504828 -1.5281586115588344 -1.622477355562417 -1.6088861514906554 -1.6337353187024346 -1.6037690766683597 -1.6252592080509252 -1.5645889736067344 -1.6127496409086317 -1.6049357151367838 -1.6435588095665925 -1.6367837119852127 -1.5990522102324904 -1.6627829372719412 -1.6225649510597679 -1.5385753143912018 -1.5430876135079199 -1.6525997390711251 -1.6462185878454645
leaf_weight=76.970601812005043 30.295757383108139 58.115241304039955 83.878039285540581 748.24541454017162 391.76407571136951 397.60328701138496 4474.9733917117119 22.00872740149498 1261.0343536287546 578.17608824372292 3199.993415042758 1454.8227717727423 39.043863698840141 889.20127980411053 329.95336455106735 29.217307448387146 2659.1604957729578 78.826089322566986 72.073845446109772 19.215711444616318 44.870553359389305 130.26717038452625 219.19099761545658 136.25331577658653 151.70604400336742 22.405209705233574 21.229895979166031 18.614675611257553 37.357863157987595 719.32339055836201
leaf_count=506 153 366 530 3191 1528 1850 24448 135 5809 2977 16593 7617 202 4028 1450 130 12748 488 354 95 232 584 921 639 958 110 104 111 155 2971
internal_value=-1.60906 -1.6036 -1.60244 -1.63267 -1.63897 -1.59834 -1.59479 -1.652 -1.60929 -1.60577 -1.60229 -1.59408 -1.6052 -1.61737 -1.63458 -1.61864 -1.60614 -1.66053 -1.58453 -1.55606 -1.57761 -1.62177 -1.6221 -1.62111 -1.64995 -1.62057 -1.5817 -1.58748 -1.61333 -1.63957
internal_weight=18395.8 14942 14593.8 3453.84 2445.84 9128.7 6013.67 348.126 5465.13 3966.55 3258.11 5929.8 3115.02 1008 2054.07 1498.58 3056.76 307.503 101.291 58.2596 75.1663 708.443 586.502 1397.29 230.532 932.836 43.6351 40.6234 367.311 1467.57
internal_count=91983 77140 74942 14843 10216 47490 32595 2198 27452 20520 16959 32065 14895 4627 8688 6932 14598 1952 484 297 385 3561 2526 6448 1446 4242 214 246 1605 6162
is_linear=0
shrinkage=1


Tree=2
num_leaves=31
num_cat=0
split_feature=10 11 11 10 10 11 10 11 6 8 10 11 9 14 9 14 14 10 11 14 7 14 5 2 8 8 2 2 7 5
split_gain=3237.52 707.218 649.871 154.185 133.096 128.238 108.547 81.728 62.9621 49.2104 45.7386 41.1469 40.1282 37.0564 35.8513 35.6806 34.1201 34.0532 33.0735 26.836 25.2462 24.6577 23.5846 22.4944 21.8341 18.3003 17.6657 17.3167 16.5403 15.2601
threshold=0.15155903522382436 0.01672327812975908 0.0069018659268472145 0.11147706474663546 0.05918357841258106 0.010859631002326545 0.35176801150343179 0.0070471468136524386 0.013534498698306365 0.14157384838344586 0.22442651878663444 0.0099019546148239341 0.071369404208061968 0.33692145830050341 0.071369404208061968 0.79194044589616019 0.68886504530281367 0.22763528093929566 0.026332835047129771 0.61590244343709488 0.078581048674269863 0.25980490697651049 0.007866416897695851 -0.003786688398209392 0.26006361992281785 0.076068735779814226 -0.0041890312389898368 0.058840500022934179 0.03752954982067281 -0.009539645151373231
decision_type=2 2 2 2 2 2 2 2 2 2 2 2 2 2 2 2 2 2 2 2 2 2 2 2 2 2 2 2 2 2
left_child=2 5 4 14 -1 7 17 19 12 -10 -7 15 23 20 24 21 -16 -3 -8 25 -13 -5 -11 -6 26 -2 -4 -9 -17 -14
right_child=1 6 3 11 8 10 18 27 9 22 -12 13 29 -15 16 28 -18 -19 -20 -21 -22 -23 -24 -25 -26 -27 -28 -29 -30 -31
leaf_value=-1.2539290017514844 -1.4397845487269421 -1.621769663137409 -1.5052151770676732 -1.5506346451062241 -1.4642523077416381 -1.6012824932280203 -1.6498396009391054 -1.5856014960637455 -1.4183249678732868 -1.6037373706333602 -1.6194830177209247 -1.5300102388060577 -1.4927215371033997 -1.5808459469263727 -1.4909719357087599 -1.6027150041752378 -1.5707813086227214 -1.6415373889526617 -1.6685279574198368 -1.3657996231501597 -1.6207585122043831 -1.5080613284938471 -1.4954509172559312 -1.3394272716220397 -1.5377500666992376 -1.5768636618912708 -1.3921278032042232 -1.5393700192161457 -1.5342534301568287 -1.4196745302202725
leaf_weight=46.084194973111153 19.041762664914131 1150.7160068750381 17.37792181968689 206.83969309926033 16.938377052545547 2568.5353444218636 1843.457097619772 1364.0228916108608 77.296321392059326 27.146286308765411 2985.8163888603449 306.79068410396576 33.100606292486191 563.71741390228271 390.56984075903893 94.101821944117546 62.082378685474396 3590.8637957125902 1947.2755370438099 19.336826741695404 34.05973581969738 397.46689800918102 77.631749197840691 97.75193952023983 17.592376232147217 19.934847488999367 67.345193892717361 86.135754480957985 56.465051248669624 210.29750071465969
leaf_count=303 115 5687 105 1216 109 13418 8290 7423 482 166 14956 1778 204 3113 2394 529 365 16685 8056 124 171 2388 470 631 108 115 429 488 331 1334
internal_value=-1.60967 -1.62745 -1.51068 -1.53546 -1.41706 -1.60404 -1.64683 -1.57819 -1.43097 -1.47885 -1.61107 -1.55072 -1.40663 -1.56511 -1.48983 -1.53349 -1.50192 -1.63674 -1.65944 -1.46211 -1.53908 -1.52263 -1.52351 -1.35786 -1.43637 -1.50989 -1.41532 -1.58286 -1.57704 -1.42961
internal_weight=18395.8 15595.1 2800.66 2214.41 586.247 7062.82 8532.31 1508.47 540.163 182.074 5554.35 1659.44 358.088 904.568 554.968 754.873 452.652 4741.58 3790.73 58.3134 340.85 604.307 104.778 114.69 102.315 38.9766 84.7231 1450.16 150.567 243.398
internal_count=91983 75357 16626 12927 3699 36639 38718 8265 3396 1118 28374 9526 2278 5062 3401 4464 2759 22372 16346 354 1949 3604 636 740 642 230 534 7911 860 1538
is_linear=0
shrinkage=1


Tree=3
num_leaves=31
num_cat=0
split_feature=11 11 10 9 11 10 5 10 11 9 14 1 1 3 5 10 7 14 5 9 14 10 3 15 7 14 3 3 15 3
split_gain=774.589 149.82 111.739 63.0862 55.0309 34.1347 40.8168 30.8892 21.5684 18.6359 18.075 16.1492 16.1208 15.962 13.0625 12.6065 12.1551 13.1072 11.8814 11.444 10.522 12.3025 10.2767 10.2594 9.94151 9.63719 11.5701 9.77448 8.65536 10.3737
threshold=0.01672327812975908 0.012378655175097061 0.27536989929539285 0.044901410832726071 0.024830241564897479 0.15274110439321778 -0.012589118089595617 0.23895280638625319 0.0069018659268472145 0.16055034184736469 0.94210442308374431 -0.024528488324465306 -0.032523175942348541 0.079392971362558754 -0.036662305957992407 0.57394250329195362 -0.039686372852844369 0.40581345767016758 0.026722329225434275 0.25650891515663582 0.89251755087532225 0.15050292604186852 -0.064093177183325509 0.84388412017167391 -0.1436968536198833 0.79614029487224969 0.021915049047469996 0.020682854645214025 0.25980490697651049 -0.10483816301383418
decision_type=2 2 2 2 2 2 2 2 2 2 2 2 2 2 2 2 2 2 2 2 2 2 2 2 2 2 2 2 2 2
left_child=1 3 10 -1 24 6 9 12 -8 -5 19 14 16 28 -7 22 17 -3 -13 25 21 -14 -6 -12 -4 27 -27 -2 29 -9
right_child=2 7 4 5 15 11 8 13 -10 -11 23 18 20 -15 -16 -17 -18 -19 -20 -21 -22 -23 -24 -25 -26 26 -28 -29 -30 -31
leaf_value=-1.6874281302291305 -1.6061201706998078 -1.5855217688503456 -1.6076790809082528 -1.5124726427324477 -1.6345163118200392 -1.6079537212246473 -1.5900905943739085 -1.5797567158501431 -1.5665591018290583 -1.5842969000770066 -1.5877505265794249 -1.5904509104309241 -1.5831299682046507 -1.6298792579098909 -1.5583506122502431 -1.6599311624762227 -1.5911429599454419 -1.518503339940859 -1.5691420778748453 -1.6248779948053562 -1.5779471556560678 -1.6042338027385457 -1.649578805184698 -1.506402027111351 -1.6310967112414412 -1.6102783323964138 -1.5348675753563863 -1.6223369283019837 -1.6031064076543042 -1.6235817069577168
leaf_weight=52.434423744678497 968.0756761431694 52.775443524122238 192.80084386467934 175.3870530128479 663.38606518507004 62.924613833427429 520.88224366307259 61.108422070741653 1544.3729002773762 45.495968103408813 72.709830909967422 2074.9663178920746 331.36687168478966 404.23109951615334 339.65555626153946 747.51783239841461 153.49231824278831 65.278668403625488 299.42545479536057 848.90278989076614 225.85667663812637 1660.099092066288 1427.9884966015816 19.704770654439926 3035.6356920599937 46.554046273231506 36.13967552781105 603.30720072984695 1198.2273613810539 465.08950039744377
leaf_count=344 4776 287 885 1032 2912 322 3279 314 9137 257 369 11162 1859 1960 1847 2973 774 359 1630 4012 1168 8544 6078 107 13951 240 193 2950 6009 2253
internal_value=-1.60945 -1.59009 -1.6312 -1.5783 -1.63863 -1.57717 -1.56812 -1.60315 -1.57249 -1.52727 -1.61384 -1.58462 -1.59559 -1.61199 -1.5661 -1.64878 -1.57259 -1.54846 -1.58776 -1.61544 -1.5984 -1.60072 -1.6448 -1.57041 -1.6297 -1.6106 -1.57732 -1.61235 -1.6078 -1.61849
internal_weight=18395.8 9733.07 8662.72 5115.54 6067.33 5063.11 2286.14 4617.53 2065.26 220.883 2595.39 2776.97 2488.87 2128.66 402.58 2838.89 271.546 118.054 2374.39 2502.98 2217.32 1991.47 2091.37 92.4146 3228.44 1654.08 82.6937 1571.38 1724.43 526.198
internal_count=91983 52537 39446 29010 26799 28666 13705 23527 12416 1289 12647 14961 12991 10536 2169 11963 1420 646 12792 12171 11571 10403 8990 476 14836 8159 433 7726 8576 2567
is_linear=0
shrinkage=1


Tree=4
num_leaves=31
num_cat=0
split_feature=10 11 11 11 8 10 10 11 13 12 8 1 3 8 8 13 8 1 11 8 3 13 11 2 1 1 8 10 11 11
split_gain=1884.53 466.31 290.143 132.742 110.317 82.3429 73.5935 46.2788 42.468 39.5234 37.3501 35.0889 37.013 49.7009 43.1291 36.3748 38.8418 34.2922 31.8079 29.7819 29.3035 46.4033 27.8806 25.7434 24.5637 24.3866 22.3402 20.8142 24.0948 20.1871
threshold=0.20049624102175093 0.022297048701917767 0.0094525931824225012 0.015047392729054991 2.2618292999967253 0.153834391985188 0.3709991224738422 0.039967620586456858 0.025125116308158314 0.12212113044569646 0.60719465931513572 -0.004594980335004272 -0.041357231931240961 -0.52484518471846053 -0.27226391893755836 0.12227981085379654 0.5546834081890929 -0.0042795106836437382 0.011950127379382376 -1.0338506223293764 -0.082960003856255668 -0.078733037896790911 0.0077029190563570171 0.052646036014750049 0.08398460129737563 -0.054824650284067904 -0.49381106327169549 0.60235220234279063 0.043573489337337269 0.025448142210334992
decision_type=2 2 2 2 2 2 2 2 2 2 2 2 2 2 2 2 2 2 2 2 2 2 2 2 2 2 2 2 2 2
left_child=2 3 22 9 6 -4 20 8 -8 10 23 15 13 -13 -14 25 -17 -12 -7 -9 21 -3 -1 -2 -22 -5 -24 29 -29 -6
right_child=1 4 5 11 27 18 7 19 -10 -11 17 12 14 -15 -16 16 -18 -19 -20 -21 24 -23 26 -25 -26 -27 -28 28 -30 -31
leaf_value=-1.6992049223872021 -1.6150151491401554 -1.5055261797021906 -1.6603781575556424 -1.5443881778880773 -1.5536159852049041 -1.6450033930082548 -1.5453085867273346 -1.5576208324843497 -1.5746547996045694 -1.6477841819525545 -1.5399092969914514 -1.5982282057225403 -1.642643714895706 -1.5323226171696533 -1.5993059622640118 -1.6067202285598783 -1.5138740929481997 -1.6027795591558549 -1.6218835145388102 -1.4919714321427759 -1.5889776607119599 -1.5820370592714594 -1.6314481716605778 -1.6495252022760856 -1.5155543155307183 -1.5787887905007418 -1.680398722651899 -1.558826164075866 -1.461884212032313 -1.4535266849703381
leaf_weight=952.6448623239994 2058.386544406414 125.49314132332802 1328.8361460268497 245.48204860091209 24.437927514314651 907.74869394302368 1101.5836119353771 109.36007523536682 892.78020325303078 377.99414995312691 113.20887151360512 312.28067228198051 259.96753293275833 180.59933909773827 1968.0880537331104 673.23020735383034 48.289877563714981 371.30554130673409 1727.5246565341949 187.71344938874245 1365.6296520531178 215.20537513494492 103.51216092705727 241.52253070473671 47.137126922607422 1283.6119982600212 938.90505516529083 80.906622886657715 37.533004432916641 114.8737730383873
leaf_count=5938 10583 544 7537 1142 114 4945 4676 441 3820 2002 548 1505 1235 857 9454 3202 217 1859 8864 723 6220 986 583 1272 207 6043 5532 327 141 466
internal_value=-1.6095 -1.58734 -1.65574 -1.60142 -1.56072 -1.64008 -1.56476 -1.55296 -1.55845 -1.61744 -1.61332 -1.59124 -1.59888 -1.57408 -1.60436 -1.582 -1.60051 -1.58809 -1.62985 -1.51614 -1.58018 -1.55385 -1.68684 -1.61864 -1.58653 -1.57327 -1.67554 -1.49729 -1.52811 -1.47108
internal_weight=18395.8 12436.6 5959.17 8133.97 4302.65 3964.11 4044.9 2291.44 1994.36 3162.42 2784.42 4971.55 2720.94 492.88 2228.06 2250.61 721.52 484.514 2635.27 297.074 1753.47 340.699 1995.06 2299.91 1412.77 1529.09 1042.42 257.751 118.44 139.312
internal_count=91983 58584 33399 39919 18665 21346 17617 9660 8496 16264 14262 23655 13051 2362 10689 10604 3419 2407 13809 1164 7957 1530 12053 11855 6427 7185 6115 1048 468 580
is_linear=0
shrinkage=1


Tree=5
num_leaves=31
num_cat=0
split_feature=11 10 11 10 9 11 3 10 11 12 7 10 3 7 11 10 10 2 11 6 12 2 2 14 3 11 14 5 5 3
split_gain=1663.71 322.381 301.08 92.7593 87.6984 72.5416 46.5589 52.155 43.5216 38.0539 37.8823 37.0154 33.3984 32.2955 31.6515 31.0507 29.8714 27.3309 25.4429 25.0473 24.7073 24.3476 24.1628 32.9436 30.6062 23.6691 21.6427 19.8173 22.5959 18.8014
threshold=0.014352453455065986 0.16398925264093103 0.025448142210334992 0.27266678850835929 0.42851126065199813 0.009758848960102923 -0.050535101152051613 0.15613472515225493 0.01758723255996367 0.031563115673323268 0.11173486896329811 0.60235220234279063 0.095551083194766143 0.10234804821185596 0.012378655175097061 0.13139500563086301 0.46257461812289502 -0.075882636639742249 0.028450300120200136 -0.040834415549676144 0.025643790252652097 -0.10270354090562205 0.13436624670943334 0.50435831212731219 -0.11451066302065137 0.012197066460888193 0.1266380543633763 -0.06783857838902467 -0.03003657685583588 -0.20485118581905579
decision_type=2 2 2 2 2 2 2 2 2 2 2 2 2 2 2 2 2 2 2 2 2 2 2 2 2 2 2 2 2 2
left_child=1 5 3 13 6 -1 -4 -8 27 -10 -7 22 25 15 -12 -2 -14 -11 -13 -9 -15 -17 24 -24 -6 26 -3 -5 -29 -20
right_child=2 12 4 8 11 10 7 19 9 17 14 18 16 20 -16 21 -18 -19 29 -21 -22 -23 23 -25 -26 -27 -28 28 -30 -31
leaf_value=-0.076058663274563176 -0.05576992705828937 -0.010804938060919129 0.0065010023876739976 0.099549003993001151 0.028642151428001722 -0.048209672878876515 -0.099254747563763387 0.10578307395345531 -0.039396482876819877 0.052778634352125799 -0.020079129050966555 0.15432159155845326 0.01600581393474643 0.11241578482224379 0.13647284778912705 0.071869400619456111 -0.093265646487940917 0.027101201835774857 0.041132588500314121 0.04351178594316945 0.022362088297296176 -0.0005541541186351751 -0.042531641703581584 0.064142353364598795 0.069376520878557252 -0.014490317503531228 -0.035989774647789685 -0.027438035166391019 0.011226270885146376 0.08813814887616607
leaf_weight=1756.1194458305836 101.12964580953121 439.46188640594482 483.91203278303146 22.863685116171837 243.96285688877106 1168.3494380712509 24.669452041387558 69.594548940658569 78.341821551322937 492.61657491326332 36.183959722518921 48.994993716478348 354.26849842071533 34.002012804150581 20.081941187381744 47.105602592229843 26.918310835957527 2614.8790451437235 105.32512751221657 898.80290788412094 293.00537851452827 3184.9307040423155 57.485801339149475 58.321624889969826 756.18079718947411 1800.8675723671913 1526.3487986028194 177.02867752313614 1033.9920456260443 442.96904577314854
leaf_count=11376 597 2373 2106 99 1032 6882 146 264 370 2123 195 179 1806 139 92 206 158 11730 398 3842 1392 15826 232 234 3013 9354 8458 854 4954 1625
internal_value=-0.000135162 -0.0379452 0.0237806 0.0135102 0.0497923 -0.0630314 0.0319353 0.0443292 0.0232608 0.0294364 -0.04435 0.0651867 -0.0199179 0.00173628 0.0357961 -0.00120591 0.00828938 0.0311717 0.0852782 0.047987 0.0317258 0.000501389 0.0544332 0.0111903 0.0594403 -0.0227724 -0.0303596 0.00731561 0.00557427 0.0791086
internal_weight=18398.7 7128.6 11270.1 8079.9 3190.22 2980.73 1476.98 993.067 4419.72 3185.84 1224.62 1713.24 4147.87 3660.17 56.2659 3333.17 381.187 3107.5 597.289 968.397 327.007 3232.04 1115.95 115.807 1000.14 3766.68 1965.81 1233.88 1211.02 548.294
internal_count=92055 40694 51361 38290 13071 18545 6358 4252 20130 14223 7169 6713 22149 18160 287 16629 1964 13853 2202 4106 1531 16032 4511 466 4045 20185 10831 5907 5808 2023
is_linear=0
shrinkage=0.1


Tree=6
num_leaves=31
num_cat=0
split_feature=11 10 10 1 10 10 6 6 11 10 12 12 8 7 12 11 13 6 8 11 8 13 14 14 5 3 6 8 6 13
split_gain=208.761 103.845 48.4997 31.6362 29.585 36.6007 25.904 15.0435 14.1035 13.5908 15.5414 13.378 12.6603 12.0452 11.1071 18.2743 13.7557 11.0068 10.8408 10.6848 10.6668 10.5717 8.96743 11.4707 9.95698 8.63529 10.5915 8.3851 8.34251 8.02966
threshold=0.023414369937025396 0.081346074914687594 0.47578407853481652 -0.017857678289281639 0.11812430541019577 0.17272920811265707 0.0084328927268969584 0.020431372678692553 0.018728102776299906 0.32887063714873077 0.10563265853634247 0.014127294015971278 -1.2690534380004952 0.10683936588789657 0.18315970758002706 0.034060603079748751 0.37560526119170529 0.035684272348713526 -0.61037556355873945 0.036327504334600073 -0.046220225424049695 0.013796205965751214 0.058002215146061201 0.14814937901173614 -0.049443172085396052 -0.15047147540885095 -0.026293168704200672 -0.50348557050623088 -0.023928529559702535 0.27431286465515708
decision_type=2 2 2 2 2 2 2 2 2 2 2 2 2 2 2 2 2 2 2 2 2 2 2 2 2 2 2 2 2 2
left_child=1 7 9 8 6 13 18 -1 25 22 -11 -9 29 -6 -4 16 -16 -8 -5 -14 -7 -10 -2 27 -25 -3 -27 -24 -23 -12
right_child=2 3 14 4 5 20 17 11 21 10 12 -13 19 -15 15 -17 -18 -19 -20 -21 -22 28 23 24 -26 26 -28 -29 -30 -31
leaf_value=-0.065798888276335607 -0.056370997646936774 -0.029007728053766547 -0.044568068354454315 0.033669763236623733 0.022914680506535355 0.011704747156269787 0.014173780277940713 0.054812082295722153 -0.022473487414243334 -0.027513726403037089 0.01077969421501819 -0.066492581176578081 -0.0068728301917911072 -0.010019654944833666 -0.017227277794100673 -0.042991247880415522 0.043401761075618696 -0.031571397548653776 -0.030142505132831194 -0.058840329611762027 0.0039789783046204289 0.0060310659013077077 0.080459044708905025 -0.046683438281676912 -0.0036214802503470134 0.0097859851937201984 -0.0033242398195502975 0.0098807260353362975 -0.023528762229472613 0.083218865601321149
leaf_weight=233.0762702524662 32.759471446275711 87.189488887786865 758.82629147171974 28.484415888786316 2257.8550968617201 2961.1963072419167 396.37719315290451 21.183764055371284 494.89553295075893 897.59849515557289 49.001622974872589 15.927034005522726 400.69655369222164 116.79352162778378 218.71285247802734 297.94468961656094 45.145949900150299 60.645403042435646 407.35550752282143 43.898856550455093 4507.2629963904619 361.83834245800972 26.041457146406174 56.884228959679604 957.97632126510143 1192.9980629384518 1274.5845086276531 47.604855239391327 129.69818292558193 22.250355213880539
leaf_count=1569 140 423 3117 175 12604 14711 2416 134 2289 3897 245 97 1817 601 960 1244 202 346 2534 176 22253 1681 130 257 4468 6061 6567 235 599 107
internal_value=-0.000449231 0.00503383 -0.0211385 0.00619612 0.00889962 0.0104806 -0.00853004 -0.0563834 -0.00200015 -0.0130426 -0.0195645 0.00275113 -0.00573245 0.0212949 -0.0366771 -0.0260188 -0.00685372 0.00810354 -0.025972 -0.012004 0.0070422 -0.0121563 -0.00482123 -0.0032698 -0.00603516 0.00192129 0.00301414 0.0348373 -0.00176867 0.0334008
internal_weight=18402.7 14547.4 3855.34 14277.2 10736 9843.11 892.863 270.187 3541.2 2534.71 1413.45 37.1108 515.847 2374.65 1320.63 561.803 263.859 457.023 435.84 444.595 7468.46 986.432 1121.27 1088.51 1014.86 2554.77 2467.58 73.6463 491.537 71.252
internal_count=92055 75060 16995 73260 55640 50169 5471 1800 17620 11472 6242 231 2345 13205 5523 2406 1162 2762 2709 1993 36964 4569 5230 5090 4725 13051 12628 365 2280 352
is_linear=0
shrinkage=0.1


Tree=7
num_leaves=31
num_cat=0
split_feature=10 11 11 10 10 11 9 11 11 14 13 6 14 7 7 10 10 6 5 11 10 11 9 14 12 11 12 9 14 10
split_gain=2514.8 594.758 385.524 126.382 119.699 89.299 64.9158 48.9757 45.7545 38.816 31.9683 31.2018 30.4485 34.8621 29.8157 29.7179 29.4522 28.0705 23.4074 22.0093 19.7485 19.4257 19.2882 18.8853 15.6137 13.4487 13.0915 16.1852 12.2589 21.2408
threshold=0.15050292604186852 0.015329850586299177 0.006547314696018435 0.35176801150343179 0.11812430541019577 0.010859631002326545 0.054209035193812885 0.0070471468136524386 0.020973536565857685 0.68886504530281367 -0.49962555054103602 0.013534498698306365 0.79194044589616019 -0.031110796906489598 0.088857648259936486 0.22763528093929566 0.1975945778441078 -0.012798585740373901 0.009263821949996311 0.0079317743699973218 0.094219539867669747 0.025247904385737603 0.44626481362268938 0.53863414781236507 0.14828099258998562 0.0044779743324781943 0.12400285110957208 0.44626481362268938 0.68460729150251687 0.098883821536504143
decision_type=2 2 2 2 2 2 2 2 2 2 2 2 2 2 2 2 2 2 2 2 2 2 2 2 2 2 2 2 2 2
left_child=2 5 6 15 9 7 25 23 24 10 -4 28 13 -6 -15 -3 -7 -12 -13 -11 -20 22 -17 -2 -5 -1 -18 -28 29 -8
right_child=1 3 4 8 12 16 11 -9 -10 19 17 18 -14 14 -16 21 26 -19 20 -21 -22 -23 -24 -25 -26 -27 27 -29 -30 -31
leaf_value=0.26017478555966506 0.068330937008973372 -0.010102418101645421 0.021286711080505092 -0.033853700627440073 0.0083963807027196049 0.014079101463423803 0.17758533741329882 0.025929607850528748 -0.05130168148514172 0.098112596582970682 0.048405848053125658 0.048164814568160491 0.018455839184188468 0.066742656629488667 -0.00011735071833657747 -0.023918978200513016 -0.0060398467092084365 0.11557611435413601 0.17074526598905124 0.012645017339333226 0.0831160245701862 -0.040779598178866519 0.038345313621441314 0.17502298023103699 -0.0048673242407850639 0.18121361078551385 0.010016135747021719 0.10320603762629335 0.19887566252245864 0.11612019499399709
leaf_weight=65.5591941177845 40.136393770575523 1584.2901724129915 43.657418549060822 666.76186044514179 134.04938231408596 1340.5536433458328 133.17272175848484 1510.1175722330809 2920.9197277873755 48.524637222290039 68.573391556739807 46.418767690658569 252.85705098509789 1029.2298057228327 71.319593831896782 3399.1410144865513 2622.0849857926369 670.98957286775112 60.375661477446556 79.484423696994781 44.801876232028008 748.49186784029007 50.49141189455986 28.280359104275703 257.63518884778023 32.147041857242584 260.8769995123148 20.071014583110809 72.124593004584312 97.301739752292633
leaf_count=351 218 7905 231 3114 710 7082 748 8100 12863 282 375 263 1354 5726 364 16454 13333 3814 343 442 241 3414 271 157 1311 172 1350 123 407 537
internal_value=0.000298075 -0.0158578 0.0848933 -0.0311154 0.0675547 0.00937292 0.160251 0.0296788 -0.0451652 0.0960955 0.104439 0.144344 0.0500703 0.0565452 0.0624099 -0.0217723 0.00181951 0.109348 0.107314 0.0450434 0.133418 -0.0261762 -0.0230076 0.112433 -0.025775 0.234195 -0.00384169 0.0166737 0.162896 0.151636
internal_weight=18400.4 15449.9 2950.59 9627.73 2398.69 5822.12 551.902 1578.53 3845.32 911.229 783.22 454.195 1487.46 1234.6 1100.55 5782.41 4243.59 739.563 151.596 128.009 105.178 4198.12 3449.63 68.4168 924.397 97.7062 2903.03 280.948 302.599 230.474
internal_count=92055 75695 16360 45332 13298 30363 3062 8475 17288 5144 4420 2539 8154 6800 6090 28044 21888 4189 847 724 584 20139 16725 375 4425 523 14806 1473 1692 1285
is_linear=0
shrinkage=0.1


Tree=8
num_leaves=31
num_cat=0
split_feature=11 11 10 9 11 10 5 10 13 10 13 11 10 3 14 2 4 3 14 10 14 3 11 8 2 12 8 3 6 7
split_gain=663.778 106.712 79.5224 49.1867 41.0328 37.0943 41.1313 28.5323 19.0838 17.0119 16.6461 15.7504 15.1742 13.9495 13.2958 13.2823 12.5983 11.9629 11.5772 11.0232 10.4437 10.2779 12.5917 8.81777 8.53894 7.76904 7.63318 8.17846 9.78254 7.66099
threshold=0.016956307554025395 0.013050618402770201 0.26991294444013153 0.044901410832726071 0.024626258200171783 0.13962854360591462 -0.012254375207604749 0.29103615413705508 0.036772893890828211 0.19455115808992021 -0.090058974799270733 0.0070471468136524386 0.60235220234279063 -0.099272461869538628 0.91231926330263768 -0.083092767058410275 0.003967478751226273 -0.075397650075159625 0.94210442308374431 0.15155903522382436 0.96616595135908445 0.007814838677117299 0.014224310670332628 -0.25237452694429913 0.07770107949119788 0.057723590869741458 -1.1233906520084951 0.027599311642894534 0.032197691597072427 -0.02847196970333182
decision_type=2 2 2 2 2 2 2 2 2 2 2 2 2 2 2 2 2 2 2 2 2 2 2 2 2 2 2 2 2 2
left_child=1 3 18 -1 -4 6 10 13 9 -7 -5 -8 17 15 19 -3 -10 -6 26 -15 -16 22 25 -17 -23 -9 -2 28 -28 -29
right_child=2 7 4 5 12 8 11 21 16 -11 -12 -13 -14 14 20 23 -18 -19 -20 -21 -22 24 -24 -25 -26 -27 27 29 -30 -31
leaf_value=-0.072169446899994646 -0.028700497376719883 -0.015067409423301453 -0.019004558907782573 0.039371969223883113 -0.020333215800050521 0.024304902724136282 0.019647933383286742 -0.021045214609028102 0.025567932276009481 0.0083776652253765849 0.10806430596619439 0.040075470860017545 -0.049598399850268649 0.024851717552057666 0.046802851993396365 0.045361920602729061 0.048296174331055722 -0.03642819537654654 0.030746462623661232 0.0039347542691904559 0.006612899541679442 -0.026435768377645791 -0.0075919244221161813 0.12136668983988015 0.0051341463906946078 0.048682145365577606 -0.0013692333439256688 -0.059325320697303299 0.057538715000493637 -0.010923902218104679
leaf_weight=50.783959433436394 143.77496582269669 30.658565863966942 3150.2674828469753 51.718488126993179 649.83751012384892 1340.9487723857164 550.11019334197044 20.428598552942276 1045.9987660199404 1341.5064063221216 110.97063475847244 1202.5884648859501 606.36257274448872 280.99455849826336 151.04801622033119 76.040237903594971 318.03376612067223 1595.9544246792793 87.110077559947968 2437.3486813157797 113.04915770888329 405.89389045536518 364.11753806471825 19.098041698336601 108.59837530553341 73.37025947868824 1279.1051113456488 34.235431581735611 28.825871616601944 729.89679753780365
leaf_count=357 661 149 14719 292 2926 7277 3424 94 5562 6867 630 6970 2495 1542 781 393 1716 6996 433 12273 560 1954 1785 107 547 386 6288 151 151 3569
internal_value=0.000128309 0.0173581 -0.0208107 0.0258289 -0.0268717 0.0266636 0.0381286 0.00487689 0.0212367 0.0163396 0.0862272 0.033664 -0.0355611 0.00955393 0.00817808 0.0421732 0.0308672 -0.031771 -0.00501324 0.00609694 0.0295992 -0.0100729 0.000824484 0.0606191 -0.019772 0.0334961 -0.00641904 -0.00487299 -7.09439e-05 -0.0130924
internal_weight=18398.7 10093.3 8305.37 6012.66 6002.42 5961.88 1915.39 4080.65 4046.49 2682.46 162.689 1752.7 2852.15 3108.24 2982.44 125.797 1364.03 2245.79 2302.95 2718.34 264.097 972.409 457.916 95.1383 514.492 93.7989 2215.84 2072.06 1307.93 764.132
internal_count=92055 53666 38389 33095 27136 32738 11316 20571 21422 14144 922 10394 12417 15805 15156 649 7278 9922 11253 13815 1341 4766 2265 500 2501 480 10820 10159 6439 3720
is_linear=0
shrinkage=0.1


Tree=9
num_leaves=31
num_cat=0
split_feature=11 11 11 8 9 3 11 8 13 3 5 6 8 9 11 8 4 14 9 3 8 5 3 11 7 9 7 3 5 7
split_gain=1534.19 319.485 309.237 86.0485 85.8256 53.715 41.1859 40.1961 38.5373 58.265 35.6668 34.8855 33.8086 32.2255 31.5888 30.1839 30.1488 29.7665 30.8467 29.0175 27.5221 69.8732 45.0831 27.2611 22.2125 21.9078 23.7457 21.4733 20.2267 19.4925
threshold=0.013900546153571868 0.023740422417604892 0.0094525931824225012 2.2618292999967253 0.17191213059984015 -0.10483816301383418 0.0080507954038275212 0.71452416100311855 -0.072846605825462457 -0.04935063649740145 -0.019807864788813408 -0.075228692136699291 -1.2690534380004952 0.24369463614989481 0.038745860767223979 -0.32292137165109347 -0.023843494103449204 0.70183029134493291 0.16881724727005024 -0.037356261859322164 0.50844251971934984 -0.0098283409518137837 0.037757400508207979 0.010984229170650782 0.036823604417117524 0.56193589178945003 0.25238309625917549 0.18860980448438228 0.00043976367376030728 -0.0066621097848522095
decision_type=2 2 2 2 2 2 2 2 2 2 2 2 2 2 2 2 2 2 2 2 2 2 2 2 2 2 2 2 2 2
left_child=2 4 6 8 29 11 -1 17 9 16 -9 -6 -13 -11 27 -8 -3 18 19 -4 22 -22 -7 -12 -25 -5 -27 -10 -19 -2
right_child=1 3 7 25 5 20 15 10 14 13 23 12 -14 -15 -16 -17 -18 28 -20 -21 21 -23 -24 24 -26 26 -28 -29 -30 -31
leaf_value=-0.083555777509171397 0.0010713181921954361 0.0001918545304755143 -0.008871691899560585 0.13469419016408798 0.01289407602521501 0.012001805950850498 -0.020665740822086071 0.13134818203971349 0.025081324673822875 0.00095428887255632534 -0.039989615036146953 0.027814032898640408 0.083983654487216675 0.047123685485565406 0.061805461317045611 -0.06430977653934998 0.085588863571070289 -0.0027300132903790835 -0.023743363364613176 -0.052096173299003727 0.078455363811657811 0.014586284596761199 -0.013244183868192511 0.073089506300341611 0.001267143709188682 0.02905148453348216 0.10762635172261679 0.090520453706499998 -0.026989603914045385 -0.029124190160672025
leaf_weight=1100.8820772767067 333.87335060536861 44.918285802006721 183.76387996971607 108.18663984537125 284.7257345020771 3781.8515579253435 200.08795829117298 20.340709686279297 1690.1317485123873 185.04637323319912 148.69266925752163 199.3969658613205 231.64768515527248 826.02090288698673 307.14222936332226 761.70552897453308 519.1577834635973 663.82360291481018 1474.1601198613644 1003.0591350197792 196.08995090425014 1354.2984854280949 870.07708556950092 49.264639362692833 341.92468184232712 63.704589203000069 97.058407366275787 51.677851632237434 712.63631252944469 594.39712785184383
leaf_count=7278 1706 188 1021 409 1300 18111 1157 94 7279 883 819 933 1062 3394 1200 4647 2122 3532 7927 5846 844 6378 4175 242 1757 243 343 204 3845 3116
internal_value=0.00015807 0.021908 -0.0381781 0.0453283 0.0102879 0.0141189 -0.070348 -0.0237455 0.0412782 0.0530393 0.0013558 0.0400574 0.0580001 0.0386737 0.0322368 -0.0552302 0.0787886 -0.0272285 -0.033404 -0.0454034 0.0111255 0.0226643 0.0072799 -0.00354182 0.0103121 0.099903 0.07649 0.0270228 -0.01529 -0.0182637
internal_weight=18399.7 11739.4 6660.34 3893.04 7846.36 6918.09 2062.68 4597.67 3624.1 1575.14 560.223 715.77 431.045 1011.07 2048.95 961.793 564.076 4037.44 2660.98 1186.82 6202.32 1550.39 4651.93 539.882 391.189 268.95 160.763 1741.81 1376.46 928.27
internal_count=92055 53890 38165 16265 37625 32803 13082 25083 15270 6587 2912 3295 1995 4277 8683 5804 2310 22171 14794 6867 29508 7222 22286 2818 1999 995 586 7483 7377 4822
is_linear=0
shrinkage=0.1


Tree=10
num_leaves=31
num_cat=0
split_feature=11 11 9 11 11 3 2 2 3 2 11 14 14 11 2 12 14 0 6 12 8 2 8 8 12 3 13 14 12 14
split_gain=1422.32 267.877 202.081 108.245 64.969 45.4934 44.4622 42.7465 37.2599 40.4959 34.9723 31.5951 33.1292 29.643 28.8558 28.2195 27.5048 24.623 24.024 23.9007 23.5256 23.4788 39.2625 33.8673 23.243 24.1088 20.4994 19.9743 19.3886 18.3586
threshold=0.015329850586299177 0.0096023911673344137 0.30687735506164809 0.020381872724486955 0.012197066460888193 0.030231637553230332 -0.10270354090562205 0.031275744516341859 -0.11451066302065137 -0.1330592469822178 0.0080507954038275212 0.1266380543633763 0.78363954059640906 0.02657258756859671 -0.091558588791516002 0.10563265853634247 0.84389604196471157 -0.011677286440730404 0.046844435433613392 0.040547464529545968 -1.4017973366273984 -0.14178960618029077 -0.85086586379057183 -2.5009914816032208 0.036971401486504747 -0.073634179568389233 0.069575821916752892 0.040816373621302325 0.023666994409079749 0.98070147436124822
decision_type=2 2 2 2 2 2 2 2 2 2 2 2 2 2 2 2 2 2 2 2 2 2 2 2 2 2 2 2 2 2
left_child=1 7 5 -4 11 6 20 10 21 -10 -1 17 -13 -11 -6 -9 18 19 -16 -3 -2 22 -5 -23 -8 -26 -19 -7 -14 -18
right_child=2 4 3 8 14 27 24 15 9 13 -12 12 28 -15 16 -17 29 26 -20 -21 -22 23 -24 -25 25 -27 -28 -29 -30 -31
leaf_value=-0.082067455456302243 0.11980570183131137 0.10679003429665146 0.013820040662875708 0.031206263334976326 0.061334345838743004 0.097322542884124563 -0.014307629731821656 -0.036771126295600982 0.11369160804243697 0.038523436354530413 -0.053704264301991045 -0.047471135807994981 0.019788506083996762 0.05782247739663833 -0.020986647778073242 0.088505996435214562 0.0097605356164968977 -0.0032360868990667434 0.0090791992642298147 -0.015329133914820199 0.030402266701747695 0.083093422614831131 0.12401093190057377 0.0078854877147693982 -0.012597379386923692 0.01156656351827213 -0.056346466018627285 0.021122895336315121 -0.027448790360464426 -0.044065803740817873
leaf_weight=918.48594742268324 42.737276688218117 33.857566252350807 1420.770942479372 199.44570592045784 53.445016369223595 35.096721962094307 820.66069902479649 315.9368219524622 98.799072414636612 1511.3337713778019 825.38333542644978 1320.594692915678 100.81026428937912 1681.2470447868109 2304.8702714294195 19.065705597400665 652.29516217112541 257.62519693374634 300.40385068953037 30.431530520319939 94.546031087636948 67.479924693703651 59.093499362468719 531.37152162194252 553.26451280713081 1627.4364003539085 101.23113742470741 1734.3070974647999 629.32263092696667 70.182762876152992
leaf_count=6473 163 166 6580 780 254 148 4145 1978 350 6419 5244 7847 540 6333 12333 99 3297 1416 1513 166 397 265 219 2197 2609 7693 594 8095 3540 376
internal_value=0.000419569 -0.0315208 0.0246058 0.0376427 -0.0205719 0.00981171 0.00258297 -0.062358 0.045801 0.0506378 -0.068643 -0.0328869 -0.0380204 0.0486865 -0.0115616 -0.0296413 -0.0127323 -0.00800801 -0.0175199 0.0489844 0.0582342 0.0272332 0.0524183 0.0163601 3.74677e-05 0.00543594 -0.0182182 0.0226343 -0.0209267 0.00453175
internal_weight=18411.5 7933.94 10477.6 5569.54 5855.07 4908.05 3138.64 2078.87 4148.77 3291.38 1743.87 2473.87 2050.73 3192.58 3381.2 335.003 3327.75 423.145 2605.27 64.2891 137.283 857.391 258.539 598.851 3001.36 2180.7 358.856 1769.4 730.133 722.478
internal_count=92229 45836 46393 23143 32042 23250 15007 13794 16563 13102 11717 14269 11927 12752 17773 2077 17519 2342 13846 332 560 3461 999 2462 14447 10302 2010 8243 4080 3673
is_linear=0
shrinkage=0.1


Tree=11
num_leaves=31
num_cat=0
split_feature=10 10 10 10 10 9 6 12 14 2 13 5 8 12 6 10 9 12 14 7 12 10 12 12 13 14 14 5 7 7
split_gain=168.677 89.5448 32.5108 31.3857 30.725 20.3593 20.0525 16.2438 15.9869 14.5946 13.5282 12.4293 16.9974 12.1466 12.9009 11.9945 11.0852 11.0672 10.8012 10.5176 10.3405 10.1712 11.1315 9.71557 8.55427 8.08189 7.90138 7.64005 7.60517 9.97067
threshold=0.35176801150343179 0.081346074914687594 0.21729846841719139 0.49980400660439722 0.11812430541019577 0.23629875165447031 0.0065150170818326645 0.18315970758002706 0.070891596289630363 0.014252056558190064 0.14545533460245536 -0.005253955269376275 -0.25237452694429913 0.085813964608058915 -0.013243050757144379 0.74266215524502022 0.10129011236671671 0.011354958028229181 0.98070147436124822 0.0025363369122203276 0.040857686936767841 0.18429628786976301 0.036971401486504747 0.13512994334176548 0.75292459532936695 0.15678051281020397 0.4357315127805842 -0.027447011384390704 0.10456498930839365 -0.047191543899042558
decision_type=2 2 2 2 2 2 2 2 2 2 2 2 2 2 2 2 2 2 2 2 2 2 2 2 2 2 2 2 2 2
left_child=1 9 4 5 6 10 -3 -5 -9 -1 23 13 20 18 -15 -10 -8 -11 -4 -14 -13 22 -6 -2 28 -25 -23 -17 29 -7
right_child=3 2 11 7 21 24 16 8 15 17 -12 12 19 14 -16 27 -18 -19 -20 -21 -22 26 -24 25 -26 -27 -28 -29 -30 -31
leaf_value=-0.068320806288346178 -0.020134508569027154 -0.020893802546965334 -0.007320113443313913 -0.039538478220260881 0.021700549009986088 -0.0198327392166294 0.02245613457970818 -0.074863706522197662 -0.0066122731169230373 0.031404526208143511 0.080125937819742157 0.036742877545720663 -0.0087150222927913686 0.016925775946952153 -0.015654220194973211 -0.059380423573143729 -0.0071779674910056601 -0.047154973629686292 0.043511986571610373 0.0051064782956810007 0.011662196217829081 0.015789408602216348 0.01029463536007035 0.078200317279567666 0.038859667347571909 0.013061572429468309 0.0039107872719672454 -0.020128873151872728 -0.02587234392339954 -0.0053657786828567137
leaf_weight=181.12584447860718 81.888788387179375 436.3268760740757 2271.7889238595963 726.21294301748276 2324.2877037525177 832.32444857060909 265.36804427206516 47.471268013119698 507.19725976884365 29.837624311447144 28.944701641798019 210.88172651827335 712.76836001873016 499.29549768567085 160.64340759813786 79.822463721036911 240.74469462037086 44.943348094820976 42.58564381301403 2419.2735732197762 745.54534247517586 980.84817166626453 1354.1443548053503 22.284696266055107 30.678721249103546 131.11400833725929 1305.0419039428234 130.92260214686394 458.16854263842106 1114.0434105545282
leaf_count=1300 374 2751 10892 3063 12698 3734 1626 195 2392 194 152 1039 3433 2420 770 340 1448 299 214 11712 3629 4997 7299 109 141 663 6657 576 2063 5049
internal_value=0.000448218 0.00564283 0.00671667 -0.0171835 0.011595 -0.0107507 -0.00518383 -0.028825 -0.0186603 -0.052976 0.0156138 0.00194608 0.00552414 -0.0029723 0.0089951 -0.014944 0.00835996 -0.0158097 -0.00638478 0.00196108 0.0171922 0.0142463 0.0175017 0.00767756 -0.0136114 0.0225245 0.00900776 -0.0349959 -0.0142809 -0.0115523
internal_weight=18416.5 14225.5 13969.5 4191.07 6906.76 2699.45 942.44 1491.63 765.414 255.907 264.232 7062.78 4088.47 2974.31 659.939 717.942 506.113 74.781 2314.37 3132.04 956.427 5964.32 3678.43 235.287 2435.22 153.399 2285.89 210.745 2404.54 1946.37
internal_count=92229 73378 71585 18851 37476 12285 5825 6566 3503 1793 1298 34109 19813 14296 3190 3308 3074 493 11106 15145 4668 31651 19997 1146 10987 772 11654 916 10846 8783
is_linear=0
shrinkage=0.1


Tree=12
num_leaves=31
num_cat=0
split_feature=11 11 11 9 11 9 9 11 11 7 11 8 9 6 12 12 7 13 2 6 5 12 5 5 3 12 9 13 5 2
split_gain=1670.23 443.687 376.229 83.9403 67.6243 66.5174 65.1728 45.6875 40.2934 38.5769 37.9838 35.7337 32.7184 29.8747 27.4264 25.3161 27.2414 24.296 23.148 17.6771 16.4596 16.4479 14.3205 14.0142 12.5745 12.5704 12.1211 12.0455 11.917 11.8511
threshold=0.010859631002326545 0.01719507394673871 0.0070471468136524386 0.32178875744940166 0.0049274714608773269 0.071369404208061968 0.14350151244177359 0.0079317743699973218 0.024255295126597142 0.052834793908952189 0.014086416196349779 0.1893139736302534 0.11192873165719404 0.0058651185624951649 0.052106220836460569 0.03785545474525847 0.09816178772624197 -0.56403331928080858 -0.045376785246656219 -0.00036532848394127399 -0.026229337956956807 0.15885563643696823 0.018665357768076433 -0.014655385500690952 -0.12556060551523449 0.019929917530175669 0.20322897560716061 0.14545533460245536 -0.03003657685583588 0.097859762445604584
decision_type=2 2 2 2 2 2 2 2 2 2 2 2 2 2 2 2 2 2 2 2 2 2 2 2 2 2 2 2 2 2
left_child=2 6 4 12 13 11 15 22 21 17 28 -4 19 -1 18 16 -2 -6 -9 -3 -14 24 -7 -19 -5 -11 -22 -16 -8 -23
right_child=1 3 5 8 9 7 10 14 -10 25 -12 -13 20 -15 27 -17 -18 23 -20 -21 26 29 -24 -25 -26 -27 -28 -29 -30 -31
leaf_value=0.19981421445291289 0.049394946472832872 -0.021542779693098386 0.15238464896266227 -0.059957371031624788 0.025803135514697591 0.074852457000747871 -0.014878288423515539 -0.022609813364010703 -0.050053890877447063 -0.0080971218870906966 -0.0090974809890913329 0.015561351189488851 -0.036662713455264902 0.12504902993279135 0.0087034462638582704 0.010488230521641523 -0.045255307931728335 0.04245666485303419 0.041333305693778057 0.083391419095714014 -0.0081283171654879492 -0.012460918961177726 0.016469463134618514 0.11930381978245463 -0.030457381200111513 0.068466796265083466 -0.02277878419122898 0.049066081798792981 0.0089709647817518539 0.05856465662491879
leaf_weight=115.2374941855669 459.63555380702019 24.697321683168411 79.990169823169708 160.41061414778233 31.978971943259239 389.88144680857658 227.11981330811977 58.417827114462852 2393.2415646314621 33.649420261383057 2846.0428450107574 25.070418998599052 636.60890054702759 99.668914720416069 502.13743564486504 459.16841270029545 32.562056988477707 24.928242012858391 1833.8154258877039 45.870607331395149 767.45889434218407 147.89776231348515 47.087179884314537 494.00894291698933 1456.1258179992437 59.117729529738426 2137.8089723289013 86.70463852584362 2703.166637390852 27.928902089595795
leaf_count=563 2447 124 424 740 158 2115 1153 307 10848 155 14365 132 3028 513 2555 2359 149 130 9778 250 3861 750 242 2537 7034 311 10490 468 14090 153
internal_value=-0.00011936 -0.0156909 0.0581512 -0.0319243 0.11657 0.0415599 0.00312514 0.0387453 -0.0415629 0.100353 -0.000869231 0.119735 -0.0207564 0.16514 0.0334941 0.0273774 0.0431332 0.110399 0.0393592 0.0466666 -0.0220998 -0.0302254 0.0685612 0.115612 -0.0333847 0.0406948 -0.0189087 0.0146467 0.00712246 -0.00117898
internal_weight=18407.4 14525.7 3881.69 7798.05 858.59 3023.1 6727.7 2918.04 4185.6 643.683 5776.33 105.061 3612.44 214.906 2481.08 951.366 492.198 550.916 1892.23 70.5679 3541.88 1792.36 436.969 518.937 1616.54 92.7671 2905.27 588.842 2930.29 175.827
internal_count=92229 71841 20388 37278 4367 16021 34563 15465 19525 3291 29608 556 17753 1076 13108 4955 2596 2825 10085 374 17379 8677 2357 2667 7774 466 14351 3023 15243 903
is_linear=0
shrinkage=0.1


Tree=13
num_leaves=31
num_cat=0
split_feature=10 10 9 9 10 10 6 5 6 4 7 14 13 5 2 7 8 10 9 3 4 9 5 8 2 12 7 10 6 2
split_gain=478.541 93.4884 52.13 50.9642 32.7621 29.2718 18.178 17.1567 15.5131 15.0094 14.7912 16.9761 12.5818 14.1076 11.4904 14.8524 11.3325 10.8871 11.3359 10.7988 10.671 9.49572 8.98008 13.8498 10.2968 8.74025 8.72763 8.16037 7.80018 7.44658
threshold=0.26869744946590085 0.16506126077035613 0.059174025310056229 0.25500306391907818 0.56307453166576693 0.11964666576307538 0.040453581164500159 -0.00021988186559268594 0.0068420323134730241 1.0000000180025095e-35 0.11173486896329811 0.79194044589616019 -0.56403331928080858 0.0097662857224815065 -0.033091650513108466 -0.097425969110274777 -0.33896868333477187 0.38110519425809947 0.73049356769308316 -0.079055983113936343 -0.022840982954499097 0.30130454994743566 0.026722329225434275 0.2204562562578429 -0.017450291780156665 0.094031826916075881 0.043108636028121101 0.37772621868470418 0.0018482872215502824 -0.0013452643718672162
decision_type=2 2 2 2 2 2 2 2 2 2 2 2 2 2 2 2 2 2 2 2 2 2 2 2 2 2 2 2 2 2
left_child=1 2 8 6 17 12 20 9 29 -7 11 22 26 -14 15 -13 -9 27 25 -6 -2 -16 24 -24 -3 -19 -4 -5 -29 -1
right_child=3 10 5 4 19 7 -8 16 -10 -11 -12 14 13 -15 21 -17 -18 18 -20 -21 -22 -23 23 -25 -26 -27 -28 28 -30 -31
leaf_value=-0.0072827308389619878 -0.043900671250182627 0.010116078420039185 0.11666532576245817 -0.016863180078716161 -0.026791015762321898 0.021854068377453087 -0.02592017450840536 0.041902537067297539 0.012446995177579695 0.046313304245787071 -0.011777847617064637 0.062248498501137783 0.046545415447425742 0.021797907527395664 0.023672312464781974 -0.0090907954776162977 0.012314179210498705 -0.034230283809217103 0.036623013878734144 -0.048988693595503112 0.00448405107122534 -0.016158293139449047 0.037248393532218448 0.0047331785757238395 0.00010108567317271677 -0.020961123897208722 0.031490625734345107 -0.018307536294299508 0.053100040735955638 -0.068843720620879928
leaf_weight=26.552128419280052 47.370375633239746 1615.3660128861666 36.662512719631195 3176.7176603525877 361.45305961370468 577.34734809398651 270.6090082526207 144.5142907500267 56.546655878424644 443.69421398639679 399.09792876243591 33.040467008948326 816.07584697008133 320.94189235568047 1153.7322156429291 250.00641129910946 1241.2950015664101 829.40115468204021 29.044157445430756 556.7059364169836 1207.0853263735771 63.129174441099167 213.15980888903141 339.87101650238037 2816.6289658397436 1236.4128570109606 17.905773982405663 28.578194126486778 32.917350590229034 75.581230267882347
leaf_count=170 220 8135 215 15227 1640 3113 1301 784 348 2398 1932 171 4839 1862 5829 1184 6716 3674 151 2398 6001 311 1110 1716 14163 5699 99 132 167 524
internal_value=5.21159e-05 0.0138317 0.0265193 -0.018804 -0.0228026 0.0289928 -0.00241379 0.0226468 -0.0295742 0.0324828 0.00690719 0.00805711 0.0418111 0.03956 0.0173847 -0.000763258 0.0153997 -0.0197988 -0.0254163 -0.0402501 0.00265696 0.021606 0.00525061 0.0172658 0.00375133 -0.0262885 0.0887165 -0.0161647 0.0199155 -0.0528394
internal_weight=18417.4 10641.1 3757.12 7776.3 6251.23 3598.44 1525.06 2406.85 158.68 1021.04 6884.03 6484.93 1191.59 1137.02 1499.91 283.047 1385.81 5333.07 2094.86 918.159 1254.46 1216.86 4985.03 553.031 4431.99 2065.81 54.5683 3238.21 61.4955 102.133
internal_count=92229 55619 21068 36610 29088 20026 7522 13011 1042 5511 34551 32619 7015 6701 7495 1355 7500 25050 9524 4038 6221 6140 25124 2826 22298 9373 314 15526 299 694
is_linear=0
shrinkage=0.1


Tree=14
num_leaves=31
num_cat=0
split_feature=11 11 11 12 9 11 3 13 12 5 12 14 11 16 8 3 3 13 9 8 11 13 8 5 9 9 14 3 13 3
split_gain=1233.5 282.751 239.105 62.1819 61.3184 52.4682 48.0519 45.4793 39.1958 35.3164 36.5442 35.4294 35.2618 32.6182 27.7691 32.4867 27.0624 37.9694 26.3322 26.0249 23.9393 23.2451 20.9214 20.7182 20.5865 18.1589 17.5952 17.0356 15.8467 18.1403
threshold=0.013900546153571868 0.0094525931824225012 0.024255295126597142 0.040547464529545968 0.17191213059984015 0.038745860767223979 -0.11794174499126096 0.079408109954692288 0.036971401486504747 0.038666318388978722 0.046885673108252528 0.31987124463519317 0.0074558475559194561 1.0000000180025095e-35 1.4591126695492969 0.13574525228454262 -0.14493038200014083 -0.014293967654848435 0.18450618960721474 -1.008020682447982 0.01719507394673871 0.10536620678363286 0.93770002805357511 -0.0070609052794730611 0.59202438114528821 0.33800777836195056 0.60785160849253683 0.10172731353269927 0.55652827355574941 -0.23884704924642272
decision_type=2 2 2 2 2 2 2 2 2 2 2 2 2 2 2 2 2 2 2 2 2 2 2 2 2 2 2 2 2 2
left_child=1 12 4 18 8 9 7 13 -2 16 25 -12 -1 -6 21 -16 17 -4 23 -14 -9 -8 -20 26 -18 -11 -3 -24 29 -7
right_child=2 3 5 -5 6 28 14 20 -10 10 11 -13 19 -15 15 -17 24 -19 22 -21 -22 -23 27 -25 -26 -27 -28 -29 -30 -31
leaf_value=-0.084598996862437298 -0.041436341010637236 -0.039012500899657965 0.087726498808019124 -0.010997313847900895 0.04492762688034993 0.13652135675040594 0.011836734525795596 -0.060513070441744692 0.00069712701597421508 0.068082710011975731 0.089555168323841805 0.032275791107273667 0.049106880395438104 0.11696414952006343 0.10065674424052823 0.022284863770563823 0.027923593970597949 0.024928707198591527 -0.025247544078739234 -0.05910267332038395 0.019847218147613987 -0.0012650756345953891 0.095702594754430867 -0.050868529683606313 -0.0024910580201072084 0.17688813233808839 0.0077138315615308851 -0.0086299012631054686 0.026362886603744182 0.067329966064059318
leaf_weight=763.72101195901632 358.67008900642395 229.13883297145367 174.22218337655067 2352.6854667365551 293.58156017959118 41.208084866404533 4270.6689309775829 45.547474458813667 574.36636051535606 27.781153038144112 146.22673125565052 412.9196489751339 22.6605214625597 79.981378331780434 64.149876594543457 301.37079310417175 1916.027744859457 215.22230336070061 786.57442599534988 1158.5801534801722 199.18337684869766 1982.8972810059786 26.399856507778168 967.56926609575748 251.78900052607059 34.247640028595924 124.30639617145061 38.434910356998444 85.37701191008091 470.78905639052391
leaf_count=5480 1993 1354 663 12727 1306 146 20010 240 2937 117 554 1603 127 322 282 1362 8038 914 4266 7445 877 9495 131 5792 996 123 694 193 320 1722
internal_value=-0.0008005 -0.035967 0.0182457 -0.0222617 0.00862817 0.0390568 0.0117387 0.0383991 -0.0154995 0.0339464 0.055334 0.0472554 -0.0678535 0.0603509 0.00924831 0.0360393 0.0287512 0.053022 -0.0344608 -0.0570268 0.00489116 0.00768238 -0.020747 -0.0432995 0.024391 0.128157 -0.0225789 0.0338529 0.0662479 0.0728988
internal_weight=18416.3 6470.07 11946.2 4525.11 8170.42 3775.81 7237.38 618.294 933.036 3178.44 621.175 559.146 1944.96 373.563 6619.09 365.521 2557.26 389.444 2172.42 1181.24 244.731 6253.57 851.409 1321.01 2167.82 62.0288 353.445 64.8348 597.374 511.997
internal_count=92229 38209 54020 25157 38824 15196 33894 2745 4930 13008 2397 2157 13052 1628 31149 1644 10611 1577 12430 7572 1117 29505 4590 7840 9034 240 2048 324 2188 1868
is_linear=0
shrinkage=0.1


Tree=15
num_leaves=31
num_cat=0
split_feature=11 10 11 10 11 10 10 7 7 13 8 9 12 11 6 12 8 0 11 10 11 7 10 10 13 7 8 1 7 2
split_gain=1177.6 261.908 202.842 86.2239 52.3157 38.3211 35.3862 33.9601 29.3865 27.1925 27.1577 22.5852 39.0318 33.0218 25.7206 23.763 22.5618 21.9356 21.244 20.5142 20.356 20.1322 20.1008 19.4557 18.3555 17.8618 19.4668 16.0729 15.0044 14.7881
threshold=0.014352453455065986 0.16398925264093103 0.020381872724486955 0.48392432929810897 0.009758848960102923 0.2333879714793925 0.21294331098616073 -0.12117901721649198 0.14271272076833422 -0.78023242314724595 2.2618292999967253 0.39670978877982027 0.080128978191675623 0.018176023076507352 -0.084426685239304064 0.075812659646053507 -2.2959762632429368 -0.0093313156186756157 0.030106056433160409 0.11812430541019577 0.012197066460888193 0.025750833470800875 0.60235220234279063 0.10567320198111428 0.19450892956426424 0.030885194366921168 -0.43461805130473713 -0.049052381746477629 0.12632957446266349 -0.095203128918657218
decision_type=2 2 2 2 2 2 2 2 2 2 2 2 2 2 2 2 2 2 2 2 2 2 2 2 2 2 2 2 2 2
left_child=1 4 5 6 23 19 18 22 17 -9 21 12 14 -14 -7 27 -11 -6 -4 -2 28 -8 24 -1 -5 -21 -27 -13 -3 -22
right_child=2 20 3 7 8 11 10 9 -10 16 -12 15 13 -15 -16 -17 -18 -19 -20 25 29 -23 -24 -25 -26 26 -28 -29 -30 -31
leaf_value=-0.083802768635220584 -0.074107478166707028 -0.025324896572955547 0.0030448351022331907 -0.029217245364028734 -0.0081696712782957908 0.07002273417833968 0.023538186071250508 -0.020576083812304528 0.086215396991089197 0.14631985544615198 -0.027712143758122268 -0.047300693956409498 0.016442683088684493 0.051919275033756977 0.0045127797360799233 -0.02492023224583019 0.059991677790444169 -0.048297821539813574 -0.079721930965413038 -0.012204611921490562 0.06878601731719379 0.038310325100235541 0.044312151530786541 -0.060509418002216875 0.043533925088766759 0.10357124679325119 0.0054245256514568654 0.041810781076541625 0.020469978264623136 -0.010392863447479509
leaf_weight=554.81811735779047 43.33940789103508 1975.1783625036478 337.51658761501312 96.336132541298866 158.39544479548931 61.754347950220108 2556.7517281919718 41.042329728603363 17.968438923358917 31.054690048098564 86.669161289930344 24.80168491601944 711.48651316761971 415.64793762564659 2032.1140378117561 307.57355797290802 1204.0767219811678 973.16610126197338 34.149309068918228 1115.7524442970753 23.877220287919044 1443.4307540655136 221.95391058921814 1013.7755705863237 54.187806591391563 20.864247232675552 643.40934348106384 110.06812283396721 74.234765626490116 1948.2119013220072
leaf_count=4326 282 11370 1684 388 936 255 10739 160 76 106 355 110 3301 1819 9582 1464 4267 6157 198 5740 110 5979 817 7099 215 97 3195 490 409 10266
internal_value=0.000347161 -0.0328938 0.0196702 0.0322075 -0.0568719 0.00571547 0.0249821 0.0517475 -0.0406659 0.0595013 0.0276687 0.0116114 0.0145214 0.0295252 0.00644486 -0.0095739 0.0621622 -0.0426807 -0.00455992 -0.00613041 -0.016687 0.0288686 0.0251816 -0.0687484 -0.00302722 -0.00447533 0.00850723 0.0254238 -0.0236661 -0.0094342
internal_weight=18333.6 6739.63 11594 6107.17 2718.12 5486.81 4458.52 1648.65 1149.53 1276.17 4086.85 3663.45 3221 1127.13 2093.87 442.443 1235.13 1131.56 371.666 1823.37 4021.5 4000.18 372.478 1568.59 150.524 1780.03 664.274 134.87 2049.41 1972.09
internal_count=91992 40749 51243 24908 18594 26335 18955 5953 7169 4533 17073 17021 14957 5120 9837 2064 4373 7093 1882 9314 22155 16718 1420 11425 603 9032 3292 600 11779 10376
is_linear=0
shrinkage=0.1


Tree=16
num_leaves=31
num_cat=0
split_feature=11 10 10 11 13 10 3 7 11 11 12 13 6 12 3 7 4 0 13 9 2 3 7 2 4 0 7 12 7 10
split_gain=144.471 76.4358 39.718 33.6877 36.5167 20.7398 17.6044 16.3486 13.7483 13.597 13.1424 11.7759 10.9391 10.9064 10.5416 10.3871 9.26136 8.73448 8.6516 7.39822 9.12691 8.64714 7.02313 6.92771 6.63747 6.20308 8.25203 15.6492 5.74327 5.50791
threshold=0.024626258200171783 0.081346074914687594 0.36815001091836136 0.017921194570633951 0.29156058011686509 0.11812430541019577 0.017094433359300169 0.03409909113831134 0.0084404075218315749 0.039967620586456858 0.073170053243160796 -0.30263363000238375 0.019671895402057719 0.12212113044569646 -0.17314566332619516 0.0018859039511038846 0.01507973396433804 -0.0010587532662564845 0.58000882419103383 0.17717158435135491 -0.030846623639291245 -0.015475063250111719 0.30304478263732132 0.013330284125667726 0.0017483575557903921 -0.019939660727785743 -0.10784525012316092 0.082373608832944464 -0.0052658780815726383 0.48392432929810897
decision_type=2 2 2 2 2 2 2 2 2 2 2 2 2 2 2 2 2 2 2 2 2 2 2 2 2 2 2 2 2 2
left_child=1 12 19 5 14 6 15 -8 10 13 -7 -10 28 -4 -5 -3 -16 18 -6 20 -2 -22 29 -19 -14 -21 27 -27 -1 -15
right_child=2 3 9 4 17 8 7 -9 11 -11 -12 -13 24 22 16 -17 -18 23 -20 25 21 -23 -24 -25 -26 26 -28 -29 -30 -31
leaf_value=0.0036769772789662127 -0.03036833740856747 -0.0014669799678115542 -0.03233874970896454 -0.035063431224324586 -0.0009501597619431131 0.018144405658522156 0.035273059232419773 -0.0054134124090549473 0.016057601663107494 -0.046556138992853185 0.062281570334532868 0.0066679796127088022 -0.038063760207306604 -0.0022807360961816336 -0.0035261940795992992 -0.032277361652797286 -0.018881414720778852 0.016945005113690636 0.039947576670699064 -0.026088977230033745 0.091108385848679668 0.017066674487146206 -0.065626489475144587 0.045830006578758499 0.046092225871018203 -0.0048183303539912356 -0.0068446040247870672 0.099045757611335203 -0.064285926126294246 -0.020083635479509768
leaf_weight=13.276641398668287 26.533018961548805 179.8227194994688 834.43041574954987 125.88832961022854 256.25777004659176 598.37153436243534 144.85801622271538 310.33849412202835 1622.4224199652672 327.42053696513176 76.035726875066757 7556.859625428915 21.742852091789246 254.38372702896595 2920.7728676646948 279.48754923045635 453.8233709782362 178.12433476746082 64.805389046669006 151.54488077759743 21.744511678814888 57.437977015972137 27.734242409467697 155.53288167715073 16.472114905714989 43.167326629161835 872.28246757388115 21.848861917853355 195.94423656910658 548.46923966705799
leaf_count=96 120 1123 3673 569 1201 3441 893 1880 8306 1416 419 38423 141 1188 13686 1808 2085 839 318 689 110 305 115 770 105 201 4032 109 1477 2454
internal_value=7.17055e-05 0.00413769 -0.0192833 0.00505168 -0.00259684 0.00800307 -0.00640271 0.00753432 0.00934005 -0.0279273 0.0231206 0.00832758 -0.050987 -0.024264 -0.00665111 -0.0202149 -0.0055912 0.0190795 0.00730489 -0.00486574 0.0203908 0.0373995 -0.0161519 0.0304096 -0.00178931 -0.00731789 -0.00428293 0.0300855 -0.0599732 -0.0144428
internal_weight=18357.8 15170.8 3187 14923.4 4155.2 10768.2 914.507 455.197 9853.69 1992.44 674.407 9179.28 247.436 1665.02 3500.48 459.31 3374.6 654.72 321.063 1194.56 105.716 79.1825 830.587 333.657 38.215 1088.84 937.299 65.0162 209.221 802.853
internal_count=91992 77580 14412 75761 19468 56293 5704 2773 50589 8846 3860 46729 1819 7430 16340 2931 15771 3128 1519 5566 535 415 3757 1609 246 5031 4342 310 1573 3642
is_linear=0
shrinkage=0.1


Tree=17
num_leaves=31
num_cat=0
split_feature=11 11 11 11 9 9 12 9 11 11 8 9 3 12 9 12 14 6 6 14 3 14 9 14 3 6 9 6 14 13
split_gain=1377.72 351.799 306.338 61.305 58.7925 54.6677 41.4641 39.7507 31.2181 30.8665 28.1792 27.8818 27.1492 23.6635 22.6338 21.3967 24.7191 20.7729 17.0059 16.8899 16.6779 16.926 15.7249 14.5005 14.903 14.0939 13.0256 12.5445 16.5514 12.0605
threshold=0.010859631002326545 0.01719507394673871 0.0070471468136524386 0.026111874199009181 0.14131232491013399 0.094415133693362949 0.019217688177532225 0.044901410832726071 0.014025507450262648 0.0081490862445152187 0.14729229323284826 0.11192873165719404 0.030231637553230332 0.03181818877817328 0.36865954280247604 0.031563115673323268 0.79194044589616019 0.025219203702341323 -0.030985892507168985 0.7575432435947459 0.03433814018920562 0.66738429166010083 0.12625058910317757 0.29847791408712832 0.050149783685471856 0.025219203702341323 0.063786414518441498 0.013165661457859247 0.77929214107520794 -0.46959447085952238
decision_type=2 2 2 2 2 2 2 2 2 2 2 2 2 2 2 2 2 2 2 2 2 2 2 2 2 2 2 2 2 2
left_child=2 4 7 11 13 6 26 -1 -6 27 20 -3 -12 23 -5 16 -11 19 -13 -8 21 -9 -17 24 -2 -14 -4 28 -7 -25
right_child=1 3 5 14 8 9 17 10 -10 15 12 18 25 -15 -16 22 -18 -19 -20 -21 -22 -23 -24 29 -26 -27 -28 -29 -30 -31
leaf_value=0.17417273201072672 0.081016221908999653 0.04888625828961371 0.18063919683069918 -0.029056690992144585 0.005535334955458545 0.077966235772904569 0.073843861623879556 0.091372482299697175 -0.0091207529186839078 0.045729360722623846 0.10479897356935458 -0.033486136216221422 0.010288640126793668 0.011630207586389362 -0.049200593317590885 0.040242867549450806 0.0072293786839568962 -0.012629851323774414 -0.020405300176355435 -0.0048521106834361165 0.15409090887348142 0.13292612424651901 0.012402241314854852 -0.040526432064315415 -0.0050091752487176448 0.071583401533777555 0.1023484200628912 0.034792507820720131 0.0079145935933274715 0.035966264287636295
leaf_weight=71.068723276257515 131.91288916766644 53.113779202103615 27.30231286585331 845.23829844594002 2926.2791308611631 242.99798904359341 183.77681858837605 367.61922258138657 2887.3879327774048 792.39112287759781 122.29136329889297 1363.0408237278461 74.088249742984772 519.29357035458088 1640.1785272061825 254.41112220287323 211.22200478613377 44.849111676216125 3669.4988108873367 32.024859830737114 71.462139874696732 133.66655652225018 1001.5182677060366 22.843160971999168 23.76650482416153 75.988417193293571 95.876288861036301 186.02421936392784 39.16462379693985 211.0486786365509
leaf_count=314 691 280 135 4168 15094 1285 949 1756 14694 4118 589 6675 367 2648 7708 1324 1090 218 18306 161 354 638 5103 101 122 375 488 943 208 1090
internal_value=-0.000138472 -0.0146951 0.0515199 -0.0294782 0.00195391 0.0365551 0.0718903 0.102344 -0.00174369 0.0315829 0.0963034 -0.0231875 0.0698239 0.025606 -0.0423501 0.0267407 0.0376266 0.0492957 -0.0239482 0.0621654 0.108896 0.102453 0.0180419 0.0442356 0.0678833 0.0413241 0.119701 0.0549521 0.068243 0.0284956
internal_weight=18321.3 14293.6 4027.74 7571.07 6722.53 3111.56 383.829 916.185 5813.67 2727.73 845.116 5085.65 272.368 908.865 2485.42 2259.54 1003.61 260.651 5032.54 215.802 572.748 501.286 1255.93 389.571 155.679 150.077 123.179 468.187 282.163 233.892
internal_count=91992 71577 20415 37137 34440 16022 1951 4393 29788 14071 4079 25261 1331 4652 11876 11635 5208 1328 24981 1110 2748 2394 6427 2004 813 742 623 2436 1493 1191
is_linear=0
shrinkage=0.1


Tree=18
num_leaves=31
num_cat=0
split_feature=11 11 11 9 9 10 1 9 0 10 14 7 10 13 3 2 10 3 12 8 10 15 14 2 12 9 3 2 14 14
split_gain=446.131 77.767 52.8105 34.5654 25.8367 25.5989 28.9427 16.1154 16.0864 15.3443 13.5758 13.0084 11.9564 11.6468 11.6452 13.2542 10.823 10.7736 10.8549 10.6078 10.4388 9.83602 9.48553 9.11162 9.02553 9.47937 8.681 17.026 8.43348 7.80417
threshold=0.016956307554025395 0.013050618402770201 0.024426783369909683 0.044901410832726071 0.29389668051458978 0.18118952115870932 -0.01264215059676088 0.24126073992431551 0.0024540103586740973 0.29103615413705508 0.87969910932668804 -0.12117901721649198 0.13693255238857319 0.03105025445922616 0.030894611551196331 -0.010929091416123969 0.57394250329195362 -0.10483816301383418 0.019548606394524663 -0.093450480758614243 0.15155903522382436 0.37991416309012882 0.75327610872675266 -0.073734956783479286 0.077988648005463276 0.20322897560716061 -0.040386524594641975 -0.048553225716810637 0.036519913240112611 0.30719453834175248
decision_type=2 2 2 2 2 2 2 2 2 2 2 2 2 2 2 2 2 2 2 2 2 2 2 2 2 2 2 2 2 2
left_child=1 3 7 -1 20 6 12 22 -8 10 17 -11 -5 21 15 28 -6 23 -19 -16 -4 -7 -2 -3 29 -26 27 -12 -9 -22
right_child=2 9 4 5 16 13 8 14 -10 11 26 -13 -14 -15 19 -17 -18 18 -20 -21 24 -23 -24 -25 25 -27 -28 -29 -30 -31
leaf_value=-0.066950429577962697 -0.0046126900595587581 -0.0077183824621283497 0.055103205719194574 0.062785865356388595 -0.028057225372546197 -0.0010662412702549728 0.016209976420797325 -0.062410434267188397 0.030839694114131944 0.035750203015996275 0.0048139002765577059 -0.010732293214873626 0.035533902748739139 0.02393466501193621 -0.078012289862154513 0.00025949924814634462 -0.043013062881084571 0.030639315783058736 0.0016638110568837742 -0.020619412301224105 -0.040060073735959392 0.014974473770263784 0.022109206566510636 0.059332732265072623 0.038812032666935392 -0.0081570059358702322 0.0168869249367543 0.099422799206293655 -0.014679514820879258 -0.011541391732318643
leaf_weight=44.14193444699049 1309.8224816024303 29.859610199928284 23.716424271464348 253.26804403960705 1851.8119783699512 603.68380211293697 1658.4148372709751 38.092535823583603 1374.5599770545959 64.556983202695847 36.347771510481834 893.50461830198765 441.87164445221424 778.70109696686268 33.077791601419449 793.47881369292736 655.02345542609692 136.29714676737785 2514.8630012720823 1218.9462639987469 142.12517361342907 1042.2694317996502 147.83222441375256 63.08387216925621 57.609985560178757 169.07789675891399 329.86511388421059 39.905001804232597 1311.6797183156013 295.37747345864773
leaf_count=353 6428 148 132 1379 8529 3030 9221 162 7561 332 178 4448 2311 3958 144 3889 2914 728 12648 5853 654 5315 732 320 297 808 1632 210 6253 1425
internal_value=0.00037287 0.0141509 -0.0172701 0.021224 -0.0272542 0.0218566 0.0270584 -0.0106975 0.0228402 0.00348179 0.0068521 -0.00760017 0.0454629 0.0138584 -0.0144733 -0.0099971 -0.0319651 0.00432665 0.00315345 -0.0221357 -0.0100871 0.00909124 -0.00190261 0.0377915 -0.0124148 0.00377961 0.0239163 0.0543251 -0.0160266 -0.0208058
internal_weight=18352.9 10305.2 8047.67 6196.91 3194.74 6152.77 3728.11 4852.93 3032.97 4108.28 3150.22 958.062 695.14 2424.65 3395.28 2143.25 2506.84 2744.1 2651.16 1252.02 687.907 1645.95 1457.65 92.9435 664.191 226.688 406.118 76.2528 1349.77 437.503
internal_count=91992 53772 38220 33128 14759 32775 20472 23461 16782 20644 15864 4780 3690 12303 16301 10304 11443 13844 13376 5997 3316 8345 7160 468 3184 1105 2020 388 6415 2079
is_linear=0
shrinkage=0.1


Tree=19
num_leaves=31
num_cat=0
split_feature=10 11 11 10 11 10 12 3 12 3 11 7 14 14 13 11 13 5 7 2 5 7 12 12 13 10 2 11 2 6
split_gain=1055.5 265.229 188.209 92.4906 54.0374 43.2801 42.545 35.854 33.8917 38.935 31.9693 30.7556 28.2642 26.0694 32.4701 26.0567 22.3385 21.8758 21.3651 20.6096 35.6191 21.9684 19.8313 19.3462 18.677 17.4047 16.7943 16.4069 16.3181 15.9073
threshold=0.19350486708583789 0.017267023962808464 0.0094525931824225012 0.32128873559328458 0.029043648472410959 0.153834391985188 0.11461285134532745 -0.12556060551523449 0.054850572387301101 -0.023306580536458728 0.011454628483995656 -0.011575652709472415 0.65468684720270443 0.34982383333924499 -0.21791856471318641 0.012072932124208558 -0.93320311234007336 0.039588821247967594 -0.1723512095757018 -0.075882636639742249 -0.0098283409518137837 -0.027607035505770702 0.21248935161911794 0.1043398406518866 -0.78023242314724595 0.27266678850835929 -0.075882636639742249 0.01758723255996367 -0.037880227170480556 0.035684272348713526
decision_type=2 2 2 2 2 2 2 2 2 2 2 2 2 2 2 2 2 2 2 2 2 2 2 2 2 2 2 2 2 2
left_child=2 10 11 8 6 12 7 -5 9 -3 23 -1 29 17 -15 -7 -13 -6 -8 25 21 -21 26 -2 -17 -12 -10 -26 -22 -4
right_child=1 3 5 4 13 15 18 -9 22 -11 19 16 -14 14 -16 24 -18 -19 -20 20 28 -23 -24 -25 27 -27 -28 -29 -30 -31
leaf_value=-0.032653374661846077 -0.013899710852670151 0.042704241226958706 -0.054287928447537874 0.071060490605379209 0.055178986251306399 -0.03211139783425819 0.06369092612617426 0.030132612834463498 -0.028386114112535943 0.010137173797150767 -0.059315438104819165 0.042231693123338993 -0.014861784298452696 0.067266977943263431 0.030307445783055928 0.062362636427717479 -0.074299901137421104 0.10303475762416006 0.0077750860057545119 0.0011704778687943755 -0.042599816078683517 0.027927077618391024 0.061757463751122836 -0.052104194136262993 -0.01767010311862979 -0.0030656570415809733 0.0038238286846788358 0.0081934875773724877 -0.0030500190578492542 -0.0097856582494043973
leaf_weight=218.18785828351974 719.23194994777441 598.42972195148468 828.9037226587534 243.44262737035751 374.35507450997829 766.78154289722443 72.801589757204056 1772.2940161824226 182.56142069399357 949.64522568881512 105.0288560539484 16.642908498644829 305.54545003175735 325.57001540064812 880.72537572681904 35.787044450640678 1419.3675590381026 128.24254107475281 1113.4379286020994 563.82268208265305 108.35495601594448 673.29168993234634 54.045026630163193 162.4912409260869 935.85704410076141 115.49917927384377 1428.6770613193512 332.38488256931305 2803.8607679456472 88.939802572131157
leaf_count=1444 4022 2673 5312 966 1419 4476 302 7445 783 4350 521 109 1810 1172 3269 181 10380 444 4712 2828 552 3254 235 950 5035 551 6490 1642 14145 520
internal_value=-0.000654179 0.0139437 -0.040113 0.0252652 0.0338961 -0.0262931 0.0262328 0.0350755 0.0120748 0.0227264 -0.00357078 -0.0676343 -0.0412058 0.048255 0.0402825 -0.017483 -0.0729493 0.0673898 0.0112067 -6.60507e-05 0.00151718 0.0157326 0.0021729 -0.0209403 -0.00888134 -0.0298552 0.00017428 -0.0108917 -0.00452155 -0.0499756
internal_weight=18324.2 13375.8 4948.4 8124.23 4910.87 3294.2 3201.98 2015.74 3213.36 1548.07 5251.58 1654.2 1223.39 1708.89 1206.3 2070.81 1436.01 502.598 1186.24 4369.86 4149.33 1237.11 1665.28 881.723 1304.03 220.528 1611.24 1268.24 2912.22 917.844
internal_count=91992 61083 30909 34260 19729 18976 13425 8411 14531 7023 26823 11933 7642 6304 4441 11334 10489 1863 5014 21851 20779 6082 7508 4972 6858 1072 7273 6677 14697 5832
is_linear=0
shrinkage=0.1


Tree=20
num_leaves=31
num_cat=0
split_feature=10 10 10 10 2 2 3 12 3 8 7 7 2 13 12 7 7 12 9 4 13 9 4 8 2 7 8 12 14 8
split_gain=914.494 285.367 93.081 73.1935 52.2281 39.802 49.778 37.0862 46.6641 36.9513 34.7609 32.4086 30.3473 27.7198 26.6099 27.2887 27.9652 25.9283 31.5693 24.8262 23.4153 23.3793 23.2608 21.1224 20.6103 19.961 33.6015 18.7859 22.3124 18.3924
threshold=0.17160746882674607 0.27675429653884515 0.12589869721301875 0.50845536067110797 -0.071627702968338522 -0.10270354090562205 -0.11451066302065137 0.1777248462225883 -0.10483816301383418 -0.43461805130473713 0.12305447486354527 -0.097425969110274777 0.035532209906528063 -0.084554024712103618 0.020897643240655833 0.087217201695728233 -0.035683541145884116 0.075812659646053507 0.18660115879329922 -0.021910104163111784 -0.2497980783509077 0.18349338440029681 -0.007345457855326031 2.2618292999967253 -0.0063898235609660672 0.075887195301439628 0.71452416100311855 0.044869494587520049 0.47034153843061188 -0.50348557050623088
decision_type=2 2 2 2 2 2 2 2 2 2 2 2 2 2 2 2 2 2 2 2 2 2 2 2 2 2 2 2 2 2
left_child=2 4 12 5 11 9 13 8 -5 -3 19 -2 -1 -7 15 16 -4 18 -12 -6 -21 -9 -11 -8 -18 -14 -27 -13 -29 -10
right_child=1 3 14 7 10 6 23 21 29 22 17 27 25 -15 -16 -17 24 -19 -20 20 -22 -23 -24 -25 -26 26 -28 28 -30 -31
leaf_value=-0.074749093110019815 -0.014942915352872564 0.028362331879660592 0.052608981668657129 0.010615149394460363 0.023979593831697833 -0.039552878952837094 0.019119394925542082 -0.063019624481553127 0.10470820936759134 0.14125104870077251 0.10650414170759051 0.018601187339538246 -0.051424302181122886 0.0064524844861441367 -0.040472281396672555 0.064844158013315126 -0.071616760622495543 -0.028438270189752559 0.020869501509078327 -0.021860649777586529 -0.0068905180724271797 0.029738959396955086 0.055701686377243244 -0.021795511920121937 -0.015126838208840193 0.12531909513340905 -0.060506693069594754 0.035619526601262046 0.11636490885171068 0.060909508265243578
leaf_weight=1103.9795613586903 95.420425489544868 367.82178005576134 45.310317896306515 174.1507273465395 217.85852952301502 235.17736768722534 5319.9652903601527 28.061731480062008 117.86102059483528 53.028972789645195 54.967232659459114 88.271745204925537 69.901567317545414 295.57800956070423 1797.7008115723729 41.445012927055359 90.76084440946579 72.339176207780838 198.54897072911263 1365.2722440809011 4451.7536369636655 857.1374197229743 79.32745598256588 129.24254880845547 223.95746918022633 20.668156906962395 18.387995332479477 65.597581312060356 71.550643980503082 514.02878084778786
leaf_count=8611 448 1439 247 643 1025 1068 23245 161 390 185 249 425 499 1306 11357 219 619 342 911 7167 23196 3259 317 551 1429 111 122 306 301 1697
internal_value=-0.000855421 0.00986927 -0.0475401 0.0224032 -0.00545936 0.0175682 0.0153016 0.040929 0.0564474 0.0446668 -0.00744502 0.0339067 -0.0697799 -0.0139325 -0.035274 -0.0119972 -0.0208429 0.0243686 0.0394368 -0.0091628 -0.010404 0.0267984 0.0899773 0.018149 -0.0314178 -0.0194307 0.0378306 0.0545848 0.0777446 0.0690789
internal_weight=18265.1 14853 3412.11 8171.38 6681.58 6480.14 5979.96 1691.24 806.041 500.178 6360.74 320.84 1212.94 530.755 2199.17 401.474 360.029 325.855 253.516 6034.88 5817.03 885.199 132.356 5449.21 314.718 108.958 39.0562 225.42 137.148 631.89
internal_count=91845 68631 23214 34261 34370 28111 26170 6150 2730 1941 32890 1480 9343 2374 13871 2514 2295 1502 1160 31388 30363 3420 502 23796 2048 732 233 1032 607 2087
is_linear=0
shrinkage=0.1


Tree=21
num_leaves=31
num_cat=0
split_feature=11 10 10 10 10 6 5 9 8 3 3 8 1 2 7 11 8 3 8 11 11 4 9 10 9 9 6 15 0 6
split_gain=124.851 60.3455 30.0929 24.0199 15.605 18.3064 13.8808 18.2368 15.6072 22.0633 17.3468 13.5896 12.1667 15.9068 10.4522 9.4431 9.42268 9.04613 6.9866 6.59989 6.40668 6.10066 7.67081 6.97818 6.067 8.32322 4.91088 3.77682 3.77668 4.94003
threshold=0.026332835047129771 0.081346074914687594 0.22649496849801179 0.49155236848329681 0.11812430541019577 0.0065150170818326645 -0.004776758350303 0.43988823358196777 -0.25237452694429913 0.0084278617484678815 -0.014051752359679258 0.519707284819377 -0.0055015246808851606 0.024925162130724491 0.11173486896329811 0.0077029190563570171 1.5270538191618572 0.038466287884210366 0.56656221224854508 0.039967620586456858 0.020165262663809743 0.022538235132653298 0.6097946614853762 0.33087772342770827 0.64823269805058825 0.29946585925762698 -0.0055707249687602647 0.93137320065327212 0.0076628727455694276 -0.05916770401014642
decision_type=2 2 2 2 2 2 2 2 2 2 2 2 2 2 2 2 2 2 2 2 2 2 2 2 2 2 2 2 2 2
left_child=1 17 4 16 5 15 7 18 10 -10 -8 -7 14 -14 -6 -3 21 26 -4 24 -9 22 23 -2 25 -5 -1 -27 29 -23
right_child=3 2 6 19 12 11 8 20 9 -11 -12 -13 13 -15 -16 -17 -18 -19 -20 -21 -22 28 -24 -25 -26 27 -28 -29 -30 -31
leaf_value=0.0035889613024067905 -0.00031525951205106022 -0.036642964957314443 -0.0054480933647170719 0.022286531355459518 0.0056928634604462083 0.017090175660080927 0.0080805660865963854 0.038679544882785473 -0.016651389843322772 0.0041750175839340457 0.039831451396612733 -0.028460512662157489 0.01912963171922645 0.006594124334087615 -0.060152915297619916 -0.0061066272358475393 -0.040332721631481917 0.0047442553043068854 -0.021926799679117922 -0.045632805328400292 0.0084993299542845627 -0.052454741374217045 0.040863222933032656 -0.01569374225944142 -0.016662425279740975 -0.033756335729507314 -0.059121341104235794 -0.058002181329356334 -0.042662242579311796 -0.0036096907962415228
leaf_weight=13.386333450675009 525.96412673592567 171.30781629681587 2836.1604653000832 23.515406921505928 2348.358407869935 413.01375064253807 927.79642643034458 101.3804427832365 618.06396336853504 2874.1620942503214 211.24934621155262 77.840283036231995 2464.9139356315136 1717.6813957095146 24.357550591230392 247.69979566335678 112.65900678932667 29.132798083126545 282.95713752508163 275.60953575372696 229.71159186959267 26.891893669962883 31.742354974150658 672.11772790551186 301.72086969017982 295.22405342757702 186.01495234668255 82.117101758718491 83.801537215709686 90.008196607232094
leaf_count=100 2490 1175 13521 114 12275 2522 4481 510 2980 13738 985 458 12853 8903 116 1571 509 190 1355 1236 1096 116 152 3083 1391 1320 1483 351 376 395
internal_value=0.000403489 0.00370598 0.00445586 -0.0202588 0.00903348 -0.00323866 0.000227344 -0.00457429 0.00380447 0.000489102 0.0139691 0.00986669 0.0107368 0.0139816 0.00501691 -0.0185912 -0.012488 -0.0473067 -0.00694299 -0.0325181 0.0177405 -0.0102951 -0.007657 -0.00894251 -0.0273735 -0.0354356 -0.0549114 -0.0390327 -0.0264605 -0.0148461
internal_weight=18296.6 15775.2 15546.7 2521.37 7465.17 909.862 8081.48 3450.21 4631.27 3492.23 1139.05 490.854 6555.31 4182.6 2372.72 419.008 1543.18 228.534 3119.12 978.187 331.092 1430.53 1229.82 1198.08 702.577 400.857 199.401 377.341 200.702 116.9
internal_count=91845 80312 78539 11533 39873 5726 38666 16482 22184 16718 5466 2980 34147 21756 12391 2746 7121 1773 14876 4412 1606 6612 5725 5573 3176 1785 1583 1671 887 511
is_linear=0
shrinkage=0.1


Tree=22
num_leaves=31
num_cat=0
split_feature=10 11 10 10 11 11 14 7 3 11 11 11 2 11 10 7 13 10 7 12 7 7 6 9 7 7 2 11 12 8
split_gain=1249.26 309.388 194.398 63.1991 44.4033 34.7953 30.3202 31.4305 30.0599 29.999 20.7195 20.475 19.1697 19.159 18.4375 18.4086 18.026 17.5203 17.1724 13.9782 18.1866 13.0039 12.8985 11.5025 11.1306 11.0807 10.2705 10.0849 12.7737 9.52756
threshold=0.16189527679254531 0.01672327812975908 0.10345006823174734 0.39037677753576344 0.0078145040836832009 0.010859631002326545 0.65032853507539234 -0.014562963731261201 0.050987944795786173 0.0049274714608773269 0.0071944543947779346 0.020165262663809743 0.058840500022934179 0.0052739082676459288 0.22339873211605604 0.10456498930839365 -0.52262124588929837 0.22763528093929566 -0.013052268762638873 0.13512994334176548 0.073429178670674569 -0.095007017837976035 0.0084328927268969584 0.16681016984635708 0.11986643801219611 0.012543577950097752 -0.0033737285045831729 0.038745860767223979 0.21248935161911794 -0.27226391893755836
decision_type=2 2 2 2 2 2 2 2 2 2 2 2 2 2 2 2 2 2 2 2 2 2 2 2 2 2 2 2 2 2
left_child=2 5 8 17 13 10 7 -6 9 25 -2 -5 -12 -4 -7 -9 -11 24 -18 26 -21 -19 -15 -14 -3 -1 -16 28 -13 -8
right_child=1 3 4 11 6 14 29 15 -10 16 12 27 23 22 19 -17 18 21 -20 20 -22 -23 -24 -25 -26 -27 -28 -29 -30 -31
leaf_value=0.15749397256557041 0.070968712418053664 -0.007342400027543064 0.11355356703413555 -0.01785210734068041 0.012156270624360711 0.0049490291153497833 -0.009531832340222271 0.047032913113614461 0.030162138323913974 0.012100437555027647 0.010093304194260057 -0.044863410930263421 0.018872502984863534 0.06911421866317273 -0.016463691459426298 -0.010744960154732726 0.023801465730972575 -0.039290602329780017 0.091327498335012358 -0.0014225788891401485 0.052241844003409255 -0.02206140750969935 0.037546861271934746 0.091543038501456231 -0.059438940390292121 0.1071152015102652 -0.0038983738301854465 -0.059291638784149794 -0.022672034076721165 0.01904146359181802
leaf_weight=80.028721809387207 65.779068857431412 977.07416422665119 62.742898747324944 343.42497563362122 380.21940602362156 2291.429806932807 149.7464542388916 1323.4010648727417 83.221856772899628 33.253496035933495 1190.6476403474808 1525.1133590862155 39.942703872919083 291.16341850161552 1159.2722301185131 57.541733518242836 39.948350578546524 500.24350021779537 657.68389891088009 244.8794980943203 85.095521837472916 3524.6587304249406 233.03575594723225 47.902377665042877 42.807902187108994 96.066890001296997 1482.201698794961 364.79765430092812 312.54444565623999 528.75855995714664
leaf_count=347 310 5039 294 1744 1919 11811 770 6795 398 153 5959 7465 194 1405 5865 280 194 2508 3147 1259 457 17902 1108 256 196 438 7607 1698 1618 2709
internal_value=-1.61316e-05 -0.013946 0.0492202 -0.0277183 0.0366371 0.00187649 0.0306961 0.0376156 0.0876812 0.092959 0.0162354 -0.0405628 0.0134193 0.0613314 -0.00179114 0.0446254 0.0840321 -0.0212363 0.0874608 -0.00698881 0.0124167 -0.0242028 0.0550808 0.0585001 -0.00952907 0.13001 -0.00941296 -0.0441041 -0.0410892 0.0127353
internal_weight=18214.6 14197.8 4016.81 7590.66 3026.61 6607.15 2439.67 1761.16 990.203 906.981 1344.27 2545.88 1278.49 586.942 5262.88 1380.94 730.886 5044.78 697.632 2971.45 329.975 4024.9 524.199 87.8451 1019.88 176.096 2641.47 2202.46 1837.66 678.505
internal_count=91845 71888 19957 38170 15280 33718 12473 8994 4677 4279 6719 12525 6409 2807 26999 7075 3494 25645 3341 15188 1716 20410 2513 450 5235 785 13472 10781 9083 3479
is_linear=0
shrinkage=0.1


Tree=23
num_leaves=31
num_cat=0
split_feature=11 11 10 9 10 5 10 11 12 11 2 3 0 14 0 3 10 9 14 2 7 3 4 11 5 11 12 3 6 7
split_gain=363.683 54.7207 47.0553 26.3725 20.7544 20.5208 16.9521 13.6496 13.5771 13.4166 18.7994 13.2616 14.4576 13.139 12.8381 10.8736 10.7598 9.99322 12.3192 9.37632 8.69106 8.60345 10.7852 8.50791 8.42367 8.37397 12.1794 8.2411 7.9686 8.30734
threshold=0.01672327812975908 0.013050618402770201 0.41659425995712751 0.044901410832726071 0.11964666576307538 -0.015427461690757148 0.27536989929539285 0.029387605670735697 0.070157400632218467 0.0077029190563570171 -0.022561861995032736 0.070842981535032226 0.0029455252334829045 0.68886504530281367 -0.016552798965112855 -0.080860686486292618 0.15050292604186852 0.14131232491013399 0.90687315634218291 -0.014348735218973728 0.030885194366921168 -0.070276242931857066 -0.00050001148576139787 0.020495016367869979 0.025755613128149005 0.024426783369909683 0.084907144859045838 -0.20485118581905579 0.065074603280183566 0.096119020104800015
decision_type=2 2 2 2 2 2 2 2 2 2 2 2 2 2 2 2 2 2 2 2 2 2 2 2 2 2 2 2 2 2
left_child=1 3 6 -1 9 14 17 -4 -7 10 -5 12 15 -11 -6 -3 -13 18 20 -9 -2 22 -8 -19 -17 -23 -27 -24 29 -18
right_child=2 11 7 4 5 8 21 19 -10 13 -12 16 -14 -15 -16 24 28 23 -20 -21 -22 25 27 -25 -26 26 -28 -29 -30 -31
leaf_value=-0.062237672172970188 0.025631618884461461 0.020611604296704177 -0.020404952955434888 0.1187754071993795 0.0086840029409344134 0.016419772496309996 -0.017995689175222481 -0.026112143095148244 0.001258511305158799 0.035662294595057042 0.018179719236802391 0.055189463606168492 0.015057703875386033 0.076792933019727713 0.038299745264072253 -0.0032202526758877588 -0.0076084350368626451 -0.0010699821407388944 0.093960946425284964 -0.045366323650578667 -0.01922651805572588 -0.014116342252246908 0.059065681353249834 -0.013282288807572816 0.029187467032981185 -0.036010085397634922 -0.010878389059961469 0.00095765471152757346 0.005745998534020357 -0.034779915600993055
leaf_weight=39.710273385047913 116.72788982093334 252.98348504304886 1205.2235739529133 19.151620358228683 192.06317618489265 3471.7952309250832 421.43396905064583 485.10719363391399 711.74827289581299 489.83108340203762 619.63825388252735 25.552316412329674 1245.8932376801968 92.301421254873276 615.25301377475262 1614.5795126110315 295.44605669379234 1355.4513987600803 18.814384907484055 528.42154509574175 68.558022826910019 1693.2623082250357 25.930611416697502 985.02778486907482 84.398111552000046 506.35029630362988 311.43867263197899 415.36212895810604 201.82439394295216 181.73631888628006
leaf_count=344 620 1258 5762 103 949 18010 1981 2261 3572 2717 3683 126 6333 472 3127 8070 1488 6646 99 2385 351 8291 135 4782 433 2358 1535 2034 1038 882
internal_value=0.000573783 0.0131967 -0.0151778 0.0189968 0.0195161 0.0166572 -0.0105217 -0.0275976 0.0138404 0.0312028 0.0211957 0.00390526 0.00664155 0.0421839 0.0312541 0.0012697 -0.0085142 -0.00435912 0.0168623 -0.0361507 0.00903357 -0.0151696 -0.00655435 -0.00620973 -0.00161037 -0.0181296 -0.0264392 0.00437212 -0.0109115 -0.0179568
internal_weight=18291 10153.9 8137.11 6251.49 6211.78 4990.86 5918.36 2218.75 4183.54 1220.92 638.79 3902.41 3197.85 582.133 807.316 1951.96 704.559 2544.58 204.1 1013.53 185.286 3373.78 862.727 2340.48 1698.98 2511.05 817.789 441.293 679.007 477.182
internal_count=91845 52605 39240 32977 32633 25658 28832 10408 21582 6975 3786 19628 16094 3189 4076 9761 3534 12498 1070 4646 971 16334 4150 11428 8503 12184 3893 2169 3408 2370
is_linear=0
shrinkage=0.1


Tree=24
num_leaves=31
num_cat=0
split_feature=10 11 11 11 13 12 5 10 8 2 11 11 10 8 5 8 10 2 14 8 8 8 9 9 9 14 13 11 11 8
split_gain=927.353 179.905 175.871 69.0017 44.8648 39.8342 39.243 32.747 30.9871 30.5418 29.8794 28.47 27.4946 26.8019 28.8802 40.4763 25.0456 23.9518 22.3837 22.1286 22.065 20.1102 29.8418 22.9804 19.8773 19.3983 19.1107 18.6497 18.2093 18.1646
threshold=0.19658710405943167 0.0094525931824225012 0.016875319226947912 0.029043648472410959 0.24353980193438879 0.050294895787414681 -0.031412824735377924 0.12121227504112553 2.4931872844167948 0.1436642752662656 0.017673782230916129 0.013346245435839187 0.153834391985188 -0.051573035761959853 -0.0098283409518137837 0.54325989639516858 0.39037677753576344 0.16676417702680188 0.22113449048577619 -0.61037556355873945 -1.45404176315272 0.59269265338482036 0.26056609554339211 0.2316762551846166 0.56193589178945003 0.9357315127805842 -0.78023242314724595 0.041667070028628926 0.043573489337337269 -0.37156373986312868
decision_type=2 2 2 2 2 2 2 2 2 2 2 2 2 2 2 2 2 2 2 2 2 2 2 2 2 2 2 2 2 2
left_child=1 7 11 4 6 12 29 -1 18 25 -7 16 -3 -13 15 -15 21 -8 20 -9 -5 23 -23 -2 -10 -6 -21 -20 -26 -4
right_child=2 5 3 8 9 10 17 19 24 -11 -12 13 -14 14 -16 -17 -18 -19 27 26 -22 22 -24 -25 28 -27 -28 -29 -30 -31
leaf_value=-0.08002310866783946 -0.0050495595585390973 -0.042471084224849957 0.052044006605474896 -0.0085821854679873806 -0.0058768680208520956 -0.013120035045347662 0.016580612226586817 0.0085245108793495627 0.12596174948830471 0.080785452401753846 0.038626968824352001 -0.0056757733853188778 -0.021770007575358571 0.021476522405880469 0.0065726890603474385 0.10652356265671672 -0.065655596802416838 0.091899095971680805 0.024227641379014273 0.049705739583960767 0.069006281949189924 0.00071509645281349755 0.082991164440343809 -0.031272829355047306 0.027862450524865814 0.052321900381159539 -0.058108488024780913 0.051288591407128062 0.10996696348156638 0.022306074556114296
leaf_weight=757.22734087705612 1035.7171578481793 1033.9968862757087 535.46386022865772 42.317330002784729 1138.1729622483253 576.40410736203194 4247.1537896841764 58.000181719660759 57.811942279338837 45.203432843089104 138.37037068605423 1311.3297666758299 1690.6306649148464 252.73215419054031 1162.8159685134888 71.875478342175484 80.392984934151173 42.645556628704071 1300.4309210777283 16.826603308320045 273.82847435772419 282.78930621594191 52.225020587444305 493.3727789670229 82.269475594162941 60.305764704942703 717.23411385715008 316.69559681415558 40.216834336519241 333.22677391767502
leaf_count=6159 5729 6748 2164 170 5084 3275 18478 364 179 187 681 6494 9388 1206 5779 301 488 162 4942 112 995 1485 249 2697 276 263 5214 1080 120 1376
internal_value=-0.000107376 -0.0368594 0.0137205 0.022316 0.0171439 -0.024114 0.0212543 -0.065154 0.0379826 9.50401e-05 -0.00310254 -0.0017112 -0.0296261 0.00474649 0.0139349 0.0403079 -0.0110059 0.0173294 0.0342849 -0.0509387 0.0586208 -0.008649 0.013541 -0.0135107 0.0776316 -0.00294839 -0.0556371 0.0295272 0.0548204 0.0406366
internal_weight=18247.7 4988.69 13259 8515.74 6402.17 3439.4 5158.49 1549.29 2113.57 1243.68 714.774 4743.25 2724.63 2798.75 1487.42 324.608 1944.5 4289.8 1933.27 792.061 316.146 1864.1 335.014 1529.09 180.298 1198.48 734.061 1617.13 122.486 868.691
internal_count=91845 31941 59904 35476 27714 20092 22180 11849 7762 5534 3956 24428 16136 13780 7286 1507 10648 18640 7187 5690 1165 10160 1734 8426 575 5347 5326 6022 396 3540
is_linear=0
shrinkage=0.1


Tree=25
num_leaves=31
num_cat=0
split_feature=10 10 10 9 7 10 14 9 7 6 13 9 8 7 14 14 15 3 7 14 6 3 9 7 7 14 1 1 3 5
split_gain=710.581 212.804 85.6536 43.4598 33.9597 26.6419 33.1274 26.4876 26.4252 24.5812 22.5846 20.7318 25.1669 35.9957 18.9423 19.0656 18.2219 18.8484 18.1421 32.1687 32.126 22.6835 19.3484 17.7221 19.3469 20.4463 19.1792 18.6831 16.3476 24.3483
threshold=0.16942372180920587 0.27675429653884515 0.12724443948318273 0.54874127857566768 0.12305447486354527 0.22649496849801179 0.67169004162070478 0.23050917916135868 0.074622114232188022 -0.04931954082366518 -0.17930495423541934 0.24987522415477281 2.4931872844167948 0.27912219075923445 0.1697101850569939 0.1266380543633763 0.89697560583369362 0.091927102072194358 -0.09268091619855888 0.13963496238866585 0.048653720093290505 -0.011145620045541092 0.79967899831090083 0.13851109753019067 -0.025958647108300033 0.36274640130654418 -0.023023251286938381 0.0056114178209476515 -0.068713880726179774 -0.015427461690757148
decision_type=2 2 2 2 2 2 2 2 2 2 2 2 2 2 2 2 2 2 2 2 2 2 2 2 2 2 2 2 2 2
left_child=2 4 8 11 5 14 10 16 -1 -8 -7 28 13 -13 15 -2 17 -6 22 21 -21 -20 -5 24 25 26 -4 -27 -3 -30
right_child=1 3 23 18 7 6 9 -9 -10 -11 -12 12 -14 -15 -16 -17 -18 -19 19 20 -22 -23 -24 -25 -26 27 -28 -29 29 -31
leaf_value=-0.068339630712756338 -0.017959487895823106 -0.015846078384969067 0.068797440406582269 0.0033362767469315119 0.011414616436212483 -0.0080259269182856481 0.032619724443935558 -0.0038882570187290968 -0.010759848278001949 -0.018911964082636776 0.015810399394003801 0.019346601186099325 -0.029226744693295687 0.11926760633278313 -0.008204313516652342 -0.060186912200640423 -0.020208486948021791 0.087998643971663945 0.028799037513348627 0.054605531544283249 0.017702542802864173 0.12719634801427684 0.05163225196876936 0.040867444378000717 -0.036125860458256664 -0.046669613557526912 -0.0079869835796123976 0.034513543680234911 -0.017544784166721315 0.019463656902324544
leaf_weight=1115.6036589518189 467.40218825638294 290.40570177137852 50.193017408251762 284.92221039533615 45.256793960928917 557.89986671507359 103.36654110252857 154.03412452340126 85.836195431649685 885.945167273283 1382.5469444394112 5444.7766493111849 105.82494039833546 36.292971238493919 2942.4023953899741 138.63357351720333 29.250776514410973 110.85014699399471 35.004779234528542 481.31982972472906 462.65998770296574 70.843723505735397 117.02008999884129 34.42866662889719 1574.5468786731362 150.17255701124668 92.440631203353405 34.944002896547318 229.95554859936237 783.41769720613956
leaf_count=9213 2600 1399 287 1080 223 2780 463 694 577 4530 6648 22612 429 131 15849 803 144 480 133 1638 1620 227 405 161 10428 938 575 199 1081 3710
internal_value=6.255e-05 0.00902838 -0.0432501 0.0197388 -0.00407763 -0.00569307 0.00136454 0.0267573 -0.0642259 -0.0135278 0.00895719 0.0164259 0.0190756 0.0200082 -0.0115202 -0.0276192 0.0522241 0.0657963 0.0354634 0.0423804 0.0365188 0.0946557 0.017397 -0.0302379 -0.0315248 -0.00942066 0.0190336 -0.0313449 0.00507131 0.0110657
internal_weight=18298.2 15160 3138.17 8342.44 6817.59 6478.2 2929.76 339.392 1201.44 989.312 1940.45 6890.67 5586.89 5481.07 3548.44 606.036 185.358 156.107 1451.77 1049.83 943.98 105.849 401.942 1936.73 1902.3 327.75 142.634 185.117 1303.78 1013.37
internal_count=92057 69679 22378 34465 35214 33673 14421 1541 9790 4993 9428 29362 23172 22743 19252 3403 847 703 5103 3618 3258 360 1485 12588 12427 1999 862 1137 6190 4791
is_linear=0
shrinkage=0.1


Tree=26
num_leaves=31
num_cat=0
split_feature=9 9 5 3 7 7 13 7 15 8 3 7 7 6 6 15 4 8 3 6 8 13 3 9 5 14 15 13 9 4
split_gain=67.7927 23.5099 20.988 17.1828 15.5905 13.8755 12.3591 12.3604 10.815 11.0257 15.5927 9.68604 11.3829 9.39067 15.1046 9.3592 9.01129 8.46519 7.53086 9.29323 7.30952 7.61695 7.61219 7.11109 7.10467 6.4934 6.33031 7.11225 9.46526 6.18493
threshold=0.34595311194692796 0.071369404208061968 -0.005253955269376275 -0.23884704924642272 0.12632957446266349 0.04611029924121491 0.18296800076783137 -0.14945547527225775 0.37554601812112548 0.80335264485960245 0.017094433359300169 -0.010138550178932391 0.013808890684150145 0.028512628009040867 0.016889114771475037 0.736276291029765 0.0047206950897278341 -1.4017973366273984 -0.12162220460410418 -0.011062481565945579 0.035858325967453121 0.1754434277742502 0.029533474102399818 0.57492348464179777 -0.086663556834396846 0.24704647191840881 0.98070147436124822 -0.29288174595375888 0.50514709251838108 -0.0087175764434648233
decision_type=2 2 2 2 2 2 2 2 2 2 2 2 2 2 2 2 2 2 2 2 2 2 2 2 2 2 2 2 2 2
left_child=1 5 16 -2 6 11 7 -5 20 10 -10 -1 -13 14 -7 -11 18 24 29 -20 22 -22 -4 -19 -8 -14 27 28 -6 -3
right_child=3 2 8 4 26 13 17 -9 9 15 -12 12 25 -15 -16 -17 -18 23 19 -21 21 -23 -24 -25 -26 -27 -28 -29 -30 -31
leaf_value=0.029332114089313063 -0.046751012232653037 0.0089503911689228343 0.016289452916830812 -0.038280112216438185 0.034567362195553432 -0.014406485159506228 -0.021824101035217723 -0.0093079714427124153 0.00096269934096922878 0.0062530825375486281 0.011552910312910858 -0.064015075707434838 -0.050445762963319131 -0.039952215270201145 0.11775914957025993 -0.013601036427820588 -0.0090597986713450672 0.0027347864446177566 0.0058052327642268099 -0.0049929798149705553 0.011262813480162589 -0.0081881152188770703 0.048846726999629081 -0.019991067941588812 0.03403355797467926 -0.00027610394818480642 -0.045383589218535553 -0.024514904203728427 -0.028442741974652769 -0.022563738262307668
leaf_weight=21.50619949400425 132.49283735454082 86.000482812523842 1027.2561715915799 158.58699653297663 51.37385306507349 17.155586160719395 27.902464866638184 2060.8322247862816 2682.502197034657 415.13277390599251 2886.1825484931469 108.64208606630564 40.551995724439621 16.249027788639069 17.435302048921585 554.66773516684771 1134.9218824058771 677.96264827996492 2471.1954991146922 1176.4303786456585 1030.9043289273977 250.18495494872332 77.212573572993279 172.77743376791477 123.81252164393663 70.908773712813854 113.46308682113886 478.67401084303856 44.482799157500267 225.75461049377918
leaf_count=137 602 414 5202 728 256 121 131 9604 13770 2051 14897 907 304 94 105 2646 5633 3178 12411 6056 5192 1255 406 789 601 518 514 2234 216 1085
internal_value=0.000101522 0.00333166 0.00391709 -0.0113339 -0.0101337 -0.0247302 -0.00721567 -0.0113782 0.00684056 0.0047378 0.00645148 -0.0347221 -0.0409808 0.0227544 0.0522107 -0.00510228 -0.00120415 0.002 0.0010476 0.0023226 0.0126039 0.00746423 0.0185655 -0.00188062 0.0237606 -0.018529 -0.0237987 -0.0195359 0.00532718 -0.0138703
internal_weight=18353.2 14310.8 14018.3 4042.36 3909.87 292.449 3221.87 2219.42 8924.04 6538.49 5568.68 241.609 220.103 50.8399 34.5909 969.801 5094.3 1002.46 3959.38 3647.63 2385.56 1281.09 1104.47 850.74 151.715 111.461 687.994 574.531 95.8567 311.755
internal_count=92057 73204 71018 18853 18251 2186 15031 10332 45419 33364 28667 1866 1729 320 226 4697 25599 4699 19966 18467 12055 6447 5608 3967 732 822 3220 2706 472 1499
is_linear=0
shrinkage=0.1


Tree=27
num_leaves=31
num_cat=0
split_feature=10 11 10 10 10 11 14 9 11 12 7 3 7 2 11 6 14 11 14 11 12 10 14 11 14 0 10 11 13 9
split_gain=1040.53 283.19 116.319 57.0617 49.9092 30.7227 28.467 28.2367 23.8376 20.8263 19.628 18.3753 16.1758 15.0391 14.6356 14.4397 14.1152 12.9795 12.8849 11.4993 14.6721 14.1511 9.77444 9.50235 9.40999 9.22704 9.13671 8.82965 8.00418 8.83853
threshold=0.15503421153016725 0.018453829628127773 0.10345006823174734 0.35176801150343179 0.22442651878663444 0.0063200665160699733 0.81768717215069164 0.054209035193812885 0.0075843604316533546 0.22261444730592403 0.047640788944958386 -0.055621984837362685 0.18094291686155509 -0.046387214144406823 0.0077029190563570171 0.011088728755145107 0.015037611334164015 0.015254888685410221 0.66738429166010083 0.041667070028628926 0.21248935161911794 0.50845536067110797 0.28133463894328936 0.024830241564897479 0.33692145830050341 -0.021567760834058976 0.081346074914687594 0.015680532111587382 0.34368136192276372 0.44626481362268938
decision_type=2 2 2 2 2 2 2 2 2 2 2 2 2 2 2 2 2 2 2 2 2 2 2 2 2 2 2 2 2 2
left_child=2 4 7 28 8 18 11 26 -2 17 14 -7 -11 27 22 -13 -15 25 24 20 21 -5 -9 -22 -4 -6 -1 -10 29 -3
right_child=1 3 5 19 9 6 -8 10 13 12 -12 15 -14 16 -16 -17 -18 -19 -20 -21 23 -23 -24 -25 -26 -27 -28 -29 -30 -31
leaf_value=0.12796240052893221 0.058169352969488101 -0.022314714695646651 0.075279728148800462 -0.035569550803652213 -0.027374411736875926 -0.0095908322154284135 0.0050259481593813368 0.064074021224621275 -0.0055717008678937826 0.013453640962799739 0.035063792607305008 0.045805922837352714 0.10029464151826165 0.06480553537591878 0.05666672672454362 0.028833745917696937 0.0073545739779674255 -0.015446457674310594 0.12193959128450525 -0.059641834259596863 0.0035249046856550277 -0.053754605293855257 0.095208474522246719 -0.029826793536247689 0.011686465956816924 -0.002545069230259012 0.062626837337460203 -0.045652238547544771 -0.0071561753391926781 0.022082872737589899
leaf_weight=119.03385898470879 90.512685477733612 2662.878155104816 97.94122289121151 1770.0487439855933 161.00671915709972 81.174437001347542 317.74890384078026 144.83353915810585 227.26254440844059 145.0927062779665 145.58509856462479 1233.3589290231466 25.170497685670853 43.280439496040344 271.60389767587185 844.53409242630005 3594.5197662264109 1919.4188928604126 45.816944792866707 243.66527947038412 126.44952145218849 564.35553704947233 331.92139510810375 263.32368921488523 30.518985837697983 2125.4644422531128 26.096225425601006 72.497381627559662 449.3623778000474 45.607506327331066
leaf_count=512 431 13679 448 9102 799 399 1582 645 1177 757 678 6108 134 237 1287 4118 18327 9860 206 1189 673 2766 1492 1377 136 10820 112 364 2391 251
internal_value=-0.000477558 -0.0125208 0.0469423 -0.0288731 -0.000601902 0.0358272 0.0329716 0.0753013 0.00743038 -0.0079953 0.0686592 0.0370844 0.0262916 0.00626405 0.0751948 0.0389078 0.00803809 -0.0093833 0.0764102 -0.0388287 -0.0369671 -0.0399659 0.0857501 -0.0190069 0.0601715 -0.00429348 0.116214 -0.0152652 -0.0195164 -0.0215671
internal_weight=18220.1 14529.9 3690.17 6125.69 8404.23 2651.09 2476.82 1039.07 4028.07 4376.15 893.944 2159.07 170.263 3937.56 748.359 2077.89 3637.8 4205.89 174.277 2967.84 2724.18 2334.4 476.755 389.773 128.46 2286.47 145.13 299.76 3157.85 2708.49
internal_count=92057 74334 17723 31428 42906 12997 12207 4726 20536 22370 4102 10625 891 20105 3424 10226 18564 21479 790 15107 13918 11868 2137 2050 584 11619 624 1541 16321 13930
is_linear=0
shrinkage=0.1


Tree=28
num_leaves=31
num_cat=0
split_feature=11 11 9 9 11 5 0 12 0 7 10 13 3 3 4 4 10 3 12 4 2 7 14 13 0 12 2 3 14 14
split_gain=270.953 48.0747 39.7774 29.1447 26.8856 17.8362 25.2206 15.3559 14.4255 14.3262 13.7987 13.0052 11.1095 9.917 9.63895 9.14474 9.06585 8.89656 8.49818 8.21886 10.3534 7.77345 8.6662 7.68264 10.9506 8.698 7.39043 7.0244 6.8406 6.60462
threshold=0.017034488297197406 0.012498780076503466 0.25500306391907818 0.044901410832726071 0.024426783369909683 0.00023908904379554843 1.0000000180025095e-35 0.056938740933985481 -0.0046838298357885213 0.0065981145761169211 0.24117258368904604 0.11548124060200408 -0.099272461869538628 0.026930263172183725 0.0022346378014161954 0.012857254491748906 0.57394250329195362 0.065136907974008298 0.038754065052222668 -0.015360259587683165 -0.1125802724904965 0.10933370637226815 0.8886504530281355 0.16000821191470399 -0.01034799366200234 0.046201217489377597 -0.0072795954458269021 0.039220687893944735 0.75327610872675266 0.93137320065327212
decision_type=2 2 2 2 2 2 2 2 2 2 2 2 2 2 2 2 2 2 2 2 2 2 2 2 2 2 2 2 2 2
left_child=1 3 19 -1 13 6 7 -5 -7 -8 12 -10 14 26 -3 23 29 -17 -15 -2 -21 22 -14 25 -25 -12 -4 -20 -22 -6
right_child=2 10 4 5 16 8 9 -9 11 -11 15 -13 21 18 -16 17 -18 -19 27 20 28 -23 -24 24 -26 -27 -28 -29 -30 -31
leaf_value=-0.070028889224143173 -0.018954697916209802 0.021849780640389425 -0.011933769049276252 0.022206210495651586 -0.02379847933290764 -0.0042279637174135595 0.027677574339873889 -0.0012464888429214948 0.011544858149410019 0.055989414800568064 -0.020909482395990008 0.027749412053207936 0.0065848364549563861 0.0070618365329794298 0.10228913277361029 0.034397864925579731 -0.036171309903487679 -0.015249166959089084 -0.043680216466165905 -0.060168403788746133 -0.0015143535683191777 -0.013453012866740022 0.026879719411065674 -0.01697320608694531 0.019036725493335471 -0.0035224960915722415 0.0013442223987585645 -0.018940006519054729 0.016541101362669113 0.0020165748860340184
leaf_weight=38.368425741791725 262.91893880069256 45.660011187195778 1246.6896563768387 1281.6802760511637 1911.9094449430704 439.97001828253269 432.82558752596378 356.93335798382759 2169.0111479908228 304.44509842991829 372.95306104421616 641.8281441628933 2181.701292604208 110.83638781309128 22.110396295785904 120.65376989543438 633.83642154186964 51.500695765018463 131.36817733943462 28.242506980895996 1610.4228905886412 172.13483619689941 232.86220079660416 121.73230311274529 275.72999256849289 1258.9809373319149 631.52839633822441 907.92979843914509 241.27189201116562 104.52460686862469
leaf_count=356 1277 223 6090 6616 9160 2266 2190 1757 11407 1611 1797 3428 11044 560 118 626 3025 261 625 120 7968 840 1143 595 1417 6204 3137 4482 1193 521
internal_value=9.27833e-05 0.0105721 -0.0140034 0.0168305 -0.0183842 0.0174228 0.0240086 0.0170976 0.0126095 0.0393685 0.00327093 0.015245 0.00812554 -0.0119472 0.0480935 -0.00258241 -0.0257394 0.0195458 -0.0192601 -0.00239433 -7.82757e-05 0.0070784 0.00854209 -0.00445955 0.00800783 -0.00749602 -0.0074692 -0.0220672 0.000838234 -0.0224603
internal_weight=18342.6 10521.1 7821.48 5665.06 5678.62 5626.69 2375.88 1638.61 3250.81 737.271 4856.02 2810.84 2654.47 3028.35 67.7704 2201.55 2650.27 172.154 1150.13 2142.86 1879.94 2586.7 2414.56 2029.4 397.462 1631.93 1878.22 1039.3 1851.69 2016.43
internal_count=92057 53899 38158 29631 27600 29275 12174 8373 17101 3801 24268 14835 13368 14894 341 10900 12706 887 5667 10558 9281 13027 12187 10013 2012 8001 9227 5107 9161 9681
is_linear=0
shrinkage=0.1


Tree=29
num_leaves=31
num_cat=0
split_feature=10 11 10 10 11 11 7 10 11 12 1 8 14 12 14 11 8 12 8 8 3 7 7 11 3 11 1 7 10 3
split_gain=777.84 157.535 155.926 52.9242 51.0797 43.231 36.2446 34.5238 31.9846 32.196 28.0161 27.4427 26.2647 23.2272 31.1013 26.8124 22.7736 21.5538 19.9193 19.0711 18.9213 18.9211 17.1442 14.8402 14.0591 14.0554 16.1171 13.6389 13.568 13.5104
threshold=0.19350486708583789 0.021856066017161797 0.12121227504112553 0.31196395508338914 0.011950127379382376 0.013719352094893113 -0.1829720952151985 0.39037677753576344 0.039967620586456858 0.052106220836460569 0.012029640209475058 0.53110770674244145 0.058002215146061201 0.050294895787414681 0.89251755087532225 0.017673782230916129 -0.98445754034444055 0.075195200690268207 -0.27226391893755836 0.98855722514474897 -0.038236005124744114 0.060308056845228337 -0.14945547527225775 0.023740422417604892 -0.22027929720115844 0.0085413387521120886 0.0056114178209476515 0.09816178772624197 0.13693255238857319 -0.13942865299817161
decision_type=2 2 2 2 2 2 2 2 2 2 2 2 2 2 2 2 2 2 2 2 2 2 2 2 2 2 2 2 2 2
left_child=2 5 20 12 25 7 -7 19 9 23 11 -8 -3 28 15 -15 24 -18 -12 -2 -1 -21 -11 -5 -10 -4 -27 -22 -6 -14
right_child=1 3 4 8 13 6 10 -9 16 22 18 -13 29 14 -16 -17 17 -19 -20 21 27 -23 -24 -25 -26 26 -28 -29 -30 -31
leaf_value=0.0060546635184646844 -0.0080796451590448484 0.095109724389380895 -0.053278075101824432 0.018546872288877039 -0.05090662886509259 0.098055862049242076 0.0094038471378762728 -0.067517686440662528 0.059532683657646461 0.046427508170691995 -0.019363100849075415 0.033757875193736075 0.053167364012995801 -0.017539188704421768 0.10563191510660022 0.039257657119262823 -0.0014199855123003236 0.078138509293194797 0.0035813318591213536 0.089413805559092105 -0.074076118088623022 0.0091771111898614598 0.0224567625582618 0.069106232556712707 -0.0023692246162455646 -0.022854533306961661 -0.0439331498076177 0.012790465753706504 -0.016417276764620022 0.0031674284931842906
leaf_weight=31.705124825239182 2025.6668341234326 33.646679893136024 412.20377266407013 74.844571828842163 126.16174281388521 44.56072424352169 3275.476565092802 93.096788138151169 62.15351040661335 334.73728249967098 473.13339397311211 538.79361289739609 56.72075791656971 273.12300913780928 29.848288312554359 119.47513383626938 38.250247031450272 310.2972069978714 1889.181990608573 37.401654124259949 959.55314538627863 137.20585829764605 2746.2297004014254 258.7928002923727 89.55755589902401 803.14108138531446 661.53143429011106 18.421799369156361 1189.4030465185642 1144.2193509489298
leaf_count=223 11147 126 3234 316 830 178 15120 583 197 1226 2249 2361 229 1513 152 574 132 954 8885 177 8001 699 10523 952 307 5173 4305 120 6623 4948
internal_value=0.00021825 0.0122161 -0.0352311 0.0260231 -0.0255268 0.00386581 0.00819214 -0.00787006 0.0317162 0.0282565 0.00754382 0.012844 0.00797032 -0.0131739 0.00722669 -0.000254821 0.0553311 0.0694076 -0.00101407 -0.00534628 -0.069975 0.0263641 0.0250611 0.0577643 0.022991 -0.0369657 -0.0323749 -0.0724398 -0.0197248 0.00552894
internal_weight=18288.5 13664 4624.57 5149.45 3614.89 8514.52 6221.15 2293.37 3914.86 3414.6 6176.59 3814.27 1234.59 1738.01 422.446 392.598 500.259 348.547 2362.32 2200.27 1009.68 174.608 3080.97 333.637 151.711 1876.88 1464.67 977.975 1315.56 1200.94
internal_count=92057 61309 30748 19910 22404 41399 28793 12606 14607 13017 28615 17481 5303 9692 2239 2087 1590 1086 11134 12023 8344 876 11749 1268 504 12712 9478 8121 7453 5177
is_linear=0
shrinkage=0.1


Tree=30
num_leaves=31
num_cat=0
split_feature=11 10 11 10 10 13 7 10 7 13 5 8 3 3 2 13 11 3 8 2 10 5 3 11 8 3 5 7 7 1
split_gain=752.583 181.714 140.7 41.7108 40.2114 29.4696 25.2567 24.5281 23.6059 31.3177 28.8982 22.6637 23.0114 21.9532 28.7307 27.5001 22.9835 21.8552 35.0626 31.7632 29.4012 25.0171 22.4423 20.3236 18.023 17.6341 41.8259 22.0668 17.5366 17.0642
threshold=0.014352453455065986 0.16398925264093103 0.020381872724486955 0.4083944683851774 0.10567320198111428 -0.56403331928080858 0.10933370637226815 0.15842325891729195 -0.090647906214165172 -0.4429113423524938 -0.042053938079215973 -1.155205619117347 -0.094368245105675083 -0.016207810341381187 -0.071627702968338522 0.063502010045946342 0.011387243457634763 -0.039404374813875258 -0.39826895364826748 -0.056915862722236803 0.28667310915713257 -0.011937810914643519 0.030231637553230332 0.018728102776299906 0.030635789720859046 -0.045809504490165846 -0.018973087425695031 -0.076953954650771525 0.12305447486354527 -0.049052381746477629
decision_type=2 2 2 2 2 2 2 2 2 2 2 2 2 2 2 2 2 2 2 2 2 2 2 2 2 2 2 2 2 2
left_child=1 4 11 7 -1 -3 -6 -4 29 -10 -11 12 -2 14 -7 28 -17 19 20 21 -19 -13 -20 -14 -21 26 -9 -27 -15 -5
right_child=2 5 3 8 6 13 -8 25 9 10 -12 17 23 15 -16 16 -18 18 22 24 -22 -23 -24 -25 -26 27 -28 -29 -30 -31
leaf_value=-0.074442465567040858 0.0092400883169499754 -0.053836626891078723 -0.045667803173340828 0.035515289332445923 -0.045435969380034025 0.026023700491274795 0.015353236663662537 0.024864897739547018 0.0068335794246092776 0.074255564343306074 0.038977222103168722 0.0053598043023783846 0.081656435687108037 -0.0039404869294241279 -0.029267782528536391 -0.050286591068722179 -0.01236238019991402 0.012586368912392207 -0.0077462297864636905 -0.018812113270863157 0.068135964342133537 0.105241121133821 0.0081837230545563754 -0.0089912273667323885 -0.078524694660889793 0.068528475180633694 -0.013135928499009367 0.021690561683274861 0.035402296830308828 0.0049612185678521332
leaf_weight=525.99401299655437 283.98984073102474 186.13515141606331 59.968172453343868 335.35087856650352 1765.2017496600747 103.02039486169815 71.100581184029579 687.15442064404488 250.99611069262028 276.62355394661427 1445.7286202013493 343.149547919631 101.26454044878483 1715.9289668425918 1070.7886276692152 231.29370950162411 517.00194981694221 273.82452476769686 1542.2642041370273 687.52948233485222 146.12688514590263 27.053661406040192 2073.2296450436115 32.727084949612617 54.558154799044132 105.18244108557701 500.68113574385643 2302.6573143452406 121.3054651543498 401.79182831943035
leaf_count=4944 1281 1095 376 1198 13171 516 401 2796 921 870 4966 1560 450 9626 6162 1467 2820 1378 7611 3393 616 115 9678 144 267 413 2135 9634 591 1532
internal_value=-0.000192595 -0.02813 0.0145765 0.02473 -0.050065 -0.0149967 -0.0430822 0.0177601 0.0341303 0.0398341 0.0446432 0.00296278 0.025357 -0.0130736 -0.0244151 -0.00792466 -0.0240845 0.00114444 0.00456528 -0.0112665 0.0319155 0.0126589 0.00138847 0.059516 -0.0232022 0.0188179 0.00884728 0.0237366 -0.00134284 0.0188613
internal_weight=18239.6 6307.77 11931.9 6366.13 2362.3 3945.47 1836.3 3655.64 2710.49 1973.35 1722.35 5565.72 417.981 3759.34 1173.81 2585.53 748.296 5147.74 4035.45 1112.29 419.951 370.203 3615.49 133.992 742.088 3595.68 1187.84 2407.84 1837.23 737.143
internal_count=92127 40793 51334 24841 18516 22277 13572 15354 9487 6757 5836 26493 1875 21182 6678 14504 4287 24618 19283 5335 1994 1675 17289 594 3660 14978 4931 10047 10217 2730
is_linear=0
shrinkage=0.1


Tree=31
num_leaves=31
num_cat=0
split_feature=11 10 10 1 7 13 10 7 12 12 9 11 12 11 9 7 9 1 13 0 9 13 12 10 16 10 4 2 12 12
split_gain=88.1978 46.9236 46.6062 14.173 18.3228 11.4461 11.8686 11.7331 16.7557 11.2766 11.7848 10.656 13.5322 10.6613 10.5049 10.4688 15.186 10.3301 9.88367 9.27235 9.04386 8.4746 7.84916 7.8276 7.51142 6.77418 6.7395 6.47666 8.45907 6.37669
threshold=0.020278922998857373 0.35434791697436868 0.081346074914687594 -0.0031099387985320521 0.070910390852442232 0.34368136192276372 0.29103615413705508 -0.082567069869318874 0.080128978191675623 0.12810829837094237 0.19166296713037054 0.039967620586456858 0.22261444730592403 0.029387605670735697 0.43988823358196777 -0.10511280003085281 0.23629875165447031 0.070544220419637163 0.70497167899956825 -0.049531013471568734 0.35134488893898669 -0.69564861199404016 0.33453771929465309 0.49980400660439722 1.0000000180025095e-35 0.68218458389189818 -0.0021621465084877829 0.014252056558190064 0.011354958028229181 0.080887124905124327
decision_type=2 2 2 2 2 2 2 2 2 2 2 2 2 2 2 2 2 2 2 2 2 2 2 2 2 2 2 2 2 2
left_child=2 5 27 14 9 6 15 8 -8 21 -11 12 23 22 18 16 -2 24 19 -4 -17 -5 -14 29 26 -13 -7 -1 -29 -3
right_child=1 11 3 4 -6 17 7 -9 -10 10 -12 25 13 -15 -16 20 -18 -19 -20 -21 -22 -23 -24 -25 -26 -27 -28 28 -30 -31
leaf_value=-0.052864336446611294 0.10893382363108067 -0.024108507829354846 -0.057299110283037226 -0.01190712305352375 -0.00020542486382426296 -0.016357851797180075 -0.056803992207508605 -0.0060039594053715138 0.0074543376867825311 0.05243029349333353 0.014560018791662294 -0.023861763232705755 0.034689224153200339 -0.01616066546185 0.033003639396788319 -0.00063570397940104534 0.0085801970264712084 0.079895154483644037 0.056718082821609922 0.0012683855689776069 0.042643392240779468 0.011044473389550412 -0.013389480461179784 -0.029029813048255727 0.040552718575219492 -0.054272812592940846 0.015804473137108612 0.026995413799846601 -0.044930883920927783 -0.011037096405797239
leaf_weight=146.73382097482681 22.44824406504631 588.86712431907654 27.177340775728226 165.97251483052969 1755.5578277930617 101.39183038473129 116.82078866660595 754.208571434021 62.177149549126625 132.10176531225443 217.40874043107033 173.95258202403784 114.44731470197439 156.02302969247103 106.72275193035603 1105.0227571874857 45.935509905219078 23.630758881568909 31.985311612486839 5051.1111398264766 50.489467099308968 5239.9374418333173 48.280800610780716 622.68980768322945 71.618387535214424 126.52452496439219 182.28828190267086 27.704231336712837 39.900511637330055 1019.0555001869798
leaf_count=1314 112 2688 122 843 8752 471 519 3529 287 659 1063 845 574 750 520 5269 224 117 167 25875 248 27101 225 2858 339 591 875 193 295 4702
internal_value=0.000702695 -0.0100507 0.00517768 0.0059564 0.00873749 -0.000156083 -0.00297183 -0.0114665 -0.0344831 0.0114653 0.0288736 -0.0188558 -0.0167565 0.00251669 0.00195245 0.00350527 0.0415231 0.0158729 0.00130397 0.000954951 0.00125535 0.0103398 0.0204245 -0.0195106 0.0116148 -0.0366672 0.00430914 -0.0410652 -0.0154557 -0.0158242
internal_weight=18328.2 5385.87 12942.3 12728 7510.98 2536.03 2157.1 933.207 178.998 5755.42 349.511 2849.84 2549.36 318.751 5217 1223.9 68.3838 378.929 5110.27 5078.29 1155.51 5405.91 162.728 2230.61 355.298 300.477 283.68 214.339 67.6047 1607.92
internal_count=92127 25223 66904 65102 38418 11990 10188 4335 806 29666 1722 13233 11797 1549 26684 5853 336 1802 26164 25997 5517 27944 799 10248 1685 1436 1346 1802 488 7390
is_linear=0
shrinkage=0.1


Tree=32
num_leaves=31
num_cat=0
split_feature=11 11 11 11 12 12 14 3 11 5 3 14 14 7 14 14 14 7 5 7 12 3 8 4 4 12 8 2 3 11
split_gain=699.484 248.966 96.8022 48.0818 29.7179 23.9073 21.0188 19.0359 18.9325 18.8884 17.4537 15.576 15.2 13.6097 13.5607 15.022 13.5367 11.8865 9.49805 9.09482 8.52163 8.25717 8.50716 8.0412 7.85996 7.4892 7.41412 7.88418 7.41164 6.9044
threshold=0.013719352094893113 0.0081490862445152187 0.019131380107770744 0.0049274714608773269 0.053234501742440134 0.031563115673323268 0.68886504530281367 -0.041357231931240961 0.034734925370502649 -0.022573429613262638 0.016501810778067897 0.92919404458961619 0.37136745798533549 0.1901275109510642 0.015037611334164015 0.096670358576768659 0.28133463894328936 0.027692055580373024 0.042857794898500175 0.087217201695728233 0.064799564943275503 -0.0076931742038564002 0.046034897966959511 -0.0076757159928448884 -0.0098745376363384967 0.017380241665378434 0.71452416100311855 0.011277343775660144 0.082299834817772158 0.026332835047129771
decision_type=2 2 2 2 2 2 2 2 2 2 2 2 2 2 2 2 2 2 2 2 2 2 2 2 2 2 2 2 2 2
left_child=1 3 9 10 18 6 7 -3 24 -2 -1 16 25 14 -7 -16 20 -18 21 -9 -5 -4 -23 -8 -6 -11 27 -14 -25 -26
right_child=2 5 4 11 8 13 23 19 -10 12 -12 -13 26 -15 15 -17 17 -19 -20 -21 -22 22 -24 28 29 -27 -28 -29 -30 -31
leaf_value=0.11878825631028418 -0.019767153416832828 -0.010232706017892687 -0.01902059745633115 0.041831571959658087 -0.036827993140833237 0.062738813932416718 -0.03122356735779655 0.032844494890064961 -0.046361621383413931 0.049434568549899333 0.065657833670013654 -0.0061300175357068606 -0.011161593757624329 0.082032678035975304 -0.010417439007941221 0.0095663764253662645 0.068676977787629975 0.045162105462415739 -0.040435024849925782 0.0032049601520835296 -0.013109845395017406 0.014068400122707131 -0.010565212940516107 0.013392888971876023 -0.021459611637293086 0.0034879794162223443 -0.019395401508312947 0.00086508049864713471 -0.023150625047173606 -0.031963447852419891
leaf_weight=149.6499959230423 896.07461661100388 123.53541104495525 661.94508899748325 473.014867156744 694.70300448685884 44.506008088588715 53.940817549824715 1377.701673656702 611.80844580382109 36.417396619915962 105.3618747740984 48.247760072350502 1199.1075731217861 24.918577313423157 426.68826533854008 3176.4352249801159 526.52076543867588 363.28630909323692 120.20202392339706 111.93788804113865 30.022596552968025 198.87954895943403 475.10018918663263 487.72777900099754 1881.7235852107406 1371.6297551244497 481.46852917969227 999.38194817304611 62.626610726118088 937.6051776483655
leaf_count=642 4643 613 3462 2153 3605 234 265 6691 3184 184 461 236 6131 128 2107 16172 2376 1652 637 555 136 1032 2472 2442 9883 7115 2436 5220 305 4955
internal_value=-0.000114478 0.0230526 -0.0167478 0.0568118 -0.0257923 0.0133312 0.0215302 0.027489 -0.030127 -0.00661828 0.0968366 0.0497291 -0.0037361 0.00838066 0.00787751 0.00719986 0.0516641 0.0590764 -0.0135102 0.0306173 0.0385525 -0.0110876 -0.00329627 0.0056231 -0.0273005 0.00467633 -0.00815598 -0.00569455 0.00923448 -0.0249528
internal_weight=18152.2 7586.12 10566 1696.1 5581.97 5890.02 2217.47 1613.17 4125.84 4984.08 255.012 1441.09 4088.01 3672.55 3647.63 3603.12 1392.84 889.807 1456.13 1489.64 503.037 1335.92 673.98 604.295 3514.03 1408.05 2679.96 2198.49 550.354 2819.33
internal_count=92127 37168 54959 7656 29230 29512 10871 7859 21627 25729 1103 6553 21086 18641 18513 18279 6317 4028 7603 7246 2289 6966 3504 3012 18443 7299 13787 11351 2747 14838
is_linear=0
shrinkage=0.1


Tree=33
num_leaves=31
num_cat=0
split_feature=11 11 10 9 10 10 5 13 12 15 9 4 11 14 4 14 2 7 12 5 12 12 14 2 13 13 13 7 5 4
split_gain=263.451 45.3331 36.6406 23.8415 14.0844 11.7476 11.638 17.9687 13.0364 11.6032 11.1971 10.5928 10.2209 10.0828 10.0569 9.3835 9.17208 8.90855 8.53937 7.64496 14.3892 8.96924 8.79907 7.86351 7.00111 6.88936 8.80255 6.87051 9.04292 6.67327
threshold=0.017113552054741858 0.011891463423794272 0.41659425995712751 0.054209035193812885 0.24012862909694169 0.27266678850835929 -0.0038003867001660248 0.13518595850231954 0.010630570518092955 0.32860753457319986 0.20322897560716061 -0.0078765191550811391 0.029387605670735697 0.94210442308374431 0.013267186491672691 0.18689602658175278 0.012514886492140056 -0.043757963252428637 0.030238666206136886 -0.0030637194806613639 0.091974795921268629 0.08748111543201649 0.43137320065327212 0.015063059080680842 -0.072846605825462457 -0.78023242314724595 -0.86727605225513948 -0.14945547527225775 -0.053191260492183028 0.0021065075823485384
decision_type=2 2 2 2 2 2 2 2 2 2 2 2 2 2 2 2 2 2 2 2 2 2 2 2 2 2 2 2 2 2
left_child=1 3 5 16 19 13 8 14 -5 -10 -9 -6 24 25 -8 -13 29 -14 -17 21 23 22 -3 -21 -4 26 -2 28 -26 -1
right_child=2 4 12 6 11 -7 7 10 9 -11 -12 15 17 -15 -16 18 -18 -19 -20 20 -22 -23 -24 -25 27 -27 -28 -29 -30 -31
leaf_value=-0.062164708355128141 -0.0024670759436217493 0.0020986511632650313 -0.011223738615721651 0.10360398613533837 -0.016406106122656857 -0.013599291254165539 0.010212824746931016 0.024724667470585385 0.01421957533356737 0.031722211020880096 0.064644991118110118 -0.01096660866021431 -0.021923832328173052 0.028919266210849694 0.04993435451083067 -0.026331541859415126 0.04209323102068014 -0.041434455169799558 0.0067913687265057339 -0.0012824920286834654 -0.032212440569420339 0.048183503563739932 0.019661966976024597 0.011973565442323152 -0.033013919767429442 -0.0064219786419246784 0.084138528302341892 -0.030316675332448185 0.052548771671588591 0.011417350275983744
leaf_weight=60.848176464438438 30.01651930809021 481.08411300182343 582.44003297388554 20.971949309110641 399.36330716311932 3255.0915785208344 2614.4770854562521 595.50179420411587 662.32055854797363 884.71887269616127 79.660251662135124 473.34986716508865 414.82450859248638 88.187594264745712 65.333040952682495 82.081994965672493 13.52418068051338 536.95130614191294 1503.9091069251299 748.76756173372269 100.47055697441101 74.960386767983437 700.73490886390209 1112.1789571344852 25.322832860052586 2136.6112206578255 19.27020138502121 511.54904639720917 24.114988394081593 15.45593850314617
leaf_count=515 147 2418 2874 117 1940 16143 13723 3184 3307 4481 416 2313 2021 426 341 383 87 2582 7558 3737 490 382 3432 5639 128 10525 107 2468 133 110
internal_value=0.000187648 0.0103169 -0.014014 0.017247 0.00419746 -0.00974658 0.0181786 0.0148546 0.0252906 0.024229 0.0294347 -0.00150111 -0.0252755 -0.00423187 0.0111812 0.00138938 -0.0338075 -0.0329309 0.00507711 0.00855118 0.00464973 0.01464 0.0125125 0.00663988 -0.0189032 -0.00556932 0.0313941 -0.0268763 0.00872221 -0.0472601
internal_weight=18314.1 10689.7 7624.38 5012.81 5676.9 5529.18 4922.98 3354.97 1568.01 1547.04 675.162 2458.7 2095.2 2274.09 2679.81 2059.34 89.8283 951.776 1585.99 3218.2 1961.42 1256.78 1181.82 1860.95 1143.43 2185.9 49.2867 560.987 49.4378 76.3041
internal_count=92127 54573 37554 26281 28292 27348 25569 17664 7905 7788 3600 12194 10206 11205 14064 10254 712 4603 7941 16098 9866 6232 5850 9376 5603 10779 254 2729 261 625
is_linear=0
shrinkage=0.1


Tree=34
num_leaves=31
num_cat=0
split_feature=11 11 11 11 13 3 8 3 5 8 7 14 8 9 7 14 13 11 8 13 15 9 4 1 3 14 8 1 3 11
split_gain=590.926 130.031 116.846 51.5386 43.4865 83.7026 55.0473 42.1253 31.1404 29.5597 41.0456 27.5319 27.4885 20.1957 33.4905 19.7263 19.2504 19.1892 19.2225 18.7915 18.2877 16.108 15.2197 15.1535 14.4609 14.1311 13.423 11.5901 11.2489 11.1974
threshold=0.011701883640898676 0.017113552054741858 0.0083472267466799168 0.039967620586456858 -0.061812957017650515 -0.06257411189973093 -0.010220754997900493 0.17932243167168774 -0.0086685591446410398 0.86636020561801785 0.04611029924121491 0.65904515933001651 -0.27226391893755836 0.17191213059984015 -0.09268091619855888 0.058002215146061201 -0.51082485695218161 0.0099019546148239341 0.98855722514474897 0.12859357321683493 0.19978540772532191 0.17191213059984015 -0.0096372773780459813 0.04557833719018279 0.038466287884210366 0.87330578512396706 -0.38927372527974163 -0.059912175643777481 0.099560341246551345 0.016134225826392481
decision_type=2 2 2 2 2 2 2 2 2 2 2 2 2 2 2 2 2 2 2 2 2 2 2 2 2 2 2 2 2 2
left_child=2 9 -1 4 5 6 -3 21 15 11 25 13 -7 14 -2 -4 29 26 -19 22 -18 -6 -12 -21 -15 -11 -10 -17 -20 -13
right_child=1 3 8 -5 7 12 -8 -9 17 10 19 16 -14 24 -16 27 20 18 28 23 -22 -23 -24 -25 -26 -27 -28 -29 -30 -31
leaf_value=-0.067688820412359074 0.08439908618764741 0.042019094447727202 -0.067010082505283536 0.045216896139080032 -0.022687786489901572 -0.0054400362193526069 0.17258948762543669 0.044253328930352304 -0.013915649275551008 0.057091930755930553 0.060658399383816279 0.051874503099734785 0.017943545450396829 -0.0027767166972350633 -0.02966678547899352 0.07583021333903199 0.019513780389084755 -0.028397773602515636 0.07187561950118708 0.063249760290627302 -0.0050029398689122925 0.0059495707125218371 -0.012772257585106903 -9.8145350502785056e-05 -0.021500636011592682 0.14940351373082925 -0.050690050674463555 -0.0050139383347441273 -0.0045950000543922061 -0.025738098864746473
leaf_weight=935.0729283541441 26.621404409408569 963.87747946381569 51.552851237356663 550.68061974644661 206.26533053815365 639.89185181260109 33.407528564333916 285.3462487757206 117.08301217108965 63.933835819363594 30.948222130537033 113.82030287384987 2345.1922423318028 1672.6681300774217 777.49450827389956 18.285901419818401 386.22926277667284 1071.0940010175109 28.543741956353188 86.558125972747803 1433.4695600867271 4112.9297410547733 320.92045141011477 66.983490340411663 547.49056457728148 22.390652984380722 651.9038125872612 586.84755124896765 58.993356935679913 22.217322811484337
leaf_count=8377 140 3715 330 1770 1092 2721 123 1009 771 288 141 580 9837 8664 4837 94 1930 6756 148 413 7468 17287 1587 339 2792 92 4743 3633 339 111
internal_value=-0.000588349 0.00821859 -0.0373972 0.0155605 0.0136586 0.0213107 0.046393 0.00704044 -0.0264368 -0.00382199 0.0173083 -0.00633274 0.012931 -0.012312 -0.0258905 -0.00762975 0.00291336 -0.0328439 -0.0247155 0.00642369 0.00020071 0.00458198 -0.00631374 0.0356138 -0.00739403 0.0810355 -0.0450909 -0.00257099 0.0203402 0.039199
internal_weight=18228.7 14709.3 3519.38 9137.59 8586.91 3982.37 997.285 4604.54 2584.3 5571.75 591.735 4980.01 2985.08 3024.27 804.116 656.686 1955.74 1927.62 1158.63 505.41 1819.7 4319.2 351.869 153.542 2220.16 86.3245 768.987 605.133 87.5371 136.038
internal_count=92127 66936 25191 37554 35784 16396 3838 19388 16814 29382 2860 26522 12558 16433 4977 4057 10089 12757 7243 2480 9398 18379 1728 752 11456 380 5514 3727 487 691
is_linear=0
shrinkage=0.1


Tree=35
num_leaves=31
num_cat=0
split_feature=11 10 11 9 3 12 14 10 11 10 14 7 12 10 9 5 2 9 0 17 3 7 4 0 3 3 2 9 15 2
split_gain=585.619 148.681 94.4971 33.7764 28.0286 27.6494 27.5555 25.3362 25.1983 24.1548 23.7278 22.2072 21.8707 18.3415 28.4271 21.3092 18.7949 25.2399 17.8398 21.0825 18.4282 19.1945 18.2001 17.431 17.0984 16.6327 16.4392 15.9267 15.063 13.3069
threshold=0.013967553448315616 0.13962854360591462 0.020381872724486955 0.30883420140715806 0.095551083194766143 0.012080306248643299 0.93777300906056282 0.13139500563086301 0.0094525931824225012 0.10567320198111428 0.10955973972033782 0.034811677764088562 0.21248935161911794 0.28954745046324065 0.45865024094401352 -0.015427461690757148 -0.075882636639742249 0.22696060959500286 -0.0025594358594491769 1.0000000180025095e-35 -0.024097551579060458 0.075887195301439628 0.023362239313640124 -0.0076824924195599822 -0.036456959100648494 0.14015943631563713 0.010908775011373441 0.1574328030139516 0.27712169458673686 0.029052356699550422
decision_type=2 2 2 2 2 2 2 2 2 2 2 2 2 2 2 2 2 2 2 2 2 2 2 2 2 2 2 2 2 2
left_child=1 9 7 6 5 -3 11 -2 -7 -1 -10 27 23 16 15 -15 17 -9 20 22 21 -5 -20 -6 -18 -13 -11 -4 -22 -8
right_child=2 4 3 18 12 8 29 13 10 26 -12 25 -14 14 -16 -17 24 -19 19 -21 28 -23 -24 -25 -26 -27 -28 -29 -30 -31
leaf_value=-0.074088744318423383 -0.052517142021655062 0.10334331905128838 -0.032428061126467914 0.019925086293158749 0.066944229589228743 -0.039566778410952713 -0.069261447504767287 -0.032268420783402273 0.002414150917212211 -0.058324087177770025 -0.021323487499698313 0.034233280675091175 -0.078755224249436429 -0.0017431519233101829 -0.02605867681065456 0.020249168419239363 -0.016211000909356062 0.05139077273118145 0.017667593044536425 0.036685100214620535 0.034417076519370531 0.10300328711422196 -0.010985206200862838 0.0051036779037938653 0.00071681492843583253 -0.0099309396304549241 -0.030806070961572549 0.0073435520623118828 0.063769279473644996 0.0068653539208636833
leaf_weight=482.63074754923582 83.297090291976929 17.882587410509586 110.45501838624477 1042.3610389530659 54.119535654783249 633.55090452730656 64.785682715475559 48.856669336557388 494.09637229144573 495.20194263756275 2850.2103321254253 518.52930249273777 26.913062013685703 634.92104355990887 198.89662808179855 1439.4034542292356 771.14994067698717 137.71649070084095 1672.2587442398071 512.698531717062 780.81803132593632 28.572421178221703 255.56650780141354 288.86669330298901 2637.6363319456577 102.05929131805897 386.55827568471432 1138.7200249880552 225.27930057048798 35.567412629723549
leaf_count=4877 586 95 589 3835 261 4476 322 241 2807 4143 17041 2174 174 2766 929 6388 3963 583 6146 1845 2741 90 901 1559 13145 415 3009 4969 789 160
internal_value=-0.000838128 -0.0272902 0.0113465 0.0196946 -0.0182849 -0.0207228 0.00876844 0.00224683 -0.0212806 -0.0561042 -0.0178164 0.0115083 0.00805011 0.00302414 0.0100549 0.0135176 -0.00142116 0.0294835 0.0244595 0.0186623 0.0312714 0.0221416 0.0138692 0.0148615 -0.00311267 0.0269702 -0.0462604 0.00382685 0.0409894 -0.0422804
internal_weight=18169.6 5730.03 12439.5 6487.67 4365.64 3995.74 1970.12 5951.88 3977.86 1364.39 3344.31 1869.76 369.899 5868.58 2273.22 2074.32 3595.36 186.573 4517.55 2440.52 2077.03 1070.93 1927.83 342.986 3408.79 620.589 881.76 1249.18 1006.1 100.353
internal_count=92019 38442 53577 24976 26413 24419 8629 28601 24324 12029 19848 8147 1994 28015 10083 9154 17932 824 16347 8892 7455 3925 7047 1820 17108 2589 7152 5558 3530 482
is_linear=0
shrinkage=0.1


Tree=36
num_leaves=31
num_cat=0
split_feature=11 10 11 10 3 13 9 10 9 13 1 7 1 1 11 9 12 6 6 6 1 12 12 11 11 9 11 13 10 12
split_gain=72.7799 43.0284 23.8606 15.8431 15.8335 14.1282 13.205 11.8672 11.8063 11.0672 14.5444 14.2635 10.3406 9.78115 9.26324 9.23697 9.04353 12.1709 8.67802 7.73443 7.2571 10.0297 6.15011 15.9642 6.12162 7.04983 6.9352 5.74772 6.20727 5.58065
threshold=0.025888012846784603 0.081346074914687594 0.016429527353256538 0.47578407853481652 -0.092005446520938769 -0.0084790126924800795 0.28874158250316856 0.34486151531322123 0.48820918266953056 0.13518595850231954 -0.023023251286938381 0.0018859039511038846 0.088673900309971368 0.079888256897983859 0.019732215183443487 0.17920661904774796 0.10563265853634247 -0.040834415549676144 -0.08790113185757302 0.070773675147999829 0.009931215933895567 0.011354958028229181 0.18315970758002706 0.045688324240044008 0.029043648472410959 0.62697631390425224 0.027879485444168194 -0.20333165409115683 0.33478481826396106 0.10978411936774286
decision_type=2 2 2 2 2 2 2 2 2 2 2 2 2 2 2 2 2 2 2 2 2 2 2 2 2 2 2 2 2 2
left_child=1 20 6 15 5 18 9 13 -7 10 -3 -11 19 -6 -9 -2 27 -18 -4 -8 -1 -22 -5 24 26 -26 -24 -17 -29 -19
right_child=3 2 4 22 7 8 12 14 -10 11 -12 -13 -14 -15 -16 16 17 29 -20 -21 21 -23 23 -25 25 -27 -28 28 -30 -31
leaf_value=-0.053977133461167864 0.021001541532647647 -0.0043683160986623054 0.0099087625971752899 -0.031917108900732329 0.0030430922014501567 -0.007698622427813915 0.018137636471996326 0.0043395337869013935 0.041998381100308901 0.009291735297867006 0.0093254500147520129 -0.0081548951554597827 -0.043026084601812585 0.038657922430462753 -0.012481465106078804 -0.027396589081471901 0.026477429966738821 0.034740250676501931 -0.033327487218016767 0.058669361935343813 0.043541951682202346 -0.044981264238435653 -0.0069818578699499872 -0.063809045373640405 -0.037249456193599519 -0.0041010889096504063 0.054827526905857238 -0.0023502129849005452 -0.02008757366638643 -0.01522808856843718
leaf_weight=149.93088405579329 96.682737499475479 896.44627998769283 53.574441373348236 564.65153357386589 3631.8118159174919 432.07881313562393 769.18229545652866 493.23745702207088 53.749177053570747 787.07491456717253 5754.7947944477201 1158.0907421857119 26.349244400858879 78.785900607705116 973.63274247944355 299.6867645829916 134.55773936957121 24.6744464635849 347.72267237305641 50.149747058749199 20.655145831406116 33.649977765977383 46.94515086710453 60.164680488407612 94.911357127130032 198.01051654666662 29.59834997355938 398.60795867443085 390.66343645751476 237.35112720727921
leaf_count=1385 483 4651 272 2698 17262 2024 3834 2312 269 4143 30110 6195 133 378 4480 1391 646 128 1633 269 145 261 217 289 446 997 152 1860 1831 1125
internal_value=0.000413317 0.00296804 0.00356864 -0.0151648 -0.00132593 -0.0136699 0.00671239 0.00078913 -0.00220044 0.00553944 0.00747982 -0.00109544 0.0186355 0.00379929 -0.00682538 -0.00894858 -0.0108978 0.00203119 -0.0275553 0.0206185 -0.0426325 -0.0113111 -0.0250568 -0.0160405 -0.00826171 -0.0148417 0.016919 -0.0156064 -0.0111296 -0.0105227
internal_weight=18287.4 15710.9 15506.7 2576.51 6064.59 887.125 9442.09 5177.47 485.828 8596.41 6651.24 1945.17 845.681 3710.6 1466.87 1582.22 1485.54 396.583 401.297 819.332 204.236 54.3051 994.282 429.63 369.465 292.922 76.5435 1088.96 789.271 262.026
internal_count=92019 79756 77965 12263 28630 4198 49335 24432 2293 45099 34761 10338 4236 17640 6792 7464 6981 1899 1905 4103 1791 406 4799 2101 1812 1443 369 5082 3691 1253
is_linear=0
shrinkage=0.1


Tree=37
num_leaves=31
num_cat=0
split_feature=10 11 10 10 11 14 7 11 7 9 7 6 2 10 12 13 11 12 3 7 12 14 2 4 10 6 11 5 3 8
split_gain=665.821 201.374 64.9989 49.0308 34.414 26.9297 28.1292 24.8447 18.7375 18.2893 17.7671 18.7926 17.6667 15.0707 13.2695 13.2642 12.6614 15.4615 11.7029 11.4123 11.1097 9.9189 9.8273 9.6546 9.07687 8.87642 8.59243 8.77632 8.42586 8.04066
threshold=0.15050292604186852 0.01758723255996367 0.088180232202776612 0.38110519425809947 0.010859631002326545 0.82195123176970786 0.09054354008258593 0.0055749164853555622 0.012543577950097752 0.071369404208061968 -0.0093752447525679555 -0.013243050757144379 0.079835550022476123 0.22132856939548004 0.12810829837094237 0.38486218749974149 0.038745860767223979 0.12603079304552797 -0.11451066302065137 0.073429178670674569 0.032071769438716882 0.65904515933001651 -0.0033737285045831729 0.020768703231742073 0.23215090345639114 -0.0074757099650264993 0.0083472267466799168 0.0030663542662636716 -0.080860686486292618 0.49797882905336005
decision_type=2 2 2 2 2 2 2 2 2 2 2 2 2 2 2 2 2 2 2 2 2 2 2 2 2 2 2 2 2 2
left_child=2 4 8 18 7 6 10 -2 9 -1 25 -12 20 -6 22 29 17 -5 -3 -16 -9 -8 -15 24 -20 -4 27 -7 -19 -10
right_child=1 3 5 16 13 26 21 12 15 -11 11 -13 -14 14 19 -17 -18 28 23 -21 -22 -23 -24 -25 -26 -27 -28 -29 -30 -31
leaf_value=0.10979623299846886 0.12208545654968742 -0.033194179811807528 0.030708258002092273 -0.038898088578774984 0.0035142575266761699 0.063575667780687697 -0.034589725907241825 0.023923525339582721 0.055326573611849811 0.051542622652766136 0.004399554160126936 0.044810897682982791 0.098565503945519856 -0.014966411114331994 0.0001762425765879954 -0.017573088764366928 -0.052399631622282242 -0.0090525976326151156 -0.0032312141504885431 0.036707820297755343 0.006098936048631441 0.04182790921687235 -0.0036659485606866955 -0.028990466672761152 -0.015298276499137013 0.0018139729118942787 -0.005890550723226794 0.0012260598031045673 -0.028511321188865152 0.116420931729127
leaf_weight=165.18231657147408 20.928494662046432 349.69491536915302 316.41250343620777 1115.3979581221938 2707.7947387248278 43.012963712215424 73.340086802840233 492.82654063403606 287.365763053298 79.9964519739151 122.31363491714001 1944.3217921257019 23.507867515087128 1382.0006858557463 320.02374875545502 23.787661030888557 313.73359161615372 343.42333618551493 824.67036440223455 116.69599430263042 1203.8074510395527 22.104867786169052 1736.5404694676399 388.91657858341932 2553.4568645209074 160.12412646412849 214.40015283226967 47.514446765184402 632.13147046416998 23.287945419549942
leaf_count=715 94 1888 1536 5932 13836 208 335 2399 1240 353 577 8971 122 7172 1678 104 1687 1946 4337 600 5882 115 9044 2004 13726 740 1056 219 3394 109
internal_value=0.000181885 -0.00927734 0.0391811 -0.0223217 0.00135062 0.0331538 0.0364053 0.013787 0.0697901 0.0907894 0.0384055 0.0424192 0.0124694 -0.00210659 -0.0063876 0.0543956 -0.0336668 -0.0308561 -0.0156947 0.00993785 0.0112765 -0.0168915 -0.00867382 -0.0140702 -0.0123525 0.0209993 0.00501725 0.0308507 -0.0216613 0.0599065
internal_weight=18048.7 14525.6 3523.16 6521.43 8004.13 2943.54 2638.62 1741.07 579.62 245.179 2543.17 2066.64 1720.14 6263.06 3555.26 334.441 2404.69 2090.95 4116.74 436.72 1696.63 95.445 3118.54 3767.04 3378.13 476.537 304.928 90.5274 975.555 310.654
internal_count=92019 75741 16278 34914 40827 13757 12274 8497 2521 1068 11824 9548 8403 32330 18494 1453 12959 11272 21955 2278 8281 450 16216 20067 18063 2276 1483 427 5340 1349
is_linear=0
shrinkage=0.1


Tree=38
num_leaves=31
num_cat=0
split_feature=11 11 11 1 0 0 13 10 16 10 3 10 8 8 2 7 0 3 12 14 2 7 7 6 10 3 2 7 8 4
split_gain=209.342 31.7928 28.5719 16.5356 16.7935 15.6579 13.4279 13.3199 12.4947 12.3893 11.7355 10.3247 10.9406 9.99534 14.2982 13.1224 10.6662 17.6529 9.53166 9.35221 9.30811 8.09127 8.70447 7.44715 6.96802 6.94162 8.3443 8.17152 7.79053 7.52195
threshold=0.016875319226947912 0.025247904385737603 0.011891463423794272 -0.0039726381974793936 0.00058579051140528204 0.0041698455035135149 0.10900866791712834 0.05918357841258106 1.0000000180025095e-35 0.16072065223730611 0.07807124938673661 0.1781323921111998 0.35528391026893075 -0.21261991073881614 -0.017450291780156665 0.0042524112596487038 0.0021164271480635937 -0.055621984837362685 0.028127178869662053 0.93137320065327212 -0.061321429369234785 -0.082567069869318874 0.0084312620488156149 0.037680916176343955 0.79809951958985093 0.027599311642894534 -0.085604325394829525 0.031595369381332124 -0.020395520465837372 0.0014751153589416257
decision_type=2 2 2 2 2 2 2 2 2 2 2 2 2 2 2 2 2 2 2 2 2 2 2 2 2 2 2 2 2 2
left_child=2 25 3 4 11 7 8 -5 -7 -3 13 12 -1 14 15 -4 20 -18 -8 24 -15 -6 -23 -16 -11 26 -2 29 -27 -28
right_child=1 9 10 5 21 6 18 -9 -10 19 -12 -13 -14 16 23 -17 17 -19 -20 -21 -22 22 -24 -25 -26 28 27 -29 -30 -31
leaf_value=0.019303148026745209 -0.017673537665837107 0.044686919624988664 0.013255489131767854 -0.060148675882107205 0.096570504725844955 0.0083166946610514839 0.05548288919258039 0.0061913222385874232 0.036771545298396928 -0.021910469314201802 -0.0065009093795753209 0.0039763572687005443 0.059272871527836259 -0.028613305931602835 -0.0064019190787823425 -0.023781388982410129 0.083569440694590366 0.015141541786475261 0.021084113703365392 0.0022834115747959096 0.006611767361799083 0.022840249656325168 0.048485978043099502 -0.061136555326682676 -0.048559127291397081 -0.041476273998299194 -0.0053031233405231373 -0.015918627197464716 -0.010752883463929573 0.0060164082720521803
leaf_weight=690.6053154245019 418.41199016571045 28.568169981241226 899.03042350709438 30.754118405282497 22.138245761394501 837.20135797560215 149.14794747531414 1905.1663205772638 189.18880390375853 2392.9311471730471 804.89199370145798 434.83849793672562 76.020942434668541 79.263167560100555 898.04518683254719 107.05420285463333 38.912254080176353 1210.8300045579672 175.14939790219069 155.36999147385359 1400.2285802811384 282.17914788424969 249.24733053147793 25.565612137317657 102.31568328291178 86.503146633505821 1334.793097704649 391.21709927171469 1798.3408761173487 1047.9336864724755
leaf_count=3500 2060 150 4452 304 118 4263 797 10123 982 11929 4028 2125 403 381 4429 522 195 6055 873 782 6961 1391 1269 118 498 424 6622 1902 9106 5257
internal_value=0.000458914 -0.0120015 0.00965872 0.0150878 0.0229249 0.0109028 0.0191662 0.00513744 0.0135616 -0.020815 0.00464916 0.016285 0.0232667 0.00657548 0.001067 0.00931452 0.0104702 0.0172721 0.0369045 -0.021521 0.0047246 0.0373361 0.0348685 -0.00791698 -0.0230032 -0.00735079 -0.0045096 -0.00252399 -0.0121629 -0.000324744
internal_weight=18261.8 7756.38 10505.5 5041.64 1755.03 3286.61 1350.69 1935.92 1026.39 2679.18 5463.82 1201.46 766.626 4658.93 1929.7 1006.08 2729.23 1249.74 324.297 2650.62 1479.49 553.565 531.426 923.611 2495.25 5077.2 3192.36 2773.94 1884.84 2382.73
internal_count=92019 38730 53289 26148 8806 17342 6915 10427 5245 13359 27141 6028 3903 23113 9521 4974 13592 6250 1670 13209 7342 2778 2660 4547 12427 25371 15841 13781 9530 11879
is_linear=0
shrinkage=0.1


Tree=39
num_leaves=31
num_cat=0
split_feature=10 11 11 10 12 12 13 3 12 15 10 9 11 7 10 2 7 10 7 3 3 13 7 7 13 12 11 6 6 5
split_gain=529.447 127.771 108.907 49.2316 41.1617 38.0936 30.262 34.9847 29.5965 28.1669 27.6105 25.6846 24.2898 23.9426 23.5055 22.8727 22.418 22.3935 23.0477 21.5463 21.5249 18.4897 18.1027 16.543 16.4653 13.0375 12.8154 12.5592 12.2194 21.1903
threshold=0.19350486708583789 0.0094525931824225012 0.017267023962808464 0.36815001091836136 0.048516317606828632 0.12400285110957208 0.072707025599206068 -0.075397650075159625 0.050294895787414681 0.98070147436124822 0.12121227504112553 0.25780168428351874 0.017833495715338984 -0.19564367859643822 0.43042362817362451 -0.065992804317492645 0.11173486896329811 0.12724443948318273 0.09816178772624197 -0.040386524594641975 0.029533474102399818 -0.78023242314724595 -0.021795271883977615 -0.0093752447525679555 0.36746208199243585 0.029459796902284067 0.0080507954038275212 -0.022798648425726927 -0.044682904524489246 -0.011028312185637655
decision_type=2 2 2 2 2 2 2 2 2 2 2 2 2 2 2 2 2 2 2 2 2 2 2 2 2 2 2 2 2 2
left_child=1 10 26 4 11 13 7 -6 17 14 -1 20 22 -5 -7 -8 -15 18 19 -3 -4 -12 -10 -23 -24 -13 -2 -14 -28 -30
right_child=2 8 3 5 6 9 15 -9 12 -11 21 25 27 16 -16 -17 -18 -19 -20 -21 -22 23 24 -25 -26 -27 28 -29 29 -31
leaf_value=-0.071782493947037437 -0.052892126895071917 0.055104308591607969 0.020479261447719867 0.10904216447424862 0.038756176944925363 -0.015782358764064641 -0.035183380851153155 0.0042028762617770891 -0.041205113542303121 0.057070424089165218 0.056724724422067489 0.062928883705802338 0.10106652195133853 0.027026193639257113 0.015945168599919176 -0.0021781544630030928 0.052998335430730618 -0.020469121905518445 0.070645985314690393 -0.059881156223351641 -0.017921544125877327 -0.015763051419188163 -0.0048653114720864227 -0.053726432272077046 0.07023174861463137 0.028852961297203019 -0.016199621758718596 0.023075204710221873 0.012019925843864791 -0.0037823248304204964
leaf_weight=623.53754018992186 49.104089997708797 17.206403583288193 445.59857442975044 41.800479337573051 360.78010760247707 277.80572453141212 268.90536925196648 1560.1893276870251 135.11857239156961 142.88218674063683 18.188751436769962 132.00492936372757 26.190617889165878 1558.2711176127195 1464.3254328668118 957.98413446545601 422.43313311040401 2096.4400342553854 15.596030138432978 308.07635159790516 217.07945831120014 146.77619884908199 354.43391909450293 526.62719742953777 31.816837087273598 751.36516062915325 513.03075592964888 97.561065301299095 1122.2445638626814 3480.0978082790971
leaf_count=6212 373 111 1963 144 1413 1160 1173 6678 797 475 128 547 112 5754 5297 4222 1472 12741 94 2412 995 1097 2071 4430 171 3113 2593 474 5557 18240
internal_value=-0.000219863 -0.0304269 0.00942988 0.016322 0.00941929 0.0246139 0.00285658 0.0106924 -0.019293 0.0143865 -0.0565228 0.0227814 -0.000246805 0.034146 0.0108858 -0.00941213 0.0325654 -0.0243342 -0.0481051 -0.0537988 0.00789996 -0.0427646 -0.00970033 -0.0454519 0.0013207 0.033945 -0.00204894 0.0395812 -0.00156088 7.09282e-05
internal_weight=18163.5 4397.57 13765.9 8601.43 4693.91 3907.52 3147.86 1920.97 3082.44 1885.01 1315.13 1546.05 645.121 2022.5 1742.13 1226.89 1980.7 2437.32 340.879 325.283 662.678 691.592 521.369 673.403 386.251 883.37 5164.48 123.752 5115.37 4602.34
internal_count=92019 30850 61169 34406 20104 14302 13486 8091 18983 6932 11867 6618 3625 7370 6457 5395 7226 15358 2617 2523 2958 5655 3039 5527 2242 3660 26763 586 26390 23797
is_linear=0
shrinkage=0.1


Tree=40
num_leaves=31
num_cat=0
split_feature=11 11 10 12 13 10 7 3 3 9 14 14 12 8 8 3 3 12 8 7 14 4 1 3 8 13 14 8 14 14
split_gain=513.752 108.35 76.564 36.8207 28.3588 26.2356 30.8438 25.2754 23.3654 27.7241 22.8375 29.3459 21.6091 21.3161 20.9114 31.4029 26.3048 34.2302 31.2226 19.4967 19.4743 18.6836 18.4164 18.1902 27.9041 18.0404 25.3497 25.905 18.6347 17.7165
threshold=0.012197066460888193 0.018637221831491628 0.14362835740009036 0.052489284669509507 -0.23736366205661572 0.22649496849801179 0.10683936588789657 0.042977762836383888 0.0061242275808337529 0.38894896398470674 0.93995708154506452 0.50053763440860222 0.03785545474525847 -1.4017973366273984 -0.87104256956040338 -0.070276242931857066 0.015910243370683478 0.11132500280321363 -0.34703817515880914 -0.086545464466887143 0.41011920763077159 -0.020061302410233846 0.0081990076569211662 -0.024876922240721463 -2.5009914816032208 0.054731044973080074 0.1266380543633763 -0.27909855512563281 0.77043903468655472 0.90687315634218291
decision_type=2 2 2 2 2 2 2 2 2 2 2 2 2 2 2 2 2 2 2 2 2 2 2 2 2 2 2 2 2 2
left_child=2 5 7 8 23 6 19 -1 13 29 11 -6 -8 -3 15 -7 17 -16 -18 -2 -21 -4 -17 24 -5 26 27 -23 -27 -10
right_child=1 3 21 4 10 14 12 -9 9 -11 -12 -13 -14 -15 16 22 18 -19 -20 20 -22 25 -24 -25 -26 28 -28 -29 -30 -31
leaf_value=-0.060721181841769167 -0.055836038409314226 0.037590577987853951 0.051703494910217723 0.072008513426300366 0.016685277220694791 0.0078917702455268725 0.059764551904593614 -0.026259036193123322 0.025458611361367151 -0.038173631537329916 -0.0098590468552386609 0.033185530538646361 -0.0070672630711594887 -0.012046201201959782 -0.014830901458553451 0.084068241137228217 0.11923912149052292 0.028275670644695758 0.007383155609270527 -0.022794003651463047 -0.0035936117958809467 -0.032317159914298572 -0.0066148963415170476 0.016544623387514553 -0.01127915888540558 -0.049426516270594717 -0.024863008545799578 0.024691314435545907 -0.015563440691657431 -0.03854756294162387
leaf_weight=1003.2223312333226 100.08294501900673 95.950347274541855 32.800219334661961 43.282651379704475 2102.2962258830667 386.81410650908947 104.35302410274744 270.1236973926425 716.87218623608351 86.389970883727074 194.79994013905525 2211.9647937789559 90.1988375633955 879.96276436001062 1331.8098328113556 103.26360480487347 25.316179290413857 213.78401783108711 1747.2298005670309 840.96381671726704 1420.6121754944324 121.36694987863302 28.596905469894409 985.15839562565088 569.59180619567633 466.72601083666086 1390.8277436420321 232.22137297689915 249.31209033727646 46.021054618060589
leaf_count=9627 555 399 170 147 7948 1839 465 2246 3149 326 797 8096 446 3917 6529 451 106 1011 8270 5072 7908 742 147 3736 2239 3205 8992 1381 1622 234
internal_value=-0.000596926 0.00804394 -0.0334603 0.0158515 0.0195761 -0.00164347 -0.00949184 -0.0534105 0.00338888 0.0155175 0.0236329 0.0251451 0.0287797 -0.00716599 0.00358536 0.022258 0.000666547 -0.00886847 0.00898073 -0.0126446 -0.0107333 -0.0232714 0.0644016 0.00812954 -0.00539719 -0.0242709 -0.0187848 0.00512352 -0.037636 0.0215975
internal_weight=18091.9 14325.3 3766.6 7932.29 6107.09 6393.03 2556.21 1273.35 1825.2 849.283 4509.06 4314.26 194.552 975.913 3836.81 518.675 3318.14 1545.59 1772.55 2361.66 2261.58 2493.25 131.861 1598.03 612.874 2460.45 1744.42 353.588 716.038 762.893
internal_count=91772 63787 27985 30988 22963 32799 14446 11873 8025 3709 16841 16044 911 4316 18353 2437 15916 7540 8376 13535 12980 16112 598 6122 2386 15942 11115 2123 4827 3383
is_linear=0
shrinkage=0.1


Tree=41
num_leaves=31
num_cat=0
split_feature=11 10 11 13 3 14 10 10 14 14 12 10 1 6 3 11 2 4 13 14 14 14 12 14 14 11 15 2 1 11
split_gain=65.024 31.6067 19.7526 15.9912 19.6792 15.8343 16.1015 15.569 13.0647 13.0416 12.964 13.726 12.5604 9.50518 10.5167 10.2795 9.42523 9.39304 8.63632 8.3014 8.14615 8.14543 7.63676 5.94171 7.93123 5.62773 5.45022 5.08273 7.6389 5.04618
threshold=0.02657258756859671 0.084971621904463127 0.016429527353256538 0.27431286465515708 -0.092005446520938769 0.82195123176970786 0.11812430541019577 0.68218458389189818 0.79614029487224969 0.16526265385024655 0.18315970758002706 0.49155236848329681 0.009931215933895567 0.015373190260574489 -0.024097551579060458 0.0077029190563570171 -0.055564131396105935 -0.017126113977178555 0.75292459532936695 0.71892683760340137 0.98315184620295837 0.16526265385024655 0.01645168381952573 0.48736388465221869 0.56068807974525836 0.039967620586456858 0.70613604130553698 0.017291511895709103 0.016337831651325633 0.0044779743324781943
decision_type=2 2 2 2 2 2 2 2 2 2 2 2 2 2 2 2 2 2 2 2 2 2 2 2 2 2 2 2 2 2
left_child=1 12 5 4 17 6 19 10 26 -6 11 18 29 14 -7 -15 -8 -4 20 -3 -2 -12 27 -23 -25 -9 -5 -14 -29 -1
right_child=7 2 3 8 9 13 16 25 -10 -11 21 -13 22 15 -16 -17 -18 -19 -20 -21 -22 23 -24 24 -26 -27 -28 28 -30 -31
leaf_value=-0.080074837742844365 -0.013265133116005383 -0.0019918842896207867 0.018259936837038977 0.0096527772682255732 -0.015313045321296332 0.0038285345015687798 0.025698239268303998 -0.024635518760100339 -0.01318788550905429 0.0010816302893889948 0.061011372069019014 -0.031579656047029357 -0.024545626012553001 0.070829554554813073 -0.015289632442906508 0.0044825484581270027 0.0090292979146476323 -0.022420925102969357 0.043026949367266434 -0.038196737588501242 0.029857662402690579 -0.017605479747520841 -0.039366844083984234 0.068697988436880061 0.0049036143875059099 -0.054253471818952438 0.026359513589461082 0.10004835357324759 0.0029798973907111744 -0.038596135120257849
leaf_weight=37.452745229005814 1313.4670798480511 719.74831460416317 62.196668460965157 590.72863260656595 553.96887800097466 488.99299891293049 358.82748147845268 138.15068454295397 199.03158129006624 3908.9348150789738 26.308259725570679 405.60827676951885 13.720744736492632 24.007710710167885 699.08280289918184 855.36510692536831 6206.456593669951 649.06822711974382 29.321527741849422 69.441401764750481 45.31795047223568 91.901571489870548 28.372193962335587 23.0128308609128 127.24937731772661 119.77431853860617 291.68610202521086 15.121172599494455 17.478352554142475 135.23668671399355
leaf_count=432 6195 4540 306 2787 2549 2464 1824 665 928 18496 136 1991 107 130 3530 4292 31712 3106 135 442 228 451 216 124 620 604 1374 99 120 1169
internal_value=0.000413963 0.00269263 0.00325225 -0.00110395 -0.00341541 0.00614452 0.00831808 -0.0152265 0.00995525 -0.000953399 -0.0123294 -0.0153969 -0.0327729 -0.00158743 -0.0074209 0.00629388 0.00994034 -0.0188636 -0.0106682 -0.00517758 -0.0118269 0.00816491 0.00148909 0.00242376 0.0146738 -0.0383894 0.0151753 0.0265143 0.0480048 -0.047592
internal_weight=18245 15924.9 15677.5 6255.61 5174.17 9421.92 7354.47 2320.11 1081.45 4462.9 2062.19 1793.71 247.382 2067.45 1188.08 879.373 6565.28 711.265 1388.11 789.19 1358.79 268.472 74.6925 242.164 150.262 257.925 882.415 46.3203 32.5995 172.689
internal_count=91772 80623 78480 29546 24457 48934 38518 11149 5089 21045 9880 8549 2143 10416 5994 4422 33536 3412 6558 4982 6423 1331 542 1195 744 1269 4161 326 219 1601
is_linear=0
shrinkage=0.1


Tree=42
num_leaves=31
num_cat=0
split_feature=10 11 10 10 9 11 11 14 7 12 3 10 13 14 12 8 15 11 10 14 11 12 4 8 7 7 7 1 3 2
split_gain=529.294 142.314 88.8783 46.6145 30.4847 25.9201 23.3887 18.2864 16.6665 16.5514 14.2804 12.5045 12.0955 12.0188 11.2875 11.0505 10.0688 9.69446 9.63362 9.55175 9.51854 11.2577 9.46828 9.30542 9.1165 8.81509 8.79903 8.79397 8.68069 8.64312
threshold=0.1738259011283437 0.019131380107770744 0.12438821097477422 0.37426256303623578 0.063786414518441498 0.0095236879019605977 0.015186442333297316 0.015037611334164015 0.013808890684150145 0.024813663986812579 0.19956616453641687 0.22542780399656684 -0.49962555054103602 0.083780977433199524 0.040547464529545968 -0.55968028646118595 0.38428230805913216 0.014761477988115383 0.094219539867669747 0.15678051281020397 0.039967620586456858 0.20370596969961682 0.017973478397187218 0.5546834081890929 0.088857648259936486 0.054626474274039778 0.0078478963986695644 -0.047862524121569543 0.063058147253223687 0.018215439638189061
decision_type=2 2 2 2 2 2 2 2 2 2 2 2 2 2 2 2 2 2 2 2 2 2 2 2 2 2 2 2 2 2
left_child=2 6 4 11 8 15 7 29 9 -1 13 24 -6 -9 -10 -4 26 28 -18 -19 21 -5 -8 -17 -3 -25 -14 -13 -7 -2
right_child=1 3 5 20 12 17 22 10 14 -11 -12 27 16 -15 -16 23 18 19 -20 -21 -22 -23 -24 25 -26 -27 -28 -29 -30 -31
leaf_value=0.11015305691427726 0.02892786917154206 0.0035172951924933617 -0.010249408066933561 -0.036401144207639811 0.0048108163235654061 0.01587714769374101 -0.0083298157913934152 -0.015034539403445658 0.033126953793432071 0.034336271964522373 0.080814605331062564 -0.033019598873193064 0.044954625676781816 0.0020863166481039745 0.10676766288088571 0.035301004822434451 0.058010407449386049 0.044332563175064198 0.038403315278065404 -0.0080967259726601026 -0.053608986955579696 -0.016798989477025624 -0.03065253268541096 -0.038920541861420299 -0.047422347701061185 0.023616206497391396 0.016149326107559332 -0.016363802601409971 -0.0049843894512983603 0.11101008884718377
leaf_weight=128.44235976040363 35.758685261011124 413.68930244445801 67.174339920282364 1661.6749184802175 106.68172504007816 1388.182640850544 2851.7377479746938 455.65338300168514 115.67455656826496 37.114440321922302 22.175690889358521 374.24007169157267 169.25887542963028 4094.4490463137627 25.381432369351387 823.42701971530914 362.45406250655651 37.936706259846687 811.94057659804821 413.46075919270515 250.60676570981741 355.6980346813798 203.57431279867887 33.277858272194862 38.393706649541855 69.855156943202019 283.9416960477829 2072.4197210371494 232.93178522586823 20.005267739295959
leaf_count=565 179 2241 319 9178 474 6826 15164 2238 485 157 113 2018 765 20767 110 3837 1564 192 3683 2038 1397 1993 1061 158 184 334 1251 11242 1135 104
internal_value=-0.000833154 -0.0116566 0.0263997 -0.0244899 0.0425694 0.0156371 -0.00302673 0.00145615 0.0716361 0.0931565 0.000761961 -0.0160882 0.0374306 0.000371811 0.0463778 0.028915 0.0395687 0.00927064 0.0444547 -0.00369042 -0.0352283 -0.0329449 -0.00981717 0.0317544 -0.000808817 0.00343752 0.0269074 -0.0189115 0.0128796 0.0583748
internal_weight=17957.2 12850.1 5107.14 5166.72 2040.89 3066.25 7683.35 4628.04 306.613 165.557 4572.28 2898.74 1734.28 4550.1 141.056 993.734 1627.6 2072.51 1174.39 451.397 2267.98 2017.37 3055.31 926.56 452.083 103.133 453.201 2446.66 1621.11 55.764
internal_count=91772 67879 23893 28253 9054 14839 39626 23401 1317 722 23118 15685 7737 23005 595 4648 7263 10191 5247 2230 12568 11171 16225 4329 2425 492 2016 13260 7961 283
is_linear=0
shrinkage=0.1


Tree=43
num_leaves=31
num_cat=0
split_feature=10 10 9 9 7 7 10 9 0 0 1 12 13 5 5 19 7 9 3 3 12 15 6 12 0 3 3 3 10 6
split_gain=150.81 35.8821 20.5796 16.0332 15.4424 13.7696 12.8531 12.0053 11.0973 11.9832 10.8646 10.7782 10.6207 10.7624 9.14101 9.26659 8.78968 8.26581 8.18478 7.93382 14.7024 9.61257 7.72078 7.33967 8.52905 7.31413 7.15458 7.11309 7.01712 8.27303
threshold=0.26869744946590085 0.13962854360591462 0.30883420140715806 0.044901410832726071 0.0060029953316905757 0.13851109753019067 0.56307453166576693 0.12380466564602825 0.0024540103586740973 0.0081331014159453669 -0.032523175942348541 0.1777248462225883 0.63060468556443305 -0.016914688614600656 -0.030736581427320105 1.0000000180025095e-35 0.1141829286651448 0.2316762551846166 0.042252542036718584 -0.044781385270715283 0.034713554389708599 0.47034153843061188 0.03056928609551202 0.1957323502263516 -0.0017371720970211777 -0.079055983113936343 -0.056969631976262917 0.051927610932764441 0.38110519425809947 1.0000000180025095e-35
decision_type=2 2 2 2 2 2 2 2 2 2 2 2 2 2 2 2 2 2 2 2 2 2 2 2 2 2 2 2 2 2
left_child=1 3 4 -1 7 12 11 -2 10 19 14 28 13 -5 15 -3 22 18 -6 20 -10 -21 -11 24 -13 -8 -25 -16 29 -4
right_child=2 8 6 5 17 -7 25 -9 9 16 -12 23 -14 -15 27 -17 -18 -19 -20 21 -22 -23 -24 26 -26 -27 -28 -29 -30 -31
leaf_value=-0.053920323081891076 0.07841996135791042 0.0098056477255298331 -0.016073723858991175 0.048313122090058863 -0.019311348821828302 -0.063809554440396418 -0.014569512995799139 0.002230258941116487 0.07449759548134717 0.0022606806164335675 -0.0003776985946981606 -0.0025598119058503374 0.080459881372754172 0.01796094960575172 0.028780228943871201 -0.025931401636498808 -0.016471010027727145 -0.018548979651220127 0.0070774888158369968 -0.0056362203206029539 0.016974983780570187 0.017095248346479405 0.015655775415984292 0.023816401151368634 0.067942025605911699 -0.035116654000011717 -0.021304422642166893 -0.023818818117119018 -0.018974415631821843 -0.0034204023449550683
leaf_weight=30.018540985882282 20.989248365163803 400.55367787182331 1077.6970735788345 123.35106514394283 180.30803239345551 19.618388272821903 286.21800720691681 1409.9462722539902 62.783273532986641 1430.3133740276098 4048.3183391317725 31.339411161839962 28.999707132577896 2207.3630977421999 319.38966430723667 88.6083894520998 184.99890966713428 746.99940001964569 337.60386297106743 227.00267064571381 152.02991686761379 1030.6871144026518 615.45239134132862 58.166694924235344 37.923718705773354 438.91590289026499 88.780151136219501 27.960797354578972 1508.2871248498559 992.67481134086847
leaf_count=341 119 1951 5391 599 869 89 1484 7062 316 6968 20038 167 155 11856 1563 404 889 3692 1735 1102 749 5125 3085 325 212 2262 469 132 7473 5150
internal_value=0.000550574 0.00792145 -0.0106831 0.0187057 -0.00376808 0.019622 -0.0148075 0.00334782 0.00489597 0.00902448 0.00176608 -0.0124765 0.0203157 0.0195673 0.012141 0.00333212 0.00440286 -0.011818 -0.00210963 0.016026 0.0337871 0.0129924 0.00629049 0.00920542 0.0360421 -0.0270065 -0.00344402 0.0245461 -0.0137864 -0.0100069
internal_weight=18213.3 10997.4 7215.85 2409.35 2695.85 2379.33 4520 1430.94 8588.1 3703.27 4884.83 3794.87 2359.71 2330.71 836.513 489.162 2230.76 1264.91 517.912 1472.5 214.813 1257.69 2045.77 216.21 69.2631 725.134 146.947 347.35 3578.66 2070.37
internal_count=91772 55362 36410 13040 13477 12699 22933 7181 42322 18234 24088 19187 12610 12455 4050 2355 10942 6296 2604 7292 1065 6227 10053 1173 379 3746 794 1695 18014 10541
is_linear=0
shrinkage=0.1


Tree=44
num_leaves=31
num_cat=0
split_feature=10 11 11 10 11 6 14 12 3 14 2 8 3 3 1 8 14 10 14 8 1 10 11 11 11 2 3 1 14 11
split_gain=496.827 137.534 71.3916 40.1392 38.8101 21.6094 20.5169 20.4034 27.1653 29.6309 21.227 20.2183 43.3859 41.0576 28.9716 26.9321 23.2994 19.0385 17.9373 17.9223 17.0829 16.0219 15.3273 14.7672 13.2467 14.0686 21.6429 12.7677 12.6739 11.2755
threshold=0.16942372180920587 0.021856066017161797 0.0080507954038275212 0.3021073286772587 0.011583211256463116 -0.0098129880134392704 0.36706170802473143 0.12400285110957208 -0.14493038200014083 0.56877920839294249 0.015933557969423532 0.7489483732553428 0.037757400508207979 0.068502068138021968 0.035965138327489939 0.33200847616542367 0.032223452858922891 0.49980400660439722 0.97041543397641583 -1.5849948737803945 0.01704271007461378 0.12121227504112553 0.0080507954038275212 0.014559593350081839 0.045688324240044008 -0.10270354090562205 -0.14493038200014083 -0.018262675770681188 0.34122720826110742 0.018265682876087794
decision_type=2 2 2 2 2 2 2 2 2 2 2 2 2 2 2 2 2 2 2 2 2 2 2 2 2 2 2 2 2 2
left_child=2 4 -1 24 20 6 -4 8 9 -5 -9 12 15 14 -13 -6 -15 -14 21 -10 22 -7 -2 -23 25 -3 -27 -12 -24 -8
right_child=1 3 5 7 11 18 29 10 19 -11 27 13 17 16 -16 -17 -18 -19 -20 -21 -22 23 28 -25 -26 26 -28 -29 -30 -31
leaf_value=-0.067977160926825111 -0.056739921718017533 -0.053718562424472698 -0.034353432638407073 0.027377125535447196 0.0036162809403376332 -0.055185773334080972 -0.0017082090742174317 0.0069528136160184224 -0.030450436869596954 0.092849615255526111 -0.00075263946645425092 0.085787820113669533 -0.014526304485621934 0.10720027977956151 -0.022610371865011667 0.035188070985396211 0.0060588272752891865 0.069467283388418385 0.043186313960006689 0.028533693814076656 -0.033546058648041659 -0.036465055519830758 0.0084789426673251133 -0.0083437684425956959 0.077853072685940716 0.091564964188232401 0.0026203136154712881 0.035193300709132153 -0.015613309112964199 0.067461377860794577
leaf_weight=617.21079559624195 60.966800674796104 42.574399963021278 250.42440950125456 137.16841597855091 5275.5949598923326 364.83552726358175 298.99091067910194 974.48606613278389 52.770467758178711 139.34315666556358 117.59835512936115 120.06497843563557 1642.6339542269707 23.244228780269623 31.028203338384628 284.77625384926796 1131.7865688353777 27.436895325779915 28.581834852695465 2163.3152783960104 371.79579822719097 1036.0785180926323 393.19642274826765 227.79179810732603 23.939112812280655 28.060268640518188 1092.2912867963314 618.56436394155025 491.03306098282337 25.583636477589607
leaf_count=6573 516 183 1685 477 25455 3159 1987 3505 196 468 425 519 8131 92 155 1356 5162 112 191 7833 2410 7418 2345 1304 99 97 4683 2121 2983 132
internal_value=0.000452111 0.00761659 -0.037875 0.0204593 0.000591327 -0.029552 -0.0128483 0.0250449 0.0308167 0.0603708 0.0166348 0.00305638 0.000987952 0.0145068 0.0635274 0.00523324 0.00809423 -0.0131464 -0.0353473 0.0271291 -0.0153868 -0.0367255 -0.0082438 -0.0313967 0.00421967 0.00270391 0.00484802 0.0294511 -0.00490004 0.00374388
internal_weight=18093.2 15243.7 2849.5 5390.11 9853.56 2232.29 574.999 4203.25 2492.6 276.512 1710.65 8536.57 7230.44 1306.12 151.093 5560.37 1155.03 1670.07 1657.29 2216.09 1316.99 1628.71 945.196 1263.87 1186.87 1162.93 1120.35 736.163 884.229 324.575
internal_count=91772 69323 22449 20087 49236 15876 3804 15025 8974 945 6051 40982 35054 5928 674 26811 5254 8243 12072 8029 8254 11881 5844 8722 5062 4963 4780 2546 5328 2119
is_linear=0
shrinkage=0.1


Tree=45
num_leaves=31
num_cat=0
split_feature=10 10 10 12 3 8 1 2 6 2 5 2 3 14 14 8 6 12 15 4 13 14 12 8 20 12 8 7 14 14
split_gain=424.927 94.1932 66.2739 28.1173 26.8919 32.601 42.3573 39.2608 30.9417 26.4903 26.4202 25.9969 43.4435 27.8872 29.8374 24.5854 22.9071 20.6903 26.6759 20.188 17.1865 18.7701 16.3239 15.3072 15.2273 14.484 14.3695 13.4809 13.2273 29.7013
threshold=0.17272920811265707 0.29724195309184709 0.11964666576307538 0.026192452762120757 -0.092005446520938769 -0.52484518471846053 0.012345859322256738 -0.10270354090562205 -0.032496594405343186 0.031275744516341859 0.01497892228352893 -0.073734956783479286 -0.039404374813875258 0.040816373621302325 0.019334071715353736 0.081347098400338103 0.063429593754643313 0.043288593352310618 0.42711154631442982 0.026473904013002428 0.036772893890828211 0.82631326925123272 0.020897643240655833 -0.77491703004764123 1.0000000180025095e-35 0.056508485716576587 -0.93839941323847176 -0.036697930560979024 0.58606004785597643 0.62882212684787808
decision_type=2 2 2 2 2 2 2 2 2 2 2 2 2 2 2 2 2 2 2 2 2 2 2 2 2 2 2 2 2 2
left_child=2 11 9 -3 8 6 -6 -7 10 -1 -5 17 15 14 -14 23 22 18 -2 -15 21 -19 28 -13 -11 27 -10 -24 -4 -30
right_child=1 3 16 4 5 7 -8 -9 26 24 -12 12 13 19 -16 -17 -18 20 -20 -21 -22 -23 25 -25 -26 -27 -28 -29 29 -31
leaf_value=-0.067229078686446397 -0.042315113401377433 -0.084560210187842169 -0.02268171848970069 0.0069345629195887845 0.021851458632502704 0.065808825409880187 0.068035452787086684 0.013570675340889911 -0.009266157072472447 -0.031755165971910693 0.075520854344243327 -0.0034014593352117957 -0.0082823754510838229 -0.00062418914626393546 0.076401179052416002 -0.077448795195151049 0.048159803371994235 -0.016113476099019978 0.054449496725454329 0.036102743378649535 0.055134959502528773 0.075106267674025257 -0.0084529606785398725 -0.024495119784661824 0.065406419899073628 -0.008498847902882958 -0.058716042286010829 -0.038515969538251191 0.12205522385578647 -0.0040399425551068567
leaf_weight=661.88574695587158 87.636026456952095 28.315585091710091 259.80934464931488 1365.8195481076837 681.93234368413687 148.38746429234743 280.17329853773117 4730.6510309875011 150.31535142660141 76.156822204589844 58.573042944073677 630.67549957334995 71.017590291798115 5425.0149143487215 100.466138869524 65.838391833007336 41.144221633672714 89.500195577740669 42.21248959004879 153.9125748872757 192.56560483574867 30.158478304743767 168.25590606033802 756.91109844297171 20.464239567518234 237.38493540138006 96.483191907405853 1314.3165015354753 21.985019467771053 124.2631271481514
leaf_count=7096 420 121 1931 5271 2654 460 1066 18486 661 656 205 3295 404 28023 488 340 212 399 186 672 784 120 1103 4009 162 1556 405 9731 140 886
internal_value=0.000248568 0.00697142 -0.0346485 0.0149017 0.0152766 0.0184769 0.0353006 0.0151594 0.00409103 -0.0600889 0.00975493 -0.000849714 -0.00229419 0.00160997 0.0413307 -0.0177408 -0.0257443 0.0226889 -0.0108579 0.000389041 0.0366404 0.00687732 -0.0271745 -0.0149078 -0.0111764 -0.0314321 -0.028598 -0.0351041 -0.00914046 0.0149155
internal_weight=18112.2 15186.6 2925.67 7540.65 7512.34 5841.14 962.106 4879.04 1671.19 758.507 1424.39 7645.91 7203.84 5750.41 171.484 1453.42 2167.16 442.073 129.849 5578.93 312.224 119.659 2126.01 1387.59 96.6211 1719.96 246.799 1482.57 406.057 146.248
internal_count=91942 68469 23473 29329 29208 22666 3720 18946 6542 7914 5476 39140 37231 29587 892 7644 15559 1909 606 28695 1303 519 15347 7304 818 12390 1066 10834 2957 1026
is_linear=0
shrinkage=0.1


Tree=46
num_leaves=31
num_cat=0
split_feature=11 10 10 14 2 11 13 12 5 11 12 6 8 8 12 10 8 8 14 14 1 12 6 18 2 8 12 15 4 11
split_gain=54.4774 22.3966 17.2505 15.6138 15.5223 15.0346 14.4719 11.4955 11.8517 10.8923 10.2718 9.90117 9.18898 8.13007 11.0851 11.8664 7.63684 7.13518 6.92466 6.74052 6.63225 6.89211 5.97239 5.89698 5.66603 5.56544 6.5647 5.17768 4.84146 4.3047
threshold=0.024626258200171783 0.081346074914687594 0.47578407853481652 0.68460729150251687 0.07770107949119788 0.018265682876087794 0.27431286465515708 0.080887124905124327 0.023587265759599466 0.010920895704577637 0.011354958028229181 -0.042717421045333208 0.68289311061844804 -1.8471567761495045 0.085813964608058915 0.42120968809250697 -0.23918752858243239 -0.15739591606429118 0.16111726429461445 0.9896459227467812 0.010232245615469095 0.014127294015971278 -0.0055707249687602647 1.0000000180025095e-35 0.15482916489047419 0.84488198958270144 0.1777248462225883 0.62882212684787808 0.017973478397187218 0.034060603079748751
decision_type=2 2 2 2 2 2 2 2 2 2 2 2 2 2 2 2 2 2 2 2 2 2 2 2 2 2 2 2 2 2
left_child=1 20 13 5 9 10 18 8 -6 11 17 -5 -12 14 -2 -16 -11 -3 -7 25 22 -22 -1 -8 -4 26 -15 -9 -27 -26
right_child=2 3 24 4 7 6 23 27 -10 16 12 -13 -14 19 15 -17 -18 -19 -20 -21 21 -23 -24 -25 29 28 -28 -29 -30 -31
leaf_value=0.027139938049134824 -0.024150148788976752 0.024549082189321607 -0.019881624803519869 -0.066847197315964474 0.10252656899364486 -0.01670285171309982 0.020289684223142153 0.017749688989864381 0.02530746923017084 0.00044996312171616357 0.0093072371025048912 0.0073386532283015579 -0.0020625748544943322 -0.0076013904812243828 0.10140211007155936 0.00051732496070104139 -0.0091935760977942711 -0.040231901533178877 -0.0018798283494101545 0.041811391755544103 0.031765423623239468 -0.041128875732980782 -0.049297029131726552 -0.007309261782118214 -0.02065246695150115 -0.015918382653002616 0.025254116525284788 -0.019734971928078878 -0.052068509905578333 -0.058583714272080062
leaf_weight=11.124103881418703 27.995477467775345 22.200738713145256 909.11814790964127 18.320848375558853 22.211322069168091 377.76572569459677 384.89987507462502 67.036175012588501 189.04435382783413 1280.7242692485452 6502.5114042088389 997.90826351940632 798.0616462379694 1498.1671391502023 25.535501092672348 21.455558076500893 2288.6198777109385 72.612598910927773 1901.5274388641119 26.87023064494133 28.628618374466896 23.715544156730175 126.07081469893456 96.911144182085991 51.36177235096693 248.02839363366365 63.386308789253235 81.830950319766998 43.552604973316193 71.665595091879368
leaf_count=99 136 140 4532 94 113 1756 1789 337 912 6224 33609 5409 3935 7117 138 99 11042 431 9020 130 201 197 1317 447 256 1206 299 400 203 354
internal_value=0.000203358 0.00261622 -0.0121486 0.00304496 -0.00156283 0.00528872 -0.00100799 0.0184282 0.0334262 -0.00313281 0.00763963 0.00600121 0.00806435 -0.00662687 0.0256627 0.0553393 -0.00573336 -0.0250633 -0.00433657 -0.00791479 -0.031545 -0.00126076 -0.0430993 0.0147385 -0.0226072 -0.00863581 -0.00626773 -0.0028553 -0.021318 -0.0427481
internal_weight=18278.9 15291.7 2987.14 15102.2 4945.7 10156.5 2761.1 360.123 211.256 4585.57 7395.39 1016.23 7300.57 1954.99 74.9865 46.9911 3569.34 94.8133 2279.29 1880 189.539 52.3442 137.195 481.811 1032.15 1853.13 1561.55 148.867 291.581 123.027
internal_count=91942 77472 14470 75658 24531 51127 13012 1762 1025 22769 38115 5503 37544 9328 373 237 17266 571 10776 8955 1814 398 1416 2236 5142 8825 7416 737 1409 610
is_linear=0
shrinkage=0.1


Tree=47
num_leaves=31
num_cat=0
split_feature=10 11 11 10 10 6 0 11 11 3 5 14 14 11 11 14 9 10 10 9 12 5 11 12 11 10 5 7 5 7
split_gain=408.903 116.75 68.181 39.9672 22.8013 22.5869 19.1703 15.7375 15.3184 14.8491 14.6308 12.3886 11.7648 12.494 10.535 12.7549 10.504 9.83812 9.26359 9.26218 8.93285 8.2692 7.92364 9.11272 11.2866 9.24509 7.76987 7.57617 7.32079 7.31826
threshold=0.1738259011283437 0.018453829628127773 0.0074558475559194561 0.35176801150343179 0.12438821097477422 0.012844739173228039 -0.011001892550793533 0.0060755377662700906 0.0044779743324781943 -0.053021244804818839 0.0069503116977678312 0.62882212684787808 0.015037611334164015 0.011114652290743026 0.014976864682678467 0.64597022294808015 0.43988823358196777 0.094219539867669747 0.27266678850835929 0.62697631390425224 0.018880304163664017 -0.044653920707320487 0.038745860767223979 0.1426313218344655 0.024830241564897479 0.50845536067110797 -0.00021988186559268594 0.052834793908952189 0.012190721425106023 0.053699614248850842
decision_type=2 2 2 2 2 2 2 2 2 2 2 2 2 2 2 2 2 2 2 2 2 2 2 2 2 2 2 2 2 2
left_child=2 6 5 16 11 8 21 -8 -1 -6 27 -4 13 -9 15 -11 18 28 -3 -14 -19 -2 23 25 -25 -5 -10 -7 -12 -13
right_child=1 3 4 22 9 10 7 12 26 14 17 29 19 -15 -16 -17 -18 20 -20 -21 -22 -23 -24 24 -26 -27 -28 -29 -30 -31
leaf_value=0.086937829192342803 -0.03318714942450017 -0.0078263148849829611 0.034256112059985397 -0.028790435709134823 -0.014311075730749329 0.0076241545885109372 0.090241100743218811 0.090061420107105494 0.036912486525786381 0.022144012492830177 0.03155164441256153 -0.0046873044492072849 -0.00020293579976606154 0.0026224851645025521 -0.0012590842900335152 0.006331099254206829 0.024431633721143351 -0.01532504168563603 -0.019328466099330505 0.068809984639604097 0.034092137580761593 -0.0093375733206506016 -0.045196894457766569 -0.0033574717919568012 -0.028457433078985642 -0.049059650441341418 0.058432571240751574 -0.057969013901847305 0.0780418100837319 0.034743037281263031
leaf_weight=120.04443012177944 163.87585110217333 1334.0490355268121 900.26851244270802 1333.9628201574087 196.36134058237076 55.763552859425545 19.617114901542664 30.069386973977089 321.05412198603153 1498.6793311685324 68.031160816550255 149.74813325703144 5664.9313196986914 35.793907627463341 378.43431085348129 773.30385787785053 73.500642649829388 53.339721992611885 1473.689213424921 19.513983994722366 116.41168656945229 1288.0163264721632 299.66980177909136 288.95228452980518 471.44916784018278 270.69190363585949 351.41398623585701 25.735696375370026 67.457750231027603 68.648540556430817
leaf_count=544 860 7280 4013 7560 975 235 86 147 1372 7145 287 692 29223 178 1875 3760 413 214 8079 101 510 6592 1766 1640 2691 1489 1488 109 287 331
internal_value=-0.000547631 -0.0101384 0.0232542 -0.0210504 0.0169764 0.0443645 -0.00175858 0.000825898 0.0540324 0.0122229 0.0245529 0.0290729 0.000520859 0.0425421 0.0141888 0.0167618 -0.0128865 0.0346033 -0.0138634 3.39769e-05 0.0185641 -0.0120295 -0.0298777 -0.0279367 -0.0189195 -0.0322097 0.0481583 -0.0130887 0.0546984 0.00770682
internal_weight=17912.5 12767.8 5144.7 5545.96 3965.44 1179.25 7221.82 5769.93 792.513 2846.78 386.74 1118.67 5750.31 65.8633 2650.42 2271.98 2881.24 305.24 2807.74 5684.45 169.751 1451.89 2664.73 2365.06 760.401 1604.65 672.468 81.4992 135.489 218.397
internal_count=91942 68105 23837 30918 18791 5046 37187 29735 3404 13755 1642 5036 29649 325 12780 10905 15772 1298 15359 29324 724 7452 15146 13380 4331 9049 2860 344 574 1023
is_linear=0
shrinkage=0.1


Tree=48
num_leaves=31
num_cat=0
split_feature=11 10 10 9 5 9 15 8 12 15 4 8 3 11 9 5 3 11 11 7 4 3 7 6 3 4 5 12 8 3
split_gain=145.696 33.0614 24.8545 15.3391 13.9915 17.7111 16.0894 12.6435 14.099 13.2221 10.1069 9.53151 8.99199 7.87129 7.85448 10.8719 7.78221 7.72611 7.28936 9.85672 7.10427 6.79466 6.6203 6.97348 6.3696 9.75987 6.30627 8.69443 6.22206 11.5929
threshold=0.016956307554025395 0.11964666576307538 0.41659425995712751 0.044901410832726071 -0.0035508177530829683 0.2486070594160272 0.43137320065327212 -0.24537061137222313 0.039953932487336155 0.39720195774895956 -0.022840982954499097 0.38150835758287055 0.0034129964245588344 0.0063200665160699733 0.14773144046424283 0.01529472106223906 -0.040386524594641975 0.020381872724486955 0.030525658734873097 -0.046015408676966345 -0.004995658127825652 -0.13458592154065305 0.11986643801219611 0.024320990237781451 -0.080860686486292618 0.0027816086320542337 0.010692646654293482 0.13266784822935665 -0.061586383276815204 -0.016207810341381187
decision_type=2 2 2 2 2 2 2 2 2 2 2 2 2 2 2 2 2 2 2 2 2 2 2 2 2 2 2 2 2 2
left_child=1 3 14 -1 5 10 28 12 9 -9 -3 -10 -5 -14 15 -2 -12 26 20 -20 21 -4 23 -8 25 -7 -16 -28 -6 -30
right_child=2 4 18 7 6 24 22 8 11 -11 16 -13 13 -15 17 -17 -18 -19 19 -21 -22 -23 -24 -25 -26 -27 27 -29 29 -31
leaf_value=-0.052164740378058752 0.018613765806169982 -0.032853294432200322 -6.8541572409093913e-05 0.016161856646370137 -0.013284942807471264 -0.00022937367675882276 0.0034530126605706287 0.050983388337800466 0.0071126974225691883 0.024855652130741795 0.023258557004618471 -0.073155449008694293 -0.071640047357843947 -0.0034041976237415257 -0.0073534059666811513 -0.034355904844082796 0.011561555103620827 -0.011208808295073331 -0.014475031590728122 -0.037157564559397872 -0.010279012316614341 -0.033907571988160044 -0.0085431535375021291 0.01237279903047785 -0.0060313997080745059 0.05179765202573177 0.0060714259508730297 -0.043013439816546539 0.072434528480788171 -0.0023884013813407537
leaf_weight=27.269932828843594 225.36640293896198 44.495272144675255 74.701401062309742 181.84236887842417 644.82621775567532 119.75527682900429 2092.8296793997288 262.67979481071234 69.5979138687253 737.41793391108513 826.06413932144642 18.786977767944336 24.238377012312412 55.876961022615433 1475.5780149772763 46.793465867638588 1826.3141909390688 3037.34119156003 332.2232715934515 452.54292424023151 863.61143957078457 288.51490940898657 288.9654029160738 1508.047862790525 715.07485945522785 51.589638188481331 752.24858806282282 37.90496589243412 21.092814907431602 1132.9006934612989
leaf_count=338 1158 203 388 929 3234 594 10381 1440 378 4053 3979 93 158 307 7298 228 8884 15354 1707 2349 4462 1434 1439 7498 3494 262 3887 197 112 5704
internal_value=8.99982e-05 0.00763423 -0.0104999 0.0220886 0.00548647 0.010381 0.00240341 0.023588 0.0283348 0.0317182 0.0144116 -0.009949 0.00386419 -0.0240485 -0.00706184 0.00950649 0.0152045 -0.00791215 -0.0200286 -0.0275551 -0.0152141 -0.026948 0.00601995 0.00718862 -0.00188189 0.0154353 -0.00349279 0.00371674 -0.00541714 -0.00102078
internal_weight=18236.5 10649.7 7586.83 1377.71 9271.96 3583.29 5688.66 1350.44 1088.48 1000.1 2696.87 88.3849 261.958 80.1153 5575.23 272.16 2652.38 5303.07 2011.59 784.766 1226.83 363.216 3889.84 3600.88 886.42 171.345 2265.73 790.154 1798.82 1153.99
internal_count=91942 53480 38462 7696 45784 17416 28368 7358 5964 5493 13066 471 1394 465 28122 1386 12863 26736 10340 4056 6284 1822 19318 17879 4350 856 11382 4084 9050 5816
is_linear=0
shrinkage=0.1


Tree=49
num_leaves=31
num_cat=0
split_feature=11 11 11 8 3 8 13 8 8 3 14 8 2 9 9 4 4 13 4 2 9 11 8 1 14 13 13 1 14 11
split_gain=350.29 97.0353 62.8386 39.8862 48.0125 109.818 48.494 35.4586 28.7308 64.6732 28.5486 27.554 31.872 26.2722 23.1192 15.1599 14.1025 13.4841 12.3752 12.3371 12.2969 12.2776 12.2234 21.3328 12.8358 12.0181 10.5335 9.63463 10.1038 8.98216
threshold=0.010467521156656253 0.015120919870531895 0.0084404075218315749 2.2618292999967253 -0.045809504490165846 0.23969236001617156 -0.064548146168250817 -0.35515101836662788 0.17767489869703182 -0.037356261859322164 0.9896459227467812 -0.41551049650961347 -0.064400809276151869 0.21296321002949467 0.26056609554339211 -0.004995658127825652 -0.0060790383229321057 -0.49962555054103602 -0.0013859910555042985 0.07770107949119788 0.097896741181017474 0.0074558475559194561 0.98855722514474897 0.027061944619562576 0.65032853507539234 -0.69564861199404016 -0.067013981261095854 -0.029811811996056644 0.79614029487224969 0.0052739082676459288
decision_type=2 2 2 2 2 2 2 2 2 2 2 2 2 2 2 2 2 2 2 2 2 2 2 2 2 2 2 2 2 2
left_child=2 8 17 4 5 6 -3 16 10 -10 19 12 -6 -13 -9 26 -4 29 -17 25 -18 -19 24 -24 -11 -2 -5 -23 -29 -1
right_child=1 3 7 15 11 -7 -8 14 9 22 -12 13 -14 -15 -16 18 20 21 -20 -21 -22 27 23 -25 -26 -27 -28 28 -30 -31
leaf_value=-0.087907309600478378 0.024793414838791928 0.029844744726211975 0.062855446530684991 0.033307389414863768 0.034242806787728848 0.18031468046095914 0.0064112169524215088 -0.035924365661061095 0.17395111233453162 -0.012142794546083288 0.087368392579837695 -0.0068558894163036387 -0.021265868530279609 0.0093925094644739249 0.074044032716468561 -0.026200810017999832 -0.084278204572118001 -0.075401256585416895 0.035894771727847045 -0.077611015408527356 0.0029652522895397817 0.033888152981350575 0.039446947634222795 -0.0097163780766617996 0.0071376806851375582 -0.014899844860673028 0.096168368296126822 -0.060941549299127817 -0.011653512150142854 0.0017279271839699016
leaf_weight=14.18436963483691 78.502761110663414 1530.2333886474371 37.402220964431763 43.775783017277718 121.31204864382744 41.299736097455025 2088.2351131588221 979.44364106655121 21.795557141304016 777.84788616001606 27.798833929002285 1226.4076106324792 702.12430393695831 5276.6206866949797 19.498313754796982 36.274657979607582 17.292299121618271 419.02969634905457 278.51970380544662 30.609459668397903 245.83795521408319 13.305721394717692 194.75242327153683 161.41027049720287 620.92708863317966 2692.0610404759645 68.16633129119873 258.84664744883776 49.553484328091145 52.772979170084
leaf_count=186 465 5835 231 147 470 148 8562 7359 108 4589 145 6194 3104 21817 114 129 147 4892 904 184 1601 110 961 844 3399 15701 199 2500 413 484
internal_value=-2.81933e-06 0.00503916 -0.0383319 0.00998341 0.0088183 0.0181718 0.0163211 -0.0247174 -0.00721272 0.00275346 -0.013472 0.00414598 -0.0130881 0.00632822 -0.0337779 0.039979 0.00539889 -0.060236 0.0287393 -0.0144727 -0.00276818 -0.0641207 0.000627257 0.0171665 -0.00358404 -0.0137752 0.0715861 -0.0494274 -0.053022 -0.0172606
internal_weight=18125.8 16018.7 2107.17 11413 10986.2 3659.77 3618.47 1299.47 4605.71 1776.73 2828.97 7326.46 823.436 6503.03 998.942 426.736 300.532 807.693 314.794 2801.17 263.13 740.736 1754.94 356.163 1398.77 2770.56 111.942 321.706 308.4 66.9573
internal_count=91942 73905 18037 47509 46130 14545 14397 9452 26396 9901 16495 31585 3574 28011 7473 1379 1979 8585 1033 16350 1748 7915 9793 1805 7988 16166 346 3023 2913 670
is_linear=0
shrinkage=0.1


Tree=50
num_leaves=31
num_cat=0
split_feature=10 10 10 14 2 7 0 16 13 10 12 7 3 14 12 10 6 7 3 14 2 6 7 2 4 7 12 0 9 3
split_gain=347.904 68.073 62.3013 32.4915 30.5804 28.9306 27.8429 26.1884 24.3092 23.7936 22.6489 29.4068 22.4473 24.0368 29.5106 23.5555 22.0285 21.5068 19.7494 23.8357 20.5296 19.0026 18.3094 17.0315 16.8162 15.6197 15.0536 13.454 13.1857 13.1039
threshold=0.16942372180920587 0.27951806396637502 0.12724443948318273 0.98770743082288859 -0.14178960618029077 0.073429178670674569 -0.017699577099401061 1.0000000180025095e-35 -0.23736366205661572 0.33087772342770827 0.020897643240655833 0.087217201695728233 -0.11451066302065137 0.5476098340553418 0.2598694866460925 0.79809951958985093 -0.051841239399246612 -0.082567069869318874 0.025676177347808252 0.040816373621302325 -0.037880227170480556 -0.042717421045333208 -0.013052268762638873 0.028552358986514651 0.023362239313640124 -0.019359453820373514 0.062905208659980047 -0.01901968893848038 0.26357677355640358 -0.10483816301383418
decision_type=2 2 2 2 2 2 2 2 2 2 2 2 2 2 2 2 2 2 2 2 2 2 2 2 2 2 2 2 2 2
left_child=2 3 5 8 9 -1 7 22 24 -3 11 25 15 21 -15 16 -6 -11 20 -20 -10 -14 -4 -7 27 -8 -12 -2 -26 -19
right_child=1 4 6 -5 12 23 10 -9 18 17 26 -13 13 14 -16 -17 -18 29 19 -21 -22 -23 -24 -25 28 -27 -28 -29 -30 -31
leaf_value=-0.059617868122035678 0.022018151321917419 0.11697890151105286 0.071318947242973704 -0.056370447598297672 0.0030562946238801752 -0.061049254528969213 0.036615274351519921 0.15509466793345159 0.010061603852756123 0.017836719122759609 -0.033686857001832819 0.082177226858957259 0.025304359798089565 0.020804828532331572 -0.018360129298248838 0.058787247608980832 -0.029325359761651643 0.023714605787661915 0.074177608244138826 0.0085976108162562556 -0.0076416830021972214 0.0039224754105988604 -0.049703380407955036 0.034482224474001365 0.063858752042582706 -0.023369513595140418 4.113565743253615e-05 -0.016123877023963552 -0.030394546603695585 0.10064885510483386
leaf_weight=841.39549658447504 98.973505116999149 35.02195155620575 23.421302147209644 105.83678694814444 720.580556191504 28.21068112179637 54.016682051122189 15.587912268936632 942.66342640668154 300.02186325192451 1214.7932737544179 38.074467554688454 481.39437685906887 3311.3473628908396 204.25717543065548 58.657699085772038 296.53327632695436 35.000403270125389 57.009407803416252 1990.7787718996406 2146.9165756702423 3043.0774309411645 26.811363846063614 55.136182211339474 50.315878145396709 221.07447555661201 148.50772117823362 1409.4022853672504 21.053029716014862 60.248603217303753
leaf_count=9168 504 113 143 598 2882 266 337 87 4662 1028 9069 194 1819 12978 812 190 1287 108 268 10143 11636 12197 196 377 224 1689 987 7602 97 159
internal_value=0.000268195 0.00605379 -0.033072 -0.0013946 0.0120003 -0.054051 -0.0219371 0.0418618 -0.00052838 0.0379793 -0.024442 -0.000190676 0.010623 0.0126788 0.0185293 -0.00283082 -0.00638438 0.0309797 0.00280755 0.0104233 -0.00224022 0.00684295 0.00672405 0.00214738 -0.0113769 -0.0115909 -0.0300128 -0.0136212 0.0360551 0.0723784
internal_weight=18036.1 15369.1 2667.03 6822.95 8546.14 924.742 1742.29 65.8206 6717.11 430.293 1676.47 313.166 8115.85 7040.08 3515.6 1075.77 1017.11 395.271 5137.37 2047.79 3089.58 3524.47 50.2327 83.3469 1579.74 275.091 1363.3 1508.38 71.3689 95.249
internal_count=91820 69307 22513 35734 33573 9811 12702 426 35136 1408 12276 2220 32165 27806 13790 4359 4169 1295 26709 10411 16298 14016 339 643 8427 2026 10056 8106 321 267
is_linear=0
shrinkage=0.1


Tree=51
num_leaves=31
num_cat=0
split_feature=11 3 13 7 11 5 11 13 9 14 13 11 7 15 1 8 9 2 11 2 1 17 9 12 14 14 5 13 7 2
split_gain=46.2641 12.981 13.4415 11.0994 15.4686 11.6102 10.6318 10.3576 10.4997 9.8226 7.92607 8.97176 7.64342 6.46138 6.24998 6.24086 5.9425 9.39077 6.18 5.77259 7.44652 6.38055 5.7549 5.86443 6.7817 5.12167 4.96204 4.84189 4.55804 5.41995
threshold=0.02657258756859671 -0.10483816301383418 -0.78023242314724595 0.063323908604840842 0.0052739082676459288 -0.0073238782650535952 0.0060755377662700906 0.27431286465515708 0.45865024094401352 0.036519913240112611 0.75292459532936695 0.039967620586456858 -0.047191543899042558 0.78758213376884811 0.0013665768914941092 -0.27226391893755836 0.17717158435135491 -0.056915862722236803 0.012561673036506687 0.0076486976625940182 0.0061633477076683549 1.0000000180025095e-35 0.14561416586036657 0.12810829837094237 0.97041543397641583 0.69752454138432884 -0.012254375207604749 0.35122676414453108 -0.12117901721649198 0.1436642752662656
decision_type=2 2 2 2 2 2 2 2 2 2 2 2 2 2 2 2 2 2 2 2 2 2 2 2 2 2 2 2 2 2
left_child=1 7 19 4 14 -6 -5 12 15 -8 11 22 16 -12 -4 27 17 -1 -18 20 21 -3 -2 24 -24 -14 -25 -9 -13 -30
right_child=10 2 3 6 5 -7 9 8 -10 -11 13 28 25 -15 -16 -17 18 -19 -20 -21 -22 -23 23 26 -26 -27 -28 -29 29 -31
leaf_value=0.063183001360553936 0.030083794280446892 -0.028480388420233774 -0.055387108355503589 0.058937595771503017 0.0014032311040262325 0.0080908593222731549 -0.036578699011327993 0.01897401342406526 0.061784839983560526 -0.0010076259547549672 0.00030376574860121845 -0.050957090594348942 0.037994891161883669 0.070502031352294645 -0.011390933340919729 0.048955456071075917 0.018312003501350545 -0.01357929657490007 -0.021654080719277186 -0.032270220649255242 0.037735424662710994 0.031500953405626794 -0.016942758684873674 0.006446164830149044 0.026737764288585576 -0.016929471689710936 -0.011658648139871513 -0.020184410605376263 -0.01593421249889037 -0.054787278095915916
leaf_weight=23.315214410424232 33.625289350748062 87.820738986134529 52.053149271756411 28.992588222026825 4042.4012473896146 7254.8418195620179 79.610905893146992 48.47096836566925 35.197493985295296 3120.7774836868048 39.723462402820587 72.649195492267609 45.917235039174557 19.572794511914253 85.037072863429785 23.724884986877441 41.217941358685493 50.360480666160583 630.99222745001316 142.94653337448835 33.089100420475006 22.22242308780551 1194.5445362627506 270.66339226812124 36.633781686425209 26.938102573156357 343.49922847002745 90.594712734222412 210.77576964348555 43.275902159512043
leaf_count=120 166 484 508 187 20149 36962 366 230 177 15302 184 379 224 103 741 120 209 255 3096 703 172 123 5791 1342 176 130 1696 412 1091 222
internal_value=0.000770879 0.00266818 0.00341177 0.00383059 0.00529271 0.00569788 -0.00134635 -0.00826544 0.0122594 -0.00189247 -0.0126039 -0.0135738 -0.0132288 0.0234751 -0.0280963 0.00155138 -0.0162485 0.0107127 -0.0192035 -0.018056 -0.00386014 -0.0163676 -0.0109144 -0.0116615 -0.015643 0.0176867 -0.0036798 -0.00653585 -0.0288689 -0.0225526
internal_weight=18231.5 15966.5 14949.8 14663.7 11434.3 11297.2 3229.38 1016.73 197.988 3200.39 2264.96 2205.67 818.741 59.2963 137.09 162.791 745.886 73.6757 672.21 286.079 143.132 110.043 1878.97 1845.34 1231.18 72.8553 614.163 139.066 326.701 254.052
internal_count=91820 80670 75697 74215 58360 57111 15855 4973 939 15668 11150 10863 4034 287 1249 762 3680 375 3305 1482 779 607 9171 9005 5967 354 3038 642 1692 1313
is_linear=0
shrinkage=0.1


Tree=52
num_leaves=31
num_cat=0
split_feature=10 10 10 12 5 9 10 10 7 7 5 12 9 3 5 12 8 14 10 15 2 2 12 12 9 9 15 16 13 8
split_gain=346.218 84.198 46.2046 25.1213 21.2588 20.2641 16.4729 15.0555 13.326 21.2215 18.9566 12.0641 11.2361 10.8054 9.97395 10.5944 14.3688 10.4665 12.4099 8.57253 8.4482 8.39603 8.27636 7.88868 7.84673 7.7988 7.73104 7.66296 7.32468 7.02695
threshold=0.19658710405943167 0.12856313316522558 0.40037260350509202 0.21248935161911794 -0.042053938079215973 0.044901410832726071 0.54965249130832949 0.22763528093929566 -0.0052658780815726383 0.011321510298077044 -0.009539645151373231 0.10563265853634247 0.094415133693362949 1.0000000180025095e-35 -0.0038003867001660248 0.023666994409079749 0.93770002805357511 0.82195123176970786 0.15842325891729195 0.079484517052009804 -0.022561861995032736 -0.059723500695194158 0.1398254541485883 0.1426313218344655 0.12505683643556578 0.21761576269685659 0.079484517052009804 1.0000000180025095e-35 0.27990727107165136 -1.1233906520084951
decision_type=2 2 2 2 2 2 2 2 2 2 2 2 2 2 2 2 2 2 2 2 2 2 2 2 2 2 2 2 2 2
left_child=1 5 4 6 21 -1 -4 25 13 12 -11 -9 -10 20 23 17 22 18 -16 -5 -7 29 -17 -3 -21 -6 -27 -13 -18 -2
right_child=2 14 3 19 7 8 -8 11 9 10 -12 27 -14 -15 15 16 28 -19 -20 24 -22 -23 -24 -25 -26 26 -28 -29 -30 -31
leaf_value=0.084204797149593266 -0.037118679782862818 0.0013191924655674445 -0.025311126005437092 -0.036149840702938654 -0.0052979109896857529 0.050100597325978539 -0.048544793641859811 -0.01169882130855244 0.06793358064960664 -0.028024364717148992 0.030199973736962593 -0.0039078861383620737 0.036446604131505092 -0.024021952636166171 0.018450729607449173 0.018696798749638987 -0.022115531139398927 -0.029805281214899938 -0.011858133426826813 0.060782249329330046 0.010067744171652083 -0.048106252719501648 -0.021760747478031892 0.054410549756295647 -0.0040124911908810418 -0.025331715618879886 0.0098286841167902327 0.018581988509993302 0.037850312601504274 -0.011410503974220042
leaf_weight=72.643486768007278 161.95887375622988 1531.4448264539242 1289.3664593398571 83.225989162921906 1155.6774746328592 72.699261754751205 399.7864635437727 5169.3292292281985 233.28690949082375 58.235536858439445 1405.0960799604654 772.60654592514038 220.40634886920452 66.497290566563606 334.15804046392441 2034.3171173036098 137.80249197781086 94.325930655002594 226.76913720369339 19.472087606787682 191.76280474662781 140.32181976735592 51.852703973650932 28.508013233542442 465.32689963281155 67.681746125221252 822.53981078416109 188.45902314782143 23.902741834521294 309.50554481893778
leaf_count=356 904 7524 7458 471 5847 343 2293 27791 1001 255 6115 4170 977 280 1516 9996 655 436 1090 104 839 738 249 155 2640 342 4345 1034 124 1772
internal_value=-0.00100948 0.0167719 -0.0119303 -0.0246924 -0.00865249 0.032222 -0.03081 -0.00730711 0.0305422 0.0337413 0.0278828 -0.00978605 0.0526371 0.0120121 0.00873845 0.0122037 0.0154653 0.00101486 0.0061976 -0.00650001 0.0210726 -0.0266329 0.0176912 0.00228943 -0.00140999 0.000120882 0.00715551 0.000502239 -0.0132516 -0.0202419
internal_weight=17829 6783.71 11045.3 2257.18 8788.08 2320.63 1689.15 8176.29 2247.98 1917.02 1463.33 6130.39 453.693 330.959 4463.08 2903.13 2247.88 655.253 560.927 568.025 264.462 611.786 2086.17 1559.95 484.799 2045.9 890.222 961.066 161.705 471.464
internal_count=91820 31911 59909 12966 46943 10166 9751 43529 9810 8348 6370 32995 1978 1462 21745 14066 11024 3042 2606 3215 1182 3414 10245 7679 2744 10534 4687 5204 779 2676
is_linear=0
shrinkage=0.1


Tree=53
num_leaves=31
num_cat=0
split_feature=11 10 11 7 5 0 15 7 11 11 14 11 10 13 7 11 11 15 7 13 7 5 4 10 14 7 2 3 10 3
split_gain=129.111 30.6448 21.6062 12.5868 11.5716 14.6474 11.9798 11.8123 10.9275 10.715 10.6663 10.2657 11.34 10.4737 10.4518 9.38492 10.3789 8.84454 8.59135 7.82185 7.37552 7.65971 9.89092 7.24305 9.7737 8.94184 6.45758 6.44699 6.08513 5.72168
threshold=0.016875319226947912 0.13962854360591462 0.025247904385737603 0.12305447486354527 -0.0086685591446410398 1.0000000180025095e-35 0.65032853507539234 0.0078478963986695644 0.0074558475559194561 0.0078145040836832009 0.062298675527250914 0.0094525931824225012 0.19036082353553532 0.057618782750480886 0.03409909113831134 0.0063200665160699733 0.013473284553501838 0.13533850200747616 -0.046015408676966345 -0.41804515152796901 -0.1436968536198833 0.0097662857224815065 0.003895486091844758 0.25974077160711745 0.32860753457319986 -0.020198405991613985 -0.10270354090562205 0.07431203296455148 0.56307453166576693 -0.0049588225464916027
decision_type=2 2 2 2 2 2 2 2 2 2 2 2 2 2 2 2 2 2 2 2 2 2 2 2 2 2 2 2 2 2
left_child=1 3 20 4 7 6 -6 -1 -9 -7 11 14 -13 -14 29 -12 19 27 -18 -17 21 22 -2 24 25 -19 -22 -4 -28 -3
right_child=2 10 17 -5 5 9 -8 8 -10 -11 15 12 13 -15 -16 16 18 23 -20 -21 26 -23 -24 -25 -26 -27 28 -29 -30 -31
leaf_value=0.022808224429315387 0.0042771385026703131 0.0084771003877627728 -0.022499432830636129 -0.046981631714132693 0.0091338724404545126 0.011194101201884552 -0.032834047697424429 0.12140765275990356 0.045238683952345482 0.031245990945532726 -0.053719582982270891 -0.043216293764202302 -0.017916356314559408 0.020377361127109965 -0.031119977961368745 -0.0039996109595145666 0.01144743334313263 -0.06018643345543756 -0.0012643544995045131 0.010162460135201778 -0.025113137709326314 -0.041222666156581073 0.055395749835503806 -0.016366183906749626 0.015101658678801533 0.00084290114196883389 -0.0054037033961436172 -0.047964176216687741 -0.02919344296955827 0.063725738247600666
leaf_weight=250.3275593072176 124.64256222546101 34.049205735325813 501.52597098052502 30.003569923341274 804.8064474016428 456.06217509508133 74.295831598341465 24.300797998905182 83.73975795507431 641.10616528242826 26.730402506887913 111.06060211360455 237.67350772023201 102.10950168967247 29.675544768571854 432.07139204442501 669.24697737395763 40.531040251255035 2586.4960661828518 4004.477350845933 183.32448170334101 23.239846393465996 54.358566254377365 1669.2480839416385 178.1001291424036 58.889542609453201 4484.4750889763236 124.00304652005434 110.16160479187965 41.703336164355278
leaf_count=1215 619 179 2564 139 4440 2642 407 124 394 3284 170 517 1114 506 151 2117 3266 192 12816 19501 924 114 284 8748 889 296 22768 640 572 228
internal_value=0.000238428 0.00733604 -0.00976067 0.0173757 0.0182028 0.0152048 0.00558703 0.0347355 0.0623708 0.022911 0.00446724 -0.0089065 -0.0154758 -0.00640856 0.0191857 0.00543102 0.00563657 -0.017203 0.00134867 0.00878323 -0.00591668 0.0127884 0.0198007 -0.0138791 0.00108038 -0.0240371 -0.00670843 -0.0275475 -0.00597409 0.0388926
internal_weight=18192.4 10639.9 7552.5 2364.64 2334.64 1976.27 879.102 358.368 108.041 1097.17 8275.29 556.272 450.844 339.783 105.428 7719.02 7692.29 2572.3 3255.74 4436.55 4980.2 202.241 179.001 1946.77 277.521 99.4206 4777.96 625.529 4594.64 75.7525
internal_count=91820 53210 38610 12645 12506 10773 4847 1733 518 5926 40565 2695 2137 1620 558 37870 37700 13329 16082 21618 25281 1017 903 10125 1377 488 24264 3204 23340 407
is_linear=0
shrinkage=0.1


Tree=54
num_leaves=31
num_cat=0
split_feature=10 10 11 7 11 3 2 6 8 8 14 7 12 10 9 8 0 11 5 7 12 8 12 8 11 4 8 7 1 2
split_gain=357.695 89.3079 58.979 35.5966 26.7885 22.8209 20.5706 22.079 37.177 24.7957 18.3663 18.0258 15.7689 28.4688 22.2635 21.702 19.1625 15.9303 17.9511 17.0076 15.8244 17.7553 15.6308 14.8029 12.9663 12.6309 13.1213 34.4928 12.2177 11.9533
threshold=0.19350486708583789 0.11964666576307538 0.023740422417604892 -0.1829720952151985 0.0094525931824225012 -0.037356261859322164 0.16676417702680188 0.024754020826163629 -0.035901714530848804 0.5546834081890929 0.25980490697651049 0.09816178772624197 0.12400285110957208 0.3709991224738422 0.30883420140715806 3.1299848961755452 0.001053733113417721 0.029043648472410959 0.0020340237381867303 -0.14945547527225775 0.080128978191675623 1.0724843052651425 0.052106220836460569 -0.49381106327169549 0.025030394884664148 -0.015953761468476376 0.27404852935850538 0.020610355749598467 -0.011856221216837602 0.16676417702680188
decision_type=2 2 2 2 2 2 2 2 2 2 2 2 2 2 2 2 2 2 2 2 2 2 2 2 2 2 2 2 2 2
left_child=1 5 3 10 23 28 7 9 -9 -5 -2 -7 13 20 16 17 -15 18 -14 -19 21 -4 -16 -3 -22 -6 -27 -28 -1 -17
right_child=2 4 12 6 25 11 -8 8 -10 -11 -12 -13 15 14 22 29 -18 19 -20 -21 24 -23 -24 -25 -26 26 27 -29 -30 -31
leaf_value=-0.038032659825741673 0.13018190851718542 0.0045238763553860769 0.013913069823472082 0.0034962272468465685 0.014472382812846596 -0.064247308935742306 0.080746131800865498 -0.039413508012935569 -0.001469636050578606 0.026889569466495435 0.031495098762901054 0.039488932675422951 -0.025344483507674955 0.12774804468292386 0.061079266766472885 0.100636653523557 0.023128367274737938 0.037416922596103443 0.011913469193498172 0.0064165002982389356 0.028407938908756175 0.061498151524342175 0.02496781098302988 -0.04343722504264879 -0.017099137049681433 -0.02131762646223297 0.038676050122502414 -0.015816395689327186 0.09331172058960889 0.020097089681517348
leaf_weight=13.709165625274183 30.658731289207935 72.680054776370525 1034.7960537075996 6120.8947845324874 136.89952506870031 679.75760605558753 33.350874952971935 287.65793918073177 2523.2867226600647 489.31866052746773 48.996188268065453 17.173886068165302 276.39773686230183 43.39213128387928 133.61798736453056 38.205953910946846 29.349108815193176 231.80586563050747 243.01208433508873 748.15652915835381 81.147908553481102 84.841593936085701 1164.5046025514603 561.67082703113556 274.11024618148804 1824.5638121142983 142.42406075447798 629.89932373166084 14.650850668549536 35.596868261694908
leaf_count=109 114 538 4013 29174 765 7645 134 1434 12162 2142 184 123 1061 141 423 109 103 738 907 2478 331 316 3830 5306 1092 11537 813 3894 105 99
internal_value=-0.000289865 -0.0262826 0.00733563 0.00290943 -0.0194283 -0.0581128 0.00234858 0.00207105 -0.00535262 0.00522791 0.0694791 -0.061691 0.0168855 0.021327 0.0317015 0.00885107 0.0855369 0.00624526 -0.00791291 0.0137495 0.0116842 0.0175189 0.0286848 -0.0379421 -0.00670443 -0.0151323 -0.0166929 -0.00576745 0.0298202 0.0617905
internal_weight=18046.5 4093.43 13953.1 9534.16 3368.14 725.292 9454.51 9421.16 2810.94 6610.21 79.6549 696.931 4418.93 2845.76 1370.86 1573.18 72.7412 1499.37 519.41 979.962 1474.9 1119.64 1298.12 634.351 355.258 2733.79 2596.89 772.323 28.36 73.8028
internal_count=91820 30835 60985 45344 22853 7982 45046 44912 13596 31316 298 7768 15641 10249 4497 5392 244 5184 1968 3216 5752 4329 4253 5844 1423 17009 16244 4707 214 208
is_linear=0
shrinkage=0.1


Tree=55
num_leaves=31
num_cat=0
split_feature=11 11 10 10 3 10 3 5 9 3 3 14 13 13 10 10 5 14 13 3 3 14 13 10 2 14 14 6 3 12
split_gain=297.19 88.2128 62.4494 25.9867 24.1319 19.293 19.0369 27.774 20.3631 19.9426 18.9979 24.5635 24.5544 20.7578 18.9772 16.4576 15.3777 15.3453 15.118 16.2211 15.8716 14.4421 13.9756 18.0084 14.6555 13.0247 17.7471 16.8311 13.0174 20.0306
threshold=0.012197066460888193 0.019623874537483748 0.14362835740009036 0.49155236848329681 0.049374642158878775 0.088180232202776612 -0.06257411189973093 -0.015769218537026005 0.34854809272162213 0.1502188827324509 -0.032617168717613547 0.1266380543633763 0.057618782750480886 -0.33333250408778076 0.19562838090698401 0.11147706474663546 0.0022306945430197182 0.95521956759907944 -0.56403331928080858 -0.015475063250111719 0.13574525228454262 0.74468293614497805 0.19064653889229669 0.32128873559328458 0.0069061441359095097 0.77492687780804304 0.41859385899573187 0.061779332987040199 -0.10483816301383418 0.16727797332630664
decision_type=2 2 2 2 2 2 2 2 2 2 2 2 2 2 2 2 2 2 2 2 2 2 2 2 2 2 2 2 2 2
left_child=2 15 4 6 5 -1 7 8 -3 14 -4 12 13 -12 -8 -2 -6 28 19 -17 -21 -9 23 -20 -24 26 -13 -27 -5 -30
right_child=1 3 10 17 16 -7 9 21 -10 -11 11 25 -14 -15 -16 18 -18 -19 22 20 -22 -23 24 -25 -26 27 -28 -29 29 -31
leaf_value=-0.084741123247751016 -0.061211766325070173 -0.0058206088571993173 -0.035524514369573705 0.012340745020236238 0.071784412921985799 -0.046196392805895145 -0.010522884307096116 -0.010368319617461237 0.023247670316881033 -0.0091904934373823865 -0.034251967666045532 -0.0136383554398901 -0.034498662848046036 0.037066209630452533 0.017985676782640587 0.0088328181529452581 -0.023258279757890268 -0.042188301630137551 -0.001015659364358501 -0.043006745884474194 0.046752807408823586 -0.053479387015198068 -9.780330468946364e-05 0.013085557296268025 -0.020276438902373017 -0.011029636562281273 -0.041338013023610946 0.065716523764676182 0.041760601083406838 0.016485220152429796
leaf_weight=156.85602699220181 46.313183702528477 435.20498213917017 462.09635924547911 545.71637731790543 18.843792527914047 754.47366392612457 250.61000490188599 387.74856799840927 540.03659243881702 342.54351301491261 49.438448548316956 519.8849700242281 93.4174734801054 233.87447980046272 3419.5862686783075 123.37995067983866 176.24596209079027 34.359701216220856 4151.4805126264691 231.8761944398284 21.528761029243469 97.180608749389648 817.17938594520092 1158.3482491821051 643.24838300794363 603.01859436184168 416.69198651611805 29.997437536716461 722.62968669831753 553.85979413986206
leaf_count=2251 436 1791 3067 1874 168 7915 1365 1623 1966 1321 319 3523 659 1358 13219 632 1555 123 21570 1237 91 407 4153 5091 3298 3894 3020 153 2129 1766
internal_value=-0.000239954 0.00607477 -0.0263315 0.0137957 -0.0459976 -0.0528306 0.0103276 0.000550603 0.0102758 0.0138853 -0.017297 -0.0129694 0.00996123 0.0246211 0.016039 -0.00179226 -0.0140781 0.024019 -0.00140722 -0.020903 -0.035381 -0.0190078 -0.000322228 0.00206055 -0.00898552 -0.0184732 -0.0259622 -0.00739278 0.0252675 0.0307938
internal_weight=18037.7 14522.8 3514.84 7329.48 1106.42 911.33 5472.91 1460.17 975.242 4012.74 2408.42 1946.32 376.73 283.313 3670.2 7193.35 195.09 1856.57 7147.04 376.785 253.405 484.929 6770.26 5309.83 1460.43 1569.59 936.577 633.016 1822.21 1276.49
internal_count=91974 64092 27882 27584 11889 10166 21692 5787 3757 15905 15993 12926 2336 1677 14584 36508 1723 5892 36072 1960 1328 2030 34112 26661 7451 10590 6543 4047 5769 3895
is_linear=0
shrinkage=0.1


Tree=56
num_leaves=31
num_cat=0
split_feature=10 3 8 8 10 12 3 12 14 15 6 8 13 14 14 13 10 13 14 10 8 14 13 19 5 6 6 14 12 7
split_gain=38.701 13.6798 32.3425 20.2886 18.7896 14.8448 12.5394 11.8641 13.0332 11.5631 10.6536 17.2011 10.17 9.96251 9.93093 9.48817 11.8255 8.84417 8.81287 8.45012 12.9155 8.96841 7.42558 7.8521 7.35908 7.19445 8.3118 6.75534 6.62714 8.22675
threshold=0.35434791697436868 0.017094433359300169 -0.072363609149556377 0.33200847616542367 0.10124100007317609 0.036406050582014973 -0.036456959100648494 0.1777248462225883 0.066595135908440642 0.17830310581937334 -0.0089664926812710859 -0.29313624140228894 -0.67040038414789571 0.74911916669622503 0.15250769113904822 0.1754434277742502 0.098883821536504143 -0.32298823376462532 0.82631326925123272 0.49980400660439722 -1.4017973366273984 0.35414445814291945 0.75292459532936695 1.0000000180025095e-35 -0.037670703883171001 -0.055941447293688489 0.036300816574444623 0.94432522651406781 0.16727797332630664 -0.014562963731261201
decision_type=2 2 2 2 2 2 2 2 2 2 2 2 2 2 2 2 2 2 2 2 2 2 2 2 2 2 2 2 2 2
left_child=1 3 9 4 -1 15 -5 17 -9 -3 -11 -12 -7 -8 -10 16 -4 28 -14 20 21 -19 23 -6 -22 -21 -27 -17 29 -2
right_child=7 2 5 6 22 12 13 8 14 10 11 -13 18 -15 -16 27 -18 19 -20 25 24 -23 -24 -25 -26 26 -28 -29 -30 -31
leaf_value=-0.024480375623247012 -0.016129526382994832 -0.0051366752422991289 -0.011302923977718846 -0.08193794584654393 0.00034440178363373379 -0.026840762896210381 -0.0034991112255650554 -0.052421103667534621 0.042450831848385877 -0.014989341088053701 0.088781036540144215 0.032831598020096241 0.0043361063728781929 -0.063845594851149851 0.0012679488898616751 -0.0055884615827057867 0.016707236200591485 -0.015804723275930417 -0.007688281655409971 -0.046287113161154213 -0.028536230692533499 0.031082920343540391 0.042890512885216787 0.0085252172268668238 -0.010738312952949776 -0.0026760789275382842 -0.033769611685690898 0.048113306353143537 0.055820914986749841 0.0094148402552944547
leaf_weight=274.19681107997894 227.68206088244915 74.226204968988895 165.81542291864753 39.842572674155235 6067.8374898061156 129.23021254688501 109.12697406485677 42.645937040448189 62.977859370410442 35.179466143250465 66.436188995838165 317.81830913573503 2795.8810717836022 36.509175978600979 833.57118695229292 399.69838032126427 1656.2958978042006 63.005058877170086 779.45177762955427 127.47776051610708 279.47664990276098 115.72020550072193 44.512491315603256 1454.4915755167603 1376.8327931165695 169.20109660178423 174.7757750377059 24.882757440209389 20.635189399123192 282.5228850543499
leaf_count=2339 1114 351 1145 181 30266 623 564 209 310 184 339 1706 13545 184 4259 2163 8505 297 3836 648 1287 567 218 7231 6535 854 872 139 109 1394
internal_value=0.000864551 0.00321713 0.00664827 0.000462086 0.00123534 0.004608 -0.032227 -0.0081504 0.00159162 0.0312445 0.0376828 0.0425051 0.000718561 -0.0186272 0.00416083 0.0110213 0.0141583 -0.0113751 0.00171469 -0.0140536 -0.0109856 0.0145539 0.00216719 0.00192622 -0.0137414 -0.025995 -0.0184748 -0.00244125 0.000262563 -0.00198449
internal_weight=18248 14471.4 6444.92 8026.52 7841.04 5951.26 185.479 3776.52 939.195 493.66 419.434 384.254 3704.56 145.636 896.549 2246.69 1822.11 2837.33 3575.33 2306.49 1835.03 178.725 7566.84 7522.33 1656.31 471.455 343.977 424.581 530.84 510.205
internal_count=91974 73519 32536 40983 40054 29956 929 18455 4778 2580 2229 2045 18004 748 4569 11952 9650 13677 17381 11060 8686 864 37715 37497 7822 2374 1726 2302 2617 2508
is_linear=0
shrinkage=0.1


Tree=57
num_leaves=31
num_cat=0
split_feature=11 11 11 9 11 14 9 2 12 9 8 1 6 15 4 1 9 9 7 4 1 7 4 14 11 3 8 3 15 9
split_gain=254.827 82.899 47.161 18.404 18.3953 14.1626 11.8726 11.313 10.9671 10.9055 10.8404 10.6665 10.2775 12.8073 10.2019 11.5853 10.6919 9.22005 9.01263 8.21495 8.01977 7.81282 7.75261 7.6211 6.96416 6.53788 6.50449 6.37397 6.35408 6.18618
threshold=0.015186442333297316 0.0079317743699973218 0.026332835047129771 0.14561416586036657 0.0049274714608773269 0.92919404458961619 0.044901410832726071 0.088866022938288061 0.041741672121580399 0.36865954280247604 -1.4017973366273984 0.040280581442635917 0.012513610561796453 0.30719453834175248 0.017973478397187218 -0.023023251286938381 0.11192873165719404 0.068186202214219116 0.04611029924121491 -0.011939665603941661 0.079888256897983859 -0.010138550178932391 -0.012287878546337614 0.17830310581937334 0.0085413387521120886 0.099560341246551345 -2.2959762632429368 0.017658702106356564 0.35414445814291945 0.62697631390425224
decision_type=2 2 2 2 2 2 2 2 2 2 2 2 2 2 2 2 2 2 2 2 2 2 2 2 2 2 2 2 2 2
left_child=1 4 14 17 6 12 -1 19 18 -4 23 25 21 -14 15 29 28 27 -8 -5 -13 -6 -18 -11 -21 -9 -25 -3 -17 -2
right_child=2 3 9 7 5 -7 8 11 -10 10 -12 20 13 -15 -16 16 22 -19 -20 24 -22 -23 -24 26 -26 -27 -28 -29 -30 -31
leaf_value=0.10159626134033331 -0.016288757032271017 0.065208816260865596 -0.017273384360976436 -0.013424014392480477 0.011440139325373066 -0.028935776387585134 0.048173982631855905 0.032440054952030749 0.10582492481623967 0.043343799555562584 -0.036873132393117569 -0.009745410252390346 -0.029450105726814155 0.022523115509684416 -0.021978643225948249 0.074462152114151359 -0.017243087169011174 0.011948952985690044 -0.0084408111984700836 0.027568038586199453 0.064096968052297171 0.03911888141610672 -0.0045346713380811929 -0.037871541160548479 0.0024408546954227733 0.1077362630262389 -0.00015655076709470217 0.012317204165678313 0.012806469638219839 0.033318616993529664
leaf_weight=46.874033883213997 1572.611566901207 56.26587225496769 709.8272632136941 323.83380582183599 119.03985746204853 44.611957907676697 132.76504281163216 22.681381225585938 26.119549095630646 22.365846276283264 1053.1908394694328 55.766631752252579 53.084593906998634 443.78716467320919 594.9752154275775 23.182536289095879 553.32276976853609 2375.8500972688198 35.673885837197304 112.94595769047737 19.976501166820526 711.59191505610943 3623.770808249712 88.998147025704384 4710.7499132975936 23.458186969161034 94.054916627705097 38.2892075330019 59.914029344916344 25.546304740011692
leaf_count=254 8791 240 3997 1610 519 199 567 123 112 147 6338 281 218 1876 3246 117 2981 11038 146 539 106 3018 19901 544 23728 132 594 164 282 166
internal_value=-0.00101702 0.0103444 -0.0136353 0.00604593 0.0309633 0.0264845 0.0564175 0.0027071 0.0455329 -0.0271847 -0.0327745 0.0328188 0.0283469 0.0169704 -0.00950232 -0.00823522 -0.00551151 0.0131677 0.0361835 0.00199412 0.00972979 0.0351522 -0.0062181 -0.0117604 0.0030292 0.070722 -0.0184931 0.0437908 0.0300074 -0.0154958
internal_weight=17775.1 9353.37 8421.76 7739.82 1613.55 1372.12 241.433 5269.41 194.558 1968.44 1258.61 121.883 1327.5 496.872 6453.32 5858.35 4260.19 2470.41 168.439 5147.53 75.7431 830.632 4177.09 205.419 4823.7 46.1396 183.053 94.5551 83.0966 1598.16
internal_count=91974 44870 47104 37961 6909 5830 1079 26519 825 11620 7623 642 5631 2094 35484 32238 23281 11442 713 25877 387 3537 22882 1285 24267 255 1138 404 399 8957
is_linear=0
shrinkage=0.1


Tree=58
num_leaves=31
num_cat=0
split_feature=11 10 10 0 9 10 5 9 5 16 13 9 10 4 4 9 15 8 7 5 11 5 6 4 6 0 3 13 2 3
split_gain=103.263 21.3733 17.8303 14.8616 14.5638 12.8902 12.4819 12.9637 12.1184 13.0748 9.65116 9.60605 9.30552 8.94255 10.7198 8.64671 8.3425 8.13781 13.0125 8.91957 7.76353 7.75025 7.38555 9.51415 12.2136 7.24961 7.62341 8.58579 7.07999 7.04104
threshold=0.017034488297197406 0.11964666576307538 0.41659425995712751 0.0015117160853219682 0.059174025310056229 0.067547881578378557 -0.012921027879463696 0.26357677355640358 -0.0050055035878195367 1.0000000180025095e-35 0.24851041698949111 0.14773144046424283 0.30533614153328642 -0.0018610050382488195 0.0021065075823485384 0.30883420140715806 0.94432522651406781 -0.406691254152105 -0.0026044674613480696 0.0087821106071426253 0.0095236879019605977 -0.013583411747327355 0.0091015191266143897 -0.00028604773658091881 -0.010207579438896662 -0.0097088141269598954 -0.075397650075159625 -0.25819814335267216 -0.15223082972911792 -0.054377502871107979
decision_type=2 2 2 2 2 2 2 2 2 2 2 2 2 2 2 2 2 2 2 2 2 2 2 2 2 2 2 2 2 2
left_child=1 4 11 6 13 -6 7 20 15 12 -8 22 -10 -1 -15 -5 -11 18 -7 -19 -3 -17 23 24 -2 26 -4 -28 -13 -30
right_child=2 3 25 8 5 17 10 -9 9 16 -12 28 -14 14 -16 21 -18 19 -20 -21 -22 -23 -24 -25 -26 -27 27 -29 29 -31
leaf_value=0.037295698713284337 -0.040019413601309665 0.033331694872146232 -0.012702681590386559 0.023363650163186339 0.082209909257620228 0.022816999768315971 -0.0041501896593516821 -0.0078658940706599258 0.0059186732102620701 0.023232232158049135 0.013104211513993512 -0.044648737666108516 -0.012234707357751002 -0.051513371940997255 0.018362117674857226 -0.029850802930405429 -0.018395272735484355 0.02880590640415466 -0.042428456589139817 0.0101422947093068 0.010091019506153591 0.03682811899442727 -0.0081312696759186492 0.047174886534482333 0.043578878984653686 -0.012293087910780799 -0.009066270151405988 -0.043163483824788948 5.2082463099335688e-05 -0.0083598720271620287
leaf_weight=26.471848249435425 37.989745557308197 163.74870891869068 283.19267649948597 772.16448128223419 33.954432643949986 73.370154783129692 2911.6164379790425 386.086386308074 2566.661001265049 581.28589291870594 364.79036672413349 48.206971779465675 317.28057785332203 65.692260682582855 32.976342909038067 59.659798294305801 52.490665301680565 750.61503914743662 52.397189378738403 388.6517304033041 1175.99894143641 24.627372264862061 101.79912811517715 93.004054024815559 32.364894196391106 1275.8679292798042 99.69670432060957 284.83601812273264 1350.4679826423526 3780.7891437485814
leaf_count=187 180 802 1476 3696 203 364 14498 1901 12593 2901 1831 240 1576 585 219 292 253 3977 264 2036 5559 128 520 476 170 6777 556 1493 6878 19343
internal_value=0.00062102 0.00685288 -0.00848909 0.0051192 0.0182674 0.0214061 0.00139631 0.00827897 0.00937665 0.0067795 -0.00222911 -0.00555395 0.00392151 -0.0143137 -0.0281601 0.0200439 0.0197846 0.0197741 -0.00436556 0.022439 0.0129316 -0.0103683 0.0130104 0.026185 -0.00156211 -0.0167113 -0.0251536 -0.0343232 -0.00650433 -0.00614597
internal_weight=18188.8 10800.5 7388.22 9376.41 1424.13 1298.99 5002.24 1725.83 4374.17 3517.72 3276.41 5444.62 2883.94 125.14 98.6686 856.452 633.777 1265.03 125.767 1139.27 1339.75 84.2872 265.158 163.359 70.3546 1943.59 667.725 384.533 5179.46 5131.26
internal_count=91974 53865 38109 46030 7835 6844 24591 8262 21439 17323 16329 27807 14169 991 804 4116 3154 6641 628 6013 6361 420 1346 826 350 10302 3525 2049 26461 26221
is_linear=0
shrinkage=0.1


Tree=59
num_leaves=31
num_cat=0
split_feature=11 11 11 12 14 8 3 7 3 7 3 12 6 8 3 7 8 14 13 7 8 7 14 14 12 8 13 14 15 13
split_gain=273.419 66.0077 58.5774 38.3859 31.3068 23.4909 65.8179 23.348 22.5959 21.4616 21.1095 34.2467 30.5387 29.8621 25.1433 20.5051 19.0972 18.9322 18.7114 18.6513 17.6399 18.0931 15.7593 15.301 14.7985 14.0432 12.5423 12.5329 12.627 12.4828
threshold=0.010859631002326545 0.0080507954038275212 0.017267023962808464 0.04117221547932242 0.036519913240112611 0.30348471682907335 -0.026550232094120659 0.013177761486773189 0.037082408113511718 -0.0059596115704514388 -0.11794174499126096 0.10839485764507163 -0.051841239399246612 -1.008020682447982 -0.022472855852058601 0.079975247278655029 -0.010220754997900493 0.9896459227467812 -0.72417987179556598 -0.15528685101787568 1.2506445445737358 0.08417782241924511 0.14814937901173614 0.9764878230191677 0.034999785142042418 -0.051573035761959853 -0.60897547634196392 0.67599579158130874 0.35838808917923209 -0.34423854891489786
decision_type=2 2 2 2 2 2 2 2 2 2 2 2 2 2 2 2 2 2 2 2 2 2 2 2 2 2 2 2 2 2
left_child=1 23 5 9 20 8 -7 -8 17 -3 11 12 -6 29 -15 18 -10 25 -5 -13 21 -4 -20 26 -9 -2 -1 -11 -29 -12
right_child=2 3 4 15 10 6 7 24 16 27 13 19 -14 14 -16 -17 -18 -19 22 -21 -22 -23 -24 -25 -26 -27 -28 28 -30 -31
leaf_value=-0.0070695220257029267 -0.0087927221202188793 -0.011436910370936901 0.047325914431248263 0.10671855527427897 0.024721024878739273 0.15719823234704794 0.032548362933673511 -0.015898090452282264 -0.072425810818277189 -0.052959874835727463 0.015249401736579037 0.022859247738881296 0.076022436502402549 0.017935842867192478 0.0047220200768593231 -0.050456298940282113 -0.018576129441853766 0.070170810148413698 -0.029858578995196422 -0.010366330039229424 0.10807083390228896 -0.03693736693196243 0.0080237904627971784 0.072410710789777691 0.0053481982069588582 0.0047487578369441235 -0.067202994936304911 0.0079609556459341365 -0.041019918259098558 -0.021611684595183752
leaf_weight=37.063892394304276 2764.8773812055588 281.3203239813447 156.67629641294479 16.541334882378578 513.80777472257614 28.428168080747128 248.13434447348118 447.07312813401222 77.173776209354401 497.35198979824781 112.89942467212677 304.46446388959885 149.88476747274399 1987.9284824207425 5224.5938197299838 85.503884449601173 449.11296397447586 33.762590914964676 144.61822006106377 379.59527578949928 38.347729474306107 30.431720107793808 456.31747740507126 8.4236138164997083 1229.1486743465066 1059.2190087065101 540.4663017578423 77.867390155792236 162.40189592540264 493.23478925228119
leaf_count=402 15292 2037 561 98 1841 116 1203 2604 438 4475 424 1016 521 8032 21026 564 2601 165 965 1425 118 112 3049 72 6242 5949 6808 554 1297 1967
internal_value=-0.000258692 -0.032401 0.00445754 -0.0225356 0.00947034 -0.00297186 0.00615088 0.00391949 -0.00703531 -0.0349372 0.00856487 0.0201233 0.0363067 0.00657246 0.00836404 -0.00456007 -0.0264726 -0.00438369 0.00179532 0.00442186 0.0462843 0.0336211 -0.00109279 -0.0613922 -0.000318501 -0.00504193 -0.0633438 -0.0438999 -0.025146 -0.0147459
internal_weight=18036.7 2307.88 15728.8 1721.92 9391.86 6336.93 1952.78 1924.36 4384.15 1018.94 9166.41 1347.75 663.693 7818.66 7212.52 702.981 526.287 3857.86 617.477 684.06 225.456 187.108 600.936 585.954 1676.22 3824.1 577.53 737.621 240.269 606.134
internal_count=91974 20321 71653 13039 37043 34610 10165 10049 24445 8363 36252 4803 2362 31449 29058 4676 3039 21406 4112 2441 791 673 4014 7282 8846 21241 7210 6326 1851 2391
is_linear=0
shrinkage=0.1


Tree=60
num_leaves=31
num_cat=0
split_feature=10 10 9 2 7 14 2 10 12 14 9 12 12 2 4 14 13 4 7 4 14 10 4 4 13 6 2 2 3 9
split_gain=238.896 67.7386 49.3337 32.0906 19.3482 41.7631 19.4636 18.159 22.6188 21.9191 21.2057 19.9829 18.8188 19.876 18.0484 17.0151 19.0923 23.0358 22.9506 16.7702 16.0177 14.3166 14.0455 16.8371 14.0264 13.9669 13.7113 12.9528 10.367 10.1776
threshold=0.16398925264093103 0.27536989929539285 0.11192873165719404 0.034199828557017316 -0.062684924686564045 0.47470545703983175 -0.0063898235609660672 0.60235220234279063 0.16727797332630664 0.65032853507539234 0.38175157687788336 0.2598694866460925 0.036686316462107994 0.1436642752662656 -0.041577561374194875 0.98070147436124822 -0.18926882510232246 0.031854479552179883 -0.10252829776060378 -0.022840982954499097 0.3884208846167489 0.64059801994157028 0.0014751153589416257 0.0035200411652760448 0.085546670637379266 0.066860405481067323 0.074107972153722126 0.0072882825811477767 0.060127391226887823 0.25244374737648584
decision_type=2 2 2 2 2 2 2 2 2 2 2 2 2 2 2 2 2 2 2 2 2 2 2 2 2 2 2 2 2 2
left_child=2 14 3 -1 5 24 -6 8 12 20 11 -9 28 -14 -2 16 17 -16 -18 -8 -10 -12 -5 -24 -4 -21 -23 -11 -3 -17
right_child=1 7 4 22 6 -7 19 10 9 27 21 -13 13 -15 15 29 18 -19 -20 25 -22 26 23 -25 -26 -27 -28 -29 -30 -31
leaf_value=-0.060215120694906026 0.09174200782723875 -0.019990023531498497 0.049643162300111565 -0.036571857917862015 -0.039965788237056897 -0.060780588268546182 0.092217431781600967 0.067669071324766739 -0.0090352843648937638 -0.0074614777484935564 0.051787084113716512 -0.027983801784393986 0.0124871923454105 -0.019745713646897808 -0.012644218240125569 -0.020254196640664829 -0.034076599596053664 0.073406877066162335 0.0020925308671587472 -0.018251678068664196 0.028359980306989697 0.011013833357811427 0.11362676341256416 -0.0080608603457286224 0.1783297531472583 0.060948778508051665 0.041079595280386266 -0.045868187269798945 0.019938025454652029 -0.078061092999377413
leaf_weight=628.00800521671772 19.999824836850166 298.43304626643658 18.734840981662273 46.382425472140312 446.34841015189886 25.758894771337509 14.413871131837366 26.357868492603302 268.15481486916542 180.90872024744749 205.12471757829189 127.43373529613018 6513.9616493731737 197.09512920677662 1844.6479077190161 106.31736167520285 182.39955202490091 31.643002793192863 4594.9959701523185 967.60771943628788 199.9531392082572 431.96459769457579 19.018694639205933 28.274149544537067 15.458828665316103 22.790612883865833 233.76978866755962 170.63521094620228 83.144554749131203 42.684929251670837
leaf_count=7514 81 1280 118 410 3738 187 79 84 1117 793 602 559 25815 719 10141 627 923 130 24314 8050 762 1334 148 235 87 108 698 724 341 246
internal_value=5.12988e-05 0.00438852 -0.0305619 -0.052071 -0.0202895 0.0353811 -0.0225894 0.0101169 0.00849471 -0.00723327 0.0226429 -0.0115902 0.0103123 0.0115406 -0.00311494 -0.00339382 -0.00264541 -0.011193 0.000711604 -0.0148706 0.00693817 0.0286884 0.00252817 0.0408755 0.107822 -0.0164292 0.0215713 -0.0261036 -0.0112898 -0.0368142
internal_weight=17992.4 15759.6 2232.8 721.683 1511.11 59.9526 1451.16 8936.94 7912.29 819.652 1024.65 153.792 7092.63 6711.06 6822.69 6802.69 6653.69 1876.29 4777.4 1004.81 468.108 870.859 93.6753 47.2928 34.1937 990.398 665.734 351.544 381.578 149.002
internal_count=91964 71290 20674 8307 12367 392 11975 34828 31551 3396 3277 643 28155 26534 36462 36381 35508 10271 25237 8237 1879 2634 793 383 205 8158 2032 1517 1621 873
is_linear=0
shrinkage=0.1


Tree=61
num_leaves=31
num_cat=0
split_feature=11 10 11 13 14 12 14 10 10 10 11 14 12 2 4 12 11 4 10 11 14 11 6 8 4 2 0 18 8 5
split_gain=29.4854 12.229 10.6215 11.9709 10.8457 14.6561 9.96057 11.0162 10.2153 9.29854 8.89487 8.40195 7.46939 7.32011 6.60387 5.86367 9.35847 7.93641 6.99207 5.71982 5.71141 5.44625 5.3499 5.16398 4.8787 6.87924 6.1529 4.85819 4.85365 4.34964
threshold=0.02657258756859671 0.081346074914687594 0.016429527353256538 -0.93320311234007336 0.84770733031128465 0.1426313218344655 0.16526265385024655 0.66253369467445999 0.28954745046324065 0.74266215524502022 0.011387243457634763 0.6203902865585833 0.042352958142254982 0.059973489792701347 0.019926837821997005 0.18315970758002706 0.034734925370502649 0.00359618647393023 0.48392432929810897 0.027319562316590409 0.1697101850569939 0.038745860767223979 -0.041773348852531526 -0.26564652870025912 0.0016963532481786283 0.0042544766914815848 -0.0017371720970211777 1.0000000180025095e-35 -1.2293073258656364 0.021208948513682494
decision_type=2 2 2 2 2 2 2 2 2 2 2 2 2 2 2 2 2 2 2 2 2 2 2 2 2 2 2 2 2 2
left_child=1 10 3 -3 5 -5 8 20 13 14 24 -9 -6 -4 15 18 17 -17 19 -2 -8 28 -20 -10 26 -26 -1 -18 -11 -16
right_child=9 2 6 4 12 -7 7 11 23 21 -12 -13 -14 -15 29 16 27 -19 22 -21 -22 -23 -24 -25 25 -27 -28 -29 -30 -31
leaf_value=-0.0048014897152195164 -0.023132395164041291 -0.036587642735288084 -0.0016399023428432394 0.0052494282113543754 0.0052226407453122743 0.026692314217484876 0.046174006962946074 0.075593789483705612 -0.0085003790351675709 -0.049066738314502943 0.05806282580571355 0.0084160857197176434 -0.0080214835228362771 0.054858021165848384 -0.013588324324501293 0.0079429023923700114 -0.0050081235269587255 0.055477128758252586 -0.035850812198831031 -0.0020308440367294155 -0.00028819672836871669 -0.051341964011736407 -0.011331948511644678 -0.029216081205212626 -0.055228548232475486 0.015138217128113704 -0.059355649506795838 -0.056163078357568133 0.011046866258607164 -0.038264118441826582
leaf_weight=28.83493173122406 148.35184383392334 71.224092788994312 269.09657974541187 7404.2462859228253 727.01023206114769 333.09115234017372 26.587964996695518 33.672884620726109 209.81096751242876 21.443373456597328 12.202510073781012 41.641691483557224 1027.9120566397905 25.068972036242485 210.0424914136529 122.864626288414 93.894104443490505 49.185843586921692 143.15886817127466 957.81162309646606 5379.4746264815331 84.395177289843559 235.18987237662077 282.16201683133841 20.880696650594473 41.517834592610598 73.046914003789425 23.140653982758522 35.948450647294521 108.25089038908482
leaf_count=300 706 371 1295 38385 3678 1681 126 186 994 107 97 210 5145 123 1007 598 493 250 762 4707 25465 463 1247 1288 252 374 814 119 182 539
internal_value=0.000365672 0.00186752 0.00215935 0.00425626 0.00456272 0.00617254 -0.00104028 0.000469453 -0.0115669 -0.0103972 -0.0243105 0.038451 -0.00253485 0.00317489 -0.00871745 -0.00633724 0.00669252 0.021532 -0.00887458 -0.00486085 -5.96875e-05 -0.0351799 -0.0206093 -0.0203815 -0.0304291 -0.00840892 -0.0439156 -0.0151227 -0.0114134 -0.0219805
internal_weight=18241.2 16007.5 15831 9563.48 9492.26 7737.34 6267.52 5481.38 786.139 2233.68 176.483 75.3146 1754.92 294.166 2091.89 1773.6 289.085 172.05 1484.51 1106.16 5406.06 141.787 378.349 491.973 164.28 62.3985 101.882 117.035 57.3918 318.293
internal_count=91964 80784 78947 49260 48889 40066 29687 25987 3700 11180 1837 396 8823 1418 10428 8882 1460 848 7422 5413 25591 752 2009 2282 1740 626 1114 612 289 1546
is_linear=0
shrinkage=0.1


Tree=62
num_leaves=31
num_cat=0
split_feature=10 11 10 10 11 11 13 6 9 15 5 7 4 6 12 13 5 6 7 12 10 15 14 11 13 15 13 4 14 14
split_gain=239.43 59.2658 53.8515 18.3228 17.3198 15.2879 19.198 14.9185 10.7668 10.4922 10.0247 8.45984 9.71872 9.00638 8.31472 8.83205 8.06497 11.8169 8.28245 7.94673 12.875 8.11107 7.37297 14.0858 7.11091 6.50112 6.34496 6.19052 5.97026 5.51328
threshold=0.19861022279146306 0.021093098538058647 0.12438821097477422 0.36815001091836136 0.0055749164853555622 0.0049274714608773269 -0.47921649878138894 0.0058651185624951649 0.73049356769308316 0.43137320065327212 -0.042053938079215973 -0.036697930560979024 0.02404306804206913 0.0084328927268969584 0.025386067456669496 0.27990727107165136 -0.0086685591446410398 0.011443892997396678 0.0036930686953492446 0.12603079304552797 0.43042362817362451 0.97873174457991186 0.012126747888688913 0.014832697584159104 0.25869206928977245 0.68460729150251687 -0.23364422449284511 -0.0020058022476709954 0.65468684720270443 0.040816373621302325
decision_type=2 2 2 2 2 2 2 2 2 2 2 2 2 2 2 2 2 2 2 2 2 2 2 2 2 2 2 2 2 2
left_child=2 8 5 29 -4 7 28 27 10 -9 -2 14 13 -13 26 -16 18 -18 -8 -5 25 -22 23 -12 -24 -21 -6 -1 -7 -3
right_child=1 3 4 19 11 6 16 9 -10 -11 22 12 -14 -15 15 -17 17 -19 -20 20 21 -23 24 -25 -26 -27 -28 -29 -30 -31
leaf_value=0.027047453523484161 -0.01979627105770787 -0.055525654948186259 0.06689924832685383 -0.033150487868386286 -0.068498989511076677 -0.024922036740849703 0.024328511010666756 -0.029436503632457218 0.06314868983517162 0.043508729301661268 0.099761189188694269 0.014692713437556532 -0.032751528592842624 0.0053555495974527637 -0.0022975490076887583 0.036387150051072667 0.037305677433971049 0.019693011186976687 -0.016672717698209865 -0.0068792743549208309 -0.021622741023269998 -0.05628758228014439 -0.0051284421867584624 -0.019968511096941644 0.0049646718854800534 0.041244191876977011 -0.014241804500175734 0.089793605806956833 0.029000049347109265 -0.011943368604422107
leaf_weight=19.072299957275391 408.76763463765383 29.524938136339188 49.960045799612999 977.32180783897638 26.564394384622574 97.473402053117752 130.10025274753571 25.651323050260544 23.538663111627102 85.254595473408699 19.529327750205994 2011.4838446229696 54.130405500531197 2123.7530954033136 425.42242088913918 68.52398593723774 883.09206555783749 669.91308778524399 79.297273755073547 81.183777004480362 719.1574824526906 74.490973077714443 5824.7867051586509 19.776389494538307 793.0709915086627 42.90949971973896 114.25746458768845 89.553623676300049 26.013183981180191 1718.2822157293558
leaf_count=84 2312 153 210 5994 118 404 573 110 119 355 101 9698 259 10122 2137 358 3781 2879 342 507 4424 454 30800 99 4356 280 555 460 119 9801
internal_value=-0.000321584 -0.0096977 0.014096 -0.0200644 0.00832289 0.0274608 0.0245535 0.0524363 -0.00437085 0.0266373 -0.00459578 0.00771626 0.00934632 0.00989738 -0.0030419 0.00306909 0.0272242 0.0297082 0.00880165 -0.0268753 -0.0201928 -0.0248763 -0.00366243 0.03952 -0.0039189 0.00976106 -0.0244768 0.0787768 -0.013563 -0.0126796
internal_weight=17711.9 10732.3 6979.52 3642.87 4874.1 2105.42 1885.89 219.532 7089.47 110.906 7065.93 4824.14 4189.37 4135.24 634.768 493.946 1762.4 1553.01 209.398 1895.06 917.742 793.648 6657.16 39.3057 6617.86 124.093 140.822 108.626 123.487 1747.81
internal_count=91964 59400 32564 21613 23457 9107 8098 1009 37787 465 37668 23247 20079 19820 3168 2495 7575 6660 915 11659 5665 4878 35356 200 35156 787 673 544 523 9954
is_linear=0
shrinkage=0.1


Tree=63
num_leaves=31
num_cat=0
split_feature=11 10 11 8 9 6 7 2 11 8 3 6 9 11 5 0 8 7 9 3 9 6 8 7 9 8 15 3 9 6
split_gain=96.4115 20.1601 19.7506 12.4612 11.9747 11.7355 10.3435 16.9153 13.0107 12.4113 9.14779 9.08768 9.06779 8.8409 11.7962 10.9766 9.32141 12.1237 8.6642 7.25945 7.20635 6.83325 9.46572 15.7611 7.9418 6.72246 6.61404 6.49419 6.45058 6.38311
threshold=0.017034488297197406 0.11964666576307538 0.024255295126597142 -0.30082012750045678 0.20968851686276077 -0.006329115749400315 0.0065981145761169211 -0.0013452643718672162 0.0078145040836832009 -0.098645895815638915 0.0084278617484678815 0.0087664508443966466 0.099564290545973558 0.01322741836360578 -0.015427461690757148 -0.0052770503729826492 0.31746214844163717 0.015678332207740734 0.19471235339071158 0.024382530909736747 0.12380466564602825 0.026154123909725272 -0.38042568404934834 0.013177761486773189 0.14773144046424283 -0.046220225424049695 0.51736589239227682 0.020046939867819361 0.068186202214219116 0.049671280560964377
decision_type=2 2 2 2 2 2 2 2 2 2 2 2 2 2 2 2 2 2 2 2 2 2 2 2 2 2 2 2 2 2
left_child=1 3 19 10 5 -4 9 12 -9 28 -1 -7 -8 14 16 29 -3 -18 -17 21 -11 24 -23 -24 26 -21 -2 -26 -5 -16
right_child=2 13 4 6 -6 11 7 8 -10 20 -12 -13 -14 -15 15 18 17 -19 -20 25 -22 22 23 -25 27 -27 -28 -29 -30 -31
leaf_value=0.0041968536567495362 0.040742911624258686 0.01395009444961838 -0.016720196527163066 -0.024418104011762819 -0.017067862126106864 0.068138607531968279 0.080873413387498871 0.0085939637040563354 0.034162716459842361 -0.0058318769693789275 -0.051686704029699132 0.0092579214005878933 0.032273770155799512 0.00091104793097815037 -0.0026985767787077596 0.0046672331607230128 0.09846036387561935 0.022960562797205777 0.015856401285357615 -0.038949494253739135 -0.063131552409485411 -0.026438303596937142 0.069557975063308616 -0.00045518214609035676 -0.0046271531227403953 -0.0083089178878194732 -0.0066066130956087725 0.029605179124871917 0.037380428623204835 -0.043114129598054739
leaf_weight=181.31733119860291 75.027026325464249 817.38110715150833 110.4885288476944 20.406333293765783 2627.4563577026129 38.971380308270454 76.190844915807247 439.83487204834819 363.47391512989998 105.34242704883218 34.935869619250298 80.064240105450153 77.384549140930176 3954.5042915418744 930.4735047146678 2651.4523234963417 30.834506049752235 68.558733895421028 936.46463664621115 74.922223821282387 27.725637868046761 36.894844844937325 58.31317038834095 71.673458456993103 2421.0554409101605 1616.4889925941825 48.617568776011467 56.716371938586235 98.034764364361763 40.791461393237114
leaf_count=949 391 3802 537 159 13997 210 417 2551 1855 641 217 417 395 19528 4548 13010 153 336 4561 393 128 185 324 367 12223 8420 243 308 503 196
internal_value=0.000209004 0.00618907 -0.00866307 0.0172768 -0.0151544 0.00675003 0.0212332 0.0259765 0.0201631 0.00318712 -0.00483118 0.028535 0.0563847 0.00451406 0.007116 0.00503473 0.0174663 0.0463827 0.00758766 -0.00450461 -0.0177707 -0.00135093 0.018265 0.0309533 -0.0026093 -0.00966616 0.0221249 -0.00384357 0.0267331 -0.00439596
internal_weight=18171.8 10855.1 7316.69 1424.65 2856.98 229.524 1208.39 956.884 803.309 251.509 216.253 119.036 153.575 9430.46 5475.96 4559.18 916.774 99.3932 3587.92 4459.71 133.068 2768.3 166.881 129.987 2601.42 1691.41 123.645 2477.77 118.441 971.265
internal_count=91964 53949 38015 7815 15161 1164 6649 5218 4406 1431 1166 627 812 46134 26606 22315 4291 489 17571 22854 769 14041 876 691 13165 8813 634 12531 662 4744
is_linear=0
shrinkage=0.1


Tree=64
num_leaves=31
num_cat=0
split_feature=10 10 10 9 8 3 5 7 11 14 4 8 11 9 13 9 8 14 7 13 3 2 3 5 14 4 7 7 2 1
split_gain=269.276 49.1326 48.7498 41.5019 25.2195 46.6943 28.5992 24.3458 22.2545 20.885 19.4657 17.6344 17.6147 17.5531 17.2196 15.8357 19.5287 15.5565 14.6334 21.0034 16.7534 14.1273 13.2605 12.8845 12.436 16.4166 14.1876 12.2127 12.0079 11.762
threshold=0.16072065223730611 0.30533614153328642 0.11964666576307538 0.12625058910317757 0.60719465931513572 0.046898218024286294 0.01119374310489474 -0.19564367859643822 0.014489016285295675 0.049409294383681766 -0.002785234003164216 -1.5849948737803945 0.023740422417604892 0.35683146410101824 -0.35030964128722336 0.19471235339071158 1.1737787686512273 0.9896459227467812 -0.0066621097848522095 -0.22980817250920674 -0.017730960731367592 0.034199828557017316 -0.037356261859322164 0.010955192964649753 0.70183029134493291 0.021661496781179238 0.087217201695728233 0.064268544090862259 -0.025591243859806486 -0.0019397403254188814
decision_type=2 2 2 2 2 2 2 2 2 2 2 2 2 2 2 2 2 2 2 2 2 2 2 2 2 2 2 2 2 2
left_child=2 4 14 -3 5 13 15 12 9 -9 -8 -10 -5 17 -1 -6 -17 -2 19 20 -4 -12 -16 27 25 26 -20 -7 -15 -22
right_child=1 3 18 7 6 23 10 8 11 -11 21 -13 -14 28 22 16 -18 -19 24 -21 29 -23 -24 -25 -26 -27 -28 -29 -30 -31
leaf_value=-0.015758119819589904 0.00047289664210016741 -0.089221506856526286 -0.0035917934133776162 0.10304467110155971 0.0053192028222083087 0.00052819378354209637 0.025571703039386329 0.083851552951204389 -0.0056486991349331567 -0.017081457529856733 -0.037164223225649155 0.01290798353530169 0.030154338509973757 -0.051051301132165418 0.0074670498559718454 0.031011587468148773 0.09097290856040767 0.048250372403663984 -0.043204839086882815 -0.019165462232471613 0.1451174669128561 -0.00057670478614717062 -0.066244841085950162 -0.032965268538707536 -0.012304642824377579 0.077666034260872721 0.0047529384810548175 -0.032895809721287354 -0.002932385251894154 0.033728564313303691
leaf_weight=89.643386743962765 6016.6222162023187 41.662454467266798 46.780985727906227 40.284919664263725 160.22369223088026 322.70522575825453 238.03129549324512 21.570109285414219 560.97496420145035 413.4824380800128 131.04388123750687 5878.7595926299691 187.29468280076981 110.70430245995522 25.557127624750137 255.99983029067516 68.944710649549961 68.930937081575394 666.98552628234029 336.87183348834515 17.783377327024937 542.13212276250124 541.56304272264242 566.2650600746274 285.15876178815961 12.312006980180739 67.973024427890778 165.32260236889124 97.565916277468204 20.302169121801853
leaf_count=1041 30942 273 322 137 871 1724 1138 103 2044 2306 692 22139 589 504 200 1135 271 342 5821 2472 112 2684 6788 3174 2168 72 465 859 435 141
internal_value=-0.000316421 0.00414183 -0.0338727 0.0102941 -0.000884462 -0.00322553 0.0114349 0.0108779 0.00981266 -0.0120772 0.000992169 0.0112915 0.043057 3.70974e-05 -0.0564854 0.0310476 0.0437338 0.00101407 -0.0236598 -0.00796439 0.0364975 -0.00769902 -0.062923 -0.0227025 -0.0300713 -0.0368511 -0.0387694 -0.0107944 -0.0285096 0.0857397
internal_weight=17999.5 15888.5 2110.93 7144.03 8744.49 7348.12 1396.38 7102.37 6874.79 435.053 911.207 6439.73 227.58 6293.82 656.764 485.168 324.945 6085.55 1454.17 421.738 84.8665 673.176 567.12 1054.29 1032.43 747.271 734.959 488.028 208.27 38.0855
internal_count=91964 72362 19602 27591 44771 37980 6791 27318 26592 2409 4514 24183 726 32223 8029 2277 1406 31284 11573 3047 575 3376 6988 5757 8526 6358 6286 2583 939 253
is_linear=0
shrinkage=0.1


Tree=65
num_leaves=31
num_cat=0
split_feature=11 10 11 4 0 10 0 13 15 9 14 13 8 13 10 14 1 9 7 17 0 11 4 4 6 13 4 2 18 15
split_gain=214.667 56.0552 43.971 25.5754 19.8626 19.8268 23.0001 21.9676 21.6371 19.8186 18.3544 17.8625 17.0496 20.6409 18.9107 18.4366 17.5521 16.8961 19.2777 15.1975 15.4413 14.255 13.2368 12.9237 10.8751 10.3861 10.1578 9.11304 8.74091 11.6597
threshold=0.012197066460888193 0.10567320198111428 0.016134225826392481 -0.022840982954499097 -0.028573336106189725 0.16398925264093103 -0.0093313156186756157 0.057618782750480886 0.4658423267636152 0.30687735506164809 0.80065707015078436 -1.0332437631512241 -0.64977032818322544 0.26365492658094247 0.31577216072147352 0.83952789699570818 0.030557933217651104 0.29389668051458978 0.07718543932782386 1.0000000180025095e-35 -0.0073483064885850871 0.011387243457634763 0.031854479552179883 -0.018571935200820452 0.036300816574444623 -0.067013981261095854 0.025185697056804294 -0.032285367832266314 1.0000000180025095e-35 0.040816373621302325
decision_type=2 2 2 2 2 2 2 2 2 2 2 2 2 2 2 2 2 2 2 2 2 2 2 2 2 2 2 2 2 2
left_child=1 24 12 -3 26 6 8 9 -5 -7 -8 -6 14 17 16 27 25 18 -14 20 -13 -9 -21 -19 -1 -2 28 -16 -4 -30
right_child=2 3 4 5 11 7 10 21 -10 -11 -12 19 13 -15 15 -17 -18 23 -20 22 -22 -23 -24 -25 -26 -27 -28 -29 29 -31
leaf_value=-0.067669935284290508 -0.020974520365003274 0.080635129911309125 0.02413851845679163 -0.0070122242967052845 -0.067150375018606476 -0.0052028756906071678 -0.041739912798341189 -0.044584096647933655 0.11351026768179201 -0.096951766229990577 -0.0086270953352236713 0.012233746516555108 -0.0052254410018679424 -0.027883317438127404 -0.019884396540466042 0.10115527155791298 0.09260331039855707 0.058088601282764843 0.016855558650408314 0.013025775518850636 0.0021818272305157305 -0.0083793889280654264 0.052525764478202508 -0.026026595875933031 0.01806511945759031 0.0098459885604822786 0.07994370991290814 0.044654775729890281 0.014220675794419475 -0.048913896885850433
leaf_weight=298.69044161587954 178.73960760235786 25.508703678846359 795.08906745910645 143.3093816190958 32.602470740675926 1327.9238816052675 845.331746827811 308.12456945329905 16.62368019670248 23.968438982963562 208.73182775452733 2114.0944975540042 2030.8751382678747 414.70827096700668 35.386195406317711 40.129188179969788 20.429771430790424 19.109529808163643 490.9680445715785 1893.2906571403146 5514.5253418833017 168.07320917397738 88.817765563726425 413.71188021451235 15.566041901707647 281.59712282568216 29.054138019680977 57.314937241375446 114.53660234808922 39.285063281655312
leaf_count=4521 1017 131 2765 1258 150 8297 8307 2175 138 153 1741 8409 11540 2369 173 177 103 85 2450 7667 22426 1049 317 2062 136 1493 92 280 387 147
internal_value=-0.000496382 -0.023199 0.00476078 -0.0190783 0.00812092 -0.0199144 -0.0298212 -0.0133356 0.00551506 -0.00682954 -0.0351827 0.00674379 -0.00419965 -0.00699168 0.0111319 0.0445307 0.00190423 -0.00405939 -0.000926575 0.00699446 0.00496748 -0.0318057 0.0147958 -0.0223128 -0.0634232 -0.002121 0.0217003 0.0200187 0.019917 -0.00190349
internal_weight=17986.1 3381.85 14604.3 3067.6 10621.3 3042.09 1214 1828.09 159.933 1351.89 1054.06 9643.33 3982.97 3369.37 613.597 132.83 480.767 2954.66 2521.84 9610.73 7628.62 476.198 1982.11 432.821 314.256 460.337 977.965 92.7011 948.911 153.822
internal_count=92015 27906 64109 23249 42360 23118 11444 11674 1396 8450 10048 38969 21749 18506 3243 630 2613 16137 13990 38819 30835 3224 7984 2147 4657 2510 3391 453 3299 534
is_linear=0
shrinkage=0.1


Tree=66
num_leaves=31
num_cat=0
split_feature=11 10 5 9 8 0 15 0 6 4 10 10 10 7 10 13 4 8 7 13 4 4 11 10 10 13 5 13 6 1
split_gain=22.3074 14.2454 11.286 14.1234 9.8469 9.82035 12.4443 9.2453 9.41428 7.85912 7.8024 7.55661 20.5538 7.54688 7.42228 6.70162 6.24564 5.91349 5.63879 5.51074 5.5007 5.87194 5.1932 5.16644 4.84731 4.64633 4.25212 3.77406 3.76393 2.46205
threshold=0.026802296143483329 0.077285798048467858 -0.0050055035878195367 0.45226568353443819 -0.49381106327169549 0.028923387839477458 0.73197054106916093 -0.049531013471568734 -0.021729516613118557 0.0029995850431872033 0.79809951958985093 0.16724636492880074 0.15155903522382436 0.045328790904681122 0.4083944683851774 -0.67040038414789571 0.0012322766620442851 -0.072363609149556377 0.017574711902771271 0.75292459532936695 0.025185697056804294 0.0062305833862282079 0.036327504334600073 0.29724195309184709 0.1975945778441078 -0.4429113423524938 0.072538111364635852 0.26882549738537709 0.0061988113961548583 0.0081990076569211662
decision_type=2 2 2 2 2 2 2 2 2 2 2 2 2 2 2 2 2 2 2 2 2 2 2 2 2 2 2 2 2 2
left_child=1 13 3 7 5 6 -4 -3 -9 16 19 12 -6 17 -7 -13 -5 18 28 20 21 24 -21 -23 -2 -22 -27 -11 -1 -19
right_child=10 2 4 9 11 14 -8 8 -10 27 -12 15 -14 -15 -16 -17 -18 29 -20 22 25 23 -24 -25 -26 26 -28 -29 -30 -31
leaf_value=-0.012683562927910084 0.022636814919153873 -0.047047910536259271 0.017445480428551291 0.024934635770777758 0.0023637328405680439 0.083811977296923343 -0.0054007113237188589 0.0015981646689516714 -0.0066832133180361828 -0.018145876632945316 -0.03769809977745997 -0.016282149254948235 0.023442584073621198 0.03837865385372706 0.011604835367526673 0.0016844985022695796 0.082720497592775707 -0.074093719521606774 -0.076291225956516939 0.047770343689785631 0.011747116932829014 0.027826632175676637 -0.015578230898103548 -0.0015896205471557696 -0.011258932480914339 -0.024164356278746097 -0.071679468126062865 0.02343662086402571 0.062247012992320855 -0.032965124201456912
leaf_weight=29.15900319814682 43.615035429596901 46.45359455794096 786.8423512391746 181.53816141188145 1870.6131591647863 33.036188781261444 342.06900152564049 2955.1837328895926 2563.4937960505486 63.206468522548676 91.425804398953915 214.75832258164883 614.57192072272301 13.754482831805943 25.014773853123188 6236.100613899529 20.852395981550217 42.325227700173855 11.176928292959927 33.729181803762913 31.964610666036606 71.162106946110725 20.996481709182262 370.87164178490639 1291.3507056459785 169.0898957028985 21.194749146699905 33.339647494256496 8.7052255757153016 22.183299262076616
leaf_count=386 234 217 3805 895 10750 167 1630 14530 13029 311 495 1033 3093 110 114 29887 113 542 106 156 161 350 109 1944 6460 817 115 160 92 204
internal_value=0.000465106 0.00174044 0.00200576 -0.00148517 0.00402798 0.0125855 0.0105229 -0.00262259 -0.00224864 0.0196896 -0.00911409 0.0028913 0.00757641 -0.0315787 0.0526972 0.00108636 0.0308883 -0.0400527 -0.0138795 -0.00784177 -0.00869874 -0.00684371 0.0234655 0.00314604 -0.0101515 -0.0235307 -0.0294568 -0.00378646 0.00454345 -0.0599503
internal_weight=18259.8 16114.4 15987.1 5864.07 10123 1186.96 1128.91 5565.13 5518.68 298.937 2145.4 8936.04 2485.19 127.304 58.051 6450.86 202.391 113.55 49.0412 2053.97 1999.25 1777 54.7257 442.034 1334.97 222.249 190.285 96.5461 37.8642 64.5085
internal_count=92015 81174 79734 29255 50479 5716 5435 27776 27559 1479 10841 44763 13843 1440 281 30920 1008 1330 584 10346 10081 8988 265 2294 6694 1093 932 471 478 746
is_linear=0
shrinkage=0.1


Tree=67
num_leaves=31
num_cat=0
split_feature=10 10 11 11 9 14 2 8 11 5 12 7 7 7 10 8 14 2 7 10 2 5 12 13 1 13 11 14 7 13
split_gain=206.244 52.2261 47.7098 22.679 20.0724 14.8526 12.3518 13.0632 12.258 11.9714 11.4887 11.1488 10.8463 10.7887 10.6059 9.20707 8.7429 8.34684 7.94397 8.3297 7.69961 9.03894 8.88318 7.66973 7.35248 7.27344 8.76033 7.24022 6.79041 7.61939
threshold=0.22339873211605604 0.14717747345429794 0.026111874199009181 0.0058335370771467601 0.64823269805058825 0.92919404458961619 -0.046387214144406823 0.28920188099177724 0.01672327812975908 0.018665357768076433 0.12400285110957208 0.039607610761320251 0.04611029924121491 0.059298824247652988 0.48392432929810897 -1.4017973366273984 0.91683219238818159 -1.0000000180025095e-35 0.041060788353028184 0.05918357841258106 0.042465447392460394 0.01677001708758508 0.047528343232951686 0.36746208199243585 0.0039525743158237434 0.10536620678363286 0.014905263158867614 0.19104911778731523 -0.015411570025128494 0.70497167899956825
decision_type=2 2 2 2 2 2 2 2 2 2 2 2 2 2 2 2 2 2 2 2 2 2 2 2 2 2 2 2 2 2
left_child=1 3 4 12 8 9 25 20 10 16 -2 -9 18 -12 -4 27 -5 -13 19 -1 21 -8 -22 24 -6 -3 -27 -16 29 -10
right_child=2 6 14 5 23 -7 7 11 28 -11 13 17 -14 -15 15 -17 -18 -19 -20 -21 22 -23 -24 -25 -26 26 -28 -29 -30 -31
leaf_value=0.084419529470851545 -0.0060190504958235556 -0.02417414898139016 -0.019418576742932993 0.019843381460383152 0.060023919964840723 -0.020325756636573353 0.0095889890209537604 -0.014854311112526775 -0.017283949473780147 -9.9613355964237873e-05 0.00098279432407875227 -0.022465073329971368 0.0081917009733630097 0.033773171379389191 0.051164548057782658 -0.040740838547940729 0.081064945947314809 0.0067271117747626777 0.097498295569260471 0.037752978210098348 0.039195780829308136 -0.0077020301594176062 -0.0016882741750938923 0.085363427397714325 -0.013842156152275121 0.024404391613398878 -0.022695788017920885 -0.020409207171793092 -0.0081363865340410672 0.049152179049626744
leaf_weight=43.807931914925575 2775.4100700169802 233.12917617708445 1084.8666194602847 2559.9296527653933 24.995893649756908 103.97070725262165 2735.5924828499556 475.61326591670513 1684.1947498247027 320.13541924953461 337.47411099076271 109.52854900062084 83.98203644156456 142.79763081669807 15.847738608717917 576.58948957175016 23.540841475129128 926.25374516099691 29.78779673576355 301.41596482694149 166.19290110468864 339.88979572802782 78.128548979759216 27.084457166492939 29.23770397901535 89.030109703540802 70.965258747339249 130.64556484669447 2136.8197188228369 17.441585130989552
leaf_count=264 14568 1208 6571 11150 143 478 13641 2321 9699 1433 1765 528 349 718 108 3680 115 4646 127 1279 838 1672 396 166 166 475 380 835 12182 114
internal_value=-0.000528218 0.0104544 -0.0111533 0.0199709 -0.0074952 0.0168112 0.00413983 0.00552687 -0.00806147 0.0181409 -0.00354793 -0.00217975 0.0406755 0.0107323 -0.0256715 -0.0350531 0.0204012 0.00364019 0.0479501 0.0436748 0.00903544 0.00767806 0.026122 0.0419053 0.0202022 -0.0129058 0.00351331 -0.0126663 -0.0118897 -0.016603
internal_weight=17674.3 8690.89 8983.41 3466.57 7175.46 3007.58 5224.32 4831.2 7094.14 2903.61 3255.68 1511.4 458.994 480.272 1807.95 723.083 2583.47 1035.78 375.012 345.224 3319.8 3075.48 244.321 81.3181 54.2336 393.125 159.995 146.493 3838.46 1701.64
internal_count=92015 41300 50715 15195 39521 13176 26105 24042 39046 12698 17051 7495 2019 2483 11194 4623 11265 5174 1670 1543 16547 15313 1234 475 309 2063 855 943 21995 9813
is_linear=0
shrinkage=0.1


Tree=68
num_leaves=31
num_cat=0
split_feature=9 12 14 14 1 4 3 8 9 8 5 3 7 1 8 0 14 7 15 4 14 1 12 13 5 0 12 8 3 13
split_gain=65.6561 13.3767 10.8609 9.88907 8.33053 8.29574 9.12283 9.21134 8.45819 13.3702 11.113 10.5454 13.7285 9.58511 9.3309 7.88591 8.47609 10.1712 8.35617 7.85546 7.63855 7.20247 7.16917 7.1684 7.11968 7.06158 6.10111 6.00897 5.35365 5.13989
threshold=0.24734609648095016 0.058144497775683979 0.015037611334164015 0.040816373621302325 -0.0090732770285311109 0.0074349927214636411 0.017094433359300169 0.24659510432048704 0.12979197942290535 0.14157384838344586 1.0000000180025095e-35 -0.046917481159438605 -0.0019962628438504044 0.038757707476399179 -0.082564130451400888 -0.023452772301495003 0.93137320065327212 0.050240731789559019 0.91183684350839789 0.0019212399403949478 0.74058204099036895 0.023558438442707001 0.24553491193768495 -0.16949305757591485 0.013016107830139735 0.01197618259083333 0.11461285134532745 -1.2690534380004952 0.043796080854915827 0.37560526119170529
decision_type=2 2 2 2 2 2 2 2 2 2 2 2 2 2 2 2 2 2 2 2 2 2 2 2 2 2 2 2 2 2
left_child=1 5 -3 -2 19 8 7 21 9 10 -1 14 -13 -11 -10 26 17 18 -17 22 -21 -7 -4 24 -18 -8 27 -5 -19 -25
right_child=3 2 4 15 -6 6 25 -9 11 13 -12 12 -14 -15 -16 16 23 28 -20 20 -22 -23 -24 29 -26 -27 -28 -29 -30 -31
leaf_value=0.017260311287604774 -0.027283382689151758 0.062118719609438246 -0.0032675983234751516 0.014622071107924512 -0.0057214422038979577 0.00082665523341622811 -0.018801318096356212 0.064163927252681149 0.013270802714169291 0.021928414141648402 -0.00078517100537449131 -0.004924413288729567 0.0077879418555325958 0.082213657710896157 0.050302071250186098 -0.0019194337635563081 -0.030654672881435925 -0.023154068070460179 -0.015277388208000909 0.0089145181441168207 0.042558250214495143 0.038619733813533057 0.046639833703476713 0.018785995764786807 0.014566246627011923 0.0064597265449586484 -0.028162764781984331 -0.013721319669521332 -0.0098845662005762266 -0.01882802486812786
leaf_weight=635.73942674323916 241.21268195658922 26.934402123093605 602.3964743539691 85.22034328430891 1802.2634773030877 497.69972489401698 351.46218104660511 27.293738409876823 584.85756823420525 734.56895531341434 736.77084932103753 1215.3793890252709 2822.0061772316694 27.356145396828651 77.001979343593121 3463.3190781623125 83.938300386071205 393.23529446870089 541.52807743102312 253.69285252690315 91.941361531615257 56.111446484923363 30.227448359131813 320.5512279048562 59.492853373289108 161.51819196343422 261.70477635413408 611.67046040296555 1340.5525167733431 40.972619690001011
leaf_count=3275 1221 149 2881 446 8863 2399 1709 134 2782 3776 4131 5833 13906 140 368 17891 405 2016 2804 1246 445 274 164 1675 319 791 1410 3139 7214 209
internal_value=-0.000149037 0.00485519 -0.00107663 -0.00736637 -0.00168879 0.00695582 -0.00112869 0.00745082 0.00825017 0.0134703 0.0075734 0.00587913 0.00396113 0.0240929 0.0175791 -0.00669932 -0.00540276 -0.00649571 -0.00372567 0.00574064 0.017864 0.0046558 -0.000882968 0.0070183 -0.0118978 -0.0108476 -0.0151442 -0.0102553 -0.0128942 0.0145231
internal_weight=18178.6 10735.2 2807.46 7443.4 2780.52 7927.77 1094.09 581.105 6833.68 2134.44 1372.51 4699.25 4037.39 761.925 661.86 7202.19 6243.59 5738.63 4004.85 978.258 345.634 553.811 632.624 504.955 143.431 512.98 958.596 696.891 1733.79 361.524
internal_count=92015 53266 13748 38749 13599 39518 5307 2807 34211 11322 7406 22889 19739 3916 3150 37528 32533 29925 20695 4736 1691 2673 3045 2608 724 2500 4995 3585 9230 1884
is_linear=0
shrinkage=0.1


Tree=69
num_leaves=31
num_cat=0
split_feature=10 10 11 10 3 12 1 8 13 13 8 14 12 8 5 5 5 1 8 6 3 4 11 6 3 11 3 10 13 11
split_gain=255.334 57.2027 35.4301 23.789 23.7876 23.2393 22.8823 40.8734 22.7412 22.5762 22.1969 22.878 22.1788 19.8523 19.4378 18.6877 18.409 25 18.3338 17.5489 16.1134 15.9752 15.1778 14.746 13.6173 13.3666 11.9928 17.3244 11.5846 10.7967
threshold=0.18118952115870932 0.12121227504112553 0.020165262663809743 0.31389696213812707 0.0050787310790156867 0.13266784822935665 0.024819332796553354 0.59269265338482036 -0.35030964128722336 -0.69564861199404016 -1.4017973366273984 0.30719453834175248 0.031563115673323268 1.2506445445737358 -0.042053938079215973 0.042857794898500175 0.0097662857224815065 0.024819332796553354 -0.46387330409056243 0.027991651151331402 0.023122771049401084 0.00081665367339045513 0.041667070028628926 -0.011883940790682333 -0.15047147540885095 0.0083472267466799168 -0.064093177183325509 0.14482487226557841 -0.18603483274405411 0.02760584622650511
decision_type=2 2 2 2 2 2 2 2 2 2 2 2 2 2 2 2 2 2 2 2 2 2 2 2 2 2 2 2 2 2
left_child=1 8 5 4 16 6 7 19 -1 -3 14 15 -9 29 24 -12 -4 -18 -8 -2 -20 -15 -13 -10 -5 -11 27 -27 -16 -6
right_child=2 9 3 10 13 -7 18 12 23 25 11 22 -14 21 28 -17 17 -19 20 -21 -22 -23 -24 -25 -26 26 -28 -29 -30 -31
leaf_value=-0.0046548685841444927 0.0049424622745858487 0.032927430629997367 0.0064956964096243757 0.028334961370565483 -0.021791864198387752 -0.01477472817823006 -0.039374641312265854 -0.017295414003935139 -0.013581477574689183 -0.043673087189233489 0.023333853605607281 0.011277296284025226 0.034979429128140775 0.077315715797801235 0.0012401214813882889 0.054741046626086101 0.086841672322525265 0.0081459453846903316 0.012456219275132283 -0.018382971428065546 -0.0094671183614683744 -0.0076141981066510742 0.035306186334817087 -0.064914070348392625 -0.018681176870531491 0.097692012760833391 -0.019648557085013126 -0.0037686357927073765 -0.037823924401865203 0.0072707976200367605
leaf_weight=88.71857512742281 4461.5363168418407 82.965481292456388 928.0177961140871 222.55452272295952 598.21421463787556 773.30877255275846 153.62713269889355 92.734825327992439 63.050968788564205 219.14423315227032 840.92175774276257 2799.7793176919222 650.36972453445196 43.865290820598602 137.99237051606178 244.54529669880867 72.236431956291199 91.502278178930283 467.72055391222239 347.6809066683054 1183.730486549437 44.733209744095802 290.10754112899303 497.68410766497254 85.180196791887283 19.801579192280769 2042.8223939538002 112.11163471639156 168.75028663873672 162.56280958652496
leaf_count=1031 22259 558 3807 754 2632 3962 795 484 623 2554 2945 9992 2898 170 456 779 291 394 2392 1885 6066 174 806 6647 323 123 14277 656 625 657
internal_value=0.00069382 -0.0252827 0.00615825 0.0115246 0.00218597 0.00171576 0.00344901 0.0066288 -0.0516988 -0.0183562 0.0153092 0.0179207 0.0284559 -0.0103645 -0.00243599 0.0304096 0.0119501 0.0428641 -0.00633186 0.00325616 -0.00325804 0.0344348 0.0135334 -0.0591421 0.015321 -0.0201335 -0.0177615 0.0114617 -0.0202504 -0.0155818
internal_weight=17988 3126.3 14861.7 6730.96 1941.13 8130.71 7357.4 5552.32 649.454 2476.85 4789.83 4175.35 743.105 849.376 614.477 1085.47 1091.76 163.739 1805.08 4809.22 1651.45 88.5985 3089.89 560.735 307.735 2393.88 2174.74 131.913 306.743 760.777
internal_count=92015 26469 65546 24805 8125 40741 36779 27526 8301 18168 16680 14522 3382 3633 2158 3724 4492 685 9253 24144 8458 344 10798 7270 1077 17610 15056 779 1081 3289
is_linear=0
shrinkage=0.1


Tree=70
num_leaves=31
num_cat=0
split_feature=11 11 2 11 2 3 6 12 14 7 12 3 1 14 12 3 4 14 7 14 7 9 0 7 12 7 7 7 0 7
split_gain=188.831 67.4566 38.6028 30.3331 29.4826 32.0771 30.3604 29.3714 26.4914 25.5174 25.3599 25.0326 24.8844 24.55 18.1838 16.8871 17.0959 16.2881 15.7733 15.2519 14.0766 30.0516 15.6782 13.9024 13.71 25.6732 19.6315 13.3751 12.7398 13.8192
threshold=0.014287274274583031 0.0087223408501433917 0.03490515064008682 0.025888012846784603 -0.078119077856185978 -0.071938625629550654 -0.051841239399246612 0.21248935161911794 0.84770733031128465 -0.064160842445126084 0.077234741799855761 -0.0056657375356770059 -0.0058441223756475749 0.12244912086390698 0.16727797332630664 0.12740169076088306 -0.017126113977178555 0.98770743082288859 -0.071869148959162896 0.90378126592731667 0.13415371777512666 0.14462012867818599 -0.0066667314618626952 -0.16351282799699032 0.1043398406518866 -0.071869148959162896 0.12305447486354527 0.07718543932782386 -0.02047853778728603 0.038210979772787208
decision_type=2 2 2 2 2 2 2 2 2 2 2 2 2 2 2 2 2 2 2 2 2 2 2 2 2 2 2 2 2 2
left_child=1 2 28 4 7 6 18 12 13 11 -4 -7 23 15 -11 16 -3 24 -6 -5 22 -22 -15 -2 26 -26 -10 -19 -1 -30
right_child=3 8 10 19 5 9 -8 -9 17 14 -12 -13 -14 20 -16 -17 -18 27 -20 -21 21 -23 -24 -25 25 -27 -28 -29 29 -31
leaf_value=0.073852583051983431 -0.022070184364434548 0.097408716234247891 -0.0061534938381642822 0.016192573662794356 -0.0053154334285712658 0.011254541808911821 -0.027556722635113846 -0.048657620518358452 0.0077823266900959726 0.0033603650261347577 0.13799199096590434 0.058277099786737112 0.081061872229349935 -0.0077308944955842736 -0.021677574939362933 0.08465259569398835 -0.0038546636781899208 -0.073080737780388982 0.038933574344605669 -0.0079886456578183128 0.10640603989672344 -0.017764918557751915 -0.024944097011594456 0.024434331254551158 0.071431152143849472 -0.048254279517894967 0.076666374696661127 0.016640450461989358 -0.060690671644140472 -0.029815050902104408
leaf_weight=8.138204123824833 70.926177233457565 17.089960627257824 110.74051102995872 3307.6369281038642 279.76234757900238 405.43811424821615 673.0538337752223 57.132681772112846 772.59617798030376 6112.8753892183304 13.717025160789488 157.07186652719975 73.398106336593628 713.43001798912883 304.50858939439058 23.587001472711563 681.58570298552513 47.993664480745792 113.13758869469166 283.16709625720978 27.666775181889534 65.95385267585516 2048.4547800086439 686.35645645856857 22.172284185886383 93.505826152861118 43.713712617754936 25.413336209952831 513.47687663137913 201.98271720856428
leaf_count=63 272 79 949 11129 1238 1807 3112 240 4709 27814 73 617 259 4653 1284 95 4260 323 479 1077 129 356 14769 2583 125 558 187 156 6511 2245
internal_value=-0.000229882 -0.0158027 -0.0417107 0.00652323 0.00340319 0.00149491 -0.0146623 0.0206971 -0.0110087 0.00396241 0.00973343 0.0243848 0.0254672 -0.015039 0.0021723 0.00143179 -0.00137771 0.0033332 0.0074263 0.0142857 -0.019205 0.0189301 -0.0204977 0.0200788 0.00690535 -0.0253139 0.0114711 -0.0420195 -0.050559 -0.0519741
internal_weight=17955.7 5431.22 848.055 12524.5 8933.66 8045.85 1065.95 887.813 4583.16 6979.89 124.458 562.51 830.681 3577.77 6417.38 722.263 698.676 1005.4 392.9 3590.8 2855.51 93.6206 2761.88 757.283 931.988 115.678 816.31 73.407 723.598 715.46
internal_count=92151 40240 9841 51911 39705 36351 4829 3354 30399 31522 1022 2424 3114 24341 29098 4434 4339 6058 1717 12206 19907 485 19422 2855 5579 683 4896 479 8819 8756
is_linear=0
shrinkage=0.1


Tree=71
num_leaves=31
num_cat=0
split_feature=10 10 14 7 12 14 14 13 12 2 14 13 7 9 14 10 12 9 7 10 7 14 2 9 2 12 6 5 5 9
split_gain=16.9522 10.157 10.6171 9.22721 9.60708 14.4649 11.3593 9.54332 10.1507 9.02017 8.32882 8.23359 7.48026 8.35357 7.00342 14.4564 9.06801 9.04695 6.98865 8.51646 8.97952 7.4867 8.4917 6.86674 6.85317 6.74475 6.46953 6.41552 6.28029 6.39216
threshold=0.21836072526769718 0.10980426436429466 0.50871662425462427 -0.095007017837976035 0.042978007709863666 0.045112834002492046 0.79194044589616019 0.11210130327276312 0.024240432001322285 0.0088978623274269548 0.019334071715353736 -0.81899651844423527 0.024463499755767896 0.074681756337220781 0.37991416309012882 0.098883821536504143 0.029962863493424658 0.10893636509269537 0.21469424304348109 0.24332838966712644 -0.1436968536198833 0.84770733031128465 -0.067751069023123986 0.087936253355220942 0.04096830123036322 0.1043398406518866 -0.096881299853371669 -0.0021432156749667248 0.0087821106071426253 0.10129011236671671
decision_type=2 2 2 2 2 2 2 2 2 2 2 2 2 2 2 2 2 2 2 2 2 2 2 2 2 2 2 2 2 2
left_child=1 2 14 25 7 -6 -7 11 -9 27 -2 -5 23 -14 28 16 -16 -17 19 21 26 22 -12 -11 -22 -3 -21 -4 -1 -30
right_child=10 3 9 4 5 6 -8 8 -10 12 18 -13 13 -15 15 17 -18 -19 -20 20 24 -23 -24 -25 -26 -27 -28 -29 29 -31
leaf_value=-0.015030684422966029 -0.030671074004605232 0.019955850554353692 -0.014715019861274634 -0.023752417964645611 0.03931540387391947 0.001510679498194515 -0.0160709628965361 -0.012957749331306593 0.0062059472985942022 0.085728067633379923 0.027509252016719589 0.011024499722410909 0.02806363360097848 -0.032203796211725207 0.011919051384591864 0.099779304458764012 -0.069452000848509304 0.011429478436736626 -0.016297691031887381 9.8267028651864369e-05 -0.0012748394533131199 -0.022077760144212505 -0.0068067824509999847 -0.0058863874060641206 0.0052785845971570879 0.076079837538524889 -0.022269366134812764 -0.060358525005168917 0.030178894302015414 -0.022099279259575982
leaf_weight=234.73806513845921 102.84585431218147 115.69197557866573 51.506638672202826 69.642658926546574 85.747919388115406 1568.9457451850176 479.87612237781286 412.03369592875242 839.66486417502165 15.101662695407866 76.241942569613457 3030.1565314084291 30.434584125876427 94.135173000395298 80.349627573043108 29.377355068922043 16.509269427508116 19.142433419823647 334.85797969996929 221.83001474291086 5995.658757776022 311.63113369047642 1330.84938326478 17.853315763175488 2174.4263315424323 26.275775283575058 310.04022700339556 76.579515751451254 75.490164794027805 33.888110749423504
leaf_count=1755 494 583 393 363 451 7832 2404 2163 4293 118 366 15562 222 593 687 189 129 120 1742 1171 28798 1538 6350 115 10555 132 1545 784 498 206
internal_value=0.000167201 0.00385714 -0.00697433 0.00512381 0.0045718 -0.000923223 -0.0026073 0.00726731 -0.000102352 -0.0222961 -0.00234856 0.0102432 -0.00627114 -0.0174794 0.00196562 0.0203684 -0.00195037 0.0649228 -0.00207774 -0.00162079 -0.00035029 -0.0080534 -0.0049474 0.0360961 0.000469321 0.0303434 -0.0129404 -0.0420041 -0.00580899 0.0139818
internal_weight=18261.5 7403.14 775.106 6628.04 6486.07 2134.57 2048.82 4351.5 1251.7 285.611 10858.4 3099.8 157.525 124.57 489.495 145.379 96.8589 48.5198 10755.5 10420.7 8701.96 1718.72 1407.09 32.955 8170.09 141.968 531.87 128.086 344.116 109.378
internal_count=92151 39592 5809 33783 33068 10687 10236 22381 6456 2225 52559 15925 1048 815 3584 1125 816 309 52065 50323 42069 8254 6716 233 39353 715 2716 1177 2459 704
is_linear=0
shrinkage=0.1


Tree=72
num_leaves=31
num_cat=0
split_feature=11 11 11 6 7 5 4 11 12 9 9 5 8 8 8 2 12 14 9 7 14 8 7 7 8 2 6 6 4 2
split_gain=155.236 47.117 24.9597 12.9691 12.6511 11.7067 13.8341 12.792 11.3815 11.2626 10.8806 13.0797 11.1788 13.284 10.3291 9.73522 9.43721 12.6583 8.54511 8.36139 10.0555 12.9028 10.9495 7.91856 7.66232 6.59197 11.5007 6.45064 6.07696 5.99387
threshold=0.015186442333297316 0.0079317743699973218 0.025030394884664148 0.0087664508443966466 -0.057138064402983017 -0.0006314176215533317 0.0023612581776450985 0.0052739082676459288 0.021524052429854515 0.080669263263544386 0.10437676369504914 0.010692646654293482 0.5546834081890929 0.14157384838344586 0.26006361992281785 -0.088581249523719471 0.22261444730592403 0.66738429166010083 0.16488779373628926 0.20162128192092424 0.78363954059640906 0.28920188099177724 0.041060788353028184 -0.013052268762638873 0.96169658775592592 -0.050721305089373107 -0.038895993598552663 -0.0023681512925080579 -0.0052493558861432801 0.0080545071337079239
decision_type=2 2 2 2 2 2 2 2 2 2 2 2 2 2 2 2 2 2 2 2 2 2 2 2 2 2 2 2 2 2
left_child=1 3 4 5 14 8 7 -7 27 -6 12 29 13 -5 16 -11 -2 -18 -4 20 21 23 -23 -3 -17 -22 -27 -1 -10 -12
right_child=2 19 18 10 9 6 -8 -9 28 15 11 -13 -14 -15 -16 24 17 -19 -20 -21 25 22 -24 -25 -26 26 -28 -29 -30 -31
leaf_value=0.022435869831195929 -0.016454120767721705 0.0044788264442928881 0.012808609120168849 0.034447558103610727 0.069283748275331777 0.086613948066597779 0.014612797480076526 0.041834938389310544 -0.023871868068571615 -0.03585075414789337 -0.058395501321884716 0.018300962813995344 0.071803331026297004 -0.0019889136483572331 -0.058127513068280817 -0.002752408868951773 -0.015647434461025549 0.059174370643244351 -0.020836349837494127 0.052996380668853184 -0.022269729144752091 -0.012992546766064436 0.005038872089838423 0.013429477378641946 -0.014516164559653311 0.04928017391498362 -0.00082005748866033107 0.060134271030028941 0.015117155416958551 -0.010901278728228506
leaf_weight=94.763493478298187 1159.6913271248341 1623.8229782879353 78.281009897589684 232.67350642383099 20.455065250396729 91.741836369037628 114.2929645627737 209.42846068739891 48.462340801954269 100.61476889252663 36.414146110415459 164.22378394007683 44.049149766564369 175.55468127131462 55.41267491132021 3940.354792624712 52.12287263572216 39.934519365429878 2115.7347982674837 36.244303733110428 137.43571969866753 497.79554452002048 1041.1089912205935 2525.9222562611103 644.2160537391901 46.957696154713631 1889.5890512466431 87.116691663861275 228.29532912373543 98.312516838312149
leaf_count=400 6678 8186 436 956 89 487 483 887 204 578 150 685 189 719 296 21778 294 247 13214 168 701 2396 5046 11914 3607 249 9341 376 986 411
internal_value=-0.000451087 0.00830526 -0.0105063 0.0237938 -0.00717504 0.032075 0.0442342 0.0554754 0.0210604 -0.00475747 0.0141582 -0.000644592 0.0239427 0.0187784 -0.0158781 -0.00508072 -0.0140078 0.0168103 -0.0196359 0.00507736 0.00485362 0.0070268 -0.000793822 0.00992703 -0.00440543 -0.00110712 0.000394781 0.0404926 0.00828989 -0.0237381
internal_weight=17631 9424.21 8206.82 1625.33 6012.8 874.101 415.463 301.17 458.638 4705.64 751.228 298.95 452.277 408.228 1307.16 4685.19 1251.75 92.0574 2194.02 7798.88 7762.63 5688.65 1538.9 4149.75 4584.57 2073.98 1936.55 181.88 276.758 134.727
internal_count=92151 44934 47217 6933 33567 3823 1857 1374 1966 26052 3110 1246 1864 1675 7515 25963 7219 541 13650 38001 37833 27542 7442 20100 25385 10291 9590 776 1190 561
is_linear=0
shrinkage=0.1


Tree=73
num_leaves=31
num_cat=0
split_feature=11 11 7 13 13 13 11 5 3 7 3 9 8 6 5 1 1 12 4 12 11 12 11 15 4 4 1 15 12 12
split_gain=57.5866 17.4633 11.9974 8.87854 8.29023 7.81969 12.8783 10.6568 9.93516 6.88402 9.00834 8.91418 8.90473 7.8195 6.79072 7.4405 6.45955 6.37202 6.0244 4.88649 4.73528 7.2696 6.948 4.49886 4.77885 4.36306 4.23309 4.18278 3.93925 3.30557
threshold=0.015472174888887743 0.029043648472410959 0.11693849143820291 -1.0332437631512241 -0.17930495423541934 -0.017016577107488044 0.009758848960102923 0.025755613128149005 -0.018565921244810376 -0.1436968536198833 -0.034448558012506673 0.24126073992431551 -0.33896868333477187 -0.07261698550256894 0.048352623979619709 0.0056114178209476515 0.10056260890186898 0.27484020655122149 0.045348143960509527 0.065264068271554718 0.012929002351159057 0.16727797332630664 0.010533437936461698 0.040816373621302325 0.028017297360992458 0.0011037444365280538 -0.098446821461813258 0.52179156063656051 0.034153470996087364 0.028954105506146102
decision_type=2 2 2 2 2 2 2 2 2 2 2 2 2 2 2 2 2 2 2 2 2 2 2 2 2 2 2 2 2 2
left_child=2 9 3 -1 19 14 8 -8 -7 10 12 13 26 -11 15 -5 23 -15 28 -4 21 22 -6 -3 29 -21 -2 -26 -13 -25
right_child=1 16 4 5 20 6 7 -9 -10 11 -12 18 -14 17 -16 -17 -18 -19 -20 25 -22 -23 -24 24 27 -27 -28 -29 -30 -31
leaf_value=0.055370232296646796 -0.020982166557558295 -0.028243144263999306 -0.05672732821370529 0.0072548159565436372 0.064303555928121953 0.039483787352290925 0.0040119768032326327 0.022642672815136128 0.014678354416978762 -0.039772094495520521 -0.05035459723810113 0.0032661966893089006 0.081377647380696347 0.0013946932044093833 0.049515453767266529 -0.00058536497967407244 -0.037164908218564108 0.044574035328306776 0.041477060430310131 -0.039258760012371656 -0.014796879818097415 -0.043130035328352863 0.0072424753855849806 0.022423588937493005 -0.055598826741063867 0.015969104576991782 0.016852198442119257 -0.016083359798602141 -0.0074154299762438126 -0.009734862571661387
leaf_weight=37.619277056306601 34.212452918291092 171.69561474770308 51.702314227819443 2676.6329501606524 28.172712355852127 192.94579616189003 2491.9876890033484 350.16226778924465 989.65736962482333 45.606264650821686 21.566127747297287 375.3926697075367 19.792389765381813 2287.1190535575151 32.580154597759247 2209.7986505106091 122.39430737495422 34.694732695817947 26.25617078691721 31.795842133462429 140.46232162415981 20.78557938337326 87.977079972624779 33.024677574634552 41.344161815941334 26.002964630723 218.04041892290115 76.081953108310699 4300.3733975440264 994.83487384021282
leaf_count=192 176 943 246 13321 139 945 11936 1696 5236 211 97 1919 105 11386 168 10941 683 192 144 165 722 106 415 177 210 139 1145 397 22541 5458
internal_value=0.000691534 -0.00511616 0.00614843 0.00689118 -0.0110935 0.00668727 0.00995618 0.00630734 0.0187254 -0.00314682 0.0118569 -0.00376996 0.0167886 0.00123445 0.00401263 0.00370924 -0.0151902 0.00203992 -0.00628963 -0.0343919 -0.00189659 0.011336 0.0210829 -0.013148 -0.010885 -0.0144124 0.0117208 -0.0299962 -0.00655786 -0.00870163
internal_weight=18170.7 8802.43 9368.28 8981.38 386.899 8943.76 4024.75 2842.15 1182.6 7363.05 293.611 7069.44 272.045 2367.42 4919.01 4886.43 1439.38 2321.81 4702.02 109.501 277.398 136.935 116.15 1316.98 1145.29 57.7988 252.253 117.426 4675.77 1027.86
internal_count=92151 45784 46367 44435 1932 44243 19813 13632 6181 37916 1523 36393 1426 11789 24430 24262 7868 11578 24604 550 1382 660 554 7185 6242 304 1321 607 24460 5635
is_linear=0
shrinkage=0.1


Tree=74
num_leaves=31
num_cat=0
split_feature=10 10 10 9 14 2 2 3 6 3 9 7 6 13 14 3 3 10 10 3 3 7 6 13 5 6 6 14 13 10
split_gain=207.122 41.8357 31.6931 29.2965 20.4441 26.6025 21.6705 18.8499 21.9933 20.1681 19.927 18.6158 29.6035 18.2127 14.0192 16.0175 14.9463 13.7613 17.6466 13.6234 13.341 13.171 12.8797 12.5214 29.8597 27.7438 12.148 11.543 10.9964 14.6783
threshold=0.15726238386516564 0.3021073286772587 0.11495156966039465 0.12625058910317757 0.96385332056420636 -0.028876851607554151 -0.065992804317492645 -0.14493038200014083 -0.043639932739294555 -0.031699404613125363 0.31751525494836841 -0.1829720952151985 -0.14645026105298736 -0.35030964128722336 0.97041543397641583 0.011270533489884828 -0.056969631976262917 0.20346571883605588 0.27951806396637502 -0.12556060551523449 -0.034448558012506673 0.0060029953316905757 0.033300220901905993 0.079408109954692288 -0.03003657685583588 0.06870730780000335 -0.08790113185757302 0.66738429166010083 0.1490856209431177 0.14601354325277879
decision_type=2 2 2 2 2 2 2 2 2 2 2 2 2 2 2 2 2 2 2 2 2 2 2 2 2 2 2 2 2 2
left_child=2 4 13 -3 7 6 -6 26 10 -10 -9 12 -5 -1 16 -16 28 -7 -19 -14 -15 -8 27 24 -13 -25 -2 -18 29 -4
right_child=1 3 14 11 5 17 21 8 9 -11 -12 23 19 20 15 -17 22 18 -20 -21 -22 -23 -24 25 -26 -27 -28 -29 -30 -31
leaf_value=-0.006800939013366091 -0.0045729126025129364 -0.07864176474620739 0.099969762203092061 -0.018299903199875706 -0.0107017563775133 -0.031299964994047018 0.140957943392156 -0.011443137579725678 0.0088757056709842207 -0.0038848954752132674 -0.053326857744747908 0.028785531058679228 0.039154391803004812 0.021032249890201395 -0.027626444450807554 0.11557963163625594 -0.038348203884626106 0.030879427788182309 -0.044762912506569066 0.10061616220770227 -0.065380322864308962 0.045860106482767851 -0.0023200184917915039 -0.0034820554820760262 0.0076561335204779193 0.021561170491447845 0.056322370662448065 -0.014745058442350752 -0.034005526441852306 -0.014389328300381844
leaf_weight=70.937378883361816 51.733653724193573 37.944536719471216 24.965550869703293 85.269568741321564 23.389091297984123 70.412721075117588 36.139476396143436 635.8125531449914 1565.1981199458241 5935.3219964243472 138.30201621353626 814.92880587279797 204.45882144570351 18.693094331771135 16.035112336277965 15.227268874645231 793.96834050863981 198.15142411738634 36.526248678565025 43.787576138973236 403.94333433359861 24.394629523158073 166.78104004263878 1839.083120085299 3730.5005485340953 582.47803138196468 89.320907220244408 280.35780148953199 25.035985700786114 20.390598513185978
leaf_count=858 220 276 157 256 102 445 146 3008 7888 31453 618 2916 663 154 121 104 7321 974 174 133 5877 109 1296 7256 14637 2025 355 2315 169 125
internal_value=-0.000196791 0.00342319 -0.0320199 0.00899934 -0.00122436 0.0211881 0.0710481 -0.00226037 -0.00287829 -0.00122203 -0.018926 0.00945486 0.0325345 -0.0536885 -0.024055 0.0421263 -0.0256325 0.00747275 0.0191061 0.0499955 -0.0615583 0.102634 -0.0281749 0.00835002 0.0114443 0.0025418 0.0339882 -0.0321887 0.0191929 0.0485578
internal_weight=17979.5 16143.2 1836.34 7338.45 8804.7 389.014 83.9232 8415.69 8274.63 7500.52 774.115 7300.51 333.516 493.574 1342.76 31.2624 1311.5 305.09 234.678 248.246 422.636 60.5341 1241.11 6966.99 4545.43 2421.56 141.055 1074.33 70.3921 45.3561
internal_count=92151 73654 18497 28162 45492 1950 357 43542 42967 39341 3626 27886 1052 6889 11608 225 11383 1593 1148 796 6031 255 10932 26834 17553 9281 575 9636 451 282
is_linear=0
shrinkage=0.1


Tree=75
num_leaves=31
num_cat=0
split_feature=11 11 11 2 12 14 14 3 14 4 12 14 12 7 15 12 8 3 9 3 0 17 4 1 7 13 3 2 4 2
split_gain=165.361 45.8704 42.0409 37.2556 27.2951 18.486 18.947 21.1847 18.6992 27.9145 18.3456 25.5497 20.497 18.2964 18.2849 15.894 15.7986 32.9973 21.5025 16.2693 15.6788 26.542 25.0485 19.0521 18.3495 14.9438 15.2072 17.1826 14.8299 14.0785
threshold=0.012197066460888193 0.0087223408501433917 0.01672327812975908 0.033581096136989792 0.10069268961269813 0.1266380543633763 0.11385620010152754 -0.028256280054076651 0.76201239866475923 -0.02093277006035876 0.051010635081228557 0.71459702229480804 0.042046720233938024 0.088857648259936486 0.29847791408712832 0.1426313218344655 -0.87104256956040338 -0.073634179568389233 0.16488779373628926 -0.18194494568749811 -0.010777884788304435 1.0000000180025095e-35 0.025185697056804294 0.13383067681704788 -0.0026044674613480696 -0.54889143797696083 0.0021709623697878659 -0.071627702968338522 0.00038933235904670132 0.0061101230189501985
decision_type=2 2 2 2 2 2 2 2 2 2 2 2 2 2 2 2 2 2 2 2 2 2 2 2 2 2 2 2 2 2
left_child=1 3 16 -1 13 6 7 -3 9 -7 11 -4 -13 -5 -8 -10 17 19 -19 -2 22 23 -12 -22 -24 -18 27 -27 -20 -28
right_child=2 5 10 4 -6 8 14 -9 15 -11 20 12 -14 -15 -16 -17 25 18 28 -21 21 -23 24 -25 -26 26 29 -29 -30 -31
leaf_value=-0.050674889526076475 0.065711941011884295 -0.040596100637860746 0.00533543697728848 -0.024956923709954094 0.14956793546989453 0.11183274920624586 0.14067403532043213 0.011056600627913436 -0.0023518982737962806 -0.027501590508674886 0.014820960382558285 -0.036530111120589556 0.0044216794592604192 0.078545602963198319 0.016153190750213688 -0.06080498981095056 -0.031602205088518381 -0.042618761451147617 0.033590521191904109 -0.013464913060340587 0.0025549522448780927 0.020730550293736619 0.030537453374728948 0.052521778260111521 0.11995893576845647 0.023257613574849848 0.011994680548412334 -0.015722498122668942 0.098381164679561539 -0.0046646687738531416
leaf_weight=685.47046492248774 28.652210183441639 108.98702996969223 1960.9899950772524 99.706155728548765 12.231067404150961 14.552477926015852 18.637607753276825 292.51863019913435 736.06791679188609 1202.523871704936 2206.3189803659916 300.25916516780853 206.12260915338993 20.609263055026531 32.108482226729393 49.655787386000156 214.54933074861765 21.871553413569927 75.513057328760624 275.38675135374069 4148.4137666970491 1129.5338232591748 55.780011385679245 77.739605635404587 38.986920818686485 123.40141206979752 732.17264577001333 1352.6212612390518 66.384247370064259 1651.440093524754
leaf_count=8809 136 742 8766 906 55 80 107 1885 5008 9806 7860 1431 863 136 217 345 1252 134 369 1434 15848 4206 186 239 114 564 3881 7741 302 8869
internal_value=-0.000458486 -0.0207818 0.00407712 -0.0412905 0.00724111 -0.0139484 0.00431241 -0.00296431 -0.0180719 -0.0258356 0.00766322 0.000164404 -0.0198607 -0.0072276 0.0618862 -0.00604599 -0.00391633 0.0134886 0.0496758 -0.0060034 0.0100797 0.00711354 0.0169833 0.00347409 0.0673253 -0.00591481 -0.0044869 -0.0124636 0.0639017 0.000452572
internal_weight=17939.2 3273.07 14666.1 818.017 132.546 2455.05 452.252 401.506 2002.8 1217.08 10124.1 2467.37 506.382 120.315 50.7461 785.724 4541.99 467.808 163.769 304.039 7656.77 5355.69 2301.09 4226.15 94.7669 4074.18 3859.64 1476.02 141.897 2383.61
internal_count=92291 28096 64195 9906 1097 18190 2951 2627 15239 9886 39513 11060 2294 1042 324 5353 24682 2375 805 1570 28453 20293 8160 16087 300 22307 21055 8305 671 12750
is_linear=0
shrinkage=0.1


Tree=76
num_leaves=31
num_cat=0
split_feature=11 3 4 14 11 14 18 6 12 13 12 11 9 11 8 7 13 8 7 6 4 17 12 2 12 3 8 8 5 1
split_gain=19.3298 12.2764 11.5144 9.27316 8.50745 7.98947 8.69136 7.95386 7.73435 8.32855 7.42235 8.40862 8.21181 7.06158 7.93984 14.644 6.12163 6.02853 6.01458 11.2988 6.23768 5.8861 5.83843 12.8744 7.82019 5.72387 18.1587 12.8961 5.67987 6.61361
threshold=0.02657258756859671 -0.11794174499126096 -0.0059476625783170247 0.68460729150251687 0.039967620586456858 0.19541726275631857 1.0000000180025095e-35 -0.036300540539794028 0.08748111543201649 0.036772893890828211 0.18315970758002706 0.031386340172718762 0.52593866098839104 0.0052739082676459288 0.45589127003699398 0.04611029924121491 0.072707025599206068 -2.5009914816032208 -0.068747355364878901 -0.06241893404848952 -0.010983353285779705 1.0000000180025095e-35 0.13512994334176548 -0.0013452643718672162 0.11814696930981704 0.026307254884037515 0.066152644716596723 -0.087793651546384271 0.040581882779811458 0.054808265141032216
decision_type=2 2 2 2 2 2 2 2 2 2 2 2 2 2 2 2 2 2 2 2 2 2 2 2 2 2 2 2 2 2
left_child=1 8 3 5 10 6 -3 -7 18 17 28 12 -12 14 15 -4 -14 -10 20 -20 -1 -6 24 -24 -5 27 -27 -15 29 -2
right_child=4 2 13 22 21 7 -8 -9 9 -11 11 -13 16 25 -16 -17 -18 -19 19 -21 -22 -23 23 -25 -26 26 -28 -29 -30 -31
leaf_value=0.0042066869042756303 -0.0076813572270321723 -0.016645435379352421 -0.02527950419690449 -0.013352973884979217 -0.030849453607260963 0.020937903781722229 0.018570886566401275 0.00040364906975538486 0.028663549480996836 0.018378737498678074 0.003258026853435376 -0.0071758346371971014 0.01733541496941925 0.0046268575384714938 -0.07957852618775732 0.068030475868340642 0.078321578126187383 -0.018240880829775444 0.057072569069156615 -0.028662374395349834 -0.032093346915717851 0.0032019806600109809 0.05785978910391492 -0.023241821393767272 -0.063863144870134156 0.022914490462252832 0.0038650388279761246 -0.0043894584345203005 -0.021844566905709049 0.029603143478383605
leaf_weight=56.9040602222085 1229.727501347661 439.25610510259867 101.31614689156413 716.49819496273994 252.40308747440577 218.63423816859722 83.384478963911533 1374.7143753618002 31.502143852412701 141.86827917397022 76.333398580551147 171.60581813752651 29.562629655003548 4666.3478447534144 18.828474462032318 20.166916083544493 37.132690742611885 210.53857456147671 26.677189439535141 36.271366804838181 281.5886544957757 63.544405333697796 35.42015665769577 43.750409103929996 32.021947979927063 561.81005248427391 4578.2187643870711 2403.3961520791054 285.22614149749279 49.489988707005978
leaf_count=286 6126 2139 1133 3471 1395 1035 400 6679 164 694 372 876 154 23430 128 146 187 1046 133 168 1374 372 176 203 142 2880 22646 12602 1471 263
internal_value=-1.58601e-05 0.00118581 0.00181196 -0.00380825 -0.00881836 -0.000297941 -0.0110269 0.00322129 -0.0110077 -0.000859803 -0.00626558 0.00774884 0.0256555 0.00315155 -0.0191545 -0.00978949 0.0512895 -0.0121362 -0.0207125 0.00767154 -0.0259909 -0.0240009 -0.0127824 0.0130423 -0.0155138 0.00340789 0.00594716 0.00156171 -0.0090841 -0.00623891
internal_weight=18274.1 16079.1 15293.8 2943.68 2195.03 2115.99 522.641 1593.35 785.35 383.909 1879.08 314.635 143.029 12350.1 140.312 121.483 66.6953 242.041 401.441 62.9486 338.493 315.947 827.691 79.1706 748.52 12209.8 5140.03 7069.74 1564.44 1279.22
internal_count=92291 81075 77210 14245 11216 10253 2539 7714 3865 1904 9449 1589 713 62965 1407 1279 341 1210 1961 301 1660 1767 3992 379 3613 61558 25526 36032 7860 6389
is_linear=0
shrinkage=0.1


Tree=77
num_leaves=31
num_cat=0
split_feature=10 11 11 10 9 5 14 6 13 4 4 14 2 7 9 11 12 12 10 12 14 14 10 7 13 6 11 4 7 2
split_gain=132.295 34.9683 31.6149 15.8205 15.1947 11.9932 10.2418 11.1127 10.2011 9.27897 14.3454 8.39891 8.00713 7.54571 7.58082 7.51093 10.0048 7.45608 7.28211 10.6044 8.12853 7.24874 9.16118 6.87642 6.68649 6.12499 6.63157 6.10046 7.07344 6.0746
threshold=0.22339873211605604 0.026111874199009181 0.006547314696018435 0.14717747345429794 0.70033588774105626 -0.042053938079215973 0.66738429166010083 0.0043432133513743318 0.25869206928977245 0.0090498401294527592 -0.003669728888962442 0.83952789699570818 -0.056915862722236803 0.094257793281902438 0.15634012798437336 0.01672327812975908 0.022767940491170268 0.16277172666998302 0.49155236848329681 0.12013426238911336 0.17830310581937334 0.78363954059640906 0.22232818054735062 0.10933370637226815 -0.43485192641921838 -0.027591734167059397 0.034734925370502649 0.0063592390393223406 -0.065746405511695957 0.045512124980492626
decision_type=2 2 2 2 2 2 2 2 2 2 2 2 2 2 2 2 2 2 2 2 2 2 2 2 2 2 2 2 2 2
left_child=2 4 6 11 5 12 -1 -8 -6 10 -7 13 17 14 -4 21 -17 -2 19 -3 25 22 -5 -18 -23 26 -20 -21 -29 -11
right_child=1 18 3 15 8 9 7 -9 -10 29 -12 -13 -14 -15 -16 16 23 -19 20 27 -22 24 -24 -25 -26 -27 -28 28 -30 -31
leaf_value=0.020949685282605209 -0.018330367071407949 -0.021661482010277653 0.013384227528823737 0.0070949192083504774 0.0087808461030985628 -0.010403179857686918 0.072932728038392972 0.025738228285274802 0.092314031709143318 -0.018179677105575245 0.00042783399031081092 -0.0049760733179461877 -0.04421691517616369 -0.016198670071036644 0.031544475339557836 -0.036305357356966286 0.00063244150198086776 0.027266305119481412 -0.0030563414739344197 -0.008299134278521891 -0.034018947203710702 -0.026250656956182134 0.062102114476854556 -0.039860275634243797 0.00069352358600401651 -0.028831574016414542 0.082114001002686288 0.075361451220814904 0.0061509964816511154 -0.0015910558358821663
leaf_weight=554.5765785574913 406.59128224104643 859.60359299182892 2238.0499675422907 3051.8685065582395 34.298149213194847 1873.8173118680716 91.840571999549866 109.23502160608768 25.480254389345646 777.20609667897224 3520.0439734756947 248.165895357728 111.99631527066231 78.705233320593834 256.17632034420967 90.313678570091724 846.15770515799522 39.332056157290936 24.953009992837906 153.8575796186924 577.94548498094082 101.1023895740509 30.580341994762421 44.125041045248508 1034.5667967349291 36.215318389236927 14.427871055901049 21.318531714379787 48.049681641161442 308.31978671252728
leaf_count=2338 2464 5323 9612 14950 184 10314 471 459 148 4383 19379 1150 644 361 1190 451 4565 245 170 1010 3899 480 161 230 5110 247 103 154 317 1779
internal_value=-0.000290323 -0.00892954 0.00840598 0.00656356 -0.00581744 -0.0062439 0.0279598 0.0472942 0.0443865 -0.00503251 -0.00333484 0.0125929 -0.0203123 0.0142874 0.0152494 0.00329174 -0.00459166 -0.0143086 -0.0216496 -0.0166185 -0.0299855 0.00512441 0.00764063 -0.0013745 -0.00170517 0.000850845 0.0281473 0.00280104 0.027421 -0.013468
internal_weight=17608.9 8833.46 8775.46 8019.81 7097.09 7037.31 755.652 201.076 59.7784 6479.39 5393.86 2821.1 557.92 2572.93 2494.23 5198.71 980.596 445.923 1736.37 1082.83 653.542 4218.12 3082.45 890.283 1135.67 75.5962 39.3809 223.226 69.3682 1085.53
internal_count=92291 50763 41528 38260 39540 39208 3268 930 332 35855 29693 12313 3353 11163 10802 25947 5246 2709 11223 6804 4419 20701 15111 4795 5590 520 273 1481 471 6162
is_linear=0
shrinkage=0.1


Tree=78
num_leaves=31
num_cat=0
split_feature=11 10 10 0 15 2 1 16 4 0 20 4 14 0 15 4 14 7 4 6 2 1 1 11 6 7 3 11 11 7
split_gain=52.4544 17.43 10.9749 9.08825 19.3753 10.4355 8.89879 7.92065 10.2306 7.19256 10.4771 9.1127 10.3613 7.87405 7.82007 6.33789 6.18075 6.12754 7.83126 6.09666 7.59441 7.84632 5.91235 6.11016 5.67701 7.19421 5.6494 5.56993 5.71248 5.53528
threshold=0.016956307554025395 0.15274110439321778 0.41659425995712751 1.0000000180025095e-35 0.59463418801700663 -0.042422881929467852 0.11865607475216404 1.0000000180025095e-35 0.0012322766620442851 0.0040441291877151295 1.0000000180025095e-35 -0.0035855970068074945 0.95073172447759102 0.021513515314972368 0.85219517343277296 -0.0020827793852205008 0.18689602658175278 -0.095007017837976035 0.045348143960509527 0.049671280560964377 0.027008005607839895 -0.023515232258742188 0.032260846990294086 0.010738188388337717 -0.0089664926812710859 0.041060788353028184 -0.18194494568749811 0.0099821981636076269 0.011114652290743026 -0.10511280003085281
decision_type=2 2 2 2 2 2 2 2 2 2 2 2 2 2 2 2 2 2 2 2 2 2 2 2 2 2 2 2 2 2
left_child=1 3 6 4 22 -5 -2 15 -9 19 11 12 -11 14 -12 -7 -13 29 26 20 21 -3 23 -1 -6 -26 -19 -21 -29 -4
right_child=2 9 17 5 24 7 -8 8 -10 10 13 16 -14 -15 -16 -17 -18 18 -20 27 -22 -23 -24 -25 25 -27 -28 28 -30 -31
leaf_value=0.013482375771574184 -0.0038208774922286514 0.0055380886065111616 -0.0064460088243656344 0.089261290016163661 -0.055786851859603942 0.026887189315379534 0.06190453772504724 0.0079419809709248227 0.044633712847365066 0.020236247995679014 -0.009626749386979383 -0.0032089351122424632 0.093373844900799308 -0.037496489597435734 0.018287722019005758 0.008889404127629584 0.0098102964599267803 -0.063312132025037007 0.046326785653366252 -0.06434687040902691 0.0095346022766826504 -0.0043003025941380458 0.062658000465662514 -0.001472774047272902 -0.00021129056350632525 -0.047089957662408005 -0.016060052707517446 0.038960284928304417 -0.014493061339732459 0.029997068808847796
leaf_weight=969.83483150973916 5401.8164061382413 1227.642850279808 468.02445194125175 19.49307756125927 42.575768850743771 239.87338764965534 20.678727574646473 127.22493663430214 188.70453906431794 300.96148698031902 343.30220754444599 471.6456465870142 20.702609673142433 69.323071487247944 141.81480896472931 1061.5816963240504 1607.3150011152029 25.807121343910694 19.831291049718857 20.39999408274889 852.47745833545923 2386.3339149206877 21.066440403461456 380.3295221850276 107.11248961463571 47.145489200949669 1293.5032412037253 21.767934918403625 245.17342960089445 45.752605073153973
leaf_count=5075 28006 5808 2563 94 194 1223 125 659 970 1475 1626 2247 105 319 694 5444 7783 132 116 106 4268 11599 109 1855 616 228 7245 116 1230 261
internal_value=0.000736612 0.00512116 -0.00584062 0.0113191 0.00587836 0.0165311 -0.00357023 0.0156545 0.0298579 0.00254439 0.0064186 0.00928016 0.0249435 -0.00597141 -0.00146648 0.0122066 0.00685667 -0.0124848 -0.0160468 0.000136095 0.00104442 -0.000958269 0.0100899 0.00926964 -0.0234608 -0.0145387 -0.0169844 -0.013983 -0.0101342 -0.0032007
internal_weight=18189.2 10913.8 7275.41 3204.94 1568.06 1636.88 5422.5 1617.38 315.929 7708.86 2955.06 2400.62 321.664 554.44 485.117 1301.46 2078.96 1852.92 1339.14 4753.8 4466.45 3613.98 1371.23 1350.16 196.834 154.258 1319.31 287.341 266.941 513.777
internal_count=92291 53843 38448 16467 8077 8390 28131 8296 1629 37376 14249 11610 1580 2639 2320 6667 10030 10317 7493 23127 21675 17407 7039 6930 1038 844 7377 1452 1346 2824
is_linear=0
shrinkage=0.1


Tree=79
num_leaves=31
num_cat=0
split_feature=10 10 11 8 13 6 5 12 14 4 4 12 1 4 14 13 13 2 11 15 6 9 13 6 2 9 9 14 8 15
split_gain=168.438 43.2266 31.1227 23.8404 26.6562 36.6098 32.3692 19.5751 19.1009 18.9965 18.1803 15.9638 14.8325 13.6067 13.2973 13.1465 12.6276 12.6346 11.3901 11.177 15.8646 10.9419 10.7273 10.6696 10.3195 10.126 9.75979 9.61415 9.4181 8.78854
threshold=0.15274110439321778 0.20452766908531184 0.0074558475559194561 0.86636020561801785 0.15644327019573714 0.023004073894252079 0.022781180201412513 0.11461285134532745 0.82195123176970786 -0.0078765191550811391 -0.010393537988431232 0.054014475836884672 -0.021994419683430962 0.0051063984033368212 0.049409294383681766 -0.72417987179556598 -0.53475367727205148 0.022454364277100018 0.0075843604316533546 0.22113449048577619 0.058848588064471692 0.38175157687788336 -0.47921649878138894 -0.0098129880134392704 0.044754531631241885 0.1978832423826459 0.12749016732691329 0.96835002384358615 0.28154470059381842 0.87773009060562723
decision_type=2 2 2 2 2 2 2 2 2 2 2 2 2 2 2 2 2 2 2 2 2 2 2 2 2 2 2 2 2 2
left_child=2 18 -1 4 5 7 -7 -3 9 11 -5 28 -10 27 21 -16 17 -11 -2 20 -6 -12 24 -18 26 -21 -20 -14 -4 -24
right_child=1 3 8 10 19 6 -8 -9 12 16 14 -13 13 -15 15 -17 23 -19 22 25 -22 -23 29 -25 -26 -27 -28 -29 -30 -31
leaf_value=-0.060526529613555695 -0.063175230887934558 0.012951866186933642 -0.019830258788887598 0.03780933674445152 0.0022095933413054714 -0.021928253697397503 0.0047220895459170161 -0.00023996546252529933 0.091810500992211358 -0.01586456969267688 0.01594671267106813 0.11708927653952145 -0.026901037421972963 0.063514525102536579 0.057449470622595977 0.0081803625392320705 -0.017667868631316763 0.090366063385481865 -0.041749525848754618 0.014236363549575099 0.084860393902912556 0.094289514629954149 -0.011030022582238872 -0.042460502265347533 0.072365808530327841 -0.011206528615303885 0.015173166013081125 0.045316818558948813 0.052349659408190953 0.0097997688080168534
leaf_weight=290.8995716702193 37.059367824345827 5024.3197744786739 80.989031124860048 299.7010322958231 901.15084987878799 751.03784700483084 1159.1565024927258 1449.320146612823 17.912617988884449 43.933579973876476 37.036449670791626 12.220092691481112 121.06970071792603 25.410632818937302 55.853298425674438 1784.1187539584935 228.66905702278018 15.024966754019259 36.201822698116302 171.35476733744144 23.838292852044106 34.373573690652847 2372.6444586142898 720.52502707391977 25.945968553423882 1795.2436786219478 179.32385869324207 21.744971953332424 23.271478537470102 221.46350345015526
leaf_count=4945 451 21762 728 1051 3742 3575 5169 5834 115 378 147 75 972 193 202 6953 1916 118 223 889 94 94 14608 7421 149 7797 1005 155 198 1332
internal_value=1.27273e-05 0.00304288 -0.0309366 0.00541527 0.00355342 0.00640891 -0.00575612 0.00999848 -0.0243697 -0.0292808 0.0149097 0.00895482 0.00530264 -0.00390871 0.0113191 0.00967595 -0.0336985 0.0112072 -0.00809505 -0.00472574 0.00433962 0.0536574 -0.00737519 -0.0364877 0.0127845 -0.00898962 0.00561187 -0.0159051 -0.00371933 -0.00925175
internal_weight=17960.8 16359.1 1601.67 13486.5 11275.4 8383.83 1910.19 6473.64 1310.77 1124.63 2211.08 116.481 186.138 168.225 1911.38 1839.97 1008.15 58.9585 2872.64 2891.59 924.989 71.41 2835.58 949.194 241.472 1966.6 215.526 142.815 104.261 2594.11
internal_count=92291 75077 17214 57309 48862 36340 8744 27596 12269 10834 8447 1001 1435 1320 7396 7155 9833 496 17768 12522 3836 241 17317 9337 1377 8686 1228 1127 926 15940
is_linear=0
shrinkage=0.1


Tree=80
num_leaves=31
num_cat=0
split_feature=11 11 11 13 8 3 8 6 12 3 6 8 12 9 14 12 14 12 11 14 6 3 8 9 14 14 3 3 11 17
split_gain=134.525 40.1627 27.6566 21.7703 22.6914 25.7026 23.2254 19.7319 25.1051 19.6612 19.6383 30.3313 18.713 18.1581 17.3931 17.9438 17.7309 20.1118 17.046 15.615 14.4174 14.333 20.8854 18.9873 18.9534 16.7103 13.6279 13.6223 13.5342 14.1245
threshold=0.012197066460888193 0.0090598281206013351 0.025448142210334992 -0.18926882510232246 -1.155205619117347 -0.099272461869538628 -1.5140792503241325 0.011088728755145107 0.10563265853634247 0.068502068138021968 0.045962643514145259 -0.025558661107318532 0.16727797332630664 0.12246847597223547 0.1266380543633763 0.036686316462107994 0.77492687780804304 0.13017609063868452 0.0079317743699973218 0.012126747888688913 0.066860405481067323 -0.09683704906366318 -1.3531346157326347 0.3655025940990238 0.51287804927078839 0.070891596289630363 0.082299834817772158 -0.092005446520938769 0.011114652290743026 1.0000000180025095e-35
decision_type=2 2 2 2 2 2 2 2 2 2 2 2 2 2 2 2 2 2 2 2 2 2 2 2 2 2 2 2 2 2
left_child=1 7 3 9 5 6 -5 18 -9 10 19 -12 13 -6 15 -3 28 20 -1 -2 -18 23 -23 24 -4 -25 -17 -14 -16 -30
right_child=2 14 21 4 12 -7 -8 8 -10 -11 11 -13 27 -15 16 26 17 -19 -20 -21 -22 22 -24 25 -26 -27 -28 -29 29 -31
leaf_value=-0.066880519732871499 0.073215128594849396 0.032065608685015033 -0.003529631096379245 0.024037723217369057 -0.03011377036826561 0.051469380924027364 -0.0264788832861312 -0.026414434268674365 0.073865091541436625 0.0092106675123241281 0.092374535722407114 -0.0081015651508085842 -0.071859547183826103 0.0044781737458991526 -0.014777421056886123 -0.017804671275916544 -0.0013491962262902812 -0.064298216392821572 -0.030453795983972409 -0.012450529873084369 0.087291214784371574 0.081412329184314638 0.013518370605740408 -0.061065542370290542 -0.069120103581216216 0.011000127598444723 0.060969514924994375 -0.012811958813873143 -0.04649262819183099 -0.0023150696700780008
leaf_weight=265.47149985469878 21.469498433172703 169.08894178271294 117.67120161652565 294.00395343452692 155.35203319042921 205.39435002207756 131.81593768298626 396.64232217147946 26.642206147313118 707.79531127214432 47.028728038072586 83.192439250648022 46.910437792539597 6540.1865572705865 691.6050036624074 225.27847769483924 653.86653756350279 50.494359001517296 248.91753063350916 2384.456182539463 18.879301562905312 46.027730494737625 2899.8428733944893 33.764870390295982 70.421755939722061 683.64020910859108 24.333693020045757 233.77332782745361 345.9590233489871 91.516221173107624
leaf_count=4210 100 1138 476 1167 1159 866 588 4342 154 3124 179 375 227 30600 5848 1427 4456 354 2581 11766 80 152 9701 121 287 2269 126 1034 2657 688
internal_value=-0.000131638 -0.0186828 0.00391693 0.00133309 0.00425796 0.0224145 0.00839991 -0.0360941 -0.0201027 -0.00552609 -0.00963887 0.0281849 0.00261514 0.00367556 -0.0114939 0.00691315 -0.0156547 -0.00343025 -0.0492533 -0.0116861 0.00113832 0.011197 0.0145792 0.000193666 -0.0280866 0.00760834 -0.0101253 -0.0226805 -0.0234851 -0.037251
internal_weight=17911.4 3208.7 14702.7 10851.4 7607.44 631.214 425.82 937.674 423.285 3243.94 2536.15 130.221 6976.22 6695.54 2271.02 418.701 1852.32 723.24 514.389 2405.93 672.746 3851.37 2945.87 905.498 188.093 717.405 249.612 280.684 1129.08 437.475
internal_count=92252 28061 64191 51185 35641 2621 1755 11287 4496 15544 12420 554 33020 31759 16774 2691 14083 4890 6791 11866 4536 13006 9853 3153 763 2390 1553 1261 9193 3345
is_linear=0
shrinkage=0.1


Tree=81
num_leaves=31
num_cat=0
split_feature=11 10 13 13 14 12 13 3 11 6 5 4 15 3 12 11 8 10 9 4 0 9 6 8 14 14 9 3 13 8
split_gain=23.8286 13.1673 11.3136 10.6251 9.59985 12.3057 11.8785 11.3909 11.7113 9.92848 9.54018 16.9143 10.7285 9.44626 8.99673 8.51741 7.69298 7.59694 8.06388 7.54918 7.3432 7.25634 10.6745 12.6156 6.80038 7.79086 7.63733 6.785 6.69404 6.54221
threshold=0.018176023076507352 0.10124100007317609 0.26882549738537709 -0.017016577107488044 0.74911916669622503 0.020264429150669078 0.63060468556443305 0.12350237003066457 0.011950127379382376 -0.0037699143745543724 -0.0076012088362980004 -0.018571935200820452 0.97873174457991186 -0.12162220460410418 0.091080040829633391 0.037438633581772879 -0.41551049650961347 0.28815559827876353 0.28874158250316856 0.0043811743881509999 0.040528375718209116 0.10129011236671671 0.011443892997396678 0.5546834081890929 0.062298675527250914 0.088068551295238787 0.79967899831090083 -0.004266729717832928 -0.20695663469767855 -1.0620849562526244
decision_type=2 2 2 2 2 2 2 2 2 2 2 2 2 2 2 2 2 2 2 2 2 2 2 2 2 2 2 2 2 2
left_child=1 16 13 10 5 9 -7 8 -6 -5 19 -12 -13 17 -9 24 27 18 -2 -3 -15 22 -18 -24 -4 -26 -27 -1 -22 -21
right_child=2 3 15 4 7 6 -8 14 -10 -11 11 12 -14 20 -16 -17 21 -19 -20 29 28 -23 23 -25 25 26 -28 -29 -30 -31
leaf_value=-0.0022981568612235898 -0.0094172898403320476 0.003912875924035936 -0.029568287469627259 -0.039659121048475854 0.0041054911802581671 0.0047832539463707616 0.04815484625738238 0.053389826350288827 -0.01505330188854625 -0.0030670153761053341 -0.03412653137024494 0.010847752241600176 -0.043598140731954796 -0.0037776902276849145 -0.015796076559783847 -0.018786674307506766 -0.025026634482523142 -0.021731600847792173 0.066232406769463528 0.029675721554244385 -0.053490035806684426 -0.038476395418737673 0.017623301214430526 -0.066530965339251194 0.06737583993757057 0.005515685225775703 0.050639778730482768 0.088750969831613832 -0.011751262680658701 -0.017940874095171061
leaf_weight=20.634125299751759 44.832025170326233 1319.8600252941251 50.074451372027397 105.71232578903437 499.48982328921556 3069.4822350591421 64.473216757178307 55.244722113013268 883.25419788807631 248.34585604071617 87.092231333255768 4270.0777257010341 36.50112946331501 4540.5352259278297 28.48721768707037 147.897461168468 196.57326884567738 540.31742495298386 20.549142852425575 32.055086970329285 54.679012611508369 105.36377104371786 164.05130211263895 19.983639791607857 21.727108657360077 1172.1447734236717 38.747955091297626 13.56537354364991 129.25782745331526 288.95020922273397
leaf_count=146 222 6708 236 590 2608 15336 333 268 4269 1358 396 21251 168 22018 152 838 2004 2782 105 169 263 712 1129 137 116 5531 197 130 650 1430
internal_value=0.000752761 0.0035207 -0.00395924 0.0042566 0.000824899 0.00367908 0.00567551 -0.00596377 -0.00813255 -0.0139924 0.0070741 0.00950394 0.0103863 -0.00607853 0.0298515 0.00393693 -0.0120258 -0.0178358 0.0143592 0.000567802 -0.00457119 -0.0152519 -0.00882265 0.00848532 0.00655701 0.00802458 0.00695963 0.0338169 -0.024159 -0.013186
internal_weight=18270 11509.2 6760.76 10989 4954.49 3488.01 3133.96 1466.48 1382.74 354.058 6034.54 4393.67 4306.58 5330.17 83.7319 1430.59 520.171 605.699 65.3812 1640.87 4724.47 485.972 380.608 184.035 1282.69 1232.62 1210.89 34.1995 183.937 321.005
internal_count=92252 59294 32958 55036 24914 17617 15669 7297 6877 1948 30122 21815 21419 26040 420 6918 4258 3109 327 8307 22931 3982 3270 1266 6080 5844 5728 276 913 1599
is_linear=0
shrinkage=0.1


Tree=82
num_leaves=31
num_cat=0
split_feature=10 10 10 12 1 0 6 2 0 9 8 10 12 10 4 2 12 1 10 5 13 8 10 3 19 0 13 4 14 12
split_gain=97.3166 27.1203 22.6826 15.3469 11.2051 10.737 13.2828 11.3841 11.2595 10.7594 10.5532 10.4261 10.2836 9.85888 9.59133 9.03343 8.83381 7.8892 7.86706 6.96265 7.90974 8.13978 8.97241 8.06996 7.82763 7.68264 6.65277 6.6308 6.45699 6.45679
threshold=0.20566759967554013 0.13139500563086301 0.39037677753576344 0.22261444730592403 0.003194890896519365 -0.0042841601993923719 0.0087664508443966466 -0.0050447928180346038 0.0044321547396721792 0.10129011236671671 0.84488198958270144 0.50845536067110797 0.023666994409079749 0.74266215524502022 -0.0068352966058573541 0.017754140340446204 0.022451876999845913 0.014926977375563146 0.15842325891729195 -0.042053938079215973 0.30364356268551013 -0.16272253737502346 0.28954745046324065 -0.0030471579152391288 1.0000000180025095e-35 0.0099881090669495815 -0.36895281452736534 0.010905242434565034 0.72766479110855686 0.31393750960117778
decision_type=2 2 2 2 2 2 2 2 2 2 2 2 2 2 2 2 2 2 2 2 2 2 2 2 2 2 2 2 2 2
left_child=1 5 19 11 13 -1 7 9 -9 -7 12 14 18 29 -4 -14 -12 -17 28 -2 24 23 -23 -22 25 -21 -8 -26 -3 -5
right_child=2 10 3 4 -6 6 26 8 -10 -11 16 -13 15 -15 -16 17 -18 -19 -20 20 21 22 -24 -25 27 -27 -28 -29 -30 -31
leaf_value=0.0032969745149626557 -0.015398234924093502 0.010362037984052892 -0.03064512608672941 0.014876490247192557 -0.016522355697695175 -0.0066939856943169611 -0.010325060960580598 0.043037030248821412 0.010939263381379169 0.027444675191039471 0.029203127314599744 -0.031967319580087965 0.0040276752119476639 -0.015624718978025646 -0.010020615622434425 0.023869987109341333 -0.020071946381539658 0.0075227543002958147 -0.013867218375851363 -0.0041296533777501259 0.01317282489797666 -0.012117557911795439 0.015575411706860044 0.064769100313966904 0.0048845018501111779 -0.012832798467819912 0.014587809666004118 -0.017335380230037608 -0.016853459590714642 0.056630901535537653
leaf_weight=495.08880046010017 536.14721813797951 392.65162645280361 299.80303221195936 130.36654336005449 224.39083170890808 150.35176245868206 121.84386974573135 496.50886145979166 140.13184507191181 239.18641418218613 41.808425381779671 528.7942870631814 2585.6202023774385 78.668896839022636 909.56664551794529 515.43194782733917 280.34355758875608 690.9923994988203 449.83077485114336 3741.6417659372091 247.60093331336975 312.7118354588747 186.93376613408327 34.542359679937363 1130.345433421433 1391.4825588390231 891.27186891436577 152.41068682074547 112.05420956015587 51.730874300003052
leaf_count=2095 3270 1736 1880 802 1331 632 512 2250 591 1038 207 3555 12546 478 5680 2499 1347 3373 2178 20433 1437 1700 1120 202 6252 7651 3786 845 502 324
internal_value=-0.000458462 0.00806075 -0.0069636 -0.0158653 -0.000139505 0.016507 0.0197141 0.0277331 0.0359719 0.014268 0.00383759 -0.0202547 0.00502632 0.013958 -0.0151334 0.00736161 -0.0136771 0.0145069 -0.004251 -0.00440453 -0.00358562 0.00591099 -0.00175671 0.0194897 -0.0047428 -0.00648889 0.0115916 0.00224445 0.00431968 0.0267382
internal_weight=17560.3 7603.12 9957.14 2223.32 485.157 2534.38 2039.29 1026.18 636.641 389.538 5068.73 1738.16 4746.58 260.766 1209.37 3792.04 322.152 1206.42 954.537 7733.82 7197.67 781.789 499.646 282.143 6415.88 5133.12 1013.12 1282.76 504.706 182.097
internal_count=92252 35292 56960 14050 2935 10904 8809 4511 2841 1670 24388 11115 22834 1604 7560 18418 1554 5872 4416 42910 39640 4459 2820 1639 35181 28084 4298 7097 2238 1126
is_linear=0
shrinkage=0.1


Tree=83
num_leaves=31
num_cat=0
split_feature=10 10 14 0 3 8 16 9 0 19 4 1 15 0 9 1 0 9 12 12 1 2 10 6 13 10 2 12 2 12
split_gain=36.3023 20.2972 10.1183 9.27704 9.38208 16.8145 10.5515 8.93351 8.69126 13.7247 9.35132 9.4657 9.5596 9.04211 8.49274 7.38081 9.05196 6.72426 6.70491 6.44952 6.31333 8.85221 6.62934 5.67477 5.56072 5.39946 7.21777 7.15714 5.64245 5.47158
threshold=0.27266678850835929 0.11651539394263651 0.045112834002492046 0.0025740039951727138 -0.044781385270715283 -0.58407411662476416 1.0000000180025095e-35 0.23871974599888746 0.0041698455035135149 1.0000000180025095e-35 -0.0020827793852205008 -0.0048749480057572727 0.38428230805913216 -0.0014103451753610938 0.10580548760256099 0.009931215933895567 0.00040478319908432431 0.22931930088520677 0.036131616753159103 0.019548606394524663 -0.032523175942348541 -0.069739937554937445 0.27123899258695144 0.005259822969374107 -0.033841946512999523 0.60235220234279063 -0.048553225716810637 0.10069268961269813 -0.15223082972911792 0.24553491193768495
decision_type=2 2 2 2 2 2 2 2 2 2 2 2 2 2 2 2 2 2 2 2 2 2 2 2 2 2 2 2 2 2
left_child=1 8 19 20 5 -5 -6 15 10 -10 13 14 -13 18 -12 16 24 -17 -1 -3 21 -4 -22 -15 -2 27 29 28 -9 -27
right_child=7 2 3 4 6 -7 -8 25 9 -11 11 12 -14 23 -16 17 -18 -19 -20 -21 22 -23 -24 -25 -26 26 -28 -29 -30 -31
leaf_value=0.01837911373103663 0.0073106529691198728 0.021402002409965273 -0.01159856322989389 0.0038418904808177447 0.0017579686862974194 0.041716825517414444 0.015605931163381843 -0.044421251664029292 0.037611580237271673 -0.010276928024602169 0.040226176236486111 0.016984549285824314 -0.013191579685826427 0.022374212171194341 -0.0041394745004159957 -0.013919569991612766 0.023104806427044076 0.022378011595224342 -0.0411858968272482 -0.017927054291459868 -0.0019570725580058713 0.01276150191843109 0.049332865577203185 0.068414237080375098 -0.016692067597408194 -0.020288699034667068 -0.027237921802654542 -0.0012556288621948107 -0.0087908517101763593 0.012959523423471118
leaf_weight=155.18430427461863 303.99313767999411 47.006779849529266 189.99768270552158 292.24744181334972 3022.1401848942041 195.70816489309072 672.70048175752163 45.044213086366653 295.96244730427861 75.015361033380032 110.82467306405306 152.51689044386148 336.83214555680752 48.433961227536201 70.655704125761986 345.33427572250366 262.34611301124096 59.888470277190208 21.518177337944508 369.10387795418501 4684.746020115912 694.28229041397572 25.336622305214405 59.858302302658558 141.41939216852188 93.574697144329548 302.4062784165144 1663.775252610445 3342.7964488640428 105.07790590822697
leaf_count=794 1521 236 915 1386 14572 938 3272 233 1523 400 572 871 2039 264 336 1739 1328 311 108 1806 22956 3280 139 319 700 545 1782 9137 17593 637
internal_value=-9.62296e-05 0.00330234 0.00178795 0.00243792 0.0060003 0.0190327 0.0042792 -0.00596988 0.0149367 0.0279281 0.00989449 0.00344746 -0.00378649 0.0250697 0.0229533 0.00220717 0.00836904 -0.0085551 0.0111255 -0.0134842 -0.000225598 0.00752746 -0.00168117 0.0478227 -0.00031026 -0.00760889 -0.0175103 -0.0066268 -0.00926459 -0.00270195
internal_weight=18185.7 11520.1 10193.3 9777.16 4182.8 487.956 3694.84 6665.66 1326.8 370.978 955.824 670.829 489.349 284.995 181.48 1112.98 707.759 405.223 176.702 416.111 5594.36 884.28 4710.08 108.292 445.413 5552.67 501.059 5051.62 3387.84 198.653
internal_count=92252 56726 49500 47458 20168 2324 17844 35526 7226 1923 5303 3818 2910 1485 908 5599 3549 2050 902 2042 27290 4195 23095 583 2221 29927 2964 26963 17826 1182
is_linear=0
shrinkage=0.1


Tree=84
num_leaves=31
num_cat=0
split_feature=11 11 11 7 4 4 7 13 1 14 19 9 14 0 18 7 1 1 2 2 11 13 14 17 1 9 14 14 14 1
split_gain=149.68 40.1429 32.3923 25.8256 21.8076 27.8846 20.3347 20.2219 22.7495 18.6276 17.4323 16.9978 16.8696 16.2927 30.9981 29.4823 14.9916 14.3913 19.7429 14.0081 13.6708 12.3437 12.129 11.0108 15.1736 14.2204 17.0337 12.0373 10.4197 10.3543
threshold=0.010467521156656253 0.0074558475559194561 0.015120919870531895 -0.0087052249310209922 0.020768703231742073 -0.00069283893179172818 0.12632957446266349 -0.54889143797696083 -0.0058441223756475749 0.69752454138432884 1.0000000180025095e-35 0.13319967228557569 0.26852877382435741 0.0039339616817970499 1.0000000180025095e-35 -0.010138550178932391 -0.017440276043551691 -0.0058441223756475749 0.016409571774133717 0.030701399605693517 0.011761619696326055 0.39390050034257923 0.14379106688442403 1.0000000180025095e-35 -0.037958670753452044 0.23050917916135868 0.70183029134493291 0.97227739746272734 0.89251755087532225 0.011477435970659313
decision_type=2 2 2 2 2 2 2 2 2 2 2 2 2 2 2 2 2 2 2 2 2 2 2 2 2 2 2 2 2 2
left_child=1 -1 7 -3 5 6 10 8 -2 12 -4 -10 22 16 19 -16 -6 21 -19 -15 -13 -7 -5 25 -25 26 -9 -26 -27 -11
right_child=2 3 4 9 13 17 -8 23 11 29 -12 20 -14 14 15 -17 -18 18 -20 -21 -22 -23 -24 24 27 28 -28 -29 -30 -31
leaf_value=-0.059876824636302964 -0.019086294784368997 7.8147099718218121e-05 0.010793054118965636 -0.037371623965257096 0.023248238460196444 0.0081046919338772661 0.027945858183544243 -0.0053776860887540896 0.10638465588936274 0.0047772967312996054 -0.0041387567835119007 -0.034885986470063017 -0.051986706437003295 -0.0011074314153493858 0.097071402566555373 0.023467185816834119 -0.014610823412425734 -0.014717109202425097 0.0013676731166363167 0.034427203365197938 0.045087976300162091 -0.014197832583672002 0.004330337367676562 0.023412513083093306 -0.022989805084595617 -0.0078831822735280343 0.012631416329275252 0.037808921092973707 -0.032556344347866153 -0.030984238971866303
leaf_weight=318.55363093689084 83.102152995765209 424.2330742739141 3520.8073919340968 169.80995615944266 202.41943501681089 2040.5027153789997 543.65428547561169 1426.3193813115358 35.5051354393363 197.06553676724434 1005.0543260276318 27.093185074627399 399.55660527572036 261.85418991744518 107.58271719515324 110.12552453577518 216.42647734284401 1256.4589534699917 1943.4060019403696 192.48414018750191 101.26462811976671 282.52328766137362 118.35651198029518 88.150864705443382 749.45642499253154 908.7560880407691 831.3056650236249 34.043382599949837 210.87975127995014 137.42289590835571
leaf_count=5473 451 3130 14323 1541 748 8273 1901 9326 226 1529 4145 176 4300 1021 381 421 872 5447 8076 683 545 1186 1093 473 4510 4819 4760 172 1097 1154
internal_value=-8.88521e-05 -0.0277408 0.00292772 -0.0206634 0.00570339 0.0043169 0.00967222 -0.00428531 0.0235326 -0.0292715 0.00747716 0.0451465 -0.0386859 0.0191659 0.0288138 0.0598394 0.00368567 -0.000598794 -0.00494818 0.0139471 0.0282074 0.00539229 -0.0202437 -0.00590221 -0.0159225 -0.00331603 0.00125365 -0.0203481 -0.0125303 -0.00991515
internal_weight=17944.2 1765 16179.2 1446.44 11683.3 10592.4 5069.52 4495.88 246.965 1022.21 4525.86 163.863 687.723 1090.89 672.047 217.708 418.846 5522.89 3199.86 454.338 128.358 2323.03 288.166 4248.91 871.651 3377.26 2257.63 783.5 1119.64 334.488
internal_count=92252 18220 74032 12747 47477 43351 20369 26555 1398 9617 18468 947 6934 4126 2506 802 1620 22982 13523 1704 721 9459 2634 25157 5155 20002 14086 4682 5916 2683
is_linear=0
shrinkage=0.1


Tree=85
num_leaves=31
num_cat=0
split_feature=11 10 11 10 9 2 8 10 12 14 14 1 11 9 1 14 1 11 2 7 12 13 13 14 7 5 8 5 14 8
split_gain=117.991 47.3101 29.9014 16.738 16.8942 20.4823 26.021 16.0826 19.1002 19.4002 18.7464 19.4242 16.8723 15.6562 13.8236 13.4557 12.6284 30.4596 15.9317 12.5188 11.9646 11.7463 15.5596 14.3065 11.1081 17.8421 17.1307 26.2338 20.799 11.0491
threshold=0.012197066460888193 0.098883821536504143 0.025448142210334992 0.11147706474663546 0.67086003321533616 -0.091558588791516002 -0.25237452694429913 0.17914817071638178 0.020897643240655833 0.31550309966618983 0.5259609359297226 0.028506396911968771 0.0094525931824225012 0.30687735506164809 0.0047580820177604019 0.27712169458673686 0.10770418156550406 0.030106056433160409 0.15482916489047419 0.036143040355876684 0.22261444730592403 0.054731044973080074 -0.30263363000238375 0.77492687780804304 -0.097425969110274777 -0.072634567252012935 -0.33105917124905798 -0.013950204728309932 0.11385620010152754 2.4931872844167948
decision_type=2 2 2 2 2 2 2 2 2 2 2 2 2 2 2 2 2 2 2 2 2 2 2 2 2 2 2 2 2 2
left_child=1 -1 3 -2 5 6 -5 8 10 12 -3 -12 -10 21 -11 24 29 -18 -19 -7 -6 22 -9 -23 25 -4 27 -26 -28 -17
right_child=2 7 15 4 20 19 -8 13 9 14 11 -13 -14 -15 -16 16 17 18 -20 -21 -22 23 -24 -25 26 -27 28 -29 -30 -31
leaf_value=-0.065626979203306055 -0.061716651520784843 -0.021614686797232392 0.030624095333856002 0.0072464996155977932 -0.0050653122808830961 -0.0028949553056944071 0.056395814528417854 -0.020737195342880824 -0.033298078412660574 -0.051309310994046377 0.03678411836425604 -0.074402007892565167 0.0071389608650420438 -0.065411360312500652 -0.024205883093221046 0.013230299357709358 -0.026270627159843175 0.091878312154196604 0.026311706592408276 0.0044451680437445533 -0.084133824657299572 -0.038266627702550036 0.0070365488755390771 0.0042363117089534328 -0.0032790167197351196 -0.039906633244829154 0.022645021558319666 0.071839727858914001 -0.020698130877689708 -0.015365983928629402
leaf_weight=198.52364545501769 43.439275078475475 214.04504591226578 48.042879268527031 459.80098676681519 36.710362643003464 6448.8481292575598 140.67395628988743 274.4849321693182 188.87729951739311 386.29737355746329 137.22199612669647 17.744176093488932 227.43386607989669 45.19294348359108 366.91899941861629 2720.0030650869012 54.6177948564291 78.811342686414719 69.953494146466255 3632.3270998895168 39.979851834475994 205.4865405485034 760.80343372374773 128.85626851767302 101.79283681511879 141.51555319130421 175.64303943514824 85.573451712727547 299.49789261817932 142.17960888147354
leaf_count=3752 471 2295 155 1687 137 31283 493 1818 2113 3903 1335 144 1852 312 3447 9143 183 218 193 16721 195 1479 4731 841 359 537 569 295 1050 449
internal_value=-0.000813095 -0.0183724 0.0029469 0.000232556 0.00048269 0.000818464 0.0187608 -0.0151959 -0.0222724 -0.0285311 -0.00243659 0.0240529 -0.011207 -0.00750069 -0.0381062 0.0104309 0.0135207 0.0375981 0.061047 -0.000250251 -0.046285 -0.00558984 -0.000327075 -0.0218859 -0.000685338 -0.0220309 0.00542211 0.031029 -0.00467568 0.0118098
internal_weight=17871.3 3151.89 14719.4 10801.8 10758.3 10681.7 600.475 2953.36 1538.54 1169.53 369.011 154.966 416.311 1414.82 753.216 3917.63 3065.57 203.383 148.765 10081.2 76.6902 1369.63 1035.29 334.343 852.066 189.558 662.507 187.366 475.141 2862.18
internal_count=92160 28022 64138 50987 50516 50184 2180 24270 15089 11315 3774 1479 3965 9181 7350 13151 10186 594 411 48004 332 8869 6549 2320 2965 692 2273 654 1619 9592
is_linear=0
shrinkage=0.1


Tree=86
num_leaves=31
num_cat=0
split_feature=11 19 0 15 0 14 9 12 10 7 14 12 11 1 13 9 12 0 1 8 6 14 7 15 1 15 12 0 0 3
split_gain=18.7015 11.6128 10.2214 15.0656 12.6756 11.2548 9.08752 8.73708 8.27999 9.32095 7.94759 10.5229 15.2145 10.1037 9.12399 7.66074 7.10704 6.52812 6.44815 6.20229 10.632 7.38618 6.04399 5.69308 5.59835 7.22546 7.18943 5.32004 8.13181 7.57033
threshold=0.023740422417604892 1.0000000180025095e-35 -0.0052770503729826492 0.50871662425462427 0.019534506484474082 0.53438501282824358 0.15634012798437336 0.062905208659980047 0.084971621904463127 -0.0059596115704514388 0.84770733031128465 0.1426313218344655 0.012624959223208904 -0.0028234307345866845 0.51952137543737253 0.36265015331337852 0.0088373996459089159 -0.0054103202713675627 -0.010810916104215361 -0.16272253737502346 -0.029583182829476359 0.93777300906056282 0.27912219075923445 0.93137320065327212 -0.023515232258742188 0.3329756795422032 0.026751778853136756 0.01289699448389481 -0.023452772301495003 -0.046917481159438605
decision_type=2 2 2 2 2 2 2 2 2 2 2 2 2 2 2 2 2 2 2 2 2 2 2 2 2 2 2 2 2 2
left_child=1 8 3 19 24 -5 17 -6 9 -1 11 14 -13 18 -10 -15 -11 -2 -12 21 -21 -3 27 -9 26 -26 -4 28 -8 -29
right_child=6 2 4 5 7 -7 22 23 10 16 13 12 -14 15 -16 -17 -18 -19 -20 20 -22 -23 -24 -25 25 -27 -28 29 -30 -31
leaf_value=0.070608912802819432 0.06504477162881768 0.00079920231401790136 -0.061906156106154075 0.11314019954766295 0.042695720597270774 0.013467170110976407 -0.015632733086418545 -0.023674280763526623 0.00065228008578225834 0.028066772863729595 -0.008930495554175126 0.047893835099909771 0.007251027751696947 -0.0021303469149606593 0.019628381958052426 0.022825059899761208 -0.036223226485469079 0.0067120070146929559 -0.030811651877980895 0.062017367721889351 0.015628965370180655 0.055807503269566988 -0.031259150920530547 0.025145511634293734 0.020882825588662533 0.00042428872001990317 -0.0072462748179442206 -0.027005914337284581 -0.00075296347376736577 -0.0067403266115969255
leaf_weight=10.237726222723721 28.024082228541374 382.57088247686625 27.247744239866734 27.220958821475506 130.9624946564436 19.404428847134113 466.51928447186947 43.671586573123932 9071.0650420188904 19.736650930717587 591.55219662189484 112.61378521472216 505.79008033871651 1003.0637450888753 260.66004325449467 140.20419150590897 133.52389976941049 60.825943827629089 174.37762269377708 56.059668377041817 416.39553083479404 26.073364540934563 102.03544141352177 52.72537100315094 197.03336057811975 1393.8261830471456 205.9068293645978 271.71564400196075 1726.5185229107738 573.15458671748638
leaf_count=88 133 1860 142 143 650 93 2387 206 45214 216 2999 562 2455 4920 1280 687 1448 311 859 267 2065 130 577 261 1045 7178 1012 1384 8682 2906
internal_value=0.000476469 0.00196235 0.00755163 0.0162618 0.0036125 0.0716585 -0.00642736 0.0258773 0.000577397 -0.021773 0.00088553 0.00201949 0.0146522 -0.00502432 0.00118233 0.000930049 -0.0279441 0.0251107 -0.0139121 0.0133303 0.0211332 0.00430898 -0.00731978 0.00302824 0.00083724 0.00295815 -0.0136341 -0.00651572 -0.0039183 -0.0132579
internal_weight=18230.7 15001.9 2979.1 927.725 2051.37 46.6254 3228.79 227.359 12022.8 163.498 11859.3 9950.13 618.404 1909.2 9331.73 1143.27 153.261 88.85 765.93 881.099 472.455 408.644 3139.94 96.397 1824.01 1590.86 233.155 3037.91 2193.04 844.87
internal_count=92160 75780 15052 4558 10494 236 16380 1117 60728 1752 58976 49511 3017 9465 46494 5607 1664 444 3858 4322 2332 1990 15936 467 9377 8223 1154 15359 11069 4290
is_linear=0
shrinkage=0.1


Tree=87
num_leaves=31
num_cat=0
split_feature=11 11 10 10 11 3 12 10 7 12 10 12 9 10 14 6 6 10 9 12 11 14 14 9 11 9 7 1 14 2
split_gain=89.4937 30.5602 22.2505 12.2025 10.9221 10.5157 9.96602 10.3212 8.07745 9.2969 7.80524 8.892 10.2728 7.3301 7.92127 7.2563 9.46008 10.7237 8.25899 7.12304 6.78363 8.70643 7.46312 6.73637 6.22064 8.09312 6.03349 5.54962 6.26613 4.73047
threshold=0.015825476592669661 0.0079317743699973218 0.43581603758191384 0.11313537968116172 0.0049274714608773269 -0.087181142191059532 0.041741672121580399 0.05918357841258106 0.20162128192092424 0.31393750960117778 0.27536989929539285 0.12212113044569646 0.38894896398470674 0.12589869721301875 0.10096681895795838 0.043505880146364369 0.011443892997396678 0.10980426436429466 0.15109076327774598 0.027551144492924545 0.022770454534696127 0.75327610872675266 0.13963496238866585 0.27370902137362885 0.026332835047129771 0.70033588774105626 -0.1436968536198833 -0.026837662781815205 0.015037611334164015 -0.010468514288246132
decision_type=2 2 2 2 2 2 2 2 2 2 2 2 2 2 2 2 2 2 2 2 2 2 2 2 2 2 2 2 2 2
left_child=1 4 3 -2 6 20 7 -1 9 13 27 26 -13 14 -3 16 18 -18 -6 -9 21 -4 -22 -15 25 -7 -12 29 -29 -5
right_child=2 8 5 10 15 24 -8 19 -10 -11 11 12 -14 23 -16 -17 17 -19 -20 -21 22 -23 -24 -25 -26 -27 -28 28 -30 -31
leaf_value=0.085033846272617231 0.044815242820135617 0.03703470174476841 -0.0053522827162196251 -0.0074832088047102775 0.017241386966969759 -0.020756927376130455 0.086443385328202671 0.028877226317049233 0.047996608825693933 -0.04746313470604957 -0.034383200715788979 -0.0097468259654291227 0.020249744075029736 0.0012110089816541984 0.0083093518781723798 0.063456695437288962 0.01821736434148901 -0.010555620558027971 0.050813920986510969 -0.028215862083355359 0.027645279119553348 0.055453892042837398 -0.019165862084167422 0.010839366532351374 -0.033187746730345309 0.032997716840449477 -0.010975879952889924 -0.060228889955343971 0.00015183477029734086 -0.032915027084642841
leaf_weight=28.480853170156479 46.830533444881439 107.59423585236073 72.226395264267921 422.33109164237976 767.04946775734425 401.98737630993128 36.567325577139854 137.44976687431335 40.344558075070381 36.144117340445518 114.95683062076569 269.44228446483612 198.11146327853203 6570.5660124644637 890.74502766132355 30.251520484685898 249.93247406184673 268.88390073180199 81.014760062098503 25.983315840363503 38.10187903046608 34.938143648207188 320.91624677181244 816.995944917202 528.50873947888613 30.105698741972446 2617.0790452435613 17.322947330772877 2191.8472569361329 88.458293944597244
leaf_count=227 207 460 430 2456 3216 2431 173 604 189 165 744 1580 1273 32211 3808 129 1032 1102 352 114 254 220 2181 4447 3746 184 15620 83 12047 475
internal_value=-0.000354539 0.00577071 -0.00871247 -0.00602973 0.0183285 -0.0199309 0.0385978 0.0294813 0.00335837 0.00314454 -0.00643197 -0.00977995 0.00296329 0.00336266 0.0114052 0.0150138 0.0139416 0.00330536 0.0204485 0.0198003 -0.00760736 0.014472 -0.0141979 0.00227582 -0.0259115 -0.0170116 -0.0119608 -0.00249362 -0.000321634 -0.0118875
internal_weight=17481.2 10088 7393.16 5966.38 1625.61 1426.78 228.481 191.914 8462.39 8422.05 5919.55 3199.59 467.554 8385.9 998.339 1397.13 1366.88 518.816 848.064 163.433 466.183 107.165 359.018 7387.56 960.602 432.093 2732.04 2719.96 2209.17 510.789
internal_count=92160 48229 43931 34485 6949 9446 1118 945 41280 41091 34278 19217 2853 40926 4268 5831 5702 2134 3568 718 3085 650 2435 36658 6361 2615 16364 15061 12130 2931
is_linear=0
shrinkage=0.1


Tree=88
num_leaves=31
num_cat=0
split_feature=10 11 3 8 2 9 7 4 8 10 0 15 5 7 3 2 11 14 9 11 13 0 1 14 1 11 11 9 13 5
split_gain=37.5093 18.5007 12.1578 14.1657 14.9475 13.1192 11.2123 10.0685 11.3696 9.52389 8.95174 12.7455 9.71138 11.2188 8.16571 10.4885 9.06144 8.05342 7.95149 7.53457 7.72351 7.51614 7.41379 6.99544 6.86946 8.19088 7.27916 12.9047 9.89607 6.78198
threshold=0.19455115808992021 0.020731627329251854 -0.018565921244810376 -0.22484340033154113 -0.044347062840215827 0.14240036436485631 0.03752954982067281 0.0021715369638446451 -0.42484234529179771 0.29103615413705508 0.00090334261247448932 0.59463418801700663 0.0083278779230892015 -0.040696203029108473 -0.034448558012506673 0.018670311634201745 0.010190689163472313 0.066595135908440642 0.14131232491013399 0.0055749164853555622 0.19450892956426424 0.034313546630688758 -0.039602264352732945 0.027926992477733174 -0.037958670753452044 0.017505499975939566 0.012378655175097061 0.18959497459375835 -0.86727605225513948 -0.019807864788813408
decision_type=2 2 2 2 2 2 2 2 2 2 2 2 2 2 2 2 2 2 2 2 2 2 2 2 2 2 2 2 2 2
left_child=10 2 6 4 22 -6 7 23 -9 21 11 24 13 29 16 -16 -15 -14 -11 -19 -21 -5 -4 -2 25 -1 28 -28 -26 -12
right_child=1 -3 3 9 5 -7 -8 8 -10 18 12 -13 17 14 15 -17 -18 19 -20 20 -22 -23 -24 -25 26 -27 27 -29 -30 -31
leaf_value=0.035995822184203198 0.049631111085353251 -0.0081246983953295448 0.064715980210706431 0.0015271363662726833 0.047729974371418127 -0.028108241123486522 -0.02840483624539929 0.0065781435986300169 0.029015853239193475 -0.043738708143672117 0.033881885064667244 -0.014555607704548213 -0.02008554503921732 0.080530821802117777 0.013430374749428112 0.043569420808400483 0.02557319053383722 -0.039582502048870954 -0.0062225871341489401 0.0048553842763908589 0.023869930170488423 0.037626532806245672 -0.0011623530373918247 0.0011080529021296158 0.066788907692424931 -0.025012445071194336 -0.01124775329976167 0.016506874315565048 0.006745326660697425 -0.01871551164049216
leaf_weight=130.24027888476849 30.249603763222694 4196.8232828080654 28.076297335326672 2904.4821469411254 24.011061437427998 456.10093657672405 94.61185984313488 623.06682758778334 354.22156268358231 59.040969297289848 30.312525272369385 363.23368633538485 116.60565685480833 42.897240966558456 1044.7228644788265 129.81401741504669 99.797638833522797 33.613553367555141 1310.3170646950603 1174.6816247999668 261.10309249162674 58.844513103365898 43.626815006136894 1668.9334031045437 27.868463560938835 26.481109768152237 606.62758325785398 231.43685032427311 1824.4968992993236 128.17141882330179
leaf_count=604 162 22897 144 14131 117 2220 459 3077 1790 298 137 1871 589 201 5280 669 469 193 6879 5710 1267 309 217 8232 151 127 2970 1185 9204 601
internal_value=0.000520674 -0.00278865 0.000136588 -0.00286501 -0.0179551 -0.0243155 0.00542741 0.00662337 0.0147108 -0.000943129 0.00677432 0.00308496 0.0106428 0.0164814 0.0195058 0.0167614 0.0420947 0.00521023 -0.00784012 0.0072176 0.00831325 0.00224398 0.0246332 0.00197188 0.0053355 0.0256873 0.00414998 -0.00358314 0.00764867 -0.00865544
internal_weight=18124.5 11852.4 7655.58 4884.5 551.815 480.112 2771.08 2676.47 977.288 4332.68 6272.1 3210.38 3061.72 1475.72 1317.23 1174.54 142.695 1586 1369.36 1469.4 1435.78 2963.33 71.7031 1699.18 2847.15 156.721 2690.43 838.064 1852.37 158.484
internal_count=92160 60932 38035 24315 2698 2337 13720 13261 4867 21617 31228 16112 15116 7357 6619 5949 670 7759 7177 7170 6977 14440 361 8394 14241 731 13510 4155 9355 738
is_linear=0
shrinkage=0.1


Tree=89
num_leaves=31
num_cat=0
split_feature=11 7 13 11 11 14 7 12 15 1 13 9 14 14 13 7 2 1 7 13 14 9 7 9 12 12 9 1 9 12
split_gain=112.679 37.612 25.4686 23.5498 22.1284 21.7334 22.1708 23.9873 21.0199 21.9332 16.6934 16.6018 15.3705 14.9973 14.4817 15.5679 16.3118 15.593 15.1435 14.1511 13.9056 26.2316 21.6372 13.4392 12.4979 13.925 15.2504 10.6504 10.2581 9.7442
threshold=0.010467521156656253 -0.0066621097848522095 -0.93320311234007336 0.018928434398259818 0.0063200665160699733 0.28976128983250415 -0.025080728988668918 0.039340990027020233 0.97041543397641583 0.010860352528983876 -0.93320311234007336 0.26357677355640358 0.96385332056420636 0.69752454138432884 0.24353980193438879 -0.16351282799699032 0.1436642752662656 -0.042347853858220229 -0.020198405991613985 0.53715236245478748 0.96385332056420636 0.17920661904774796 0.025075878326242255 0.35406365917671562 0.12400285110957208 0.018880304163664017 0.11478445411099 0.018868484304383596 0.13915757606367327 0.1777248462225883
decision_type=2 2 2 2 2 2 2 2 2 2 2 2 2 2 2 2 2 2 2 2 2 2 2 2 2 2 2 2 2 2
left_child=1 -1 -3 20 -4 14 7 27 10 -10 -8 13 -9 -6 15 17 -17 -5 -16 -20 24 22 -22 -23 25 28 -27 -7 -2 -26
right_child=3 2 4 5 11 6 8 12 9 -11 -12 -13 -14 -15 18 16 -18 -19 19 -21 21 23 -24 -25 29 26 -28 -29 -30 -31
leaf_value=-0.00028762389199264531 -0.05350006985992433 0.098811745732309608 -0.074010567282119841 0.010469363389168342 -0.040023692614337428 0.048318311490589627 0.070509441356616548 0.0059581108961392504 0.077331473926875213 0.010494011723568994 -0.0047721770815281643 0.05955518873093904 0.051565423054791205 -0.014503348861671093 -0.020814678258871053 0.015552777005641151 0.066936384661188952 0.10020545867912208 0.0031611452626711528 0.063360378027091047 0.15523483388347303 0.014625552806092177 0.026066183115218047 -0.045599691144452448 -0.025477626684225138 0.025311929118923094 -0.00074864707266069546 -0.0092977499982139986 -0.010280963399542167 -0.0017550693637830225
leaf_weight=472.94864635355771 79.107606362551451 14.390705235302446 129.96272860094905 32.990862816572189 737.14466343075037 217.7112233042717 29.733221501111984 2189.8997843563557 58.916842192411423 294.59972287714481 3154.4035782665014 20.155248403549194 76.476295843720436 334.88220380246639 198.72931084781885 1406.920835711062 64.618015378713608 46.880967482924461 164.55387101322412 51.198057688772678 23.193816691637039 298.07253474742174 29.415693633258343 42.311956860125065 382.58712981641293 232.47542060911655 6587.3509760275483 37.628329396247864 179.59840448945761 316.30103992670774
leaf_count=3768 782 132 2735 103 8422 843 116 7970 190 968 12308 119 270 2949 766 5347 185 138 644 178 104 1431 168 195 1959 1713 34747 146 1138 1626
internal_value=0.000145515 -0.0242719 -0.0334454 0.00272282 -0.0350028 0.00657039 0.00360624 0.0107708 -0.00150078 0.0216331 -0.0040692 -0.0303611 0.00749708 -0.0320516 0.0157066 0.0201429 0.0178091 0.0631402 -0.000898424 0.0174465 -0.00105639 0.0172962 0.0830124 0.00713917 -0.00198375 -0.000724148 0.00013971 0.0398277 -0.0234966 -0.0147413
internal_weight=17905.2 1709.48 1236.54 16195.7 1222.14 8025.26 6059.37 2521.72 3537.65 353.517 3184.14 1092.18 2266.38 1072.03 1965.89 1551.41 1471.54 79.8718 414.481 215.752 8170.41 392.994 52.6095 340.384 7777.42 7078.53 6819.83 255.34 258.706 698.888
internal_count=92160 18125 14357 74035 14225 30172 22811 9229 13582 1158 12424 11490 8240 11371 7361 5773 5532 241 1588 822 43863 1898 272 1626 41965 38380 36460 989 1920 3585
is_linear=0
shrinkage=0.1


Tree=90
num_leaves=31
num_cat=0
split_feature=10 11 10 13 13 3 14 0 16 2 3 7 6 7 2 7 3 5 7 14 6 7 7 13 14 10 11 2 9 3
split_gain=93.3653 35.9202 29.3547 20.7129 21.3884 24.9378 22.7553 19.9946 21.0207 19.0429 28.2953 25.7593 26.1466 23.8677 26.5845 17.9089 16.3691 16.2812 21.3509 18.4996 15.483 15.1032 13.5666 13.1807 12.9228 11.7768 18.0022 12.0775 11.5298 11.3493
threshold=0.16398925264093103 0.017673782230916129 0.10567320198111428 0.19064653889229669 -0.72417987179556598 0.016501810778067897 0.10955973972033782 -0.013716885071346939 1.0000000180025095e-35 -0.14178960618029077 -0.048109286877851203 0.10933370637226815 -0.030985892507168985 -0.080657088141596986 -0.059723500695194158 -0.019359453820373514 -0.020064651432794008 0.0038967372375150471 -0.016211071902641479 0.34122720826110742 -0.042717421045333208 -0.013812527611641255 -0.016992671407663581 0.10218190192377756 0.40150770770956351 0.43581603758191384 0.026111874199009181 -0.16891607102900738 0.14240036436485631 0.049374642158878775
decision_type=2 2 2 2 2 2 2 2 2 2 2 2 2 2 2 2 2 2 2 2 2 2 2 2 2 2 2 2 2 2
left_child=2 3 29 4 16 28 -7 8 22 15 11 12 -11 14 -12 25 -2 18 23 -19 -15 -21 -4 -9 -5 27 -27 -3 -6 -1
right_child=1 9 7 24 5 6 -8 17 -10 10 13 -13 -14 20 -16 -17 -18 19 -20 21 -22 -23 -24 -25 -26 26 -28 -29 -30 -31
leaf_value=-0.058695714958206607 0.01623426320951156 0.0817810988915839 0.049392337486709875 -0.029331387130865028 -0.027567311743348956 0.032704344899248526 0.004394372329641307 -0.02272608154507421 0.10488816480039712 0.0022962172829761747 -0.018697716275049955 0.095986612562628734 -0.020465375208636376 0.032383213109597915 0.053261409372049574 0.083443460016894372 -0.058991033072054368 -0.029261163520774482 -0.039998550673001475 0.062248916597767705 0.0071538616150470915 -0.0020400102197003058 -0.029304416901672049 0.024752959822585824 -0.0071050664871169962 -0.058743172184807096 0.017970841332040893 0.019648120332100252 -0.0038071704989926266 -0.0018879098910554685
leaf_weight=237.24096461758018 40.041295185685158 52.669496923685074 36.562209010124207 400.55648154765368 221.86183637753129 323.30148357152939 2331.1451486572623 150.57828682288527 25.536986470222473 1896.8508313000202 65.963940277695656 26.152463316917419 687.62084384262562 254.45822055637836 231.58140830695629 49.787670686841011 104.20972436666489 273.87976576015353 523.59237975999713 39.520557638257742 5519.862635217607 484.90544077008963 54.646263629198074 95.586929906159639 754.01101583242416 34.91758419573307 246.80790658295155 77.052393466234207 2570.0179874002934 41.289160154759884
leaf_count=4554 222 161 256 2305 1505 1626 12574 1313 170 7187 231 77 2800 839 803 124 640 2581 5457 304 20956 4266 491 777 4118 140 749 254 14188 502
internal_value=0.000371603 0.00291373 -0.0202013 -0.00262217 -0.00010388 0.000902746 0.00784242 -0.0152296 0.0246951 0.00699746 0.00594564 -0.00276047 -0.0037597 0.00968886 0.0373085 0.0267975 -0.0381099 -0.0182021 -0.028579 -0.00819628 0.00826565 0.00280478 0.00224229 -0.00428978 -0.0148161 0.019943 0.00846276 0.0448753 -0.00569531 -0.0502746
internal_weight=17852.2 15888.9 1963.34 6745.14 5590.58 5446.33 2654.45 1684.81 116.745 9143.73 8682.49 2610.62 2584.47 6071.87 297.545 461.235 144.251 1568.06 769.758 798.306 5774.32 524.426 91.2085 246.165 1154.57 411.447 281.725 129.722 2791.88 278.53
internal_count=92170 71499 20671 37178 30755 29893 14200 15615 917 34321 32893 10064 9987 22829 1034 1428 862 14698 7547 7151 21795 4570 747 2090 6423 1304 889 415 15693 5056
is_linear=0
shrinkage=0.1


Tree=91
num_leaves=31
num_cat=0
split_feature=10 11 3 14 7 12 14 6 12 14 2 12 9 2 2 10 9 11 13 9 3 2 11 10 13 12 10 7 13 13
split_gain=19.4807 9.09585 7.7884 13.2346 7.40832 6.93292 6.58258 14.0104 7.49826 13.0377 14.9182 10.9203 10.4017 7.03275 6.67461 9.28524 7.13352 8.48098 6.7604 6.5136 6.45424 9.95496 8.0762 7.12379 7.44434 6.58048 6.45234 6.26112 11.073 9.419
threshold=0.35176801150343179 0.020054664072382902 0.044551721927887485 0.93995708154506452 0.10018673017506964 0.083147211702665716 0.84770733031128465 0.080692748328870648 0.042352958142254982 0.98770743082288859 -0.0029542118974315019 0.054440527343507315 0.094415133693362949 0.097859762445604584 -0.088581249523719471 0.28084707115572716 0.30498935204192629 0.02134406305785631 0.11548124060200408 0.24252997888201433 -0.073634179568389233 -0.054303836481841554 0.026802296143483329 0.19956018483752486 0.2288789742323635 0.14540966089726132 0.15155903522382436 -0.053358026561584164 -0.32818614140409469 -0.028475597308586852
decision_type=2 2 2 2 2 2 2 2 2 2 2 2 2 2 2 2 2 2 2 2 2 2 2 2 2 2 2 2 2 2
left_child=6 -2 27 4 5 -4 14 8 9 12 -11 -10 -8 -9 15 18 -17 -18 -1 -13 23 22 -22 26 -25 -23 -16 29 -29 -3
right_child=1 2 3 -5 -6 -7 7 13 11 10 -12 19 -14 -15 20 16 17 -19 -20 -21 21 25 -24 24 -26 -27 -28 28 -30 -31
leaf_value=0.063334172790400378 0.0016018303071626346 -0.019136257604037601 -0.012556678529237709 0.054524705382833549 -0.011671759163959322 0.016776362726415157 -0.058118090556296853 0.0030519503059185365 -0.023437422161283462 0.096075537775049208 0.0079295089163530005 -0.011720057904487517 0.0010128725040040663 0.07335514174425023 -0.031476276325072557 -0.024145771188289922 0.04708219167163849 -0.0055588429120096948 0.017628238588010166 0.0055297994505113445 0.021641372887112049 0.0020584888102435218 -0.024718664567195778 -0.014333847552451866 0.0095131362288344134 0.01843496791958725 0.022383805501072346 0.0038869162878985247 -0.026212084010272009 0.00071034543106448026
leaf_weight=56.962268963456154 1067.8484830781817 426.20483323931694 122.54406886547804 39.593558765947819 562.95418681204319 235.27108167856932 30.975913671776652 23.921777725219727 386.27903235331178 30.444142214953899 51.987913444638252 446.00828058645129 751.24550122022629 35.117282792925835 26.586510598659515 64.658101715147495 53.11433270573616 72.219204246997833 74.931459054350853 429.89705730229616 418.53406357765198 10308.745505345985 41.283273600041866 630.25906940549612 165.22302567958832 251.3497986830771 136.12943722307682 153.18424668163061 604.7640500292182 544.79479363560677
leaf_count=287 5123 2226 590 216 3002 1195 265 115 1943 168 247 2246 3767 179 137 312 257 360 357 2123 2018 52605 195 3076 793 1188 668 780 2934 2798
internal_value=0.000209976 -0.00620649 -0.00930695 -0.00208629 -0.00452059 0.00673042 0.0018742 -0.00318248 -0.00451635 0.00265752 0.040484 -0.00943078 -0.00132871 0.0448693 0.00277284 0.0169832 0.00283204 0.0167496 0.0373677 -0.00325377 0.00239097 0.00307546 0.0174791 -0.00548112 -0.00938079 0.00244828 0.0135835 -0.0133177 -0.020129 -0.00800101
internal_weight=18243 3757.16 2689.31 960.363 920.769 357.815 14485.9 2185.88 2126.84 864.653 82.4321 1262.18 782.221 59.0391 12300 321.885 189.992 125.334 131.894 875.905 11978.1 11019.9 459.817 958.198 795.482 10560.1 162.716 1728.95 757.948 971
internal_count=92170 18864 13741 5003 4787 1785 73306 11053 10759 4447 415 6312 4032 294 62253 1573 929 617 644 4369 60680 56006 2213 4674 3869 53793 805 8738 3714 5024
is_linear=0
shrinkage=0.1


Tree=92
num_leaves=31
num_cat=0
split_feature=11 11 10 10 7 6 5 12 10 4 10 14 12 7 10 13 6 14 7 2 12 14 13 4 7 13 5 10 12 5
split_gain=68.3675 18.5173 16.6375 13.8668 15.0563 17.7468 14.4001 11.3693 10.6308 9.11238 9.24741 12.0111 8.75666 12.3151 9.49172 8.64981 10.4983 8.64436 10.4184 15.6657 10.1462 9.30205 11.3794 8.5049 7.67164 7.62081 6.92895 5.97357 5.65303 5.95637
threshold=0.015329850586299177 0.0049274714608773269 0.43042362817362451 0.16398925264093103 -0.010138550178932391 0.0087664508443966466 -0.008382236127638663 0.21248935161911794 0.74266215524502022 0.017973478397187218 0.14717747345429794 0.17400664543818359 0.041741672121580399 0.01443445445485292 0.072692515706644562 -0.10796511475923776 -0.0078213642572758073 0.083780977433199524 -0.001314446471795405 0.020992744715812698 0.29260461277655647 0.015037611334164015 0.26365492658094247 0.02404306804206913 -0.088552431289525765 0.039798569987397725 0.009263821949996311 0.54009305428302812 0.022767940491170268 -0.040840691319271254
decision_type=2 2 2 2 2 2 2 2 2 2 2 2 2 2 2 2 2 2 2 2 2 2 2 2 2 2 2 2 2 2
left_child=1 12 9 4 15 6 -6 24 23 10 11 -2 13 -1 -15 16 -3 21 20 -20 -19 -5 -23 -9 -4 -13 -7 -26 -12 -30
right_child=2 3 7 17 5 26 -8 8 -10 -11 28 25 -14 14 -16 -17 -18 18 19 -21 -22 22 -24 -25 27 -27 -28 -29 29 -31
leaf_value=0.062422923845191859 0.063732268677201928 -0.0011514605963285562 -0.0075566585246371739 0.022563194965099648 0.0026040639931289369 -0.0031854226900817351 0.024852228881311389 0.011646189913045739 -0.027666778275493704 -0.016352760008875887 -0.022810632520455815 0.022676093068197303 0.080164159573391958 -0.037007025364661238 0.024961564585711332 0.0036489142331528873 -0.042995997084762906 0.0091706762068311 -0.0085019156769789266 0.0064093361969745459 -0.058710783683655801 -0.019041208529175287 0.041818663343419084 -0.053289383058361929 -0.021389825202926319 -0.024506020156041926 0.0097767328423161298 -0.040045644056419805 -0.014476237699972361 -0.0029200539530353292
leaf_weight=59.98782667517662 44.033674970269203 138.58791093528271 256.11842630803585 75.317015305161476 382.85492126643658 656.62476114928722 1211.5656857639551 280.36999353766441 125.34249942004681 643.46661031991243 164.32024442404509 86.5356225669384 34.922287285327911 34.875425428152084 84.861295208334923 507.44921693205833 105.67587895691395 1889.389047563076 1435.5627487227321 1383.6541664600372 22.27878326177597 474.32909365743399 32.850408136844635 21.733424052596092 523.37993416935205 56.639430984854698 1108.7439953237772 255.3844306319952 491.06767141073942 4861.8973582237959
leaf_count=382 195 626 1776 349 1693 2820 5224 1810 802 3763 877 398 169 154 362 2298 438 9786 7048 6893 110 2332 178 133 3451 254 4860 1820 3148 28021
internal_value=-0.000333236 0.005301 -0.00728706 0.00463957 0.00900006 0.0118625 0.01951 -0.0169033 -0.00318342 -0.00507184 -0.00379936 0.0180582 0.0343437 0.0254403 0.00691212 -0.00379344 -0.0192547 0.00126541 0.00268073 -0.00118357 0.00837958 -0.0102295 -0.0150993 0.0069747 -0.0225701 0.00401105 0.00495549 -0.0275077 -0.00454101 -0.00398019
internal_weight=17449.8 9639.53 7810.29 9424.88 4111.5 3359.79 1594.42 1462.33 427.446 6347.96 5704.49 187.209 214.647 179.725 119.737 751.713 244.264 5313.38 4730.88 2819.22 1911.67 582.497 507.18 302.103 1034.88 143.175 1765.37 778.764 5517.29 5352.97
internal_count=92170 45722 46448 44655 17959 14597 6917 9792 2745 36656 32893 847 1067 898 516 3362 1064 26696 23837 13941 9896 2859 2510 1943 7047 652 7680 5271 32046 31169
is_linear=0
shrinkage=0.1


Tree=93
num_leaves=31
num_cat=0
split_feature=10 10 3 9 12 10 7 7 9 13 14 14 7 15 9 3 9 0 7 0 15 12 7 4 15 0 0 12 10 18
split_gain=28.4468 16.2705 10.3754 11.702 12.4664 8.54027 12.5583 19.4601 11.3487 9.54298 8.05236 7.98567 10.9335 9.3502 8.50634 8.28081 8.05309 6.84246 6.59756 6.38248 7.54918 6.16928 5.77525 5.69656 5.63205 5.6196 7.70973 5.06496 5.05915 5.00704
threshold=0.15155903522382436 0.56307453166576693 -0.039404374813875258 0.12625058910317757 0.033885310299205162 0.081346074914687594 0.011321510298077044 0.042443095656567349 0.063786414518441498 -0.022652479799695067 0.29847791408712832 0.91231926330263768 0.03281862838462047 0.47440322458126022 0.70033588774105626 -0.094368245105675083 0.31309614638202088 0.0026954524465279133 -0.099964883029326143 0.0026954524465279133 0.96385332056420636 0.066824618280837897 -0.095007017837976035 0.00028537008209195141 0.53050818489118479 0.01289699448389481 0.010957031988102718 0.028408695050611613 0.11964666576307538 1.0000000180025095e-35
decision_type=2 2 2 2 2 2 2 2 2 2 2 2 2 2 2 2 2 2 2 2 2 2 2 2 2 2 2 2 2 2
left_child=2 11 3 -1 10 6 8 9 -4 -8 -5 12 14 17 16 21 -2 18 -13 24 -21 -15 -3 -9 -14 26 28 29 -7 -27
right_child=1 22 5 4 -6 25 7 23 -10 -11 -12 13 19 15 -16 -17 -18 -19 -20 20 -22 -23 -24 -25 -26 27 -28 -29 -30 -31
leaf_value=0.0045805449720607598 0.0022411802469947642 -0.0039923478938268357 -0.0362866085276147 0.033162005555290718 0.010642328127496492 0.010771031825549691 0.029431477758191833 0.024298272575787858 0.031674008831643598 0.083780819560815248 0.10458490546021658 0.037842879901637122 -0.0071692814619829376 -0.065705165462170007 0.05602298010874586 0.016606621031984705 -0.0047976211919883724 -0.039281374196206136 -0.0025068342237475807 0.00022393626262080183 -0.018070221275588463 0.0053089124292286533 -0.022432075117010553 -0.050551407374783419 -0.020714246907288042 0.024014307739920526 -0.022351225245313799 0.0027633329265111593 0.0017191194513121143 0.074201995823024225
leaf_weight=94.759954556822777 6162.3237437158823 262.61347854137421 52.01083567366004 24.640011012554169 43.844683438539505 1089.9072193950415 58.33031489700079 17.602629173547029 46.574925631284714 72.414450071752071 43.924519374966621 43.688974611461163 1723.0997325703502 21.647082179784775 27.56901753693819 716.41680792719126 2207.74969188869 46.786848001182079 559.21068723499775 1958.402685970068 254.92905005067587 28.130874149501324 480.83313864469528 24.073983166366816 373.52658075094223 72.510193437337875 102.38490256667137 70.476306527853012 1424.3548438176513 27.386723682284355
leaf_count=430 30221 1480 532 117 194 5560 348 103 263 418 209 225 8907 91 166 3515 11787 213 2747 9921 1339 144 2888 140 1878 356 494 342 7007 135
internal_value=0.000356814 -0.00149943 0.00880859 0.030466 0.0522872 0.00734139 0.0242885 0.0405659 -0.00417994 0.0595335 0.0789177 -0.00074043 -0.00153415 0.00638323 0.000567234 0.0138663 0.000384576 -0.00244177 0.000417098 -0.00562854 -0.00188316 -0.0255732 -0.0159185 -0.0189377 -0.0095824 0.00569347 0.00454766 0.0232911 0.00564303 0.0377733
internal_weight=18132.1 14866.9 3265.2 207.169 112.409 3058.03 271.007 172.421 98.5858 130.745 68.5645 14123.5 12707.6 1415.88 8397.64 766.195 8370.07 649.687 602.9 4309.96 2213.33 49.778 743.447 41.6766 2096.63 2787.02 2616.65 170.373 2514.26 99.8969
internal_count=92170 75522 16648 950 520 15698 1804 1009 795 766 326 71154 64219 6935 42174 3750 42008 3185 2972 22045 11260 235 4368 243 10785 13894 13061 833 12567 491
is_linear=0
shrinkage=0.1


Tree=94
num_leaves=31
num_cat=0
split_feature=10 4 11 10 13 14 2 8 10 14 14 14 4 18 0 1 8 9 15 14 1 13 10 2 4 13 20 1 15 14
split_gain=110.141 31.0519 29.7606 19.7339 19.3657 16.8512 16.7752 18.8702 15.3363 17.2901 15.9399 27.7466 14.7132 17.1169 24.8155 14.5865 18.2431 14.2115 12.4997 12.3846 11.3914 10.937 10.9008 10.8727 10.5962 10.4867 10.383 9.33869 8.88756 8.6336
threshold=0.15050292604186852 -0.0066829432200128372 0.0081490862445152187 0.20452766908531184 -0.93320311234007336 0.68886504530281367 -0.095203128918657218 -0.42484234529179771 0.25499977314178346 0.73197054106916093 0.22113449048577619 0.16111726429461445 0.020768703231742073 1.0000000180025095e-35 0.022053907676717003 0.023558438442707001 0.7489483732553428 0.59202438114528821 0.058002215146061201 0.71459702229480804 -0.068902907016955769 0.18700697338762765 0.44049241345910012 0.016409571774133717 0.02404306804206913 0.63060468556443305 1.0000000180025095e-35 0.076363993102711816 0.79614029487224969 0.29411960195981623
decision_type=2 2 2 2 2 2 2 2 2 2 2 2 2 2 2 2 2 2 2 2 2 2 2 2 2 2 2 2 2 2
left_child=2 6 -1 25 -4 24 7 17 10 21 11 -8 15 27 -15 16 -5 22 -11 -7 -9 -10 -2 -17 -6 29 -12 -14 -21 -3
right_child=1 3 4 12 5 19 8 20 9 18 26 -13 13 14 -16 23 -18 -19 -20 28 -22 -23 -24 -25 -26 -27 -28 -29 -30 -31
leaf_value=-0.052972476398246704 0.004902496884974912 -0.00027229050355805345 0.10116282265226975 0.00059836006758759528 -0.029470454663917862 0.072770230450583867 0.001763882001058581 -0.0099468589935426503 0.016139364688533057 0.063590638092553262 -0.0090202602611235989 0.077887892208575171 -0.00018940797885167539 0.00209132137143694 0.058609137227697533 -0.016759316417652496 0.016649120623379941 -0.025725701637250631 0.025044978313881895 -0.013892439241805016 -0.073122265089148875 -0.0037926696406320824 0.060173818379805157 -0.0024428879250451433 0.074378493293420292 0.048718560675661 0.016542155049672626 0.033141263187979927 0.038811763142844014 -0.013357031360267307
leaf_weight=348.02188234776258 111.66627386212349 716.6283763460815 13.19856622815132 5685.9587869383395 761.74730562418699 22.226681903004646 144.46066364273429 52.941199436783791 1266.2860714644194 103.99772444367409 701.32730357348919 71.619527749717236 642.66754969954491 146.30313953012228 165.64708421379328 704.89782134443521 808.85395712405443 96.945438034832478 440.37008753418922 196.82927847653627 61.929572597146034 351.76982383430004 52.439720496535301 2143.8672255910933 9.9537157192826253 31.362905718386173 205.44566519930959 96.711645111441612 38.206400394439697 1701.6971017532051
leaf_count=6407 437 4789 89 25281 7695 188 787 193 4825 361 3652 356 2435 551 621 3047 3294 330 1728 1560 211 1372 170 9202 65 182 1036 314 292 10700
internal_value=-0.000621337 0.00165541 -0.0276533 -0.000660266 -0.0191982 -0.0207421 0.00977948 -0.010231 0.0120692 0.0169926 0.00258757 0.0269951 0.00124253 0.0124583 0.0321026 -1.94653e-05 0.0025973 0.00463109 0.0324089 0.00142213 -0.0440062 0.0118061 0.0225643 -0.00598534 -0.028131 -0.0087345 -0.00322864 0.00417028 -0.00532507 -0.0094796
internal_weight=17896 16505.8 1390.18 12844.6 1042.16 1028.96 3661.2 375.922 3285.28 2162.42 1122.85 216.08 10394.9 1051.33 311.95 9343.58 6494.81 261.051 544.368 257.262 114.871 1618.06 164.106 2848.77 771.701 2449.69 906.773 739.379 235.036 2418.33
internal_count=92170 75874 16296 60416 9889 9800 15458 1341 14117 8286 5831 1143 44745 3921 1172 40824 28575 937 2089 2040 404 6197 607 12249 7760 15671 4688 2749 1852 15489
is_linear=0
shrinkage=0.1


Tree=95
num_leaves=31
num_cat=0
split_feature=10 10 11 7 7 2 13 14 9 13 13 3 11 2 3 2 13 7 6 5 14 10 7 14 1 9 2 3 9 4
split_gain=100.555 30.4457 27.8374 25.7873 18.6778 16.9077 15.4933 18.8716 24.6231 22.6662 15.282 16.9801 14.3083 15.321 13.8261 24.8413 22.9069 17.6974 18.1644 20.319 14.6833 24.378 14.6152 13.4704 19.589 15.1155 13.3561 13.2011 11.4079 14.0035
threshold=0.16398925264093103 0.091646911356551494 0.01719507394673871 0.068637389884109404 -0.035683541145884116 -0.014348735218973728 0.18296800076783137 0.10955973972033782 0.29570515054909979 -0.33904450319161722 -0.67040038414789571 -0.0011594119739433138 0.011259182657940814 0.07770107949119788 -0.11794174499126096 -0.10270354090562205 -0.30263363000238375 -0.0093752447525679555 -0.033192836226464344 0.016161010602416929 0.50871662425462427 0.35689305048370329 -0.059684737947658432 0.35838808917923209 0.0058876384321076012 0.15109076327774598 0.067794054993626243 -0.028256280054076651 0.1574328030139516 0.0019782400121060033
decision_type=2 2 2 2 2 2 2 2 2 2 2 2 2 2 2 2 2 2 2 2 2 2 2 2 2 2 2 2 2 2
left_child=1 -1 6 4 23 -6 7 8 9 -2 -9 -12 -8 26 17 16 -16 18 19 -4 -17 -22 -18 25 -25 -3 -14 -7 29 -5
right_child=2 3 14 28 5 27 12 10 -10 -11 11 -13 13 -15 15 20 22 -19 -20 -21 21 -23 -24 24 -26 -27 -28 -29 -30 -31
leaf_value=-0.06701210881293998 -0.027522813197549807 -0.0065246489663552181 -0.0044581050752633741 -0.00097466444011452759 -0.049718907735548164 0.02799243605181901 -0.044057776679435487 -0.032785506725188811 -0.027302191677241339 0.030205445816180062 -0.0088376800529476641 0.0039971847614707796 -0.0073587367044471927 -0.050151168168318473 -0.034421223094190427 0.0023404739633917197 0.021280961729006204 0.05858996418096743 -0.047590567017177135 0.060066283196646322 0.0036008028643529887 0.019184506267054993 0.061430511003328497 -0.03613370183382144 0.083757010110300123 0.078174263242326431 0.055820301691977874 -0.023856808650063014 -0.024414380366714537 0.051615129894825584
leaf_weight=134.35114013776183 77.781431585550308 41.542646504938602 1166.503107406199 113.84210969135165 261.57960964739323 51.600395500659943 129.72831518948078 158.04209989309311 115.68612587451935 541.65508292615414 1714.8956751897931 2583.7763714827597 852.20723353326321 81.628023691475391 46.059163928031921 3852.1258203536272 190.03371639549732 45.256980687379837 93.085503078997135 50.934793367981911 2120.9124891236424 1905.8639720827341 173.39140087366104 87.302415322512388 16.149217460304499 42.755091935396194 34.827934332191944 1015.3238814920187 69.703075937926769 91.191631712019444
leaf_count=2897 462 350 4244 939 2728 487 1018 984 550 2871 9828 14204 4643 425 152 14951 605 142 393 161 8955 6286 483 720 105 256 168 11067 508 649
internal_value=0.00048711 -0.0210992 0.00309536 -0.017655 -0.0227627 -0.0269351 -0.00208005 0.000202689 0.0150474 0.0229566 -0.00224591 -0.00112311 -0.01287 -0.00869322 0.00647093 0.00800229 0.0320164 -0.00289082 -0.00501397 -0.00175855 0.00675422 0.0109765 0.0404365 0.00676086 -0.0174183 0.0364339 -0.00487812 -0.0213492 0.0105343 0.0224154
internal_weight=17859.7 1925.34 15934.4 1790.99 1516.25 1328.5 6290.23 5191.84 735.123 619.437 4456.71 4298.67 1098.39 968.663 9644.17 8288.39 409.484 1355.78 1310.52 1217.44 7878.9 4026.78 363.425 187.749 103.452 84.2977 887.035 1066.92 274.737 205.034
internal_count=92231 20706 71525 17809 15713 14282 35153 28899 3883 3333 25016 24032 6254 5236 36372 31432 1240 4940 4798 4405 30192 15241 1088 1431 825 606 4811 11554 2096 1588
is_linear=0
shrinkage=0.1


Tree=96
num_leaves=31
num_cat=0
split_feature=11 10 13 0 1 5 10 7 6 0 15 4 4 6 9 13 6 14 4 13 8 9 0 7 9 8 14 14 9 9
split_gain=14.1341 9.82504 12.0698 8.02037 10.3252 11.5542 10.2331 8.42462 21.1014 8.00601 28.28 12.3073 7.92302 7.8369 8.63174 7.71886 7.55718 16.4152 11.7615 9.44531 7.94541 7.53867 7.38749 6.37517 6.00835 6.05856 5.74474 8.31239 7.26304 7.93303
threshold=0.014559593350081839 0.52944344504079088 0.80994248065938967 -0.0023111166200795448 -0.024014869970708116 -0.049443172085396052 0.32128873559328458 -0.099964883029326143 -0.01692718904465312 0.010765460251715544 0.736276291029765 0.016156890504437364 -0.013093459988327448 -0.042717421045333208 0.31309614638202088 0.17179380449017648 0.026589577748246666 0.76638054363376262 0.019926837821997005 0.18296800076783137 0.46590123276916467 0.13675702077437307 -0.030832939057332528 0.056414625263088609 0.23629875165447031 -0.45375785390312645 0.1266380543633763 0.7233136465494322 0.36265015331337852 0.264884651581965
decision_type=2 2 2 2 2 2 2 2 2 2 2 2 2 2 2 2 2 2 2 2 2 2 2 2 2 2 2 2 2 2
left_child=3 2 16 4 5 -1 12 8 -5 13 11 -11 -6 -9 -15 -12 19 20 -19 21 -18 -2 -21 -14 25 -7 -3 28 29 -28
right_child=1 26 -4 7 6 24 -8 9 -10 10 15 -13 23 14 -16 -17 17 18 -20 22 -22 -23 -24 -25 -26 -27 27 -29 -30 -31
leaf_value=0.048290382458714282 0.013159162046798496 -0.036581615885864019 0.053186482609153263 0.0013002765117991833 -0.013483392040432621 -0.026242189810927626 0.040160202310885955 -0.034392736310932655 0.1152447966094467 0.045744533584755415 -0.0042121727822944021 -0.024354388612988713 0.014019756575006507 -0.0016368428902891101 0.034345327289860554 0.018663254285136485 0.0069826009457290249 0.022002462605891691 -0.035617024273457976 -0.017050041092271581 -0.0056840808558784013 -0.0059118753845671399 0.0056285281251612848 -0.00033797098911517653 0.010646073185213732 -0.0030074523030311894 -0.0068298635333990431 -0.021952508930181653 -0.0075540140635455503 0.045477892861080074
leaf_weight=41.329233020544052 216.58651886880398 83.124047935009003 41.085177563130856 57.679588690400124 138.87450134009123 181.7248452976346 115.59413330256939 71.475423097610474 22.628882929682732 221.03736502677202 791.58376728743315 28.246775425970554 1590.4128864835948 3486.8273662608117 67.968530833721161 181.29030860215425 809.42389612644911 542.89072946459055 37.899157255887985 158.35301902890205 1275.6823207810521 4821.065126478672 1545.5874070376158 383.90905007719994 157.45982563495636 293.44760342687368 55.571407645940781 321.62470123171806 454.54666820168495 60.624045141041279
leaf_count=205 1121 436 192 292 675 931 565 358 111 1125 3928 146 8461 19352 338 950 3832 2673 180 761 6084 23155 7322 1896 780 1571 265 1712 2509 305
internal_value=0.000528813 -0.00188298 -0.00089653 0.00373902 0.00790904 -0.00293675 0.0111887 0.00128311 0.0334069 0.000751022 0.00775063 0.0378015 0.00960391 -0.00160805 -0.000948855 5.05508e-05 -0.00113273 0.00337443 0.0182425 -0.00291504 -0.000766962 -0.00509194 0.00352093 0.0112279 -0.00628336 -0.0118933 -0.0114378 -0.0090956 -0.00185047 0.0204613
internal_weight=18255.6 10424.1 9448.57 7831.49 2902.75 673.962 2228.79 4928.74 80.3085 4848.43 1222.16 249.284 2113.2 3626.27 3554.8 972.874 9407.49 2665.9 580.79 6741.59 2085.11 5037.65 1703.94 1974.32 632.632 475.172 975.491 892.367 570.742 116.195
internal_count=92231 50547 45320 41684 15084 3487 11597 26600 403 26197 6149 1271 11032 20048 19690 4878 45128 12769 2853 32359 9916 24276 8083 10357 3282 2502 5227 4791 3079 570
is_linear=0
shrinkage=0.1


Tree=97
num_leaves=31
num_cat=0
split_feature=10 10 10 12 7 1 6 10 8 5 13 10 10 12 9 10 12 2 7 6 4 2 13 4 9 7 9 9 13 12
split_gain=66.7936 15.2575 14.7401 19.1241 11.1352 10.7562 11.2331 9.31107 9.11823 8.96915 8.40862 8.08582 7.60367 7.07791 8.37417 12.8128 11.4985 9.17558 6.95389 8.59336 6.85794 6.72742 9.08674 8.23839 6.52547 6.3946 6.27821 6.1359 5.92856 7.34281
threshold=0.22339873211605604 0.094219539867669747 0.40037260350509202 0.22261444730592403 0.013808890684150145 0.0087839974504619906 -0.0023681512925080579 0.54965249130832949 0.98855722514474897 0.0085705344657310851 0.75292459532936695 0.50845536067110797 0.13139500563086301 0.10182529643602686 0.38175157687788336 0.3103261189814765 0.16277172666998302 -0.0017242870164615451 0.048480856829019155 -0.00036532848394127399 0.02404306804206913 -0.045376785246656219 0.15248109299998772 -0.021910104163111784 0.097896741181017474 -0.12501683444892933 0.080669263263544386 0.62697631390425224 -0.27079324813120154 0.021215301742743307
decision_type=2 2 2 2 2 2 2 2 2 2 2 2 2 2 2 2 2 2 2 2 2 2 2 2 2 2 2 2 2 2
left_child=1 4 13 11 5 6 26 -5 20 18 -9 27 -10 25 -15 17 -17 -16 19 -6 21 22 -3 -23 -11 -2 -1 -4 -14 -30
right_child=2 8 3 7 9 -7 -8 10 12 24 -12 -13 28 14 15 16 -18 -19 -20 -21 -22 23 -24 -25 -26 -27 -28 -29 29 -31
leaf_value=-0.014578996339436025 -0.023946395764335465 -0.016814972201347637 -0.016737097417217406 0.026862678835157444 -0.053222781740325124 -0.017370750557195377 0.057061420586558366 -0.0086642443910962801 0.032914229862635404 0.018545664939840514 0.062874716481594553 -0.030571841645439787 -0.050184557047263212 -0.002620115925247028 0.026377159792525241 0.0014949690571389302 0.069549647649975649 0.12784853693096757 -0.044201504085070939 0.010403986461098526 -0.020360652995783199 -0.018593695102262046 0.01353569684034346 0.0062635392366390506 0.073330747672379806 -0.0056491843307694472 0.03939119345820679 0.020768092559258558 0.043912788278380382 -0.01744665677598339
leaf_weight=42.941017284989357 198.11019219458103 300.34525641053915 954.95537976920605 119.33704859018326 23.746637135744095 35.066344201564789 164.74179414659739 349.19912004470825 32.327067285776138 164.16670806705952 17.241284966468811 502.43228439986706 48.234860002994537 839.43216766417027 19.349188208580017 220.1590741276741 27.982603631913662 16.519647248089314 35.13444846123457 200.03258760273457 107.67724236100912 135.90146692097187 146.88737884163857 7054.0063544362783 25.060246974229813 5325.2073487713933 43.276258811354637 45.708875738084316 21.581941500306129 202.45668306946754
leaf_count=185 1225 1580 6164 690 97 143 858 2178 146 673 115 3600 231 4637 124 1370 181 109 153 851 551 662 793 33036 108 30134 183 324 112 1018
internal_value=-0.000848586 0.00529136 -0.00709372 -0.0146465 0.0190917 0.0345072 0.0417561 0.00260244 0.00403266 0.00925278 -0.00529828 -0.020221 -0.0129386 -0.00483376 0.00240181 0.0172448 0.0091694 0.0731105 -0.00284157 0.00365215 0.00470013 0.00505347 -0.00684671 0.0057937 0.0258011 -0.00630547 0.012511 -0.0150239 -0.0183827 -0.0115358
internal_weight=17419.2 8783.58 8635.63 1988.87 734.166 286.025 250.959 485.777 8049.42 448.141 366.44 1503.1 304.601 6646.76 1123.44 284.011 248.142 35.8688 258.914 223.779 7744.82 7637.14 447.233 7189.91 189.227 5523.32 86.2173 1000.66 272.273 224.039
internal_count=92231 41380 50851 13071 3251 1369 1226 2983 38129 1882 2293 10088 1507 37780 6421 1784 1551 233 1101 948 36622 36071 2373 33698 781 31359 368 6488 1361 1130
is_linear=0
shrinkage=0.1


Tree=98
num_leaves=31
num_cat=0
split_feature=11 11 1 0 2 6 11 12 4 8 15 15 7 12 12 11 7 5 3 8 3 12 9 2 11 7 0 7 0 1
split_gain=30.5054 11.0045 10.4139 10.094 7.61199 9.76895 8.34933 9.02872 7.24479 7.32395 7.14033 6.93318 7.62388 7.31238 6.92159 11.6481 8.59486 7.6826 6.27367 14.2251 10.6427 11.5609 6.56186 5.86788 11.2589 5.61767 5.33168 5.21548 5.14165 4.75937
threshold=0.01353451218001153 0.029043648472410959 0.10056260890186898 -0.01901968893848038 -0.10270354090562205 -0.081145927245176594 0.023414369937025396 0.1777248462225883 1.0000000180025095e-35 -0.23918752858243239 0.33692145830050341 0.35414445814291945 0.0090075152050572722 0.035282097687129477 0.12603079304552797 0.020731627329251854 -0.055785107080428657 -0.043334569123609216 -0.045809504490165846 0.056352970029527917 -0.05172868153702969 0.044869494587520049 0.14462012867818599 0.12097788007290423 0.039967620586456858 -0.10511280003085281 0.034313546630688758 0.13851109753019067 -0.0091472939381678203 0.063426199080742332
decision_type=2 2 2 2 2 2 2 2 2 2 2 2 2 2 2 2 2 2 2 2 2 2 2 2 2 2 2 2 2 2
left_child=3 4 11 8 14 6 7 -6 10 -10 -1 12 13 -3 17 -16 -17 -2 19 20 21 -5 -22 -13 -25 -20 27 -27 -8 -7
right_child=1 2 -4 18 5 29 28 -9 9 -11 -12 23 -14 -15 15 16 -18 -19 25 -21 22 -23 -24 24 -26 26 -28 -29 -30 -31
leaf_value=-0.013697594825344656 -0.014241565438311347 0.053878015264419522 -0.040784029900040222 0.023580549301618282 0.026620835804352552 -0.0021465680583745827 0.024812420142601592 0.10393688263433175 -0.0174988138292483 0.05897590024236582 -0.067561923798586568 -0.0051045988270956646 -0.032629609344966434 -0.011595095273398496 0.064112073446096818 0.0049073590732778942 -0.075008776281126621 -0.05271034515370783 -0.046331892222917254 0.081978052737317758 0.07706144002049635 -0.00481368468903327 0.023897504257425699 0.049718224603957972 -0.04275402101195501 0.0055445704465938795 0.051264336626424406 -0.015723633073041598 -0.042518097350383782 0.0071764536115400471
leaf_weight=217.03934098780155 214.65389689058065 17.927170068025589 109.68970612436533 243.20070891082287 74.475376188755035 8283.6848493143916 21.95559536665678 18.946154922246933 24.296388417482376 25.843499571084976 27.757713541388512 655.50853415578604 200.68367531895638 351.90885169804096 26.319791004061699 60.627244524657726 17.297192133963108 68.475978508591652 21.118487298488617 30.351225137710571 34.548476949334145 349.41081906110048 70.779397204518318 50.62990341335535 17.794054225087166 6153.8620516955853 25.168537259101868 117.50253217667341 23.461137719452381 586.3225222453475
leaf_count=1010 1115 98 661 1119 383 42273 123 111 111 129 120 3659 1190 1980 157 360 89 335 100 140 169 1634 336 323 105 30324 127 590 127 3233
internal_value=0.000438262 -0.00294246 -0.0111997 0.00541219 -0.00170852 -0.00111832 0.0252023 0.0423008 -0.0127122 0.0219184 -0.0198053 -0.0086928 -0.0169368 -0.0084214 -0.0154344 0.00659504 -0.0128319 -0.0235454 0.00617086 0.0149594 0.012045 0.00683897 0.0413357 -0.00219585 0.0256703 0.00515773 0.00533043 0.00514608 -0.00996883 -0.0015303
internal_weight=18141.2 10800.4 1404.14 7340.88 9396.22 9008.85 138.838 93.4215 294.937 50.1399 244.797 1294.45 570.52 369.836 387.374 104.244 77.9244 283.13 7045.94 728.291 697.939 592.612 105.328 723.932 68.424 6317.65 6296.53 6271.36 45.4167 8870.01
internal_count=92231 56322 8016 35909 48306 46250 744 494 1370 240 1130 7355 3268 2078 2056 606 449 1450 34539 3398 3258 2753 505 4087 428 31141 31041 30914 250 45506
is_linear=0
shrinkage=0.1


Tree=99
num_leaves=31
num_cat=0
split_feature=10 3 8 12 10 3 8 2 8 1 3 2 6 8 8 13 7 12 12 6 8 1 3 3 13 12 3 13 8 12
split_gain=102.52 25.8973 33.0073 24.5698 23.6722 22.282 49.2206 31.6325 39.6338 26.1682 26.0329 22.4792 21.937 38.9442 20.3681 17.2297 18.1817 15.1914 13.4631 13.2078 14.9784 12.8798 12.3227 11.8642 12.6166 13.1397 11.5354 11.2598 11.1224 10.7614
threshold=0.15726238386516564 -0.11794174499126096 -0.93839941323847176 0.031563115673323268 0.12121227504112553 0.026930263172183725 0.86636020561801785 -0.059723500695194158 -0.27909855512563281 -0.061829939462380239 0.10172731353269927 0.16676417702680188 -0.06241893404848952 -1.6604696758865403 -0.64977032818322544 -0.93320311234007336 0.09816178772624197 0.070157400632218467 0.083147211702665716 -0.032496594405343186 -1.008020682447982 -0.086391263266511795 -0.038236005124744114 0.11695670582748764 -0.4888555942199112 0.051010635081228557 -0.080860686486292618 0.32929260624476475 -0.48419548204641422 0.22261444730592403
decision_type=2 2 2 2 2 2 2 2 2 2 2 2 2 2 2 2 2 2 2 2 2 2 2 2 2 2 2 2 2 2
left_child=4 3 19 -2 15 7 11 8 -4 -9 -8 -7 14 -14 29 -1 17 22 -15 20 21 -3 -17 24 28 -26 -22 -16 -6 -5
right_child=1 2 5 12 23 6 10 9 -10 -11 -12 -13 13 18 27 16 -18 -19 -20 -21 26 -23 -24 -25 25 -27 -28 -29 -30 -31
leaf_value=0.10529804742464327 0.082113446673378804 0.027777182856284444 0.0086068911379674502 0.017117662083444934 0.096167617565988836 -0.010001951748870893 0.02798090722556151 0.043304194187695738 -0.031901205148440526 0.0071373140134221571 0.0031416493741574418 0.087772958970324735 -0.0098005053038139559 0.068919686377240746 -0.011244093744947899 0.018488311443798228 0.06518270411727925 0.073011068640394777 0.029719891292335921 -0.028034908471143011 0.073976492450397099 -0.01773302812807373 -0.054169055417712109 0.063344384661537079 -0.025372011612068441 0.008404391264639979 0.0033413590518194046 -0.064249156064576166 0.0023311757657930765 -0.0087041915556251605
leaf_weight=7.7869082633405915 50.663869448006153 70.154977165162563 496.39176972210407 631.73003145307302 15.059848375618456 3883.9302081726491 545.2401667162776 207.10214784741402 470.44894155487418 5880.2441216558218 1865.745959430933 23.657211184501648 180.76716404408216 158.38261269032955 189.12358007580042 24.604300171136856 14.649090291932223 10.179085858166216 196.08684591203928 492.01348016411066 36.4971863925457 547.43590641766787 455.12588528171182 18.360446825623512 879.78000377863646 132.52436316758394 63.080233342945576 50.85312357544899 78.338422112166882 216.78007277101278
leaf_count=80 196 263 2084 2266 97 19262 2355 788 1942 28642 7094 73 708 568 691 206 128 102 724 2245 153 2402 7842 113 8322 973 263 217 643 789
internal_value=-0.000643966 0.00175763 0.000405133 0.0135363 -0.0245018 0.00183578 -0.00247723 0.00569903 -0.0111037 0.00836777 0.008759 -0.00941001 0.0113965 0.0279722 0.00324584 -0.0423169 -0.044595 -0.0478776 0.047235 -0.0154169 -0.00676031 -0.0125633 -0.0504426 -0.0163817 -0.0177056 -0.0209502 0.0292306 -0.0224763 0.0174617 0.0105206
internal_weight=17892.7 16256.3 14581.9 1674.39 1636.41 13372.8 6318.57 7054.19 966.841 6087.35 2410.99 3907.59 1623.72 535.237 1088.49 512.345 504.558 489.909 354.469 1209.18 717.168 617.591 479.73 1124.06 1105.7 1012.3 99.5774 239.977 93.3983 848.51
internal_count=92231 73725 67566 6159 18506 62240 28784 33456 4026 29430 9449 19335 5963 2000 3963 8358 8278 8150 1292 5326 3081 2665 8048 10148 10035 9295 416 908 740 3055
is_linear=0
shrinkage=0.1


Tree=100
num_leaves=31
num_cat=0
split_feature=11 2 11 10 9 14 14 2 9 7 0 14 14 6 1 8 6 3 8 14 7 1 10 16 0 13 3 10 14 0
split_gain=75.1381 30.4022 24.9367 21.7798 23.9517 17.3062 17.2165 18.8517 17.3532 17.6039 16.7907 14.4332 14.0981 12.5264 12.2545 20.5494 16.5534 11.9591 21.205 30.7768 18.6087 17.5383 16.6585 11.9395 44.8774 15.979 10.6594 9.46406 9.2082 7.72566
threshold=0.0096023911673344137 0.0049931448537710041 0.020381872724486955 0.30533614153328642 0.077848939175672802 0.9896459227467812 0.84389604196471157 0.018670311634201745 0.39670978877982027 0.14766514474629747 0.0056119700858574548 0.90977433199501601 0.86928386949751235 0.016889114771475037 0.079888256897983859 0.061242394658869215 -0.0020472747408527554 -0.16431128452137053 -0.70832121823094674 0.76638054363376262 -0.047191543899042558 -0.034673896419566079 0.66253369467445999 1.0000000180025095e-35 -0.008766279912284956 -0.017016577107488044 0.079392971362558754 0.32678193302548969 0.96835002384358615 -0.021567760834058976
decision_type=2 2 2 2 2 2 2 2 2 2 2 2 2 2 2 2 2 2 2 2 2 2 2 2 2 2 2 2 2 2
left_child=1 13 5 4 -3 6 8 12 9 -2 -9 17 -8 29 15 16 -13 20 22 -20 21 -4 -19 25 -25 -6 -10 -7 -17 -1
right_child=2 3 11 -5 23 27 7 10 26 -11 -12 14 -14 -15 -16 28 -18 18 19 -21 -22 -23 -24 24 -26 -27 -28 -29 -30 -31
leaf_value=0.029484937368308796 -0.0037256819470031888 -0.074316774070858099 0.0033778224345256229 0.083868452285199332 0.012838509410992594 -0.060605673716243619 0.03910457289509027 -0.019529777215726761 -0.034904689702697798 0.022804401635092321 0.011574728593608004 -0.011779555172702289 0.0098746314682672115 0.031613855277985221 0.036672920858514056 -0.060517605398251552 0.050207162672274312 0.017512032311116036 0.0022794447246411702 0.026410385340995646 0.06758814720898014 -0.032661567418617497 0.068279241970894564 0.14142340662045536 -0.060614944307859908 -0.025463207195832269 0.0027839658788758027 0.017339173515689525 -0.014318053990059074 -0.050550748918650759
leaf_weight=12.399643082171677 7141.1646957397461 61.780563971027732 340.93818563222885 23.01551977545023 286.82176987454295 75.955327939242125 204.91276294738054 387.36159542948008 277.25872282683849 259.18808207660913 314.41560496389866 192.64927262067795 847.33455503731966 20.468202169984579 48.032422050833702 109.18824812024832 55.490412570536137 1029.5036860778928 4217.1058425009251 604.27123925089836 31.918285310268402 223.58174176514149 68.965061500668526 12.367492832243441 99.003800420090556 175.60922491922975 102.89266714453697 19.596771001815796 71.32250152528286 441.06107411719859
leaf_count=93 40547 1248 1142 123 2924 481 1024 2090 1230 1124 1638 731 4456 165 160 412 213 3739 15179 2016 88 826 192 101 1115 2044 443 93 287 6037
internal_value=-0.000671126 -0.0255937 0.00102685 -0.011695 -0.0151555 -0.00227365 -0.00184927 0.00710043 -0.00386688 -0.0027965 -0.0055941 0.00557201 0.0155668 -0.0449082 -0.0112251 -0.0165923 0.00208227 0.00680076 0.00816056 0.00530382 -0.00669575 -0.0108958 0.0206993 -0.00878572 -0.0381791 -0.00170665 -0.0247038 -0.04462 -0.0422635 -0.0483622
internal_weight=17755.6 1132.53 16623 658.598 635.583 9630.08 9534.53 1754.02 7780.5 7400.35 701.777 6992.97 1052.25 473.929 476.683 428.65 248.14 6516.28 5919.85 4821.38 596.438 564.52 1098.47 573.802 111.371 462.431 380.151 95.5521 180.511 453.461
internal_count=91961 13850 78111 7555 7432 53126 52552 9208 43344 41671 3728 24985 5480 6295 1803 1643 944 23182 21126 17195 2056 1968 3931 6184 1216 4968 1673 574 699 6130
is_linear=0
shrinkage=0.1


Tree=101
num_leaves=31
num_cat=0
split_feature=10 12 9 4 10 13 13 10 1 10 9 4 2 3 2 5 14 0 14 0 5 14 12 9 15 12 12 14 3 3
split_gain=12.1583 9.43497 11.5673 12.9345 10.2065 8.81473 7.96899 7.87219 8.56394 7.08277 9.68981 6.82351 6.34893 6.09056 6.40257 6.03445 11.0601 9.42785 6.01353 10.874 7.85687 5.86899 5.62111 5.01429 5.87924 4.63841 4.93937 8.55565 4.46646 4.46598
threshold=0.52944344504079088 0.1426313218344655 0.12505683643556578 -0.0020058022476709954 0.21836072526769718 -0.81899651844423527 0.32205737076294716 0.077285798048467858 0.009931215933895567 0.42573492650433753 0.28874158250316856 0.019281372407513601 0.024925162130724491 0.048550884834605242 0.0019550348358037266 -0.0050055035878195367 0.98070147436124822 -0.0065022754249488548 0.15250769113904822 0.0079843492078293127 -0.018973087425695031 0.11385620010152754 0.18315970758002706 0.6097946614853762 0.55613391030870563 0.2598694866460925 0.29260461277655647 0.5259609359297226 0.028231808802556383 -0.23884704924642272
decision_type=2 2 2 2 2 2 2 2 2 2 2 2 2 2 2 2 2 2 2 2 2 2 2 2 2 2 2 2 2 2
left_child=1 4 3 -3 5 13 15 8 -7 10 -8 21 -9 14 -1 16 -6 -17 19 20 -4 22 -2 24 -20 29 27 -27 -5 -23
right_child=11 2 18 28 6 7 9 12 -10 -11 -12 -13 -14 -15 -16 17 -18 -19 23 -21 -22 25 -24 -25 -26 26 -28 -29 -30 -31
leaf_value=-0.004297126236376978 -0.0049551804048007103 0.11432411596688866 0.079084213147351382 0.054004965505814989 -0.0072653044570513779 -0.042016461526072441 -0.0043088004709833884 0.0058566898919616417 0.017807663769268494 -0.018365734928437637 0.016369581224577223 -0.032180906530502901 -0.00085253859204412197 0.028002662656101768 -0.056627756797920793 0.0083358229684492129 0.033242793632798071 -0.0029804248583302959 0.0095805838325497394 -0.01416440264280191 0.022880297296694167 -0.045453649722036638 -0.061581182562283746 0.027363517575425451 -0.0079626972281546995 0.080742799058081807 -0.0022418478167035689 0.0057230229661113172 -0.0090941103799237599 -0.0079931010158588965
leaf_weight=40.472147965803742 33.153803043067455 21.4783074259758 38.80179888010025 20.845816321671009 3079.2741415724158 74.971553657203913 357.09893384575844 5156.8287602774799 35.146588977426291 106.31041973829269 620.15782336890697 124.87056547403336 1941.4472511336207 18.600147925317287 55.360420120880008 923.61975130438805 68.910881571471691 3628.5356185361743 419.86676135659218 47.940541818737984 69.284094788134098 34.071707427501678 37.200351350009441 83.74876020103693 350.49645345658064 21.540119625627995 217.00646322220564 51.664390809834003 24.289120391011238 482.63921476155519
leaf_count=229 188 107 198 119 15067 1107 1683 27129 291 516 2926 684 9838 96 328 4373 351 17322 2050 227 324 193 193 442 1677 124 1185 273 119 2602
internal_value=0.000397322 0.00102175 0.0100845 0.0504461 0.000415894 0.0031729 -0.00188253 0.00361005 -0.0229223 0.00614691 0.0088135 -0.0103095 0.00402165 -0.0243636 -0.0345274 -0.0030124 -0.00637862 -0.000684389 0.00742288 0.0254752 0.043057 -0.00719637 -0.0348967 0.00412514 0.00159882 -0.00478123 0.0053354 0.0277973 0.0200485 -0.0104632
internal_weight=18185.6 17183.5 1076.75 66.6132 16106.7 7322.83 8783.91 7208.39 110.118 1083.57 977.257 1002.15 7098.28 114.433 95.8326 7700.34 3148.19 4552.16 1010.14 156.026 108.086 877.276 70.3542 854.112 770.363 806.922 290.211 73.2045 45.1349 516.711
internal_count=91961 86519 5263 345 81256 39018 42238 38365 1398 5125 4609 5442 36967 653 557 37113 15418 21695 4918 749 522 4758 381 4169 3727 4377 1582 397 238 2795
is_linear=0
shrinkage=0.1


Tree=102
num_leaves=31
num_cat=0
split_feature=10 10 0 8 7 6 10 15 2 0 4 0 3 6 7 14 9 2 0 9 9 3 6 10 2 2 2 8 4 15
split_gain=42.5797 13.1745 11.705 10.6919 19.9784 13.2307 12.5483 10.6174 9.41857 8.33582 7.50395 8.43343 7.41525 9.89492 9.86381 7.73473 7.01814 6.87635 6.86854 9.39543 7.25018 6.72618 6.39844 5.94291 6.01029 5.31574 8.06254 5.00286 4.98211 5.11712
threshold=0.22649496849801179 0.15050292604186852 0.0099881090669495815 0.14157384838344586 0.035458405023426127 -0.0017026156584794003 0.072692515706644562 0.91683219238818159 0.0053806133146072641 -0.0041381958259787402 -0.0037649073063117373 0.0042940535423614543 0.017094433359300169 1.0000000180025095e-35 -0.00066463516411097146 0.083780977433199524 0.10437676369504914 -0.018521507977365289 -0.011001892550793533 0.21761576269685659 0.12380466564602825 -0.087181142191059532 0.016130367205761557 0.50845536067110797 0.10124809637704103 0.03184060585565885 0.032985134015201874 -0.89239549906146298 -0.010983353285779705 0.80937369440540863
decision_type=2 2 2 2 2 2 2 2 2 2 2 2 2 2 2 2 2 2 2 2 2 2 2 2 2 2 2 2 2 2
left_child=1 3 7 4 6 -6 8 10 -1 -7 11 -2 14 -14 -5 -15 -12 -16 20 25 -3 -13 -8 24 28 -20 -27 -18 -4 -30
right_child=2 18 23 12 5 9 22 -9 -10 -11 16 21 13 15 17 -17 27 -19 19 -21 -22 -23 -24 -25 -26 26 -28 -29 29 -31
leaf_value=0.058456452383250618 -0.010265812603734673 0.048136909020320195 -0.030846952699352583 -0.022892246424600998 -0.016162487560319416 0.0032681252967635258 0.0083212326478021726 0.067532461553426723 0.0050365363787038134 0.045100473047078565 0.041987590590955678 0.054788097783939477 0.054661401893495901 -0.027404424734501439 -0.022720790084705407 -0.00054047564545027646 -0.0090585934132199689 0.032983329101297712 -0.0020895079186117687 0.011392599577597012 -0.0088218782604174862 0.0035093395709264227 -0.012257476051584802 -0.02470817554313361 0.0072513323307161013 0.05180329941588422 0.0048590675116085558 0.00050000354933997699 -0.017974689076708041 -0.0062913092605038287
leaf_weight=84.79855764657259 1934.9110995456576 22.986535094678402 122.39242404699326 50.554347693920135 49.413606122136116 55.960567876696587 1720.4538820758462 21.149993158876896 54.03688833117485 320.16842433810234 38.01234769821167 29.549604281783104 29.902914017438889 121.39410257339478 25.178077772259712 915.21288457512856 665.8462006226182 184.91526938974857 2544.7521355748177 969.03923065215349 803.73509081453085 190.39446442574263 165.6370699852705 298.60018348321319 191.68082791566849 38.207143522799015 861.90380974858999 3082.2234344035387 547.33119405806065 1189.7714587152004
leaf_count=505 11529 116 750 212 214 234 7393 130 244 1380 190 192 136 493 111 3935 4057 817 12421 5109 4091 1123 693 2103 1219 193 4265 18025 3114 6967
internal_value=-0.000386675 0.00437203 -0.0055498 0.00887385 0.0127891 0.0324856 0.00864979 -0.00319392 0.0376646 0.0388766 -0.00344571 -0.00815661 0.00164479 -0.00205047 0.016765 -0.00368644 -0.0007645 0.0263076 0.00112696 0.00269374 -0.00723817 0.0103987 0.006514 -0.0115273 -0.00960855 0.000246752 0.00685172 -0.00119809 -0.0113465 -0.00997254
internal_weight=17330.1 9018.25 8311.86 3777.63 2450.47 425.543 2024.93 5962.09 138.835 376.129 5940.94 2154.86 1327.16 1066.51 260.648 1036.61 3786.08 210.093 5240.62 4413.9 826.722 219.944 1886.09 2349.78 2051.18 3444.86 900.111 3748.07 1859.5 1737.1
internal_count=91961 42562 49399 16367 10663 1828 8835 35246 749 1614 35116 12844 5704 4564 1140 4428 22272 928 26195 21988 4207 1315 8086 14153 12050 16879 4458 22082 10831 10081
is_linear=0
shrinkage=0.1


Tree=103
num_leaves=31
num_cat=0
split_feature=10 10 13 14 5 10 8 14 12 7 14 14 1 5 14 12 13 12 15 12 0 6 10 12 12 12 7 8 14 9
split_gain=25.4719 11.2704 12.3499 7.88989 15.9807 15.7104 8.17255 7.92266 7.14249 7.12674 6.23602 8.08525 9.15165 9.12826 7.7411 8.60513 8.09727 7.36937 6.61057 6.05658 6.67355 7.32756 6.47688 5.62723 6.63378 6.05586 5.03496 6.46725 5.53559 6.02494
threshold=0.29724195309184709 0.11964666576307538 0.63060468556443305 0.18253661135178059 0.0053812675788624817 0.077285798048467858 -0.39826895364826748 0.63319027181688137 0.022767940491170268 0.041709115367496448 0.062298675527250914 0.027926992477733174 1.0000000180025095e-35 0.025309649318713049 0.070891596289630363 0.036971401486504747 1.0000000180025095e-35 0.31393750960117778 0.73197054106916093 0.1043398406518866 -0.024936994277254373 0.021282861116427635 0.44606175972968781 0.043288593352310618 0.070698332213701517 0.027015779159405996 0.20162128192092424 2.4931872844167948 0.023630532096543453 0.50514709251838108
decision_type=2 2 2 2 2 2 2 2 2 2 2 2 2 2 2 2 2 2 2 2 2 2 2 2 2 2 2 2 2 2
left_child=1 2 3 4 5 -1 8 -8 -5 -6 11 12 -3 -14 15 16 -12 18 -16 22 21 -21 -2 25 -25 -13 28 -28 -22 -30
right_child=19 10 -4 6 9 -7 7 -9 -10 -11 14 23 13 -15 17 -17 -18 -19 -20 20 26 -23 -24 24 -26 -27 27 -29 29 -31
leaf_value=0.11540944736535819 -0.0067108681809096658 0.029165198429175383 0.090022296990688741 -0.047291814505929348 0.015422860851009322 0.030793494421996699 0.0027857011296785589 0.021789335822684035 0.0046285362242181449 -0.030720172943656018 0.018985323791110245 -0.0025836940896853122 -0.028229160549933061 0.034479841946138096 0.0003386503183819815 0.00068758226428372962 0.09636871297726872 0.058755302591637561 0.0061014753050465447 -0.0085862527574549746 -0.038883229439401264 -0.050529770583783565 -0.020638095579366286 0.0068461814236374947 -0.028965055316183142 -0.041319861050596735 -0.031001046430717518 0.0053559610513501171 -0.0011780531534193509 0.011285577557443964
leaf_weight=25.129672273993492 2591.8040328398347 103.40262559056282 19.451301407068968 51.519254960119724 85.992670379579067 173.00081918761134 723.04605100303888 314.93525741994381 54.549948647618294 54.803495973348618 27.507754132151604 58.977702468633652 87.133789449930191 31.642572827637196 7772.6077743694186 54.345786035060883 26.595885992050171 22.778683364391327 2675.7828908786178 224.97187080234289 32.920478418469429 51.114815913140774 383.29795823991299 147.99680013209581 79.52211520075798 127.8456829637289 110.96646889299154 87.510963656008244 1320.6343529969454 549.11726644635201
leaf_count=142 13815 533 102 280 464 904 3770 1770 281 289 129 275 450 160 37975 267 137 122 12949 1288 181 310 2147 714 383 588 655 558 7032 3291
internal_value=0.000289233 0.00272476 0.0108582 0.00981987 0.0232209 0.0415257 0.0058498 0.00855162 -0.0205899 -0.00253785 0.00163527 -0.00797777 0.00741328 -0.0115232 0.00221363 0.0287933 0.0570249 0.00193835 0.00181448 -0.00549823 -0.00173503 -0.0163517 -0.00850519 -0.0162308 -0.00567052 -0.0290914 0.000185566 -0.0149708 0.00176661 0.00248232
internal_weight=18070.9 12718.6 1502.43 1482.98 338.927 198.13 1144.05 1037.98 106.069 140.796 11216.1 636.521 222.179 118.776 10579.6 108.449 54.1036 10471.2 10448.4 5352.34 2377.24 276.087 2975.1 414.342 227.519 186.823 2101.15 198.477 1902.67 1869.75
internal_count=91961 62684 8002 7900 1799 1046 6101 5540 561 753 54682 3103 1143 610 51579 533 266 51046 50924 29277 13315 1598 15962 1960 1097 863 11717 1213 10504 10323
is_linear=0
shrinkage=0.1


Tree=104
num_leaves=31
num_cat=0
split_feature=11 8 10 9 8 9 1 9 13 7 8 13 6 13 6 7 8 7 0 6 10 9 12 7 12 1 7 12 7 8
split_gain=83.3371 36.6233 31.9022 20.6651 19.4914 27.9959 20.2955 17.2907 16.0068 15.3894 20.433 15.8584 15.7024 15.3435 18.9047 11.8843 14.1266 11.8692 11.4995 11.3821 11.1726 10.9857 13.7869 11.843 10.8776 10.2439 9.97654 8.71382 8.64631 7.87176
threshold=0.0099019546148239341 -0.12788505316543453 0.23895280638625319 0.097896741181017474 0.59269265338482036 0.28383466867603485 0.018500514151501782 0.12864685849962185 -0.72417987179556598 -0.19564367859643822 -2.5009914816032208 -0.17592711108363993 -0.11659060060629971 0.13865185570159119 -0.033192836226464344 -0.21742599454310887 -1.2293073258656364 -0.15528685101787568 0.021513515314972368 -0.1092985212522181 0.084971621904463127 0.26764378555765089 0.049920822321532034 0.054626474274039778 0.033352093658126337 0.012988143998516223 -0.047191543899042558 0.10978411936774286 -0.013052268762638873 -0.42484234529179771
decision_type=2 2 2 2 2 2 2 2 2 2 2 2 2 2 2 2 2 2 2 2 2 2 2 2 2 2 2 2 2 2
left_child=1 3 4 25 17 6 24 27 -3 15 12 -12 -11 14 -5 16 -9 -2 -8 -17 -10 23 -23 -19 -6 -1 -16 -4 29 -15
right_child=2 8 7 13 5 -7 18 9 20 10 11 -13 -14 28 26 19 -18 21 -20 -21 -22 22 -24 -25 -26 -27 -28 -29 -30 -31
leaf_value=-0.06282941865902647 0.077561211950796516 0.036260864761334013 -0.0081941845599106649 0.099187637525644079 0.0014351734156269863 0.10560156976941809 -0.013909744374193329 0.048635586576142947 -0.083795604769617796 0.019832499365436223 0.010965573168679722 0.0028076283095973581 -0.053449723241829672 -0.038308382598597188 -0.031778946450043866 0.021335731975104015 -0.021344556123945979 -0.0033204997026188517 0.033766974002785541 0.083644571756303313 -0.036571054268711357 0.0029924421065623571 -0.039821242251520055 -0.018082703783283003 0.038268182234756552 0.052576258714152606 0.019474768909443191 -0.07976280728243007 -0.070686792710348292 0.062579538850742106
leaf_weight=65.209050307050347 16.704985111951828 28.670616721734405 33.132775887846947 26.506994102150202 126.63711972907186 29.634459063410759 383.09999497234821 50.275623500347137 53.791247300803661 40.960807025432587 3593.1329712793231 7074.3400991633534 102.17859090864658 19.35681676864624 45.90114176645875 56.919489681720734 67.675872474908829 3631.040710106492 58.287404142320156 60.456181451678276 729.62917392887175 116.99722849577665 210.61114447563887 639.10337993875146 218.55056031048298 8.7200188729912025 220.01006637141109 34.96578885614872 33.238798771053553 12.879786007106302
leaf_count=1240 74 282 174 160 767 121 2147 155 1379 132 14337 28779 376 162 325 186 200 21791 303 176 8983 544 1071 4009 1072 133 2137 219 407 120
internal_value=0.000346574 -0.0246156 0.00222335 -0.00108498 -0.00405853 0.0101862 0.00659142 0.00529288 -0.0371278 0.00560258 0.00505187 0.00555548 -0.0324793 0.00885755 0.0186552 0.0309013 0.00848377 -0.00657816 -0.0076138 0.0534289 -0.0398136 -0.00688386 -0.0245314 -0.00552993 0.0247555 -0.0492172 0.0106274 -0.0449417 -0.0348995 0.0020003
internal_weight=17788.6 1243.91 16544.7 431.823 5430.67 816.21 786.575 11114 812.091 11045.9 10810.6 10667.5 143.139 357.894 292.418 235.327 117.951 4614.46 441.387 117.376 783.42 4597.75 327.608 4270.14 345.188 73.9291 265.911 68.0986 65.4754 32.2366
internal_count=91961 15328 76633 4684 31899 4410 4289 44734 10644 44341 43624 43116 508 3311 2622 717 355 27489 2450 362 10362 27415 1615 25800 1839 1373 2462 393 689 282
is_linear=0
shrinkage=0.1


Tree=105
num_leaves=31
num_cat=0
split_feature=11 11 2 14 4 11 14 9 20 17 14 9 11 10 13 17 2 10 3 12 14 4 4 12 14 10 12 14 16 13
split_gain=66.1057 38.2346 24.2146 22.3835 23.4133 20.2096 18.5518 20.3585 17.1693 15.4772 15.199 22.4581 17.3059 14.9092 14.2228 11.5188 16.3518 24.5438 17.2353 19.1847 17.9938 17.0698 14.9759 15.5225 13.0099 10.7517 21.0405 17.0472 10.6047 10.6128
threshold=0.015825476592669661 0.0085413387521120886 0.030701399605693517 0.82631326925123272 -0.020061302410233846 0.0078145040836832009 0.9896459227467812 0.33800777836195056 1.0000000180025095e-35 1.0000000180025095e-35 0.1266380543633763 0.29946585925762698 0.012686374376704569 0.35434791697436868 -0.93320311234007336 1.0000000180025095e-35 -0.14178960618029077 0.33087772342770827 -0.011791420224292136 0.10069268961269813 0.25980490697651049 -0.0014524219749847409 -0.010676130175466756 0.038458383907647636 0.64165854197867156 0.10567320198111428 0.018180574345812658 0.19541726275631857 1.0000000180025095e-35 0.13518595850231954
decision_type=2 2 2 2 2 2 2 2 2 2 2 2 2 2 2 2 2 2 2 2 2 2 2 2 2 2 2 2 2 2
left_child=1 2 25 4 28 8 7 9 -4 -5 11 -6 -12 -9 -2 16 17 -16 20 -20 -18 -19 -17 24 -24 -1 27 -27 29 -3
right_child=14 3 5 6 10 -7 -8 13 -10 -11 12 -13 -14 -15 15 22 18 21 19 -21 -22 -23 23 -25 -26 26 -28 -29 -30 -31
leaf_value=-0.066447761536965327 -0.039289446471185402 0.037634266408461722 0.015373580949157915 0.0042585362296561338 0.0057826380590940175 -0.038431444594267235 -0.043555305733641164 -0.081473392195517025 0.1334347086588637 0.030710548431413964 -0.021546885518588729 -0.045726103330125362 -0.0073697591626963521 0.018495486463652629 0.096257074397656128 -0.0076157839229736403 -0.017074695151935073 0.037022131769956668 0.0099778484373979799 -0.0036802179357481903 0.0002434815329677263 -0.0086753851726510713 0.0054705434746120524 0.017661800333750231 -0.043832475914235787 -0.06209475176064938 -0.042954161307219685 0.071634969719863162 0.083374131038217392 -0.048004438251378075
leaf_weight=137.20276570785791 75.096988037228584 56.047956965863705 55.588226169347763 1077.0055185332894 837.03771556913853 56.69427265226841 76.340789418667555 43.418559409677982 15.824554875493048 278.365772459656 1578.4043221697211 94.1700654104352 1894.4897238202393 22.727612107992172 41.014122769236565 377.63793078809977 763.72753211855888 163.60773411393166 3295.2779622301459 1495.025477103889 2797.7581396251917 163.35933628678322 190.79887123405933 1691.5020303279161 74.387834042310715 13.756089702248572 296.43366288766265 31.044551033526659 33.138616569340229 19.50724146515131
leaf_count=3482 341 297 556 6358 5166 510 533 230 137 1626 13330 496 10915 120 121 1434 3140 487 13644 5271 11183 519 917 6344 375 195 3782 411 161 105
internal_value=-0.000623418 -0.00853857 -0.0324674 -0.00612388 -0.00963961 0.00614558 0.00446844 0.00704749 0.0415351 0.00969124 -0.0107712 0.000573724 -0.0138132 -0.0471244 0.00408277 0.00437743 0.00270722 0.0233376 0.00179824 0.00571525 -0.00347024 0.0141907 0.0106164 0.0141352 -0.0083595 -0.0428064 -0.0333008 0.0305731 0.0362099 0.0155236
internal_weight=17746.4 6617.2 606.544 6010.65 4512.8 128.107 1497.86 1421.52 71.4128 1355.37 4404.1 931.208 3472.89 66.1462 11129.2 11054.1 8719.77 367.981 8351.79 4790.3 3561.49 326.967 2334.33 1956.69 265.187 478.437 341.234 44.8006 108.694 75.5552
internal_count=92186 48410 9073 39337 30470 1203 8867 8334 693 7984 29907 5662 24245 350 43776 43435 34365 1127 33238 18915 14323 1006 9070 7636 1292 7870 4388 606 563 402
is_linear=0
shrinkage=0.1


Tree=106
num_leaves=31
num_cat=0
split_feature=11 2 5 14 0 7 9 6 8 3 3 7 7 8 8 0 7 1 11 8 14 9 7 13 9 7 14 13 13 13
split_gain=12.6998 7.21632 10.8149 12.1215 9.46181 10.1676 9.16399 9.08794 8.205 30.8882 23.6276 6.98845 6.59396 6.24098 9.80992 7.25885 6.16217 6.15115 6.00028 10.261 5.95151 5.68623 5.62355 5.69447 5.82638 5.60978 5.60131 5.5355 6.81437 5.38818
threshold=0.016429527353256538 -0.047503939633373397 -0.0078434441523446679 0.9896459227467812 -0.0042841601993923719 0.061347030987515379 0.26056609554339211 0.043505880146364369 -0.061586383276815204 0.024382530909736747 -0.0076931742038564002 0.081272122646893222 -0.14945547527225775 0.10735146517554936 -0.20597513454530589 0.010957031988102718 0.27912219075923445 -0.063916731824350301 0.011326618412197596 -0.73996754506030471 0.89508329490771954 0.31309614638202088 -0.1723512095757018 0.18700697338762765 0.70033588774105626 0.025750833470800875 0.61161923413475572 0.36746208199243585 0.53715236245478748 0.27431286465515708
decision_type=2 2 2 2 2 2 2 2 2 2 2 2 2 2 2 2 2 2 2 2 2 2 2 2 2 2 2 2 2 2
left_child=1 6 3 17 5 7 18 -4 9 -6 -10 -7 22 14 15 -8 29 -3 19 -1 25 -19 23 24 26 -20 -2 -25 -29 -14
right_child=12 2 4 -5 8 11 13 -9 10 -11 -12 -13 16 -15 -16 -17 -18 21 20 -21 -22 -23 -24 27 -26 -27 -28 28 -30 -31
leaf_value=-0.012801127714176392 0.0088781306006901848 -0.047347215738936549 0.013853467658179911 0.068323311083049981 0.0042759974050278751 -0.020923810232088672 0.014300146351897136 0.055045289037799518 -0.039819826500082693 0.053572556811436758 0.0013730453530527815 0.0077248727693107564 -0.0022485848460281586 -0.023545313150674076 0.072697449352187471 0.07686587622675238 -0.024238853604004264 -0.0051977379940594051 0.0078237464694751145 0.053383199703751674 -0.032965417824390435 0.019548205954937004 -0.028073365654004645 0.044504160618898198 -0.068116668472031655 -0.042346895180277157 -0.033590686032152046 -0.045203181511318927 0.022629678515569296 0.0044562660432323287
leaf_weight=38.792775452136993 72.81742399930954 33.245539426803589 1128.2860265988857 22.998011961579323 1741.981254292652 139.33726727962494 144.22206598520279 56.229642271995544 144.9371184501797 137.10826486349106 3544.5181789472699 218.93756811320782 6340.5468498617411 20.557041943073273 50.497196391224861 21.279705300927162 115.60432463884354 1874.7612820491195 310.21849551796913 59.131682991981506 49.404770106077194 97.696342378854752 172.08921080827713 37.199188902974129 19.368212319910526 24.011776015162468 54.151639617979527 24.567043721675873 37.287675276398659 1477.9533100053668
leaf_count=196 397 152 5653 125 9270 673 708 265 763 723 18818 1048 30908 102 239 108 669 9823 1546 315 242 468 892 196 121 108 299 131 196 7032
internal_value=0.00090462 0.00333533 0.00257696 -0.00386332 0.00441422 0.0113442 0.0129878 0.0158089 0.00249425 0.00787293 -0.000245182 -0.00341693 -0.00196458 0.0291055 0.0341164 0.0223447 -0.00132003 -0.00469103 0.00507029 0.0271643 -0.000569297 -0.00397206 -0.0142141 -0.00449482 -0.0170278 0.00421939 -0.0092346 0.0140208 -0.00431172 -0.000981148
internal_weight=18209.7 9858.15 9140.04 2028.7 7111.34 1542.79 718.116 1184.52 5568.54 1879.09 3689.46 358.275 8351.58 236.556 215.999 165.502 7934.1 2005.7 481.56 97.9245 383.635 1972.46 417.48 245.391 146.337 334.23 126.969 99.0539 61.8547 7818.5
internal_count=92186 51345 47781 10568 37213 7639 3564 5918 29574 9993 19581 1721 40841 1157 1055 816 38609 10443 2407 511 1896 10291 2232 1340 817 1654 696 523 327 37940
is_linear=0
shrinkage=0.1


Tree=107
num_leaves=31
num_cat=0
split_feature=10 10 0 13 5 13 9 3 10 2 4 20 10 12 12 4 10 13 6 9 6 13 9 4 12 0 15 12 0 4
split_gain=37.5127 14.5336 8.86289 8.54652 9.72437 10.3105 11.315 8.43612 8.3871 7.65605 7.64738 9.29965 7.54481 13.888 8.86316 11.7967 8.30161 8.17108 8.15171 7.84394 7.43656 7.12245 7.73437 8.64629 6.89241 6.80304 6.59834 6.04433 5.97676 5.67954
threshold=0.28505999072359517 0.1298691942584452 -0.011001892550793533 0.34368136192276372 0.02625375012858833 0.38486218749974149 0.76188399297937204 0.095551083194766143 0.4690716646594153 0.009708827611221162 -0.0082717871884399035 1.0000000180025095e-35 0.4690716646594153 0.21248935161911794 0.13017609063868452 -0.00059951132401492291 0.74266215524502022 -0.022652479799695067 -0.10245879821416069 0.3926506587074135 0.020431372678692553 -0.21424414804049691 0.20540887504962269 -0.017126113977178555 0.02057651760649255 -0.002063984220851633 0.61161923413475572 0.021524052429854515 -0.035374940982003215 0.0049059559511976944
decision_type=2 2 2 2 2 2 2 2 2 2 2 2 2 2 2 2 2 2 2 2 2 2 2 2 2 2 2 2 2 2
left_child=1 9 7 12 -5 -6 8 -3 -7 10 11 27 14 -14 18 20 17 -15 -2 -17 -16 22 23 -4 -24 26 -12 -1 -20 -23
right_child=3 2 21 4 5 6 -8 -9 -10 -11 25 -13 13 16 15 19 -18 -19 28 -21 -22 29 24 -25 -26 -27 -28 -29 -30 -31
leaf_value=0.044056890690716589 -0.049643441495102775 -0.0041836791061285973 -0.037320335123848636 -0.0043466058384227487 0.079265728189795465 0.015551020372047936 0.070391610551135561 -0.0449053383826458 -0.0426139763474985 0.0036740470781562334 0.0028529333986772915 -0.065101998782638434 -0.0266189236610124 -0.0035966953143622953 -0.023315668149969541 0.006385123389359983 -0.025661340669090579 0.034272274527366593 0.013792446030201432 0.038771171893731436 0.013187117359236868 0.0026542124372953089 0.069430752652692287 0.0047313037660700399 0.014159641881129142 0.02202226991497501 0.047262033452163482 -0.022486349538684405 -0.0091009829195024972 -0.0043695052399425191
leaf_weight=25.240970864892006 48.182077221572399 1589.2539100423455 50.717846967279911 439.41197630017996 27.663110584020615 96.447200953960419 28.293313689529896 52.555894650518894 33.367372922599316 1115.5035548359156 397.24960485845804 25.392556667327881 566.48615311831236 210.7826582044363 177.53822003304958 245.10488615185022 109.81017144024372 78.087233759462833 118.84018767625093 107.62345946580172 81.400064200162888 4324.3976117447019 23.31444188952446 1360.3871760889888 698.93216856569052 837.53351110965014 36.534276619553566 29.725916802883148 2821.2554539516568 1568.9800304844975
leaf_count=111 311 8406 251 2879 188 639 205 262 235 4644 1684 104 4109 1262 1035 1365 680 508 763 710 477 21824 138 6585 3881 3745 151 122 16815 8097
internal_value=-8.76411e-05 0.00295537 0.00120724 -0.00720267 0.00376263 0.0229438 0.0130895 -0.00548722 0.000600364 0.00980606 0.0148666 -0.0150511 -0.00870435 -0.0165557 -0.00659935 0.00436794 -0.00225687 0.00664003 -0.00884423 0.0162667 -0.0118406 0.00257654 0.00752758 0.00321989 0.0159438 0.0167577 0.00659317 0.00807052 -0.00817562 0.000784305
internal_weight=17326 12135.7 9668.54 5190.29 625.183 185.771 158.108 1641.81 129.815 2467.18 1351.68 80.3594 4565.11 965.166 3599.94 611.667 398.68 288.87 2988.28 352.728 258.938 8026.73 2133.35 1411.11 722.247 1271.32 433.784 54.9669 2940.1 5893.38
internal_count=92186 60005 49444 32181 4146 1267 1079 8668 874 10561 5917 337 28035 6559 21476 3587 2450 1770 17889 2075 1512 40776 10855 6836 4019 5580 1835 233 17578 29921
is_linear=0
shrinkage=0.1


Tree=108
num_leaves=31
num_cat=0
split_feature=11 11 14 9 5 13 3 3 8 8 8 13 11 11 0 11 7 3 8 8 11 7 3 9 14 12 8 2 11 7
split_gain=17.225 8.30235 10.6429 12.4045 10.2597 13.7852 10.2284 10.0045 20.1823 11.6332 8.68122 8.00886 7.98282 6.90967 6.79881 6.59378 6.54789 6.53672 8.56526 6.50444 8.49822 5.70421 5.64847 5.62748 7.67167 11.102 6.99962 6.81003 11.2765 8.23403
threshold=0.021856066017161797 0.011891463423794272 0.066595135908440642 0.50514709251838108 0.02625375012858833 0.11548124060200408 -0.22027929720115844 0.012428679600372307 0.31006699525303755 -0.28602387071573321 0.13010022927007361 0.30945697956353663 0.0044779743324781943 0.020054664072382902 0.034313546630688758 0.0044779743324781943 0.01875016079795189 -0.018565921244810376 -0.47351213798123032 0.519707284819377 0.0096023911673344137 -0.054588510681409956 0.073176221351799256 0.25780168428351874 0.2726297307842373 0.10182529643602686 0.3903189530820404 0.079835550022476123 0.037438633581772879 0.0025363369122203276
decision_type=2 2 2 2 2 2 2 2 2 2 2 2 2 2 2 2 2 2 2 2 2 2 2 2 2 2 2 2 2 2
left_child=1 4 17 6 7 19 -4 8 15 -9 -7 13 -11 -5 -8 -1 -10 18 21 22 -21 -3 -6 24 25 26 -2 -25 29 -29
right_child=23 2 3 11 5 10 14 9 16 12 -12 -13 -14 -15 -16 -17 -18 -19 -20 20 -22 -23 -24 27 -26 -27 -28 28 -30 -31
leaf_value=-0.037377707365741766 -0.034880175584086168 -0.0024745807704582841 0.054436637865933682 0.070072476108845913 0.01435733215460943 0.10542961261631456 -0.00016701501442202722 -0.041563955391199274 0.041537817845661136 0.042003353335874266 0.036324520981541257 -0.0096334488391774161 -0.0003250257855707172 0.012890240377714569 0.020285352797660517 0.0074207612834695227 0.10912748573539088 -0.024945579639883069 0.02388963936625569 -0.056519286740365507 0.0071202870381278545 -0.047050011578784051 0.068497903904014459 -0.009949464995264147 0.0077583539797020087 0.045641830458686243 0.028255278087537611 0.047135199720412121 -0.028999576557852631 0.0042553649983231535
leaf_weight=33.308953203260899 130.51515227556229 85.543195851147175 34.96064405143261 54.965146876871586 150.05428367853165 23.564912870526314 8267.7355447039008 67.674096390604973 46.649640493094921 45.419387008994818 79.530728936195374 32.891754575073719 2340.245276466012 34.330231599509716 165.79395517706871 2413.477933626622 20.690181598067284 264.07977253943682 82.169426634907722 28.81375627219677 77.211999952793121 43.208864785730839 22.109474092721939 2403.4362486898899 564.97082540392876 24.938492871820927 20.290051035583019 50.497406087815762 94.011179365217686 395.68628328293562
leaf_count=423 654 420 185 331 720 117 41180 347 217 291 373 190 11353 195 873 11700 104 1318 417 132 362 215 115 13481 2934 137 110 311 611 2370
internal_value=0.00039333 0.00195301 0.00010958 0.00091526 0.00507748 0.0208857 0.000458818 0.00386409 0.00829728 -0.000678943 0.0521201 0.0325501 0.000480841 0.0480884 0.000235056 0.0068109 0.0623048 -0.0144616 -0.00133539 0.00931045 -0.0101745 -0.017434 0.0213101 -0.00570869 0.0020823 -0.0161647 -0.0263856 -0.00766917 0.00247635 0.00910834
internal_weight=18098.8 14414.4 9065.68 8590.68 5348.75 381.285 8468.49 4967.47 2514.13 2453.34 103.096 122.187 2385.66 89.2954 8433.53 2446.79 67.3398 475.001 210.921 278.19 106.026 128.752 172.164 3684.35 740.715 175.744 150.805 2943.63 540.195 446.184
internal_count=92186 71578 45324 42954 26254 1819 42238 24435 12444 11991 490 716 11644 526 42053 12123 321 2370 1052 1329 494 635 835 20608 3835 901 764 16773 3292 2681
is_linear=0
shrinkage=0.1


Tree=109
num_leaves=31
num_cat=0
split_feature=10 11 13 1 7 15 7 11 14 15 2 14 4 10 4 7 20 11 10 4 10 13 11 11 15 20 7 3 4 14
split_gain=69.4809 29.9029 19.3456 16.6638 16.7603 18.1474 15.854 14.4556 13.8933 13.5828 12.637 11.8994 11.7282 11.7847 11.5454 21.8792 31.2845 12.9555 16.0012 13.6525 10.9403 10.4574 10.3527 16.5458 9.60968 8.81983 17.2427 13.133 8.27719 6.59665
threshold=0.19350486708583789 0.0074558475559194561 -0.69564861199404016 0.023955721124464539 0.13851109753019067 0.95073172447759102 -0.1829720952151985 0.041667070028628926 0.049409294383681766 0.48762270692164372 0.0053806133146072641 0.26852877382435741 -0.0063754970979706246 0.11313537968116172 -0.029615831425084928 -0.027607035505770702 1.0000000180025095e-35 0.013346245435839187 0.39037677753576344 -0.0011031132324215152 0.1884263800311369 -0.78023242314724595 0.016875319226947912 0.011454628483995656 0.20387307804491858 1.0000000180025095e-35 0.0012645724396539439 0.070842981535032226 -0.024604917779944554 0.70613604130553698
decision_type=2 2 2 2 2 2 2 2 2 2 2 2 2 2 2 2 2 2 2 2 2 2 2 2 2 2 2 2 2 2
left_child=1 21 11 7 6 8 -5 14 -6 28 -11 -3 25 -14 15 -2 -17 18 -16 -19 -15 -1 23 -13 -10 27 -27 -4 -8 -9
right_child=3 2 12 4 5 -7 9 29 24 10 -12 22 13 20 17 16 -18 19 -20 -21 -22 -23 -24 -25 -26 26 -28 -29 -30 -31
leaf_value=0.03843030329711189 -0.048792865067055088 -0.033727796637234124 -0.012048608202885985 0.059828782585794743 0.06202913810014158 0.031401472561897487 0.023251651695013954 0.03929282165602016 0.020625924364115887 -0.01726061459269938 0.0014701358422782088 0.0095801805512001001 -0.039071742149451714 -0.010956921279252111 -0.001974291239703775 -0.016724694414916263 0.10074134799344098 0.010789673240032029 -0.056401137278772752 0.0025197871980416481 -0.033979921974663901 -0.053055299211797961 -0.026970318138185206 0.10237608343675611 -0.010439067644408721 0.068161870146844189 -0.0086072552734607257 0.049367620581725842 -0.01831352600252336 0.0093040661574494803
leaf_weight=13.24641917273402 116.42505323886871 24.126932136714458 334.96591774746776 35.976532891392708 34.107746824622154 262.33064513653517 50.338262856006622 169.44185893237591 127.49857182055712 455.1116988286376 1726.9742067828774 35.155350886285305 188.03801519051194 2222.9328833408654 1445.957611784339 94.12138045206666 29.867535382509232 3521.0962198227644 56.112523443996906 4609.5809763520956 227.5227054990828 220.12548529263586 16.483702898025513 42.374938689172268 454.73533098399639 52.838726304471493 65.555646546185017 38.856344603002071 993.05634159594774 129.34371045231819
leaf_count=176 451 169 2450 108 105 825 178 477 413 1909 7757 267 2802 17204 8172 373 106 14230 416 19184 1427 5029 83 224 1739 329 492 243 4446 402
internal_value=-0.000618725 -0.0132869 -0.0108033 0.00246353 -0.00288496 0.00937324 -0.00618745 0.00464045 -2.53568e-06 -0.00692379 -0.00243649 0.0289202 -0.0123023 -0.0149459 0.00398465 -0.0176611 0.0115716 0.00452489 -0.0040075 0.00610117 -0.0130946 -0.0478625 0.0449976 0.0602987 -0.0036364 0.0018685 0.0256544 -0.0056648 -0.0163082 0.0263107
internal_weight=17794.3 3482.22 3248.85 14312.1 4140.13 878.672 3261.46 10171.9 616.342 3225.48 2182.09 118.141 3130.71 2638.49 9873.16 240.414 123.989 9632.75 1502.07 8130.68 2450.46 233.372 94.014 77.5303 582.234 492.217 118.394 373.822 1043.39 298.786
internal_count=92186 30895 25690 61291 17480 3082 14398 43811 2257 14290 9666 743 24947 21433 42932 930 479 42002 8588 33414 18631 5205 574 491 2152 3514 821 2693 4624 879
is_linear=0
shrinkage=0.1


Tree=110
num_leaves=31
num_cat=0
split_feature=9 2 20 0 16 15 4 7 3 7 8 3 6 7 5 13 14 2 15 7 19 2 0 19 4 8 2 15 17 8
split_gain=39.3549 31.7074 21.8362 19.8822 38.507 100.538 35.3287 25.281 21.1399 61.991 38.9896 38.5911 31.0166 36.5032 29.4174 24.142 22.9413 21.4467 19.7229 17.0932 18.4619 16.2669 15.6502 13.5038 21.0953 12.3426 10.0722 9.29118 15.5523 9.11921
threshold=0.11192873165719404 0.034199828557017316 1.0000000180025095e-35 -0.021033616697996301 1.0000000180025095e-35 0.1266380543633763 -0.01931692909022464 -0.0087052249310209922 -0.014051752359679258 -0.023378281594924107 -0.7240293505115456 -0.071938625629550654 -0.017424415783165722 0.0060029953316905757 -0.0030637194806613639 -0.93320311234007336 0.049409294383681766 -0.058268936219643568 0.34553295822171143 0.094257793281902438 1.0000000180025095e-35 -0.036222439025391122 0.027971057645729939 1.0000000180025095e-35 -0.020061302410233846 -1.0620849562526244 -0.091558588791516002 0.18253661135178059 1.0000000180025095e-35 -0.061586383276815204
decision_type=2 2 2 2 2 2 2 2 2 2 2 2 2 2 2 2 2 2 2 2 2 2 2 2 2 2 2 2 2 2
left_child=1 -1 19 4 23 6 -6 -7 10 16 11 14 18 -14 -5 -11 29 -18 -12 20 -3 -17 -13 27 -25 -26 -8 -2 -29 -10
right_child=3 2 -4 8 5 7 26 -9 9 15 12 22 13 -15 -16 21 17 -19 -20 -21 -22 -23 -24 24 25 -27 -28 28 -30 -31
leaf_value=-0.03419007264265999 0.00034339680168727168 -0.052895901052310047 0.094472721308597185 -0.012976824582027627 0.072444017077549994 0.086121703086573631 -0.047567193502158045 0.19594493703246585 0.050097709234895552 -0.066330365409666595 -0.018538807164438269 0.018355211994660846 -0.033858050606594733 0.0034718631064937981 0.017895676382619595 0.017110308847351919 -0.023734639551784953 0.026072925873694388 0.0030261639852987876 0.0730564246309056 0.06492695912781149 -0.0017207952060111537 0.078674805981428966 -0.026226308868322307 0.069719832181675295 0.020259191682491549 0.0028076846597787485 -0.07145287769254835 0.00039102240533549215 0.13192016660862724
leaf_weight=569.21529632154852 1074.8218057006598 57.252045452594757 30.656010575592518 1210.8846075385809 70.65256504714489 48.406740143895149 51.13716559112072 36.968571126461029 29.627864919602871 56.278321404010057 657.27210482209921 743.63156497478485 1034.4929069392383 350.76938490942121 414.2300106137991 487.42925366014242 95.668351784348488 897.29282638058066 1195.5093580260873 23.016047202050686 17.322841096669436 7790.2537561338395 45.65411926060915 86.12277465313673 61.493310883641243 281.01494659483433 177.33498736470938 50.299328669905663 75.146037053316832 25.212110295891762
leaf_count=8435 4076 548 230 5162 235 180 169 125 129 323 3241 3646 5714 1787 1785 2043 349 4163 5737 131 154 40733 154 329 209 1084 723 234 362 83
internal_value=-0.000786869 -0.0240695 0.02085 0.000165685 0.00949771 0.0379622 0.0106437 0.133677 -0.00108407 0.00182656 -0.00591505 0.00370313 -0.0130867 -0.0244056 -0.00510765 -0.00105572 0.0247515 0.0212741 -0.00462398 -0.00227694 -0.0255271 -0.00061193 0.0218442 0.00277869 0.0180149 0.0291393 -0.00846734 -0.00266237 -0.0284159 0.0877147
internal_weight=17745.1 697.462 128.247 17047.6 2013.4 384.5 299.125 85.3753 15034.2 9381.76 5652.44 2414.4 3238.04 1385.26 1625.11 8333.96 1047.8 992.961 1852.78 97.5909 74.5749 8277.68 789.286 1628.9 428.631 342.508 228.472 1200.27 125.445 54.84
internal_count=92273 9498 1063 82775 7726 1432 1127 305 75049 47823 27226 10747 16479 7501 6947 43099 4724 4512 8978 833 702 42776 3800 6294 1622 1293 892 4672 596 212
is_linear=0
shrinkage=0.1


Tree=111
num_leaves=31
num_cat=0
split_feature=11 0 1 5 2 1 7 15 13 15 7 14 0 2 2 2 15 1 3 12 3 14 2 3 4 10 1 9 10 9
split_gain=8.74525 6.87769 12.0966 10.2794 7.51628 12.6325 7.95745 10.5971 9.842 7.81021 7.19133 6.46392 7.50391 6.74697 7.20141 6.46008 6.43318 6.41983 6.36471 6.30625 6.21824 6.21085 6.14528 10.4743 7.41865 6.82098 18.3142 9.47272 10.591 8.63028
threshold=0.014086416196349779 -0.00078511886999521596 0.013939086548367731 0.002417894857868919 -0.071627702968338522 -0.024014869970708116 0.026396224761077173 0.75327610872675266 -0.084554024712103618 0.44432522651406775 -0.075200838934949318 0.86491032052873662 0.018713640994257211 -0.016927356491895026 -0.0077051878867839809 0.052646036014750049 0.027926992477733174 -0.050310247101550402 -0.0070333454996731595 0.1398254541485883 -0.23884704924642272 0.56068807974525836 -0.067751069023123986 -0.14493038200014083 0.045348143960509527 0.41232661130378234 -0.0090732770285311109 0.30130454994743566 0.25855432480569013 0.67086003321533616
decision_type=2 2 2 2 2 2 2 2 2 2 2 2 2 2 2 2 2 2 2 2 2 2 2 2 2 2 2 2 2 2
left_child=1 4 11 -4 17 9 7 -7 -8 16 -5 12 19 -13 -15 -12 -6 -1 -11 -3 -2 -14 25 -24 -25 27 29 28 -22 -27
right_child=20 2 3 10 5 6 8 -9 -10 18 15 13 21 14 -16 -17 -18 -19 -20 -21 22 -23 23 24 -26 26 -28 -29 -30 -31
leaf_value=0.068090355040379677 -0.02382415676838022 -0.0047575412934188792 0.065180196394237611 0.054565130279209818 0.038238569800643996 0.012430698018428585 0.012490607401713587 0.086043873982057872 -0.0070097224940589209 -0.0049469920878275862 0.0081639267183783292 -0.039258295626642806 0.0087428288081753992 0.03702769576835465 -0.014984965830953354 -0.0060758255084511562 -0.015504348938715509 0.011350588884587707 0.043353664105693884 0.024288536558907066 0.015829103113213793 0.066590737435045164 -0.023007931715962895 -0.001525051364803965 -0.039680283564050213 -0.023310680941797859 0.033932921157262583 0.018835014712154735 -0.015804277759613197 0.010960588940900113
leaf_weight=35.771016776561737 124.50298553705215 1913.8240377213806 29.327030047774315 29.34309783577919 23.395591273903847 1449.320905931294 480.96087629720569 19.823260519653559 560.37994357571006 61.387053467333317 1286.2312951758504 99.071544758975506 61.483492448925972 30.713384501636028 199.70358028821647 423.48461166769266 464.28091850876808 45.060888946056366 49.10520189255476 77.785396505147219 195.36701914668083 26.585074916481972 237.63147033005953 9031.7913910523057 51.2476552054286 289.23642984777689 97.233507834374905 516.06929997354746 230.96245151758194 98.503556780517101
leaf_count=180 711 10926 149 135 121 7722 2458 118 2905 321 6612 516 301 166 1121 2141 2421 210 265 388 914 133 1223 43601 268 1483 549 2533 1122 560
internal_value=0.000198228 0.00285833 0.000188556 0.00646936 0.00635516 0.00557237 0.00868403 0.013424 0.00199683 -0.0074871 0.00547928 -0.00442171 -0.00235995 -0.0174352 -0.00805195 0.00463684 -0.0129261 0.03646 0.0165189 -0.0036231 -0.00160421 0.0262053 -0.00134682 -0.00228255 -0.00174033 0.00476347 -0.00487289 0.00972249 -0.00130817 -0.0146042
internal_weight=18239.6 7367.04 4177.55 1768.39 3189.49 3108.65 2510.48 1469.14 1041.34 598.169 1739.06 2409.17 2079.68 329.489 230.417 1709.72 487.677 80.8319 110.492 1991.61 10872.5 88.0686 10748 9320.67 9083.04 1427.37 484.973 942.399 426.329 387.74
internal_count=92273 39309 22588 9037 16721 16331 13203 7840 5363 3128 8888 13551 11748 1803 1287 8753 2542 390 586 11314 52964 434 52253 45092 43869 7161 2592 4569 2036 2043
is_linear=0
shrinkage=0.1


Tree=112
num_leaves=31
num_cat=0
split_feature=11 11 11 4 8 10 11 13 7 10 19 11 8 5 15 7 10 3 5 8 13 9 10 7 15 4 6 10 11 7
split_gain=43.8031 18.6047 11.0522 8.76956 8.34791 9.9636 12.1893 8.31156 7.17312 6.13034 6.87748 6.8109 6.47412 5.97214 6.45955 6.70064 5.92564 6.9538 9.49272 6.41565 5.68118 5.67524 5.72253 5.61417 5.59527 6.56969 6.48174 5.43292 5.33888 6.33135
threshold=0.015186442333297316 0.026111874199009181 0.0058335370771467601 0.0038181514768500517 -1.5140792503241325 0.21612783967241725 0.032379505786429195 0.27990727107165136 0.030235971800270493 0.2562325172787665 1.0000000180025095e-35 0.012135010642090398 -0.96039102907839913 -0.02935736672076172 0.80501538227809655 0.16544453147371688 0.13278929342140308 0.02130648317611428 0.009263821949996311 0.096752854940562502 0.48887269652092546 0.76188399297937204 0.11313537968116172 0.20162128192092424 0.93777300906056282 0.012475008580145721 -0.039877200424516472 0.49155236848329681 0.025888012846784603 0.061347030987515379
decision_type=2 2 2 2 2 2 2 2 2 2 2 2 2 2 2 2 2 2 2 2 2 2 2 2 2 2 2 2 2 2
left_child=2 21 3 16 24 6 8 13 -6 10 12 -11 -9 -4 23 -16 17 19 -19 -1 -13 22 -2 -15 25 26 -3 -7 -24 -30
right_child=1 4 7 -5 5 27 -8 9 -10 11 -12 20 -14 14 15 -17 -18 18 -20 -21 -22 -23 28 -25 -26 -27 -28 -29 29 -31
leaf_value=0.022643021889150537 0.031013531478182428 -0.0047226619956532642 -0.01050664201564876 -0.011080184180920582 0.013006535605002423 -0.015582312233687341 0.070380789376424335 0.064119204976983021 -0.050952463036363971 0.087389836435702917 -0.0094721543474586348 0.0090295552305344785 0.012119204772941173 0.0039462634712484866 -0.0027937270433502394 -0.054017822339085732 0.061884272219963267 -0.021362233038241151 0.03100209074380525 0.063222320248835881 0.071795708890696794 0.040624619389061277 -0.0041622778477980633 0.054722358764107332 -0.040518333095538754 0.055183747200214794 0.067242280270272778 -0.028771494641872331 0.04910353818141748 -0.027046837933773063
leaf_weight=161.1834399625659 47.376491203904152 134.54966223984957 346.51792304962873 80.209182515740395 54.182806819677353 958.82863835990429 26.650332547724247 24.953121215105057 25.924962557852268 20.259920462965965 152.85220436751842 65.696044161915779 591.3196422085166 6644.3678810298443 1147.0394879803061 26.118359073996544 39.612874999642372 72.416476562619209 66.328377798199654 51.380844250321388 18.476456671953201 29.151442930102348 5936.4705201014876 21.847028717398643 24.717503741383553 27.503154113888741 13.799100957810877 463.19482734054327 38.489165335893631 15.241912312805651
leaf_count=847 203 957 1840 339 297 6347 155 134 136 105 717 359 2762 31113 5571 108 165 307 271 256 105 171 34463 99 171 207 93 3617 258 100
internal_value=-0.000440866 -0.00600012 0.00410664 0.0190395 -0.0151499 -0.0176664 0.0117973 0.00333006 -0.00769226 0.0126022 0.0095153 0.0353362 0.0142247 0.00234059 0.00290847 -0.00393414 0.0252195 0.0210852 0.00367106 0.0324518 0.0228072 -0.00339194 -0.00360446 0.00411267 0.00403185 0.0102938 0.00197137 -0.0198784 -0.00387826 0.0275019
internal_weight=17326.7 7796.08 9530.58 471.131 1729.35 1528.78 106.758 9059.45 80.1078 873.557 769.125 104.432 616.273 8185.89 7839.37 1173.16 390.922 351.309 138.745 212.564 84.1725 6066.73 6037.58 6666.21 200.569 175.852 148.349 1422.02 5990.2 53.7311
internal_count=92273 47175 45098 2185 11980 10552 588 42913 433 4182 3613 569 2896 38731 36891 5679 1846 1681 578 1103 464 35195 35024 31212 1428 1257 1050 9964 34821 358
is_linear=0
shrinkage=0.1


Tree=113
num_leaves=31
num_cat=0
split_feature=10 11 3 7 7 5 6 14 11 10 7 14 12 10 13 9 11 13 5 12 1 6 9 7 0 3 11 12 12 6
split_gain=18.3317 8.62282 8.81607 13.3458 10.8309 12.773 9.14827 10.4475 9.00678 8.52307 7.60903 6.23987 22.8175 9.74741 12.9843 12.8762 11.9165 8.65897 8.37353 7.88774 6.76096 8.87267 6.60655 6.22338 5.68927 5.51915 5.45552 5.40642 9.40526 7.67987
threshold=0.11964666576307538 0.020731627329251854 -0.016207810341381187 0.030235971800270493 -0.033862718289617115 -0.019807864788813408 -0.011062481565945579 0.95073172447759102 0.012436005359817683 0.79809951958985093 0.10683936588789657 0.63319027181688137 0.017802619119847898 0.081346074914687594 0.35122676414453108 0.097896741181017474 0.0069018659268472145 -0.24560757273405154 0.0030663542662636716 0.014127294015971278 -0.011149043385584532 0.01426356718033628 0.11339259767354891 -0.10252829776060378 -0.0054103202713675627 -0.035441016578032773 0.0099019546148239341 0.032071769438716882 0.059380055946408945 0.012844739173228039
decision_type=2 2 2 2 2 2 2 2 2 2 2 2 2 2 2 2 2 2 2 2 2 2 2 2 2 2 2 2 2 2
left_child=10 2 3 6 5 24 26 -8 -5 -3 11 13 17 14 16 18 -1 -13 -15 -17 -14 -22 -19 -7 -4 -10 -2 29 -29 -6
right_child=1 9 4 8 27 23 7 -9 25 -11 -12 12 20 15 -16 19 -18 22 -20 -21 21 -23 -24 -25 -26 -27 -28 28 -30 -31
leaf_value=-0.00073714663754260502 0.017387431849841938 -0.0034045773361651294 0.00019195598237576412 0.018776012307277365 -0.010554079099672951 -0.059166051394408684 0.012226823928495591 0.062357227407926055 -0.056027812267123181 -0.032552510411778847 -0.05199688981456118 -0.061655233429181312 0.09017006456508915 0.0051112318672608525 0.10747146085342646 0.039377162279609135 0.048379426290935244 0.016084095566925676 -0.023786192428919307 0.0083629476591805252 0.018371493153449398 0.062118730507165369 -0.049237989874450272 -0.01801985172274008 0.046516104263006029 -0.016461464179203817 0.0020182830250079576 0.0055912406595563062 -0.0028051070376798283 0.0013611902646547562
leaf_weight=116.51593558117747 252.43452682346106 4169.4943900331855 85.618316985666752 43.399194493889809 981.21831481158733 40.300874911248684 945.59760090708733 43.48456434905529 61.031406812369823 102.79157607257366 18.779992341995239 25.925052037462592 27.137064591050148 198.86802251264453 18.563995815813541 101.29960192739964 85.748646035790443 79.150728115811944 202.25840581208467 430.49170459806919 109.98053079098463 80.145378179848194 19.248202845454216 418.29197081923485 38.40376153588295 83.473846822977066 2714.93768363446 3039.3173768296838 2377.8650335893035 1205.5395811200142
leaf_count=753 1163 23200 407 204 4734 196 4719 216 298 626 86 190 126 1031 112 508 474 492 1058 2102 615 389 90 1994 194 400 13114 14885 12027 5870
internal_value=0.000726362 -0.000234227 0.00110718 0.00486523 -0.000795288 -0.0139357 0.00610191 0.0144308 -0.021174 -0.00410588 0.0112598 0.0120543 0.0239263 0.00853936 0.0274316 0.00406743 0.0200855 -0.0102401 -0.0094596 0.0142708 0.0434772 0.0368126 0.00330618 -0.0216358 0.0145363 -0.0331722 0.00332574 0.000211535 0.00190567 -0.0039853
internal_weight=18117.3 16603.2 12330.9 4144.36 8186.56 582.615 3956.45 989.082 187.904 4272.29 1514.11 1495.33 341.587 1153.75 220.829 932.918 202.265 124.324 401.126 531.791 217.263 190.126 98.3989 458.593 124.022 144.505 2967.37 7603.94 5417.18 2186.76
internal_count=92273 84247 60421 20114 40307 2791 19212 4935 902 23826 8026 7940 1902 6038 1339 4699 1227 772 2089 2610 1130 1004 582 2190 601 698 14277 37516 26912 10604
is_linear=0
shrinkage=0.1


Tree=114
num_leaves=31
num_cat=0
split_feature=10 11 8 3 3 8 7 2 2 6 5 11 2 8 3 3 3 6 13 7 10 13 6 6 1 13 7 7 3 2
split_gain=67.5241 21.2633 18.0752 44.2137 38.9637 20.9657 23.2282 21.816 20.8767 18.3976 16.1109 14.4792 21.3074 17.0951 68.8735 15.5579 14.3148 13.7244 18.2413 13.0032 11.5118 12.5165 11.5087 15.2523 14.5877 13.0837 13.0199 12.1671 15.5331 11.9555
threshold=0.15726238386516564 0.0058335370771467601 0.86636020561801785 0.037757400508207979 0.05822971275012457 0.020443966222849993 0.016966495696448928 -0.062892067187896736 -0.016927356491895026 0.10072832176653791 -0.010710269894614819 0.015120919870531895 -0.078119077856185978 0.071137401632703698 -0.079055983113936343 -0.17314566332619516 0.1039445321010002 0.019241271088549009 -0.51082485695218161 0.048480856829019155 0.18429628786976301 0.054731044973080074 0.035037208181440967 -0.0098129880134392704 0.037317763538497591 -0.22175789523029402 -0.0066621097848522095 0.02893816613620959 0.068502068138021968 -0.030846623639291245
decision_type=2 2 2 2 2 2 2 2 2 2 2 2 2 2 2 2 2 2 2 2 2 2 2 2 2 2 2 2 2 2
left_child=1 -1 3 11 10 8 7 -7 -5 -8 -4 12 -2 15 -15 -13 17 -6 -19 -12 -18 -22 23 29 27 26 -25 -24 -29 -3
right_child=2 22 4 5 16 6 9 -9 -10 -11 19 13 -14 14 -16 -17 20 18 -20 -21 21 -23 24 25 -26 -27 -28 28 -30 -31
leaf_value=-0.07277141112494763 -0.048261609080329226 -0.026629280348639536 0.13323040116226972 0.013233319995722146 -0.0092711816943297498 0.090260331056111129 -0.013950370401534238 0.0052796344942591805 -0.06446979818788133 0.034161652640762645 -0.0070967203977586853 0.018005075410337822 -0.00051037800146046394 0.15447977199897453 0.012961476017824314 0.0023909619330283634 -0.048395944932932811 0.11171796038434807 0.024811840021258101 0.094945964930723964 -0.0027251663513089266 0.014104602707267606 0.11759942823750946 0.044280338584423096 -0.043209234843382911 -0.033759827604538127 -0.017229452474598325 -0.044750889670665484 0.039759236603320834 0.010970192460796842
leaf_weight=71.855271558277309 96.523640383034945 133.03907280787826 32.009435772895813 47.46260979026556 112.34853134304285 31.898434281349182 2248.6018021702766 570.34614590555429 127.35882452875376 82.39133470505476 25.760260760784149 717.7284306883812 2930.9242260083556 35.458523437380791 1140.7528565898538 5754.9522665739059 41.785833023488522 25.660518527030945 410.85045114904642 24.237259835004807 1001.624979827553 790.78938699141145 12.969713427126406 41.057275019586086 40.708510119467974 704.45920483581722 212.638547597453 30.79992214217782 74.012234658002853 232.11076026782393
leaf_count=2087 551 1080 105 231 450 107 11564 2648 699 290 108 2389 17500 113 4696 23334 273 96 1805 98 3788 2853 95 332 358 9039 2473 344 624 2143
internal_value=0.000271102 -0.0196459 0.00217542 0.000765017 0.0100622 -0.00973165 -0.00772655 0.00978071 -0.043374 -0.0122498 0.0778354 0.00382077 -0.00203282 0.00613763 0.0172277 0.00412235 0.00772998 0.0218983 0.0299207 0.0423704 0.0034903 0.0046999 -0.0170698 -0.0201197 0.00839542 -0.0267473 -0.00727492 0.0262313 0.0149252 -0.00272884
internal_weight=17803.1 1553.65 16249.5 13784.4 2465.07 3108.06 2933.24 602.245 174.821 2330.99 82.007 10676.3 3027.45 7648.89 1176.21 6472.68 2383.06 548.86 436.511 49.9975 1834.2 1792.41 1481.8 1323.3 158.49 958.155 253.696 117.782 104.812 365.15
internal_count=92273 18575 73698 64122 9576 15539 14609 2755 930 11854 311 48583 18051 30532 4809 25723 9265 2351 1901 206 6914 6641 16488 15067 1421 11844 2805 1063 968 3223
is_linear=0
shrinkage=0.1


Tree=115
num_leaves=31
num_cat=0
split_feature=10 0 17 20 16 15 0 15 0 15 0 15 6 7 4 5 10 12 15 0 6 0 8 7 12 15 10 7 12 3
split_gain=56.5941 24.4186 39.6293 38.9907 38.0499 91.7163 50.4169 66.0725 29.8211 44.5601 25.9383 30.0847 25.3725 26.6538 20.7414 16.7345 16.3458 20.2941 12.9045 12.8295 21.1008 12.5773 12.9168 12.1066 11.1117 11.0657 10.7428 10.532 9.92859 10.5884
threshold=0.12724443948318273 -0.0065022754249488548 1.0000000180025095e-35 1.0000000180025095e-35 1.0000000180025095e-35 0.34982383333924499 -0.019939660727785743 0.1266380543633763 -0.013716885071346939 0.58170173572866435 0.011355571740627736 0.78363954059640906 -0.034669714417038193 -0.088552431289525765 0.02404306804206913 -0.017714593202632686 0.16942372180920587 0.020897643240655833 0.1697101850569939 -0.010124196040102616 0.009796460717346302 -0.0068384816057753808 -0.077399362323888263 0.030235971800270493 0.051355193449961915 0.6803015415419128 0.54965249130832949 0.13415371777512666 0.1030640905903185 0.090125025046769128
decision_type=2 2 2 2 2 2 2 2 2 2 2 2 2 2 2 2 2 2 2 2 2 2 2 2 2 2 2 2 2 2
left_child=19 4 3 16 14 6 7 -6 -7 -10 18 -12 13 26 21 -15 17 -3 -5 20 -1 24 -23 -16 -2 -18 -4 -21 29 -14
right_child=1 2 12 10 5 8 -8 -9 9 -11 11 -13 28 15 23 -17 25 -19 -20 27 -22 22 -24 -25 -26 -27 -28 -29 -30 -31
leaf_value=-0.013922713745944197 -0.0066027358831146901 0.012132793866099931 -0.0089959628949570544 0.050198189788222283 0.01664711950487769 0.16240551345040344 -0.0067000171482541754 0.11131199298501315 0.025793019725949808 0.16594101022785268 0.066507203435471396 0.01333610009355826 -0.0018736021994896009 0.038197503166903797 0.021955980754771266 0.098024486905244637 -0.010859474001273623 -0.031160929611298401 -0.0021707905603806188 -0.035557991934670623 0.16257976912008598 0.075876309935290612 0.0026927974670376146 0.085782960743494313 0.0041537041455933276 -0.0023578841657952848 0.047269451643778174 0.068213328004044796 0.019284950472445005 0.020312182970493756
leaf_weight=30.209144555032253 1433.8744824379683 134.80471760034561 136.55133221298456 48.701337512582541 315.38400090485811 45.460152596235275 597.82161130383611 96.225018166005611 78.699657451361418 31.875499904155731 129.21527280285954 603.01309390738606 1272.0085587222129 149.92936841398478 111.61671753972769 67.940590597689152 2888.6639765352011 550.11762631870806 1390.6802549883723 549.68472700286657 8.7307912819087488 45.448175363242626 51.384908407926559 40.50085224211216 2908.3095037862659 3257.5050141178071 45.155570864677429 9.9575786795467121 416.93447439745069 258.90575823187828
leaf_count=430 7898 1093 568 234 1192 170 2876 327 399 133 571 2543 7149 591 392 265 14034 4964 7382 9292 79 221 259 114 11634 14379 151 61 1629 1088
internal_value=0.000374396 0.00143197 -0.00125869 -0.00427598 0.00673708 0.0228734 0.0118441 0.0387777 0.0942244 0.0661935 0.00739609 0.0227191 0.010313 0.0332673 0.00264085 0.056854 -0.00798654 -0.02264 -0.000398891 -0.0298498 0.0256512 0.00139661 0.0370412 0.0389497 0.000601716 -0.00635358 0.00498643 -0.0337116 0.00560427 0.00187842
internal_weight=17705.3 17106.7 11350.1 9002.7 5756.6 1165.47 1009.43 411.609 156.035 110.575 2171.61 732.228 2347.43 399.577 4591.13 217.87 6831.09 684.922 1439.38 598.582 38.9399 4439.02 96.8331 152.118 4342.18 6146.17 181.707 559.642 1947.85 1530.91
internal_count=92118 82256 56641 45200 25615 5097 4395 1519 702 532 10730 3114 11441 1575 20518 856 34470 6057 7616 9862 509 20012 480 506 19532 28413 719 9353 9866 8237
is_linear=0
shrinkage=0.1


Tree=116
num_leaves=31
num_cat=0
split_feature=11 0 19 0 0 10 15 15 14 2 12 8 3 5 13 13 10 12 6 14 13 14 12 14 1 5 1 7 15 15
split_gain=8.90218 7.87651 7.66573 7.10043 8.53331 10.285 7.51915 7.14855 7.0229 8.12427 12.5545 7.42018 14.2564 8.42001 6.41514 5.7214 4.73445 10.5542 6.50923 5.35955 11.4386 9.30055 7.54261 5.13553 4.54184 3.62496 14.3656 6.30274 5.31336 5.12049
threshold=0.026802296143483329 -0.049531013471568734 1.0000000180025095e-35 0.01197618259083333 -0.0025594358594491769 0.22763528093929566 0.64597022294808015 0.34982383333924499 0.77043903468655472 0.079835550022476123 0.076526909334563589 0.86636020561801785 0.070842981535032226 -0.008382236127638663 -0.54889143797696083 -0.0027795819122705483 0.66253369467445999 0.27484020655122149 -0.0030824571051972223 0.82195123176970786 0.39390050034257923 0.64597022294808015 0.04522977044811257 0.88209823557463052 0.10056260890186898 0.027727359179839487 -0.0076870329906406623 0.021309054834213085 0.79194044589616019 0.43137320065327212
decision_type=2 2 2 2 2 2 2 2 2 2 2 2 2 2 2 2 2 2 2 2 2 2 2 2 2 2 2 2 2 2
left_child=1 -1 8 4 5 -4 -5 -6 11 15 -11 13 -13 -3 -8 -10 17 19 -19 21 23 22 -2 -21 -23 26 28 -27 -18 -29
right_child=16 2 3 6 7 -7 14 -9 9 10 -12 12 -14 -15 -16 -17 25 18 -20 20 -22 24 -24 -25 -26 27 -28 29 -30 -31
leaf_value=-0.031843706395255224 -0.023011909638430667 -0.0017456409888293421 0.019830464226766095 0.074620276875659239 0.017903741353379309 0.0015688671305172362 0.06208909267413644 -0.0044670269179909548 -0.001165461417310979 0.03723233929971731 -0.011295975292827472 -0.047265989121165176 -0.0029751447517856796 0.0047739881114151964 0.011344970407089009 -0.010240087965030389 -0.039772237041844016 0.075162335921419535 0.0024018470838667303 0.0353018125615326 0.06691788988830126 -0.028214664514599214 -0.00037000751315650394 -0.0064535550291210863 0.016587030314578328 -0.075332218034082271 0.037125965450617686 0.026461441200796076 0.0070252006124539015 -0.035044526014697791
leaf_weight=70.940609835088253 171.24712745845318 2954.590367089957 553.54067176021636 20.992422819137573 162.22221988998353 696.43602397292852 26.113329395651817 1195.6719271577895 1572.7939587328583 116.38362007588148 98.367748260498047 79.769345961511135 817.09765741229057 6011.0772718042135 542.2186685577035 1244.5508071705699 91.520261511206627 26.795272290706635 22.721068896353245 35.450987234711647 29.701440811157227 245.03229092806578 1044.6224986687303 174.15481215715408 24.930001243948936 26.393938310444355 47.794461935758591 18.899880565702915 33.01386771351099 47.68961439281702
leaf_count=341 835 14726 2787 109 853 3317 133 6134 7902 554 478 389 3968 30672 2654 6247 533 152 124 201 161 1268 5485 910 141 144 295 120 200 285
internal_value=0.000618536 0.00140419 0.00155077 0.00593399 0.00369377 0.00965585 0.0158474 -0.00179448 0.000463955 -0.00374502 0.0150037 0.00175795 -0.00691447 0.00262548 0.0136765 -0.00517414 -0.00560627 -0.00374357 0.0417755 -0.00505009 0.00883853 -0.00728698 -0.00355897 0.000608602 -0.0240774 -0.0180658 -0.00947969 -0.0339787 -0.0273663 -0.0175875
internal_weight=18202.7 16162.8 16091.8 3197.2 2607.87 1249.98 589.324 1357.89 12894.6 3032.1 214.751 9862.53 896.867 8965.67 568.332 2817.34 2039.97 1774.66 49.5163 1725.14 239.307 1485.83 1215.87 209.606 269.962 265.312 172.329 92.9834 124.534 66.5895
internal_count=92118 81264 80923 15987 13091 6104 2896 6987 64936 15181 1032 49755 4357 45398 2787 14149 10854 9277 276 9001 1272 7729 6320 1111 1409 1577 1028 549 733 405
is_linear=0
shrinkage=0.1


Tree=117
num_leaves=31
num_cat=0
split_feature=11 7 11 6 11 14 14 8 3 7 12 0 15 1 14 3 14 7 4 14 14 6 15 20 16 1 11 7 5 14
split_gain=35.1339 13.8115 11.6522 9.50351 7.73109 10.7826 7.36116 7.07312 6.97022 7.06421 5.84026 5.20935 9.23044 8.91926 5.85545 5.4667 5.03794 6.07491 8.05953 5.16926 8.03614 6.23804 4.94618 9.84978 4.93158 6.60694 4.4285 4.36019 4.33341 4.0877
threshold=0.013719352094893113 0.20162128192092424 0.029741665082081165 0.086902723520058248 0.006547314696018435 0.66738429166010083 0.17830310581937334 -1.5849948737803945 0.01534193496315739 0.040336098211029132 0.042978007709863666 0.0099881090669495815 0.81331902718168825 -0.011856221216837602 0.032223452858922891 -0.16431128452137053 0.95961373390557947 0.027042914320249748 -0.0066829432200128372 0.22113449048577619 0.027926992477733174 0.003073999275196027 0.64597022294808015 1.0000000180025095e-35 1.0000000180025095e-35 0.024400940288355159 0.020495016367869979 -0.010138550178932391 0.061207851122953516 0.023630532096543453
decision_type=2 2 2 2 2 2 2 2 2 2 2 2 2 2 2 2 2 2 2 2 2 2 2 2 2 2 2 2 2 2
left_child=1 4 11 6 5 22 7 -4 -7 -10 -9 12 13 15 -15 -2 19 -18 -19 20 -6 -21 27 -24 26 -26 -14 -1 -8 -13
right_child=2 -3 3 -5 16 8 28 10 9 -11 -12 29 24 14 -16 -17 17 18 -20 21 -22 -23 23 -25 25 -27 -28 -29 -30 -31
leaf_value=-0.041027488108022446 -0.02579600320234195 0.078402666546821168 0.072625537905974438 -0.037720260360910335 0.016138326696703172 0.053102980608665584 -0.012853425164296502 0.052823410695159972 -0.013313249926567468 0.041493200667139692 -0.0094511404224588962 -0.043603259527831208 -0.00016664433039091393 -0.028877004856409962 0.0011671190353253458 -0.0061247080243181512 -0.024164925849424659 0.059957483862408872 -0.0044891793221045438 0.0096165572947086806 -0.0031490309751546087 0.002442749160161805 0.038050637090659235 -0.03040225364103746 0.065663332545266753 -0.0037498130166527597 0.031006442575845589 0.0039656624229495833 -0.055117039600421074 -0.0070624833550235744
leaf_weight=22.782082125544548 150.5164430141449 25.167681366205215 16.95906413346529 152.94458653777838 248.37454588711262 97.501135088503361 716.22077893465757 18.672754250466824 45.592875391244888 48.57350181043148 77.825285635888577 31.058700300753117 156.52124757319689 66.157920986413956 3331.2283470854163 2300.4375675097108 145.22594083845615 21.998828232288361 164.56217676401138 2106.7582429945469 1658.5407648086548 2854.4304582029581 102.02374838292599 26.475350439548492 38.937244959175587 21.166813001036644 64.290222726762295 394.53467150777578 25.110885925590992 2139.3216513991356
leaf_count=93 989 112 115 1179 1113 557 5112 100 192 205 554 173 836 343 18661 13495 695 119 818 9992 7786 13146 434 109 233 124 406 1704 183 12540
internal_value=-0.000436283 0.00444019 -0.00460815 -0.0147624 0.00420567 0.0139571 -0.0106546 0.0130665 0.034362 0.0149574 0.00259923 -0.00337523 -0.00188441 -0.00273492 0.000582064 -0.00733275 0.00320683 -0.00882834 0.00311022 0.00378823 -0.000636865 0.00548909 0.00679177 0.0239469 0.0158222 0.0412181 0.00890954 0.0015094 -0.014285 -0.00758539
internal_weight=17269.9 7962.54 9307.37 1007.73 7937.37 737.483 854.789 113.457 191.668 94.1664 96.498 8299.64 6129.26 5848.34 3397.39 2450.95 7199.89 331.787 186.561 6868.1 1906.92 4961.19 545.816 128.499 280.916 60.1041 220.811 417.317 741.332 2170.38
internal_count=92118 37075 55043 7243 36963 3294 6064 769 954 397 654 47800 35087 33488 19004 14484 33669 1632 937 32037 8899 23138 2340 543 1599 357 1242 1797 5295 12713
is_linear=0
shrinkage=0.1


Tree=118
num_leaves=31
num_cat=0
split_feature=10 11 4 0 15 5 11 7 8 12 12 14 1 14 5 14 7 7 0 12 14 9 12 8 11 6 5 3 14 3
split_gain=17.4571 9.15085 8.24697 7.08157 14.9231 7.73702 11.308 7.03208 8.14988 10.8325 8.77269 6.72334 6.4716 6.20338 6.1777 7.01512 8.36196 8.24819 6.65072 6.03833 8.27866 6.45816 6.80076 5.95518 5.81006 5.78905 5.61594 5.527 5.24898 5.24102
threshold=0.15155903522382436 0.025247904385737603 0.045348143960509527 0.00090334261247448932 0.59463418801700663 0.0087821106071426253 0.0077029190563570171 0.0072259563318092255 -0.19930643382311325 0.024240432001322285 0.029962863493424658 0.083780977433199524 0.0081990076569211662 0.040816373621302325 -0.017714593202632686 0.34982383333924499 -0.0087052249310209922 -0.032915905825226514 -0.011902473386513178 0.04555600661502171 0.94210442308374431 0.24734609648095016 0.064303208700874734 -0.093450480758614243 0.0082459751358294215 -0.013243050757144379 -0.0060410098009625593 -0.23884704924642272 0.15250769113904822 0.079392971362558754
decision_type=2 2 2 2 2 2 2 2 2 2 2 2 2 2 2 2 2 2 2 2 2 2 2 2 2 2 2 2 2 2
left_child=3 2 13 4 14 7 -7 12 9 -9 -10 -8 23 24 15 16 -1 -17 -16 -3 21 22 -21 -5 -2 -6 -27 -15 -20 -29
right_child=1 19 -4 5 25 6 11 8 10 -11 -12 -13 -14 27 18 17 -18 -19 28 20 -22 -23 -24 -25 -26 26 -28 29 -30 -31
leaf_value=-0.021397506691630874 0.027329223719250846 -0.020067320059665938 0.052391319223133198 0.011452372469599709 -0.058547174436561669 -0.015656583146820363 -0.0292849986430836 -0.04401723032686633 0.040515496069325689 0.035769699499061169 0.0094378782073314734 0.014577803721550152 0.041573070892119611 0.043372598520921596 -0.017582549720445768 0.089368448492596161 0.050271033259761913 0.023163205831612892 0.020147391998093643 -0.016860860520877621 0.025252922514388976 -0.0080278479365524427 0.025411769699166632 -0.018876896261372098 -0.015611104099428159 0.023795697787065986 -0.023130267235698845 0.0011502489610566097 0.0029832300277481075 -0.004666889169142408
leaf_weight=50.350754857063293 34.3507911413908 297.832932472229 30.065643310546875 210.56211314350367 36.571881964802742 204.44640001654625 37.375556766986847 35.823983831331134 299.29936814121902 32.412129383534193 130.40809608250856 537.49560409784317 48.183397680521011 29.813985638320446 131.25633096694946 27.114969447255135 24.058757796883583 61.498504787683487 218.30446090549231 55.617598578333855 87.612187430262566 1740.6435429602861 120.53698487579823 93.481820590794086 381.03235004842281 31.015336133539677 143.50241430662572 10153.950709462166 969.06689452007413 1827.5709875375032
leaf_count=221 190 1567 161 1030 167 1095 179 192 1535 169 665 2551 240 157 605 124 111 273 1136 295 484 10261 652 468 1892 159 807 50171 5052 9509
internal_value=0.000484754 -0.000989451 8.10188e-05 0.00703392 0.0025041 0.0117396 0.00454247 0.0183369 0.025986 -0.00611847 0.031084 0.011726 0.00752333 -4.55426e-05 0.00604812 0.0244125 0.00177501 0.0434214 0.00377771 -0.00678146 -0.00480733 -0.00618131 0.012065 0.00212729 -0.0120601 -0.0223715 -0.0147906 0.000369951 0.00613895 0.000262947
internal_weight=18081.3 14759 12456.8 3322.23 1692.74 1629.49 779.318 850.171 497.944 68.2361 429.707 574.871 352.227 12426.7 1481.65 163.023 74.4095 88.6135 1318.63 2302.24 2004.41 1916.8 176.155 304.044 415.383 211.09 174.518 12011.3 1187.37 11981.5
internal_count=92118 75339 62080 16779 8655 8124 3825 4299 2561 361 2200 2730 1738 61919 7522 729 332 397 6793 13259 11692 11208 947 1498 2082 1133 966 59837 6188 59680
is_linear=0
shrinkage=0.1


Tree=119
num_leaves=31
num_cat=0
split_feature=10 11 4 4 0 18 4 1 14 11 14 6 13 13 10 12 9 1 7 7 14 6 10 6 7 6 4 10 12 10
split_gain=55.4667 22.7154 21.7301 22.7621 20.1654 23.1469 16.5374 13.4907 12.0772 11.8288 11.0965 12.8029 10.9147 10.6572 11.6752 9.98499 19.6873 18.1034 17.7322 13.8059 13.6809 9.80079 9.57176 14.4146 12.0166 7.97786 6.82643 2.08818 1.38333 0.00101318
threshold=0.12121227504112553 0.012072932124208558 -0.00050001148576139787 0.013698851772539379 0.021513515314972368 1.0000000180025095e-35 -0.013093459988327448 -0.081759476430605979 0.96616595135908445 0.0060755377662700906 0.032223452858922891 0.0061988113961548583 -0.93320311234007336 -0.93320311234007336 0.088180232202776612 0.040248264842668226 0.24369463614989481 0.0061633477076683549 0.07718543932782386 0.10683936588789657 0.94210442308374431 -0.08790113185757302 0.74266215524502022 0.021691744107306569 -0.13386110999217785 -0.011883940790682333 -0.0093897134431402112 0.22763528093929566 0.019217688177532225 0.16506126077035613
decision_type=2 2 2 2 2 2 2 2 2 2 2 2 2 2 2 2 2 2 2 2 2 2 2 2 2 2 2 2 2 2
left_child=6 9 10 22 7 -6 -1 -5 13 29 11 26 -12 -8 28 16 17 -11 20 -20 -17 -14 24 -24 -4 -16 -3 -18 -15 -2
right_child=1 2 3 4 5 -7 8 -9 -10 15 12 -13 21 14 25 18 27 -19 19 -21 -22 -23 23 -25 -26 -27 -28 -29 -30 -31
leaf_value=0.082982947006837116 -0.084193890426019588 -0.027116380759886122 0.012800338782106164 0.039446591038364842 0.0071073876141300304 0.046138143843559382 0.07049638989574393 -0.0021778581208461902 0.11145700538674577 -0.0013605132543820361 0.05927029893500399 0.073267487929957728 -0.010328231146955339 -0.083619580941066252 0.0029496942635415628 -0.00082046561167430023 -0.053091193905517566 -0.026229714232347365 -0.057139697902730414 -0.0017178231415106303 0.038448904043895338 0.005787483718384989 -0.0041017744409200781 0.064347244858941777 -0.0067208941101756159 -0.040569415067392332 0.03538108899473192 -0.097707147806214589 -0.058354408889243516 -0.085758100537577708
leaf_weight=11.440303154289721 14.710817279294135 31.240750104188919 333.57529076933861 82.78346061706543 408.63736993074417 241.87915917485952 8.4611522275954467 1310.3796494603157 5.2847171910107127 665.4341591745615 36.951135970652103 51.742255330085754 402.98404070734978 58.235830904915929 49.483033746480942 998.22761396691203 17.182124808430672 522.581000585109 95.876525938510895 84.614981628954411 97.370848327875137 5935.9367394447327 81.751211777329445 49.330770224332809 5765.7177053689957 283.23347511515021 39.669472523033619 26.935212403535843 34.515288460068405 5.7631738372147074
leaf_count=130 335 120 1247 263 1492 877 85 5471 54 5650 153 181 1389 1695 579 6897 106 4773 683 552 549 25593 254 150 26543 5055 174 163 805 100
internal_value=-0.00107697 -0.000174822 0.00132431 -0.00207468 0.00708325 0.02162 -0.0357116 0.000295518 -0.0388033 -0.00893274 0.00565199 0.0354452 0.00507886 -0.0406333 -0.0428433 -0.00831481 -0.0147358 -0.0122999 -0.00211499 -0.0311578 0.00266958 0.00476296 -0.00507866 0.021658 -0.00565326 -0.0340971 0.00784673 -0.0803308 -0.0742177 -0.0846342
internal_weight=17751.9 17301.3 14772.6 8274.05 2043.68 650.517 450.654 1393.16 439.213 2528.7 6498.52 122.652 6375.87 433.929 425.468 2508.22 1232.13 1188.02 1276.09 180.492 1095.6 6338.92 6230.37 131.082 6099.29 332.717 70.9102 44.1173 92.7511 20.474
internal_count=92118 83715 63907 36297 8103 2369 8403 5734 8273 19808 27610 475 27135 8219 8134 19373 10692 10423 8681 1235 7446 26982 28194 404 27790 5634 294 269 2500 435
is_linear=0
shrinkage=0.1


Tree=120
num_leaves=31
num_cat=0
split_feature=10 10 3 7 6 5 7 3 20 14 13 5 14 13 3 14 14 10 9 12 12 3 14 14 14 6 4 0 3 7
split_gain=47.3524 16.8989 17.3352 16.1168 19.918 15.7336 15.3148 14.1517 18.4689 14.0178 16.9765 20.2512 16.9963 13.194 13.4757 13.393 13.1865 13.0703 12.1552 11.4159 12.1108 11.2386 11.0296 24.1096 13.1771 11.5134 10.7683 10.3842 8.40835 9.01072
threshold=0.12724443948318273 0.22339873211605604 -0.11451066302065137 0.022571032490621538 -0.033940035495110203 0.013836784621825362 0.12305447486354527 0.048550884834605242 1.0000000180025095e-35 0.90378126592731667 -0.23736366205661572 -0.035707224314687196 0.50871662425462427 -0.47921649878138894 -0.014693508931932884 0.97472776930443739 0.95742966142107788 0.088180232202776612 0.12864685849962185 0.042978007709863666 0.18902760437594759 -0.024876922240721463 0.4658423267636152 0.34122720826110742 0.81768717215069164 0.053807352949327932 0.019281372407513601 0.0025740039951727138 -0.032617168717613547 0.0030936360637768838
decision_type=2 2 2 2 2 2 2 2 2 2 2 2 2 2 2 2 2 2 2 2 2 2 2 2 2 2 2 2 2 2
left_child=7 6 3 4 5 -3 13 17 -9 10 11 -4 -12 14 18 16 -15 -1 -2 21 -21 -11 23 -8 -24 -26 -16 -10 -19 -30
right_child=1 2 9 -5 -6 -7 22 8 27 19 12 -13 -14 15 26 -17 -18 28 -20 20 -22 -23 24 -25 25 -27 -28 -29 29 -31
leaf_value=-0.072715047383773421 0.086040339842600677 -0.0060776511067543067 -0.031905383075604414 0.068746587207417387 -0.042428374226288403 0.047867860531143606 0.017553131385747111 -0.01874991157244035 0.003400068411054594 -0.067738653460008652 0.0041551288102000998 0.0016899614875965083 0.013931756071015683 -0.0030890308152113333 -0.042035233319015243 -0.041835679504166869 0.040898874858724142 -0.080556180552135523 -0.0080341843872714074 0.001665732981789763 -0.045903308033919496 -0.012761946242151248 -0.025019376129135063 0.13903715327038754 0.089731429879607805 -0.0050107844252580006 0.041228772051170585 0.12433888955876381 0.0033428936653008695 -0.033353520215297139
leaf_weight=79.16458323225379 16.248147163540125 1368.0247223973274 193.97382646054029 28.160452723503113 148.5223770737648 56.289865389466286 56.970686286687851 98.043548081070185 12.487148303538563 52.607130020856857 3892.3120575323701 2392.9435320608318 3273.8076260276139 4036.2275831736624 226.84699319675565 87.720329023897648 69.319967586547136 28.124017765745521 88.785500392317772 859.20503072813153 57.076572582125664 126.82860805094242 66.746313571929932 22.903845354914665 25.663457185029984 25.643601842224598 16.673853784799576 16.455943457782269 90.824251057580113 254.16552961058915
leaf_count=2361 141 5240 706 81 695 184 256 1123 129 274 16076 10138 12815 27266 1651 636 414 414 560 3760 258 641 323 90 124 118 82 145 1410 4219
internal_value=0.000594238 0.00154189 0.00347651 -0.00623707 -0.00757959 -0.00394569 -0.00353971 -0.027527 0.00197078 0.00490998 0.00611483 -0.000829105 0.00862153 -0.00472634 -0.0234209 -0.00317241 -0.00234632 -0.0358092 0.00651864 -0.00581438 -0.00129741 -0.0288801 0.0236898 0.0523884 0.00427242 0.0423787 -0.0363342 0.0721613 -0.0279788 -0.0236926
internal_weight=17768.8 17189.5 12449.8 1601 1572.84 1424.31 4739.75 579.265 126.987 10848.8 9753.04 2586.92 7166.12 4541.82 348.554 4193.27 4105.55 452.278 105.034 1095.72 916.282 179.436 197.928 79.8745 118.053 51.3071 243.521 28.9431 373.114 344.99
internal_count=92330 82529 50868 6200 6119 5424 31661 9801 1397 44668 39735 10844 28891 30750 2434 28316 27680 8404 701 4933 4018 915 911 346 565 242 1733 274 6043 5629
is_linear=0
shrinkage=0.1


Tree=121
num_leaves=31
num_cat=0
split_feature=10 2 7 9 12 10 9 7 1 2 7 2 12 7 1 4 4 15 4 7 8 8 3 9 7 3 8 7 12 5
split_gain=5.20185 7.68584 12.8773 11.6074 9.92825 11.8824 14.3934 14.0097 6.99815 8.77436 6.82593 6.82036 6.30217 10.5032 7.75759 8.24472 6.88046 8.50345 6.43108 6.43376 8.40952 6.58388 5.75516 5.66716 5.60873 5.53006 7.26464 6.9079 5.13377 4.34248
threshold=0.20566759967554013 -0.021354971386772888 -0.090647906214165172 0.23395184534953567 0.032071769438716882 0.15050292604186852 0.18559511204690801 0.096119020104800015 0.014613530319622649 0.025975497241239157 -0.050876197675108308 -0.021943828120202898 0.074471001054516636 -0.11430702001607583 0.0079103544109551133 0.0011701828811749861 0.018636121406419907 0.42303645751258362 0.045348143960509527 0.10933370637226815 -0.072363609149556377 1.5270538191618572 -0.23884704924642272 0.18559511204690801 -0.1723512095757018 -0.026550232094120659 -0.061586383276815204 -0.086545464466887143 0.058144497775683979 -0.05115764894887858
decision_type=2 2 2 2 2 2 2 2 2 2 2 2 2 2 2 2 2 2 2 2 2 2 2 2 2 2 2 2 2 2
left_child=1 3 -3 11 5 7 -7 -4 23 -10 -5 -1 13 14 -2 -16 22 29 19 20 -15 -21 24 -6 -14 26 -24 -27 -12 -18
right_child=12 2 4 10 8 6 -8 -9 9 -11 28 -13 16 18 15 -17 17 -19 -20 21 -22 -23 25 -25 -26 27 -28 -29 -30 -31
leaf_value=0.0057694875752152507 -0.027860876358734944 0.056227935577297529 0.00099663982660516074 -0.00098065435959201162 -0.004410575202041106 0.021258635897561648 -0.001982557471686716 -0.047001466573262846 0.014037665289331598 -0.0052816351812223754 0.038663146462195958 0.056491535450637467 -0.0063426922086787423 0.00079335166982116899 -0.019103228904770175 0.068053154259715143 -0.028252254582039033 -0.019165347559510618 -0.052362301460627918 0.014158721322912455 -0.0070077662763389616 -0.011693330837252039 0.0056041098324413081 -0.017604251814421951 -0.058835891824803449 0.025488994571596275 0.030394115538029093 -0.00067148491879826465 0.098565740148339423 0.018283885995764353
leaf_weight=1014.0456595644355 262.07272582501173 41.644525319337845 1654.2932100556791 21.956703007221222 1143.4360739570111 701.60781983286142 429.64811363816261 63.131536841392517 396.6146179959178 577.2451486736536 33.263233780860901 27.221926219761372 72.329581893980503 2733.0769499018788 26.033191442489624 18.614322766661644 24.21419733017683 322.51615931838751 25.58616941422224 424.70877390354872 2794.9740046411753 128.26381597667933 1731.6853116750717 455.15459091961384 28.325568668544292 104.78170710802078 126.87260284274817 2751.5962057933211 25.104661867022514 116.65425607562065
leaf_count=5252 1318 197 10484 109 6080 3361 2058 304 1916 2850 169 146 427 13039 130 101 130 1672 128 2026 13393 652 8613 2245 165 511 646 13485 132 591
internal_value=0.000132751 0.00238089 0.00083279 0.009921 0.000407251 0.00447396 0.0124317 -0.000767743 -0.00409614 0.00258635 0.0465485 0.00709552 -0.00113326 -0.0032396 -0.0212967 0.0172338 0.00142569 -0.0102126 -0.00233263 -0.00212213 -0.00315088 0.00816225 0.00254559 -0.00816711 -0.0211149 0.0030507 0.00729637 0.000288171 0.0644279 0.0102847
internal_weight=18276.7 6584.37 5462.78 1121.59 5421.13 2848.68 1131.26 1717.42 2572.45 973.86 80.3246 1041.27 11692.3 6413.33 306.72 44.6475 5278.98 463.385 6106.61 6081.02 5528.05 552.973 4815.59 1598.59 100.655 4714.94 1858.56 2856.38 58.3679 140.868
internal_count=92330 35303 29495 5808 29298 16207 5419 10788 13091 4766 410 5398 57027 30787 1549 231 26240 2393 29238 29110 26432 2678 23847 8325 592 23255 9259 13996 301 721
is_linear=0
shrinkage=0.1


Tree=122
num_leaves=31
num_cat=0
split_feature=10 11 8 13 9 7 8 11 7 8 7 14 7 4 20 12 10 16 12 6 10 15 7 10 10 14 12 4 12 9
split_gain=33.4486 12.2764 11.3274 8.64717 13.2668 8.65639 8.30509 11.22 10.5045 7.12709 11.0747 10.4582 11.4531 7.50992 7.05792 8.98781 8.50794 6.49945 7.89512 6.34002 6.05899 5.61728 5.36886 5.24445 5.16484 5.08526 5.06374 5.13345 4.74336 4.44066
threshold=0.22982613390007919 0.024426783369909683 -1.4017973366273984 0.58000882419103383 0.34854809272162213 -0.013812527611641255 0.30348471682907335 0.0049274714608773269 0.03752954982067281 -0.34703817515880914 0.011900357018079457 0.78363954059640906 0.08417782241924511 -0.016591438314889736 1.0000000180025095e-35 0.13512994334176548 0.32678193302548969 1.0000000180025095e-35 0.025386067456669496 0.026154123909725272 0.05918357841258106 0.89326860841423961 -0.03204753786781938 0.21612783967241725 0.11147706474663546 0.95742966142107788 0.019929917530175669 0.001863954775727539 0.015390422517167627 0.10129011236671671
decision_type=2 2 2 2 2 2 2 2 2 2 2 2 2 2 2 2 2 2 2 2 2 2 2 2 2 2 2 2 2 2
left_child=6 3 -3 14 5 -5 7 20 26 10 25 13 -13 -11 15 16 -2 29 24 -17 -1 -20 -6 -12 -19 -9 27 28 -8 -10
right_child=1 2 -4 4 22 -7 8 9 17 11 23 12 -14 -15 -16 19 -18 18 21 -21 -22 -23 -24 -25 -26 -27 -28 -29 -30 -31
leaf_value=0.080798292401631014 -0.0011901185993434668 0.0073451361242717339 -0.015410360184570197 0.041180006917388386 0.021388987170448431 -0.032006445362341977 -0.0039079239339930624 0.003241911068080968 -0.015707389977032648 -0.01327127569367834 -0.024628455557093483 -0.0070416197802356494 0.049411870602519427 0.0091689974415622034 -0.010824406659321035 0.0021498299731886484 -0.011426644025665192 -0.00098723100440892731 0.010468371667441065 0.02335467349001813 0.023524828219632088 -0.040051529912827469 0.088344295823379534 0.026046798250472288 0.052944387201514648 -0.027726400621586791 -0.016217944696657476 -0.018570201926764417 0.054859181051583675 0.001438348509115484
leaf_weight=21.32335864007473 3007.2642666399479 250.96737518161535 1704.3393727317452 25.552473306655884 19.607897453010082 43.973104111850262 25.001829907298088 1521.1154439598322 173.1466778665781 154.93494317680597 234.76085484772921 740.91317374259233 37.769017234444618 3983.7381617873907 1185.6668102517724 468.30795557796955 1112.21984359622 23.721093058586121 201.18813195824623 201.74186973273754 138.09122990071774 24.712491311132908 30.768868751823902 22.368335328996181 70.625621378421783 54.939811959862709 564.76084245741367 40.149012461304665 30.47705502808094 1183.9192136526108
leaf_count=231 16908 1803 11981 164 131 244 108 7477 716 767 1035 3546 187 18225 6706 2641 6793 102 985 1119 656 123 188 128 345 268 2700 181 145 5727
internal_value=-0.000882035 -0.00559503 -0.0124896 -0.00338324 0.0232062 -0.0051085 0.00322079 0.00496386 -0.00193149 0.00434463 -0.000977063 0.00632855 -0.00430341 0.00832893 -0.0039168 -0.0022068 -0.00395388 0.00227468 0.0150888 0.00853429 0.0311857 0.00494173 0.0622836 -0.0202201 0.0393846 0.00216238 -0.0126147 0.00866552 0.0283755 -0.000749259
internal_weight=17298.1 8050.41 1955.31 6095.1 119.902 69.5256 9247.66 6909.95 2337.7 6750.54 1833.18 4917.36 778.682 4138.67 5975.2 4789.53 4119.48 1677.31 320.247 670.05 159.415 225.901 50.3768 257.129 94.3467 1576.06 660.389 95.6279 55.4789 1357.07
internal_count=92330 48678 13784 34894 727 408 43652 32520 11132 31633 8908 22725 3733 18992 34167 27461 23701 7998 1555 3760 887 1108 319 1163 447 7745 3134 434 253 6443
is_linear=0
shrinkage=0.1


Tree=123
num_leaves=31
num_cat=0
split_feature=10 11 4 4 14 5 7 8 1 7 5 14 13 14 4 14 13 14 1 8 14 13 9 11 9 11 10 9 15 9
split_gain=15.132 12.0316 8.03428 6.69716 6.34167 6.05533 12.1179 10.4166 11.29 8.61982 7.50889 7.94787 7.88697 7.50023 6.21526 5.96012 5.57885 8.33919 5.23673 5.23208 4.98238 9.25273 5.73948 4.92851 4.91028 5.54774 4.53019 5.45209 4.4513 4.15808
threshold=0.13557570928752508 0.025247904385737603 0.045348143960509527 0.025185697056804294 0.040816373621302325 0.0095215828998911362 0.085626812533273436 0.32478727017719039 -0.010810916104215361 0.019344612336797632 0.01677001708758508 0.46178820715801966 -0.39515168081558 0.89903318104204166 0.0048123940887561121 0.027926992477733174 0.04898252374756526 0.70613604130553698 0.0020466881740146552 0.4450424368410249 0.98546350926214443 -0.15348777072749667 0.39670978877982027 0.0087223408501433917 0.068186202214219116 0.0060755377662700906 0.1704357615424095 0.2316762551846166 0.31122678206174115 0.37496116080668834
decision_type=2 2 2 2 2 2 2 2 2 2 2 2 2 2 2 2 2 2 2 2 2 2 2 2 2 2 2 2 2 2
left_child=5 2 4 -3 26 6 7 13 -9 -10 12 14 -7 15 23 -1 17 -13 -15 -18 22 -22 -6 -12 -14 -26 -2 -28 -5 -30
right_child=1 3 -4 28 20 10 -8 8 9 -11 11 16 24 18 -16 -17 19 -19 -20 -21 21 -23 -24 -25 25 -27 27 -29 29 -31
leaf_value=0.029568819934545028 -0.031492666176035515 -0.0057277899912323328 0.050955715745877456 -0.045319626361948376 -0.00034439928819775386 0.032051695859049434 -0.066599008152764178 0.095058126917897098 -0.033361475252215417 0.033747020784593941 0.039023052262337106 -0.054260995491939468 0.02386452736084109 0.022868842626010601 0.060618091998250578 0.0056419272891008341 -0.010437843429106277 0.0089146419770439033 0.086368517872730866 0.051856712193919512 -0.013578648590744341 0.029892158006422573 0.0080158200703885577 -0.0026046646436383362 -0.052418215189424938 -0.012925364688358271 0.0071487854646675028 -0.017723049239736006 0.0017371963816130741 -0.028599373883313774
leaf_weight=113.32668559998274 91.29939191788435 2074.3138178624213 31.120214335620403 66.129070051014423 11902.991653516889 41.010848641395569 19.907846834510565 26.253755614161491 22.310862589627504 134.67559560760856 49.958801910281181 40.848783493041992 30.674779288470745 38.589108193293214 41.006448835134506 1279.7539259884506 28.264654725790024 42.772075906395912 19.575373174622655 25.779999256134033 73.45166852325201 146.86671472340822 882.02873234450817 66.034696817398071 40.86962616443634 274.28654091060162 160.32088392227888 195.74213532358408 81.679959252476692 101.11126584559679
leaf_count=605 455 12033 161 362 58471 201 104 124 117 657 255 190 177 217 204 6695 129 192 98 123 350 727 4948 309 237 1356 805 1008 431 589
internal_value=0.000169028 -0.00094116 0.000204025 -0.0075877 8.66206e-05 0.00768168 0.0109495 0.011894 0.0343604 0.0242096 -0.000251112 0.0117758 -0.00941227 0.00905733 0.0271547 0.00758837 -0.00576291 -0.0219467 0.0442398 0.0192775 0.000489306 0.0153995 0.000232366 0.0153245 -0.0143293 -0.0180468 -0.0116199 -0.00652426 -0.0230868 -0.0150435
internal_weight=18143 15807.1 13483.8 2323.23 13452.7 2335.9 1654.39 1634.49 183.24 156.986 681.507 294.665 386.842 1451.25 157 1393.08 137.666 83.6209 58.1645 54.0447 13005.3 220.318 12785 115.993 345.831 315.156 447.362 356.063 248.92 182.791
internal_count=92330 80340 66925 13415 66764 11990 8617 8513 898 774 3373 1402 1971 7615 768 7300 634 382 315 252 64496 1077 63419 564 1770 1593 2268 1813 1382 1020
is_linear=0
shrinkage=0.1


Tree=124
num_leaves=31
num_cat=0
split_feature=11 7 3 8 12 14 7 13 16 8 15 14 11 12 14 3 11 14 13 9 7 12 8 8 7 13 12 13 5 8
split_gain=49.5365 29.5212 14.4538 32.036 28.8748 22.0724 19.39 18.9591 26.1436 21.1377 15.9429 15.234 17.4108 14.2918 14.1893 13.5599 12.9386 11.9551 11.6334 11.0463 10.3592 10.3413 14.8774 10.0721 13.1016 12.3833 13.3711 11.5751 10.0447 7.10145
threshold=0.0099019546148239341 -0.0052658780815726383 -0.11794174499126096 -1.155205619117347 0.039340990027020233 0.32423938960419652 -0.1723512095757018 0.082566160438861461 1.0000000180025095e-35 -1.7461043108846461 0.049409294383681766 0.95297564603833529 0.032856312162369943 0.23345880716586126 0.96616595135908445 -0.071938625629550654 0.0058335370771467601 0.86928386949751235 -0.78023242314724595 0.087936253355220942 0.081272122646893222 0.054014475836884672 -0.14566765278013954 -1.008020682447982 -0.071869148959162896 -0.098911032284639419 0.034153470996087364 0.35926115117002549 -0.036662305957992407 -0.34703817515880914
decision_type=2 2 2 2 2 2 2 2 2 2 2 2 2 2 2 2 2 2 2 2 2 2 2 2 2 2 2 2 2 2
left_child=1 19 4 14 5 -2 -5 8 13 -10 20 12 -9 -6 17 -12 -3 28 -18 -1 -8 29 -23 24 -21 26 -25 -27 -4 -20
right_child=2 16 3 6 7 -7 10 11 9 -11 15 -13 -14 -15 -16 -17 18 -19 21 23 -22 22 -24 25 -26 27 -28 -29 -30 -31
leaf_value=-0.065226529516398304 -0.0065197814881933968 -0.073449051638998133 0.00043399616714701397 0.059814879225493847 0.014437733969039759 0.085646302919683934 0.0081545060640212715 -0.021041763842906371 0.0060158054199314958 0.073743424644446789 0.011832076300074821 0.062135530394212768 0.014734789523675526 -0.019653055403082646 0.051100723834106014 -0.00059946524643556085 0.040426301178565993 -0.064829241221075515 0.0028439111154900652 -0.0044661950413717377 0.034039324864207389 0.072313344216483985 -0.018136433895373488 0.064611889653661811 0.11247455061020811 -0.024027307075279721 -0.0018174656936942868 0.085065608484967081 -0.028605502581635217 -0.037914587977237957
leaf_weight=20.886132514104247 37.66049649566412 63.656429915688932 172.3032073751092 56.486648760735989 561.24885243177414 83.8078518435359 625.96635228767991 432.22601290047169 74.046196170151234 122.01646682620049 943.89819078892469 30.896434582769871 198.49411664903164 157.47861067950726 25.940555669367313 12457.406893413514 25.100827228277922 65.4075643196702 46.388389505445957 17.996288180351257 205.32199858874083 21.235503796488047 126.58921712636948 52.778902804479003 20.487326338887215 138.03551883995533 71.143428146839142 10.463220492005346 385.8550978526473 544.64090288430452
leaf_count=340 167 2107 698 180 1984 291 2566 1748 259 376 4039 109 639 582 108 60495 205 324 576 111 673 169 1083 476 128 1327 540 115 1721 8194
internal_value=-4.46333e-05 -0.0200302 0.00134817 0.000354462 0.0100912 0.0570708 0.00134177 0.00647125 0.0157977 0.048165 0.0011097 -0.00642406 -0.00978251 0.00696818 -0.0213663 0.000276129 -0.0301337 -0.0243809 -0.0265244 0.00517157 0.0145479 -0.0287989 -0.00514303 0.00990082 0.057789 0.00313589 0.026475 -0.0163406 -0.019641 -0.0347156
internal_weight=17795.9 1159.4 16636.5 14938.6 1697.88 121.468 14289.1 1576.41 914.79 196.063 14232.6 661.617 630.72 718.727 649.506 13401.3 827.611 623.566 763.955 331.791 831.288 738.854 147.825 310.905 38.4836 272.421 123.922 148.499 558.158 591.029
internal_count=92330 15371 76959 70804 6155 458 67953 5697 3201 635 67773 2496 2387 2566 2851 64534 12334 2743 10227 3037 3239 10022 1252 2697 239 2458 1016 1442 2419 8770
is_linear=0
shrinkage=0.1


Tree=125
num_leaves=31
num_cat=0
split_feature=10 11 7 12 11 11 2 12 4 15 10 7 2 9 12 2 12 8 1 2 8 0 7 8 6 2 12 8 12 8
split_gain=47.0039 19.0685 22.9656 23.491 35.3573 15.3795 18.199 11.3287 16.5508 14.9449 11.1586 11.127 18.3877 15.1892 19.9671 13.8833 14.3556 10.8203 10.5403 17.2259 15.6266 9.23075 8.73403 17.2705 21.5728 17.9728 16.6008 15.4231 13.4106 13.3277
threshold=0.16398925264093103 0.0083472267466799168 0.050240731789559019 0.020264429150669078 0.0073333542684982959 0.01758723255996367 0.13436624670943334 0.061125221079076253 -0.023843494103449204 0.070891596289630363 0.3709991224738422 -0.016992671407663581 -0.014348735218973728 0.17717158435135491 0.059788705307378794 0.0023083416212026369 0.014772579825490344 0.28154470059381842 -0.02250096310239957 -0.071627702968338522 -0.66396650164264037 -0.014246486155058411 -0.11103576202937297 -1.5849948737803945 -0.10245879821416069 -0.091558588791516002 0.41009341825504381 -2.2959762632429368 0.29260461277655647 -0.48419548204641422
decision_type=2 2 2 2 2 2 2 2 2 2 2 2 2 2 2 2 2 2 2 2 2 2 2 2 2 2 2 2 2 2
left_child=1 2 21 4 17 6 7 8 9 -2 -10 15 -13 14 -14 16 -3 -4 20 -20 -9 -1 26 24 -24 29 28 -26 -7 -25
right_child=5 11 3 -5 -6 22 -8 18 10 -11 -12 12 13 -15 -16 -17 -18 -19 19 -21 -22 -23 23 25 27 -27 -28 -29 -30 -31
leaf_value=0.043252242789417861 -0.012014541211934383 0.093185309974742392 0.062828153031149844 -0.033791026701232268 -0.044456379060518518 -0.0028256519290471402 -0.086936787937726828 0.0044983154521136843 1.39310426324611e-06 0.086769903952547717 0.059450893071478786 -0.047964582706639523 -0.0098363698770020883 -0.043440537426404524 0.046822192902859751 0.051789165653365492 -0.0094243416411083671 0.21106815804551055 0.056539191534093175 -0.0051666485844966466 -0.030432991110963942 -0.053016722245001736 -0.033196708826738773 0.0054114914384724372 0.10873314304591788 0.0030572761800740974 0.055383984848223461 0.033204865285254508 -0.04051978953948146 0.036173571126420209
leaf_weight=10.331982683390377 24.050998777151108 14.463519956916569 7.9174517132341888 53.480429513379931 15.436023522168396 1090.2614170238376 25.314922206103802 190.134705491364 3941.4541772305965 42.163130953907967 31.827630937099457 147.53178637102246 753.16963588818908 118.6112916842103 67.79801369458437 55.275562170892954 237.91680755466223 13.022883407771586 46.33888853341341 1908.9944482520223 392.30636129528284 276.73687691707164 42.101019442081451 268.08962170034647 32.402090683579445 7308.0304875075817 45.608792021870613 163.27442582696676 103.33017463982105 296.72029955685139
leaf_count=137 110 104 130 739 196 3948 144 961 22726 187 128 1583 7691 1006 498 433 2048 148 201 10310 2055 5983 138 868 93 27584 143 602 395 893
internal_value=-0.000332588 -0.0157853 -0.0357419 0.0083774 0.0703733 0.0013836 -0.00231129 -0.00198558 0.00130393 0.0508884 0.000477608 -0.0103921 -0.0151437 -0.00999016 -0.00515733 0.00639758 -0.00354394 0.155019 -0.00722165 -0.0037043 -0.0190299 -0.0495519 0.00399284 0.00518751 0.0317401 0.00438557 -0.00382635 0.0457116 -0.00608886 0.0215722
internal_weight=17724.1 1771.69 376.926 89.8568 36.3764 15952.4 6602.59 6577.27 4039.5 66.2141 3973.28 1394.77 1087.11 939.579 820.968 307.656 252.38 20.9403 2537.77 1955.33 582.441 287.069 9349.82 8110.62 237.778 7872.84 1239.2 195.677 1193.59 564.81
internal_count=92182 20696 7333 1213 474 71486 36822 36678 23151 297 22854 13363 10778 9195 8189 2585 2152 278 13527 10511 3016 6120 34664 30178 833 29345 4486 695 4343 1761
is_linear=0
shrinkage=0.1


Tree=126
num_leaves=31
num_cat=0
split_feature=10 1 13 11 5 4 13 6 17 2 13 10 14 8 15 3 8 2 8 10 4 1 8 3 13 13 10 13 13 3
split_gain=8.38538 8.71725 10.1748 7.08794 7.64743 7.81823 7.2075 6.63723 5.87882 6.10564 5.72626 5.64339 10.4453 7.14074 5.00057 4.5293 18.7865 13.3656 14.1737 9.75703 10.2897 7.71727 4.97838 4.81247 4.67982 6.06572 5.28889 4.05897 4.03024 3.96401
threshold=0.3496134066380458 0.076363993102711816 0.30364356268551013 0.020278922998857373 0.077773677546004186 0.0041228817351381961 0.75292459532936695 -0.043639932739294555 1.0000000180025095e-35 0.10124809637704103 0.036772893890828211 0.27951806396637502 0.76201239866475923 0.96169658775592592 0.25563939268078828 -0.079055983113936343 0.046034897966959511 -0.073734956783479286 -0.16874500216777286 0.20049624102175093 0.0047206950897278341 -0.041362566653455828 -0.31539426591743308 -0.065631014622376624 -0.93320311234007336 -0.22980817250920674 0.20049624102175093 0.095357150165640253 0.43652841259039027 0.056427557205195107
decision_type=2 2 2 2 2 2 2 2 2 2 2 2 2 2 2 2 2 2 2 2 2 2 2 2 2 2 2 2 2 2
left_child=1 15 11 4 5 8 29 27 9 -2 -10 13 -13 -3 -9 16 19 18 23 20 -1 -20 -21 -17 26 -26 -19 -7 -4 -5
right_child=3 2 28 6 -6 7 -8 14 10 -11 -12 12 -14 -15 -16 17 -18 24 21 22 -22 -23 -24 -25 25 -27 -28 -29 -30 -31
leaf_value=0.033000242027217394 0.00050687018996146548 0.076209564792561829 0.089574283361350898 -0.01043369481216707 -0.047698594077192714 -0.034480349881856241 0.027285617762646919 0.056939297705287939 -0.030279827256186682 0.043584103383590728 0.010713155219267176 -0.025057158178012053 0.052853964831875468 -0.0026297914667702555 0.017880163704561955 0.033508674284005661 -0.080002460177576923 -0.040748924323879443 0.030235358534609427 -0.0092895517828252144 -0.030483813868165646 0.087896491724069922 0.0094655620803797726 -0.0037166216956175894 0.0050256496350455267 -1.5629529354841556e-05 0.0060605028744219599 0.02078535331313797 0.032175957798130782 -0.0020433934999182029
leaf_weight=127.48005925118923 586.80483999103308 23.345118761062622 25.361463814973831 1723.1687122769654 29.509226478636265 36.085887752473354 60.300203107297421 38.151799649000168 116.76816277205944 34.857532009482384 48.118666663765907 68.646980412304401 22.964097008109093 22.619648799300194 232.68053838610649 48.062770262360573 32.333246365189552 56.159936038777232 54.786890164017677 879.0657267048955 31.925097152590752 40.273660980165005 168.6888876631856 125.18298464268446 3188.7415426969528 9489.2709243837744 42.332604669034481 21.036497637629509 23.631612986326218 836.41442970186472
leaf_count=630 2792 118 126 8939 144 186 304 182 551 175 234 313 104 107 1129 230 144 329 268 4297 162 181 848 587 16055 48136 213 107 113 4478
internal_value=0.000185452 0.00127911 0.0227551 -0.00401929 0.0025477 0.00387809 -0.00688688 0.016849 -0.00153016 0.00292227 -0.0183169 0.008819 -0.00552722 0.0374121 0.0233824 0.000998614 -0.00477813 0.00154751 0.023636 -0.00276328 0.0202859 0.0546643 -0.00626997 0.00661062 0.00108365 0.00125234 -0.02063 -0.0141276 0.0618884 -0.00769193
internal_weight=18234.8 14470.9 186.569 3763.9 1144.01 1114.5 2619.88 327.955 786.549 621.662 164.887 137.576 91.6111 45.9648 270.832 14284.3 1239.49 13044.8 268.306 1207.16 159.405 95.0606 1047.75 173.246 12776.5 12678 98.4925 57.1224 48.9931 2559.58
internal_count=92182 72961 881 19221 5500 5356 13721 1604 3752 2967 785 642 417 225 1311 72080 6081 65999 1266 5937 792 449 5145 817 64733 64191 542 293 239 13417
is_linear=0
shrinkage=0.1


Tree=127
num_leaves=31
num_cat=0
split_feature=11 10 9 1 14 20 0 1 7 0 10 4 15 2 10 7 12 14 4 10 7 12 14 4 9 13 13 12 1 11
split_gain=26.8981 11.989 9.02491 7.90847 11.4319 7.12434 6.95018 7.11884 6.73363 6.55912 7.75205 7.28495 9.25476 6.37156 6.16302 5.90044 5.3815 11.9343 5.32082 8.16937 4.81274 4.69712 4.50291 4.70933 4.4775 4.40444 4.15678 4.25752 3.71474 3.58783
threshold=0.019131380107770744 0.45167295381956224 0.044901410832726071 0.020803745263111576 0.049409294383681766 1.0000000180025095e-35 0.025460185802504757 0.073375249449606286 -0.15528685101787568 -0.011001892550793533 0.26617923732625076 0.0041228817351381961 0.40150770770956351 0.0092710250870489137 0.11812430541019577 0.1141829286651448 0.12013426238911336 0.92721954749675861 -0.0098745376363384967 0.12121227504112553 0.27912219075923445 0.046885673108252528 0.91922746781115894 -0.0258876880547463 0.38894896398470674 0.16384136453174017 0.092121423050826282 0.21248935161911794 -0.0087299250467580674 0.0049274714608773269
decision_type=2 2 2 2 2 2 2 2 2 2 2 2 2 2 2 2 2 2 2 2 2 2 2 2 2 2 2 2 2 2
left_child=2 8 29 4 -3 9 7 13 28 10 15 14 -13 -7 -11 -4 18 24 21 -20 26 -10 23 -6 -18 -12 -5 -28 -2 -1
right_child=1 3 5 20 22 6 -8 -9 16 11 25 12 -14 -15 -16 -17 17 -19 19 -21 -22 -23 -24 -25 -26 -27 27 -29 -30 -31
leaf_value=0.073958930915731441 -0.019778805020373713 0.054489162791382023 -0.006886902551323174 -0.032026840554773693 0.024525513433598854 0.0018024159010279876 -0.039785343046260448 0.052642864927826993 -0.00068295617718810617 0.0128519065506128 0.0022681439280556096 -0.012096460710772437 0.002644578607148884 -0.0084496460417255309 0.0043683887863032291 -0.056514915914857758 -0.0062379798459144039 0.087820962881124398 0.046770809805117913 -0.003704675283549062 -0.05924821572181041 -0.020136313710592546 -0.04434345056837901 -0.012565173531339974 0.015226434575345041 0.025448947157080466 -0.020725079259417228 0.019911737345593282 -0.066582196357668405 0.017320465689291617
leaf_weight=23.207877978682518 77.267959341406822 26.622088484466076 1010.5906703844666 225.7753254249692 36.650529343634844 1341.1640946790576 50.492387019097805 23.353309482336044 184.04537550359964 1027.2234747931361 381.75819350033998 549.53458354622126 1893.079487413168 1106.2291597425938 5147.3710341602564 24.538606286048889 213.21465216577053 17.556329436600208 32.500794008374214 2389.9276206865907 43.042214557528496 381.20435229688883 41.29809532314539 518.70488961786032 178.58436913788319 104.37623120844364 93.645173422992229 35.576947391033173 21.726235158741474 21.587970845401287
leaf_count=245 556 203 5061 1660 294 6676 269 130 1085 4368 2179 2673 9527 5263 25556 114 1320 121 140 14782 350 2440 295 3831 1178 607 736 265 143 115
internal_value=-0.000498748 -0.00712638 0.00185784 -0.0166578 -0.00962564 0.0016993 -0.00305777 -0.00230721 -0.00434191 0.00288229 -0.00317137 0.00395099 -0.000671832 -0.00283155 0.00577973 -0.00806338 -0.00359272 0.00716001 -0.005066 -0.00302747 -0.0276692 -0.0138023 -0.0124864 -0.0101174 0.00354563 0.00724521 -0.0238404 -0.0095371 -0.0300507 0.0466638
internal_weight=17221.9 4517.34 12704.5 1021.32 623.276 12659.7 2521.24 2470.75 3496.03 10138.5 1521.26 8617.21 2442.61 2447.39 6174.59 1035.13 3397.03 409.355 2987.68 2422.43 398.04 565.25 596.654 555.355 391.799 486.134 354.997 129.222 98.9942 44.7958
internal_count=92182 29399 62783 7634 4623 62423 12338 12069 21765 50085 7961 42124 12200 11939 29924 5175 21066 2619 18447 14922 3011 3525 4420 4125 2498 2786 2661 1001 699 360
is_linear=0
shrinkage=0.1


Tree=128
num_leaves=31
num_cat=0
split_feature=10 7 1 3 4 8 14 7 10 2 14 0 7 15 1 11 3 14 3 15 13 0 15 0 5 2 2 4 2 13
split_gain=11.0178 9.50845 6.47557 6.94496 14.0394 16.8878 11.418 9.8613 7.07029 7.40545 10.64 6.98595 7.23426 6.79451 11.654 6.02922 5.85757 17.0643 18.443 6.0549 5.98611 5.26801 9.99788 6.30182 6.2924 10.3098 9.13352 5.78163 5.20768 4.9048
threshold=0.14943843393766867 0.13851109753019067 -0.10740071551309814 -0.099272461869538628 0.00081665367339045513 -1.3531346157326347 0.18253661135178059 -0.11103576202937297 0.56307453166576693 0.12097788007290423 0.63755841678588465 -0.010570501064796288 -0.12117901721649198 0.98546350926214443 0.08398460129737563 0.025247904385737603 -0.039404374813875258 0.32860753457319986 -0.059666501845478719 0.44432522651406775 0.16384136453174017 1.0000000180025095e-35 0.41011920763077159 -0.0055677789436883165 0.0083278779230892015 0.020059651668253856 0.014668017518152611 -0.012680307422971991 -0.067751069023123986 0.32205737076294716
decision_type=2 2 2 2 2 2 2 2 2 2 2 2 2 2 2 2 2 2 2 2 2 2 2 2 2 2 2 2 2 2
left_child=1 16 29 4 11 7 -7 -6 9 15 -11 28 -13 -10 -15 -5 17 20 -19 -20 -1 22 23 -18 26 -26 -23 -24 -4 -2
right_child=2 -3 3 8 5 6 -8 -9 13 10 -12 12 -14 14 -16 -17 21 18 19 -21 -22 24 27 -25 25 -27 -28 -29 -30 -31
leaf_value=0.0054426585803513602 -0.036940622537500502 -0.055859377894963196 -0.0031224145741213273 -0.00054560675799593557 0.016770546395013273 -0.0047756779542067317 0.041116248016546716 -0.019468957105278715 -0.019021858129289557 -0.0021911177059537675 0.037138590848314383 0.006133249219283661 -0.019806985462865138 0.085993023748841046 -0.020021029712539329 -0.0077650596993654834 -0.001333685897036902 -0.005352826418026849 0.1068002889317765 0.048530070883801166 -0.054572465054288213 0.010894480863142824 0.040657421795878786 0.016212409888016685 -0.01325990623309023 0.0111792461882513 0.041349088919925607 -0.011148837068119595 0.021352161610855926 -0.0044025790206123532
leaf_weight=56.200747549533844 85.747321851551533 24.931593116372824 192.35855755954981 11315.47189803794 159.22122199833393 67.450252763926983 276.28423846513033 142.10283000022173 354.45870928093791 155.645163372159 123.26043986529112 165.74981312453747 305.96735233813524 17.473338477313519 25.504610687494278 1288.5089818760753 392.82738319039345 40.93412709236145 37.152013197541237 34.292643144726753 23.598152935504913 652.00457966700196 22.381723687052727 427.40568198636174 264.9793009236455 495.20245155692101 115.99601193517447 574.16294325701892 158.63656450808048 100.77306217700243
leaf_count=252 488 119 1043 56113 860 349 1476 722 2254 899 733 874 1515 123 171 7230 1900 168 177 147 109 3355 108 2223 1325 2398 568 3070 821 592
internal_value=0.000290353 0.00565277 -0.000845017 -0.000610844 0.00591658 0.0169617 0.032111 -0.000319812 -0.00133227 -0.000927002 0.0151904 -0.00274348 -0.0106922 -0.014469 0.0230806 -0.00128365 0.00614162 0.0230569 0.0481671 0.0788312 -0.012305 0.00503778 0.000645198 0.0078092 0.00911015 0.0026604 0.0154942 -0.00920512 0.00793917 -0.019361
internal_weight=18096.7 3162.07 14934.6 14748.1 1467.77 645.059 343.734 301.324 13280.3 12882.9 278.906 822.712 471.717 397.437 42.9779 12604 3137.14 192.178 112.379 71.4447 79.7989 2944.96 1416.78 820.233 1528.18 760.182 768.001 596.545 350.995 186.52
internal_count=92182 15919 76263 75183 7660 3407 1825 1582 67523 64975 1632 4253 2389 2548 294 63343 15800 853 492 324 361 14947 7301 4123 7646 3723 3923 3178 1864 1080
is_linear=0
shrinkage=0.1


Tree=129
num_leaves=31
num_cat=0
split_feature=11 8 11 13 5 8 4 1 7 15 7 15 12 9 5 14 7 13 13 5 9 4 7 12 9 15 0 12 13 12
split_gain=33.6421 21.3558 21.9943 17.9441 21.3841 27.2393 16.4673 22.7059 25.9344 25.6885 16.3995 15.44 12.5596 20.5138 17.8825 19.2888 17.3822 12.4468 15.7368 14.1942 18.0798 14.0726 13.1357 12.2519 17.4076 11.3038 10.7183 10.0818 9.8876 8.19078
threshold=0.0074558475559194561 0.59269265338482036 0.013719352094893113 0.12227981085379654 -0.036662305957992407 -1.008020682447982 -0.0026899746619613025 -0.010047638635948484 0.14766514474629747 0.9465092989985695 -0.026789148823431249 0.015037611334164015 0.040248264842668226 0.2316762551846166 -0.0028287568686647386 0.70183029134493291 0.07718543932782386 -0.22980817250920674 -0.75137477897635374 0.022387642025342606 0.22459373708109359 -0.021910104163111784 0.12632957446266349 0.039953932487336155 0.25500306391907818 0.019334071715353736 -0.0078467025864701317 0.021524052429854515 -0.49962555054103602 0.092982831258264773
decision_type=2 2 2 2 2 2 2 2 2 2 2 2 2 2 2 2 2 2 2 2 2 2 2 2 2 2 2 2 2 2
left_child=28 2 12 4 11 -6 17 8 26 10 -9 -4 14 16 27 -16 -14 18 -3 20 -19 -20 -21 24 -5 -25 -8 -2 -1 -11
right_child=1 6 3 23 5 -7 7 9 -10 29 -12 -13 13 -15 15 -17 -18 19 21 22 -22 -23 -24 25 -26 -27 -28 -29 -30 -31
leaf_value=0.016078366184836861 -0.024473079125351543 0.067209143395658935 -0.022679127499973487 -0.0053106129657883505 -0.015303870756604877 0.0044946900023095614 0.012731103391422437 -0.073936931012469967 -0.022018226863962837 0.0074236333228559067 -0.0054069393399819553 0.021576490241549659 0.0071699995964165297 -0.020269106697288534 -0.032207723601720382 -0.0024164137488270846 -0.036994020151136911 0.0063277940271798429 0.047247865472642522 -0.0082800053756027538 0.050268742053340067 -0.016201738613745083 0.026702045814584005 0.015959505241995048 0.029346455846473565 -0.0098612273678940661 0.051467424903755943 0.0041318213540866991 -0.047578707409894672 0.035399771432350152
leaf_weight=28.110894616693258 156.87662678584456 31.670175179839134 86.328221023082733 386.08992355689406 798.26749323308468 5367.0640950016677 108.93801094591618 35.690560065209866 92.68110153824091 218.43929696455598 1616.4830936491489 908.03340244293213 1282.7498245574534 460.85097273439169 674.28600416146219 320.69918047636747 95.771895699203014 137.10778776183724 40.808587968349457 197.6493210606277 295.35114672034979 243.7176928371191 234.92205548286438 182.70406326651573 232.02582260966301 2354.2800204046071 207.47014744579792 574.20397365093231 184.86079287156463 200.90429043024778
leaf_count=476 1525 110 297 2180 3081 23412 422 142 318 868 7685 3265 8404 2736 7096 2491 689 786 141 876 1064 1017 793 651 952 10057 831 4268 4922 627
internal_value=0.000329374 0.000808999 -0.000983128 0.00135723 0.00412602 0.00193124 0.00760208 0.00297455 0.0245037 -0.00127708 -0.00688734 0.0177343 -0.00775378 -0.00200433 -0.0138806 -0.0226055 0.00410173 0.01732 0.00034154 0.0235262 0.0363376 -0.00710139 0.0107181 -0.00492582 0.00769882 -0.00800172 0.0381307 -0.00200627 -0.0391764 0.0208268
internal_weight=17755 17542.1 13880.2 10314.8 7159.69 6165.33 3661.83 2480.61 409.089 2071.52 1652.17 994.362 3565.44 1839.37 1726.07 994.985 1378.52 1181.23 316.196 865.03 432.459 284.526 432.571 3155.1 618.116 2536.98 316.408 731.081 212.972 419.344
internal_count=92182 86784 71104 43895 30055 26493 15680 10893 1571 9322 7827 3562 27209 11829 15380 9587 9093 4787 1268 3519 1850 1158 1669 13840 3132 10708 1253 5793 5398 1495
is_linear=0
shrinkage=0.1


Tree=130
num_leaves=31
num_cat=0
split_feature=11 2 10 10 9 14 14 14 14 3 11 5 9 5 7 13 0 2 9 13 6 14 2 5 13 5 14 20 14 10
split_gain=50.7858 16.2963 15.8021 15.6733 13.7796 12.7344 21.2378 12.6787 18.7 19.6569 17.3675 16.4634 14.4866 12.1987 11.1102 14.2982 10.5876 10.4993 10.3051 11.7896 11.2438 10.208 11.6954 10.2005 17.1408 13.1106 9.86466 9.74209 9.24171 7.79646
threshold=0.0090598281206013351 0.0042544766914815848 0.22339873211605604 0.60235220234279063 0.73049356769308316 0.65904515933001651 0.42303645751258362 0.040816373621302325 0.027926992477733174 -0.022472855852058601 0.012197066460888193 -0.030736581427320105 0.30687735506164809 0.01770603868844112 -0.0072954596753909131 -0.24138107526048411 -0.015176639433828408 -0.16891607102900738 0.5371640622851227 0.35926115117002549 -0.0159738550185014 0.50053763440860222 0.054671619881736973 -0.053191260492183028 -0.32298823376462532 -0.011328527291452116 0.78758213376884811 1.0000000180025095e-35 0.25546018121125419 0.68218458389189818
decision_type=2 2 2 2 2 2 2 2 2 2 2 2 2 2 2 2 2 2 2 2 2 2 2 2 2 2 2 2 2 2
left_child=1 -1 14 4 7 6 18 8 11 -10 12 -2 -9 -4 15 -3 -16 -12 20 -20 -5 -8 -23 26 25 -25 -7 -18 -17 -26
right_child=3 2 13 5 -6 23 21 10 9 -11 17 -13 -14 -15 16 28 27 -19 19 -21 -22 22 -24 24 29 -27 -28 -29 -30 -31
leaf_value=-0.044389898197418801 -0.069485261407390961 0.11046587330739016 1.2536121254434891e-06 0.025581177321471145 -0.033171874510599837 0.024607155455337551 -0.049193822782012342 -0.0075079042069231706 0.0094664802040168496 0.067701448725765875 0.032397907756158272 0.0073536915877522513 -0.076939997771836063 0.11038566560685109 0.086057542255367436 0.042724739380611103 -0.035402647836912916 0.0011491658465290085 0.047778479332032532 -0.0065287797207576222 -0.04679861371387365 -0.02192938507773301 0.025491374090562041 0.055613635899430629 0.067870060371138949 -0.020918760308505216 -0.038555078802439254 0.0033537685378099615 -0.088247901551778585 0.032207039023914835
leaf_weight=282.85449706297368 31.790280632674694 14.435835344716905 24.599575094878674 47.855349212884903 121.77290768176317 57.145820274949074 69.376277476549149 1985.4098731800914 122.64795186370611 109.90099838748574 108.41009595990181 226.933678843081 30.511828407645226 16.882201634347439 8.4589148275554162 11.619269257411363 300.81789496447891 13117.214992742985 158.05438934266567 53.507276892662048 38.915457151830196 149.30723879486322 79.809507802128792 31.121278017759323 109.15333262085915 79.726068764925003 43.586393848061562 82.685764404013753 10.045279456302522 139.82583863288164
leaf_count=4863 138 137 165 174 413 155 218 15744 583 454 346 1164 230 82 68 131 4585 58487 444 162 144 498 215 91 307 257 132 1125 130 418
internal_value=-7.07796e-06 -0.0254282 -0.0140057 0.00112389 0.000337705 0.012912 0.00327168 0.000597071 0.0164091 0.0369879 8.74103e-05 -0.00208777 -0.00855879 0.0449254 -0.0197164 0.0333687 -0.0246056 0.00140531 0.0221406 0.0340433 -0.00688012 -0.0155871 -0.00541105 0.0254047 0.0332789 0.000568321 -0.00272287 -0.0270465 -0.0180038 0.0478418
internal_weight=17664.4 752.399 469.545 16912 15854.6 1057.38 596.825 15732.8 491.273 232.549 15241.5 258.724 2015.92 41.4818 428.063 36.1004 391.963 13225.6 298.332 211.562 86.7708 298.493 229.117 460.559 359.827 110.847 100.732 383.504 21.6645 248.979
internal_count=92060 11286 6423 80774 77559 3215 1855 77146 2339 1037 74807 1302 15974 247 6176 398 5778 58833 924 606 318 931 713 1360 1073 348 287 5710 261 725
is_linear=0
shrinkage=0.1


Tree=131
num_leaves=31
num_cat=0
split_feature=10 1 10 8 0 9 5 15 8 12 10 12 11 14 14 1 15 8 2 5 8 3 1 15 12 11 10 12 10 1
split_gain=7.24175 9.37658 9.47123 11.1828 5.94567 10.0584 11.262 9.48198 9.21163 8.24896 6.27921 5.35852 6.7754 6.02542 5.78077 13.5032 6.87437 5.77548 8.89255 13.9419 5.36844 7.29592 5.35881 5.34178 9.63936 11.7493 8.72474 6.32862 5.72556 5.15676
threshold=0.36528854574530373 0.076363993102711816 0.29103615413705508 1.2977157553523071 -0.0023111166200795448 0.31088017187509343 0.0047399775060456015 0.76201239866475923 -0.035901714530848804 0.033352093658126337 0.26227867755813605 0.13512994334176548 0.045688324240044008 0.60315503848473029 0.93995708154506452 0.01810190859275285 0.42303645751258362 1.8067020390991873 0.075838084184553192 0.037811950521878031 -1.7461043108846461 -0.18194494568749811 0.030557933217651104 0.14814937901173614 0.075195200690268207 0.0085413387521120886 0.22763528093929566 0.151541088153509 0.22339873211605604 -0.077999924898717307
decision_type=2 2 2 2 2 2 2 2 2 2 2 2 2 2 2 2 2 2 2 2 2 2 2 2 2 2 2 2 2 2
left_child=1 4 3 -3 23 6 8 -8 -6 -7 -11 13 14 20 16 -16 29 18 22 -20 21 -2 -15 26 -25 -26 28 -28 -1 -13
right_child=11 2 -4 -5 5 9 7 -9 -10 10 -12 12 -14 17 15 -17 -18 -19 19 -21 -22 -23 -24 24 25 -27 27 -29 -30 -31
leaf_value=0.0054207796764789507 -0.01029288921438002 0.072782602602306637 0.0057352197929254646 -0.011589448094607428 -0.0021064610987541321 -0.029903990411699683 0.005146006659272076 -0.0042599013592602274 -0.013162591301083007 0.033260544787102032 0.0075612205140094205 -0.012746468957306335 -0.034244520861356945 -0.011798609636299867 -0.0044190060076155294 0.10187213685683023 -0.0055982930936765074 -0.044149927626862817 0.060274976528495422 -0.0092205129634061536 -0.0043356073264267103 0.055618058802852137 -0.034555814965352198 0.0031525132122365422 0.087505780769135552 0.013461277323755204 -0.0048620329496729502 -0.044438400561511035 0.043381006697373464 0.012914065855345214
leaf_weight=701.4587276391685 31.544178694486618 57.35482457280159 129.47039493173361 21.634721636772156 1878.4184474125504 54.192563869059086 2613.5877981130034 1816.7665806859732 1258.4421773031354 105.41669119894505 969.02860087156296 92.94488338381052 53.268491007387638 460.02796941995621 32.163327693939209 19.019942961633205 738.70978020131588 58.817930974066257 40.844943672418594 98.441934809088707 1012.3892922103405 35.91695112735033 133.5022998675704 3300.0677893403918 22.063439261168242 746.67014355957508 1130.4087723046541 41.902972228825092 42.119678243994713 497.54581643640995
leaf_count=3471 167 279 616 105 10022 242 13328 8855 6887 508 4664 498 353 2318 169 101 3822 330 205 506 5169 184 654 16591 111 3568 5374 190 211 2562
internal_value=0.000384813 0.00132479 0.0223843 0.0496736 0.00102575 -0.000643778 -0.00195724 0.0012889 -0.00654195 0.00816266 0.0100826 -0.00384961 0.000750827 -0.00737377 0.00210128 0.0350793 0.000831407 -0.0140008 -0.011581 0.0111586 -0.00251551 0.0247987 -0.0169174 0.0034516 0.0055017 0.0155864 -0.000902212 -0.00627665 0.00757102 0.00887503
internal_weight=18194.1 14889 208.46 78.9895 14680.5 8695.85 7567.22 4430.35 3136.86 1128.64 1074.45 3305.14 1433.65 1871.49 1380.38 51.1833 1329.2 791.635 732.817 139.287 1079.85 67.4611 593.53 5984.69 4068.8 768.734 1915.89 1172.31 743.578 590.491
internal_count=92060 75022 1000 384 74022 44506 39092 22183 16909 5414 5172 17038 7505 9533 7152 270 6882 4013 3683 711 5520 351 2972 29516 20270 3679 9246 5564 3682 3060
is_linear=0
shrinkage=0.1


Tree=132
num_leaves=25
num_cat=0
split_feature=11 11 12 4 9 10 12 4 10 12 10 5 13 0 3 15 4 7 12 5 1 9 13 1
split_gain=19.6851 7.86652 10.0778 8.06017 7.39385 6.80396 7.29224 6.36687 5.58733 8.60821 6.3781 6.01896 5.68516 5.03955 7.45814 6.92815 13.5374 6.03216 4.72 4.1663 4.04202 3.48002 2.92788 2.20333
threshold=0.01672327812975908 0.0049274714608773269 0.041741672121580399 -0.0020058022476709954 0.62697631390425224 0.11313537968116172 0.017802619119847898 0.003663014732589565 0.43042362817362451 0.21248935161911794 0.74266215524502022 -0.040840691319271254 0.44879874194554598 0.004931484574719037 0.13574525228454262 0.41011920763077159 -0.0060790383229321057 0.15281232111445966 0.084907144859045838 -0.042053938079215973 0.0018132463217024333 0.074681756337220781 0.14219610068586261 0.014926977375563146
decision_type=2 2 2 2 2 2 2 2 2 2 2 2 2 2 2 2 2 2 2 2 2 2 2 2
left_child=1 2 3 -1 13 -2 23 21 11 20 -11 18 -13 15 17 19 -17 -15 -8 -3 -10 -5 -16 -7
right_child=5 4 -4 7 -6 6 8 -9 9 10 -12 12 -14 14 22 16 -18 -19 -20 -21 -22 -23 -24 -25
leaf_value=-0.036729086118125996 0.036178041388591459 -0.016496760351196502 0.07438737849721222 0.019954888524130555 0.05870346086861971 -0.060465285096647371 -0.021014385656645016 -0.017577475814384697 -0.0093895636284444042 0.01030018368968727 -0.018406882416004078 -0.003224736859443373 0.010665778787694891 -0.00022534564446565487 -0.017510061294277606 -0.0084413519364499954 0.0093786425918923073 -0.040244120203950712 0.00093732965090188012 0.00095615465537509129 -0.022798664826952544 0.056999785306475925 -0.054785048264691875 -0.017660305716993598
leaf_weight=28.127256825566292 39.982142403721809 141.81397431343794 30.74626162648201 70.8005047775805 22.728567197918892 29.882971115410328 317.98242866247892 31.778164334595203 449.02754442021251 265.61997186765075 109.21893718466163 4107.0701904520392 317.42200953513384 3347.0858858898282 81.799444980919361 505.94333659857512 2708.3439133614302 38.094347275793552 141.5539627969265 3851.1476937606931 450.18018463253975 39.509812638163567 28.384946703910828 20.122638322412968
leaf_count=130 169 813 165 477 100 150 2107 139 3420 1786 776 24539 1945 16330 401 2410 12622 173 1013 18558 3425 172 139 101
internal_value=-0.000464975 0.00209517 0.0216973 0.0121798 0.00172788 -0.00494203 -0.00520685 0.0218616 -0.00489801 -0.0107956 0.00193564 -0.00335956 -0.0022282 0.00160688 -0.00150906 0.00311805 0.00657369 -0.000675688 -0.0142525 0.000336297 -0.0161027 0.0332232 -0.0271126 -0.0432402
internal_weight=17174.4 10926.3 200.962 170.216 10725.3 6248.06 6208.08 142.088 6158.08 1274.05 374.839 4884.03 4424.49 10702.6 3495.36 7207.25 3214.29 3385.18 459.536 3992.96 899.208 110.31 110.184 50.0056
internal_count=92060 52629 1083 918 51546 39431 39262 788 39011 9407 2562 29604 26484 51446 17043 34403 15032 16503 3120 19371 6845 649 540 251
is_linear=0
shrinkage=0.1


Tree=133
num_leaves=31
num_cat=0
split_feature=10 11 7 5 5 8 3 9 14 14 10 14 8 7 14 4 3 4 8 11 8 6 11 13 10 9 7 13 14 2
split_gain=15.0206 10.1461 7.2198 7.76439 7.44253 8.68243 9.35262 8.49769 7.19118 7.06802 6.85623 6.68585 8.39287 9.13321 6.08896 6.47852 5.67683 10.99 10.3507 8.47153 7.179 6.76334 6.00269 5.62071 5.01397 4.57121 7.6271 5.17599 4.41801 4.2582
threshold=0.11964666576307538 0.024426783369909683 0.10456498930839365 0.02625375012858833 0.010955192964649753 -0.41551049650961347 -0.0023767373893299744 0.097896741181017474 0.040816373621302325 0.15678051281020397 0.096574958072775594 0.027926992477733174 0.50844251971934984 0.063323908604840842 0.94210442308374431 0.0011037444365280538 0.011270533489884828 0.0027066685887184865 -0.31539426591743308 0.011891463423794272 -0.54780068454719244 -0.0030824571051972223 0.010260327889011491 -0.11967329436810908 0.19036082353553532 0.29946585925762698 0.15915379259766563 -0.27079324813120154 0.77492687780804304 0.075838084184553192
decision_type=2 2 2 2 2 2 2 2 2 2 2 2 2 2 2 2 2 2 2 2 2 2 2 2 2 2 2 2 2 2
left_child=2 8 3 4 5 6 -1 28 11 -7 -9 12 13 -2 25 -16 17 19 21 -10 -19 -18 -20 -17 -13 26 27 -3 -6 -27
right_child=1 14 -4 -5 7 9 -8 10 16 -11 -12 24 -14 -15 15 23 18 20 22 -21 -22 -23 -24 -25 -26 29 -28 -29 -30 -31
leaf_value=0.0036993823568811177 -0.00034061833004715974 0.012157346109701914 -0.051407005449521197 0.064332850544832662 -0.026278814527593748 0.032846216193925207 -0.060130883429286602 0.062775134433994823 0.0069826050525380948 0.012318446541104037 0.0039655028525106993 -0.053367030644716457 -0.039605359072636091 0.064112909102038887 -0.0038742877046103298 0.0045513050684847789 0.0023095505642332622 0.0011662897276306075 -0.007455113302183603 -0.002571450577539245 0.012542099071027622 -0.047096686904333121 0.00081351266245946983 0.06803453531664895 -0.016434680429393379 -0.012524568304204498 0.052456573644253213 -0.0087174171761751282 0.024018785586537094 -0.0010138888163101145
leaf_weight=100.66266438364983 210.6219290420413 172.31717780977488 18.950155731290579 26.521303564310074 140.3736525401473 211.10058836638927 29.736180171370506 23.328674674034119 1293.5791104584932 816.4369629919529 131.95122811198235 48.02446973323822 47.729413479566574 24.547505065798759 81.757603816688061 24.882691353559494 42.465428866446018 864.34440012276173 1050.6114011704922 3284.6916116401553 1548.8075769171119 79.727620340883732 5342.8547341376543 31.733197756111622 156.7098336070776 1409.1609279289842 26.730496644973755 382.32980734854937 19.944817498326302 416.33625055104494
leaf_count=475 1094 929 91 125 735 1097 196 125 6102 4412 642 223 240 134 434 129 216 4186 5043 16381 7562 403 26959 180 776 8279 155 2022 96 2619
internal_value=0.000414408 -0.000459588 0.00993106 0.0107059 0.00974075 0.013451 -0.0108565 -0.00387229 0.000596658 0.0165357 0.0128008 -0.0113337 -0.00137247 0.00638718 -0.00626722 0.0141317 0.00102737 0.00300647 -0.00109625 0.000128024 0.0084675 -0.0299267 -0.000545236 0.0401336 -0.0250979 -0.00743997 0.000282401 -0.00223207 -0.0200214 -0.00989936
internal_weight=18059 16540 1519.01 1500.06 1473.53 1157.94 130.399 315.598 13994.7 1027.54 155.28 487.633 282.899 235.169 2545.25 138.373 13507.1 6991.42 6515.66 4578.27 2413.15 122.193 6393.47 56.6159 204.734 2406.87 581.377 554.647 160.318 1825.5
internal_count=92060 84066 7994 7903 7778 6180 671 1598 69319 5509 767 2467 1468 1228 14747 743 66852 34231 32621 22483 11748 619 32002 309 999 14004 3106 2951 831 10898
is_linear=0
shrinkage=0.1


Tree=134
num_leaves=31
num_cat=0
split_feature=11 4 0 5 13 8 14 20 0 2 4 5 9 7 4 2 5 11 13 4 14 14 8 8 7 7 0 16 11 7
split_gain=31.7041 16.9392 18.8052 19.854 19.9744 18.0153 17.291 14.2918 16.5861 20.8723 15.0961 17.0317 15.0538 13.6635 16.5723 13.1105 12.9214 12.4418 12.2773 11.8288 11.6302 11.9349 11.1666 10.7459 12.8238 12.3366 10.5952 10.1303 9.58776 8.60101
threshold=0.0080507954038275212 -0.0076757159928448884 0.015846457420953589 -0.016562200852454408 0.11860856279708963 -0.52484518471846053 0.97041543397641583 1.0000000180025095e-35 -0.049531013471568734 -0.10270354090562205 -0.0258876880547463 0.0038967372375150471 0.13675702077437307 -0.0032644456370128356 0.022538235132653298 -0.010468514288246132 -0.004776758350303 0.0058335370771467601 -0.49962555054103602 0.010362820978300215 0.95073172447759102 0.92497562593601446 0.071137401632703698 0.73185572226952877 -0.0032644456370128356 -0.024185983885991965 -0.011902473386513178 1.0000000180025095e-35 0.024426783369909683 -0.010853368100917358
decision_type=2 2 2 2 2 2 2 2 2 2 2 2 2 2 2 2 2 2 2 2 2 2 2 2 2 2 2 2 2 2
left_child=17 7 3 4 6 16 -3 10 -9 -10 11 -2 -11 14 -7 -6 19 -1 22 -4 21 -12 -19 24 -5 -25 -22 -15 -18 -20
right_child=1 2 5 23 15 13 -8 8 9 12 20 -13 -14 27 -16 -17 28 18 29 -21 26 -23 -24 25 -26 -27 -28 -29 -30 -31
leaf_value=-0.072573231947704098 -0.027901141073584313 0.0077157887703386639 0.02507029605345942 -0.0025691068501995304 -0.010404080944720322 0.014109078794000777 0.061211010356785472 0.092401515696339545 -0.04225198037253871 0.082512022662954571 0.005839853270632878 0.01516761878181147 0.017119521864346478 0.0018700682573026572 0.0549649237699429 0.028792082473815712 -0.041537946642235569 0.092061076764586039 0.014002023404129042 -0.023068391354839443 0.072645642785845496 -0.048196240383301447 -0.030906553447078461 -0.056458628036918895 -0.011530792326707118 0.0029158088000377849 0.0090230155821682152 0.022709266232193739 -0.0029845643375486742 -0.038173455216239077
leaf_weight=59.764066279865801 288.60094334185123 2032.7904941104352 135.55306033790112 2861.562549136579 1038.4419644661248 418.99792301654816 62.272218152880669 29.434824287891388 56.969537913799286 37.34463744610548 2113.9810765311122 134.66234244033694 614.08246745541692 1329.5822773650289 130.11390063911676 92.976487059146166 158.83671901375055 16.855219084769491 37.6614002995193 81.87703512609005 49.292307585477829 41.680202588438988 13.143351923674343 35.7959288880229 3612.5435360744596 1562.5717401467264 55.812255218625069 282.90701725706458 108.61372637748718 196.14343525469303
leaf_count=2198 1152 8726 513 14880 4742 1799 244 90 201 237 9221 510 2565 5812 476 398 764 200 542 280 187 185 157 141 22855 6995 238 1210 356 4186
internal_value=-0.000360323 0.000217505 -0.00132951 -0.00310672 0.00352374 0.00625814 0.00930584 0.00652222 0.0188484 0.0157921 0.00313379 -0.0141987 0.0208683 0.0101658 0.02379 -0.00718306 -0.0111622 -0.031375 -0.0220416 0.00694285 0.0063788 0.00479505 0.0381849 -0.00575684 -0.00756972 0.0015861 0.038861 0.00552625 -0.0258811 -0.029769
internal_weight=17690.9 17367.3 13945.4 11299 3226.48 2646.48 2095.06 3421.86 737.831 708.397 2684.03 423.263 651.427 2161.6 549.112 1131.42 484.881 323.567 263.803 217.43 2260.77 2155.66 29.9986 8072.47 6474.11 1598.37 105.105 1612.49 267.45 233.805
internal_count=92060 84777 70191 58981 14110 11210 8970 14586 3093 3003 11493 1662 2802 9297 2275 5140 1913 7283 5085 793 9831 9406 357 44871 37735 7136 425 7022 1120 4728
is_linear=0
shrinkage=0.1


Tree=135
num_leaves=29
num_cat=0
split_feature=10 11 12 11 6 10 12 8 14 7 10 9 17 0 20 16 11 0 14 7 12 8 8 2 14 12 11 7
split_gain=30.2355 15.4341 17.2497 28.061 13.6559 21.7701 13.9011 15.0719 12.4049 13.4722 12.1942 23.4678 11.187 21.86 28.8571 25.9095 11.335 12.1562 10.5108 8.74392 6.78112 6.32602 5.44943 3.91265 6.54062 0.879923 0.00525205 0.000885644
threshold=0.088180232202776612 0.0096023911673344137 0.011354958028229181 0.0073333542684982959 0.0091015191266143897 0.30533614153328642 0.023666994409079749 0.0051610872921136778 0.98546350926214443 -0.064160842445126084 0.24012862909694169 0.24369463614989481 1.0000000180025095e-35 -0.0066667314618626952 1.0000000180025095e-35 1.0000000180025095e-35 0.009832051647976299 -0.012615462359819139 0.93355235671692827 0.12305447486354527 0.036406050582014973 -0.51410169026977048 0.040711891933488266 0.023436321244486805 0.40150770770956351 0.040248264842668226 0.010190689163472313 0.050240731789559019
decision_type=2 2 2 2 2 2 2 2 2 2 2 2 2 2 2 2 2 2 2 2 2 2 2 2 2 2 2 2
left_child=21 2 3 -2 6 19 7 -4 12 -10 20 -12 13 15 -15 -3 22 -18 -8 -6 -11 -1 -14 25 -25 26 27 -23
right_child=1 8 4 -5 5 -7 18 -9 9 10 11 -13 16 14 -16 -17 17 -19 -20 -21 -22 23 -24 24 -26 -27 -28 -29
leaf_value=0.075749657135181114 0.19683277157162166 0.00043561362756046687 0.026985881847907178 -0.029865237726337236 -0.010902105007486146 0.087742235398224247 -0.044236830724208184 -0.045292224209640353 -0.089857957076124859 -0.0038579233718808665 0.083484269475544048 -0.0185152989465091 0.026755887211628405 -0.0069668443955010128 0.0064619772684376652 0.018045388933082922 -0.0057045143045875955 0.0084055642580967409 0.022346133940280344 0.065418708046775964 -0.077257146280323957 -0.082428942101945527 0.11279468939230944 0.03824309438661342 -0.085045343980501509 -0.027999355779858209 -0.085225565653571006 -0.084106280782008741
leaf_weight=3.1924166502431026 10.13187985122204 3211.4074919074774 79.100652338936925 11.8419849909842 439.67055154405534 24.893864702433348 291.00441184733063 45.414858983829618 26.591701477766037 18.735063571482897 28.062548652291298 114.96801301836967 15.615310270339252 6535.3882339447737 2119.0698459334671 1129.3268534466624 796.92128337174654 2611.1889809854329 25.811714226379991 15.541998751461504 38.355416644364595 44.185149961151183 13.926937978714703 8.2585658170282858 8.9840644653886539 3.0720424875617018 8.6624163873493654 3.3893421441316596
leaf_count=91 166 14031 1277 183 4867 129 3821 796 137 132 157 513 119 32228 10110 4798 3318 12305 277 91 271 1755 99 177 194 102 156 79
internal_value=-0.000735608 -0.000457291 -0.0129004 0.0746624 -0.0149885 -0.00331667 -0.0276859 0.000623704 0.000247348 -0.0229845 -0.0140984 0.00149698 0.000567861 -0.0007741 -0.00367876 0.00501714 0.00564081 0.00510619 -0.0388122 -0.00829634 -0.0531701 -0.0621723 0.0673167 -0.0679241 -0.0259949 -0.080114 -0.0829608 -0.0825484
internal_weight=17682.7 17603 943.412 21.9739 921.438 480.106 441.332 124.516 16659.6 226.713 200.121 143.031 16432.8 12995.2 8654.46 4340.73 3437.65 3408.11 316.816 455.213 57.0905 79.744 29.5422 76.5516 17.2426 59.309 56.2369 47.5745
internal_count=92379 89825 11607 349 11258 5087 6171 2073 78218 1210 1073 670 77008 61167 42338 18829 15841 15623 4098 4958 403 2554 218 2463 371 2092 1990 1834
is_linear=0
shrinkage=0.1


Tree=136
num_leaves=30
num_cat=0
split_feature=11 12 12 11 7 19 3 2 12 14 9 6 6 12 5 12 5 17 15 11 7 4 4 4 13 4 11 6 4
split_gain=9.9499 6.79133 5.48376 7.54161 5.11704 6.76359 5.93595 12.3423 11.8212 4.58144 4.82272 8.93179 8.4257 7.1573 6.41632 4.49097 4.26494 4.1966 5.3263 3.73354 3.65427 3.42051 3.36481 6.32849 3.26108 3.06971 2.62671 1.71222 1.1148
threshold=0.039967620586456858 0.18902760437594759 0.0088373996459089159 0.0063200665160699733 0.20162128192092424 1.0000000180025095e-35 0.017094433359300169 -0.029511136450678595 0.03361136137002018 0.045112834002492046 0.67086003321533616 -0.06241893404848952 0.031621175254116347 0.36672780399871213 -0.026229337956956807 0.034999785142042418 0.046806854457132958 1.0000000180025095e-35 0.9051719733389072 0.033431278611427508 -0.10252829776060378 0.0012322766620442851 -0.0012462481841919446 -0.017846922441270504 -0.40999168508174627 0.0032185476671000583 0.041667070028628926 -0.016502733346409778 -0.0091636540793802439
decision_type=2 2 2 2 2 2 2 2 2 2 2 2 2 2 2 2 2 2 2 2 2 2 2 2 2 2 2 2 2
left_child=1 2 3 21 6 19 7 -4 -8 -3 11 24 -13 14 -12 -2 -7 20 27 -6 25 -1 23 -22 -11 28 -24 -19 -17
right_child=15 9 4 -5 5 16 8 -9 -10 10 13 12 -14 -15 -16 17 -18 18 -20 -21 22 -23 26 -25 -26 -27 -28 -29 -30
leaf_value=0.043601105074455568 0.032513155313231935 -0.03760251546102316 0.0037728477844561764 -0.0062068231837234186 -0.027183693511862336 -0.010014557383013552 0.0089517456718944156 -0.0037498095914227317 0.00020484963614287086 0.013903883270280396 0.058960157326236232 0.01937838847096307 -0.0072667461781032077 -0.027853999606171093 0.017151012985216124 -0.04698117043344361 0.050054670544443514 0.0028780386358286422 0.05049458075493031 0.012658827890264193 -0.047349397294941226 0.13160563672704054 0.0021862132828939264 0.019397334170852546 -0.030479129713922609 -0.020968364607275584 -0.03967722439022197 -0.037655021068038912 -0.082449918595450311
leaf_weight=9.1527431681752223 16.919455051422119 20.083339780569077 3449.377656839788 17.742538969963789 173.67629563808441 23.460194908082485 2198.6710705272853 5931.2118746116757 5197.7717406079173 21.059161514043808 58.791669107973576 407.10478934273124 167.50999539345503 22.169355668127537 97.714593201875687 16.089770175516605 23.821662060916424 22.422371447086334 16.935531906783581 27.203333280980587 20.732285387814045 8.5349246226251108 18.803595766425133 45.118340708315372 77.401873253285885 25.214130491018295 73.860407952219248 19.472313530743122 19.725238658487797
leaf_count=127 96 104 17100 139 887 125 11478 30676 25250 115 303 1969 836 127 528 100 133 139 118 165 129 82 113 274 422 165 444 113 122
internal_value=0.000697687 0.0009975 0.000557576 0.0398583 0.00047579 -0.0137788 0.000686639 -0.00098362 0.00280496 0.00960621 0.0107193 0.00684239 0.0116109 0.0253239 0.0328566 -0.0175092 0.0202497 -0.0205495 0.00316937 -0.0217882 -0.0269054 0.0860664 -0.0189002 -0.00161708 -0.0209863 -0.0476979 -0.0311822 -0.0159614 -0.0665157
internal_weight=18227.8 17932.5 17060.6 35.4302 17025.2 248.161 16777 9380.59 7396.44 871.835 851.751 673.076 574.615 178.676 156.506 295.293 47.2819 278.374 58.8302 200.88 219.544 17.6877 158.515 65.8506 98.461 61.0291 92.664 41.8947 35.815
internal_count=92379 90566 86162 348 85814 1310 84504 47776 36728 4404 4300 3342 2805 958 831 1813 258 1717 370 1052 1347 209 960 403 537 387 557 252 222
is_linear=0
shrinkage=0.1


Tree=137
num_leaves=31
num_cat=0
split_feature=10 8 11 9 14 14 11 14 1 6 15 4 15 8 4 4 9 5 15 7 4 14 8 14 14 16 10 3 9 4
split_gain=14.4895 9.3383 6.21433 6.18419 6.1479 6.09159 7.85285 5.72175 14.1555 6.20348 5.51525 6.77913 6.23029 5.41197 4.94014 5.14346 5.47867 5.10673 4.92628 4.9169 9.76598 4.66701 4.48831 5.15476 6.4266 3.95914 3.80196 5.31856 3.6031 3.60301
threshold=0.22982613390007919 0.73185572226952877 0.041667070028628926 0.2691700364119281 0.96385332056420636 0.18689602658175278 0.014696042976748777 0.50435831212731219 0.046599770221918753 0.012844739173228039 0.44432522651406775 -0.0040404095370045736 0.9051719733389072 0.93770002805357511 -0.0098745376363384967 0.017973478397187218 0.29748132144771283 -0.036662305957992407 0.97041543397641583 -0.012351212295132362 -0.001030388936641202 0.45306151645207443 -0.41551049650961347 0.32860753457319986 0.90687315634218291 1.0000000180025095e-35 0.21612783967241725 -0.022472855852058601 0.21874243173920027 -0.0022425243414545544
decision_type=2 2 2 2 2 2 2 2 2 2 2 2 2 2 2 2 2 2 2 2 2 2 2 2 2 2 2 2 2 2
left_child=1 3 14 4 7 6 -5 9 -9 -1 11 13 -12 -3 25 16 17 -16 -18 20 -7 -21 23 -4 -25 -2 27 -6 -14 -13
right_child=2 10 22 5 26 19 -8 8 -10 -11 12 29 28 -15 15 -17 18 -19 -20 21 -22 -23 -24 24 -26 -27 -28 -29 -30 -31
leaf_value=0.0036351518829919765 -0.0056469910414099923 -0.022968914315587001 0.049693835793296441 0.018338315130551137 -0.042692772229049492 -0.011337396206422986 0.10974162372235169 0.0055751173697076257 0.051777331133811083 -0.0042073879932024681 0.0024365773556800615 -0.068707941111920162 -0.040097809768402388 0.039457611162287388 -0.01860828914338095 -0.010199596935488555 0.0033765317110469092 -0.0026897578637542722 -0.014087919540226791 0.034003608783409058 0.077580883200019699 -0.017713522200308585 -0.037840723593135207 -0.034403340369262188 0.040143241639263166 -0.019205717469289191 -0.04640896627303398 0.001339875916829548 0.0061789864160386905 -0.026080098109903773
leaf_weight=3139.6389743089676 916.64950486645103 27.718303024768829 14.125291850417851 22.091544143855572 35.263004302978516 22.718502372503281 16.360516600310802 3471.8439249061048 67.604202963411808 1485.9756344184279 407.7833039239049 23.148687705397606 61.309174433350563 27.831064090132713 216.54053966701031 663.60054517909884 2622.8696442879736 2906.9740898087621 172.1120841987431 24.642384216189384 27.069296300411224 59.7746357396245 88.608722522854805 49.517328344285488 15.088240794837473 281.49323935806751 31.624768204987049 123.50968822091818 23.188226006925106 138.22223147749901
leaf_count=14535 5881 133 111 117 169 127 96 16646 358 6725 2012 108 294 145 1317 4361 16794 16075 1177 136 164 313 756 391 118 1761 162 612 128 657
internal_value=-0.000206028 0.00248735 -0.00333649 0.00340424 0.00301714 0.0221373 0.0572284 0.00343136 0.00645759 0.00111574 -0.00853827 -0.021823 -0.00268442 0.00830771 -0.00292639 -0.0018513 -0.000915267 -0.00379332 0.00230109 0.012083 0.0370069 -0.00261664 -0.0224032 -0.00502891 -0.0169934 -0.0088325 -0.0147463 -0.00843966 -0.0273983 -0.0321951
internal_weight=17184.9 9237.32 7947.58 8528.12 8355.46 172.657 38.4521 8165.06 3539.45 4625.61 709.201 216.92 492.281 55.5494 7780.24 6582.1 5918.5 3123.51 2794.98 134.205 49.7878 84.417 167.34 78.7309 64.6056 1198.14 190.397 158.773 84.4974 161.371
internal_count=92379 43637 48742 40160 39207 953 213 38264 17004 21260 3477 1043 2434 278 47366 39724 35363 17392 17971 740 291 449 1376 620 509 7642 943 781 422 765
is_linear=0
shrinkage=0.1


Tree=138
num_leaves=31
num_cat=0
split_feature=11 10 13 13 13 9 3 15 7 3 2 7 11 7 9 6 7 2 13 2 9 6 13 3 7 9 9 4 2 3
split_gain=11.0218 8.40084 13.6669 7.13963 6.70206 6.4667 17.5855 8.2345 5.94523 5.54859 11.2418 8.58924 9.4726 7.93573 14.2697 8.74867 6.59081 8.27489 17.9608 7.18337 6.19938 7.94916 5.39085 5.27294 7.50308 5.0826 6.51824 5.83272 7.19168 4.32542
threshold=0.020381872724486955 0.096574958072775594 0.4617792064552661 -0.26254409623263425 -0.32818614140409469 0.10580548760256099 0.02376198931694962 0.35838808917923209 -0.15528685101787568 -0.045809504490165846 -0.088581249523719471 -0.10252829776060378 0.018265682876087794 -0.020952559749855989 0.15316271847914384 -0.01897964924253109 -0.038696953940491711 0.04096830123036322 -0.31221263304963615 -0.054303836481841554 0.48059068429118057 0.016889114771475037 -1.0332437631512241 0.038466287884210366 0.0018859039511038846 0.1803060609366661 0.19166296713037054 0.028017297360992458 0.025448010628649213 -0.085032725450352217
decision_type=2 2 2 2 2 2 2 2 2 2 2 2 2 2 2 2 2 2 2 2 2 2 2 2 2 2 2 2 2 2
left_child=1 2 3 23 8 7 -7 -5 -2 10 11 12 -3 15 -15 -12 17 19 -19 -11 22 -22 -18 24 -1 27 -27 28 -6 -28
right_child=4 9 -4 5 25 6 -8 -9 -10 16 13 -13 -14 14 -16 -17 20 18 -20 -21 21 -23 -24 -25 -26 26 29 -29 -30 -31
leaf_value=0.087568920193862532 -0.028351979249619221 0.032905353528337122 0.0935566124021215 0.02801726852829315 0.00471921640697815 -0.0094959176214666364 0.1107801152784636 -0.0053962960014726146 0.0065103529643937858 0.014614290377771667 0.0077201496944739531 -0.032517229880685519 -0.028523063700562186 0.036176783637347242 -0.014620878609073285 0.02545508360092218 0.038104702124516332 -0.046094148638765556 0.056558450308953991 -0.012765413462009406 -0.020914005642709788 0.045950408970259107 0.0011780346221346098 0.080881612673730299 0.010440280507451756 -0.03871179335098994 0.00032040253842782296 -0.041858465864619589 0.051467413435701284 -0.0078777270330548498
leaf_weight=15.23482897505164 52.033112972974777 58.48840855807066 20.706303622573614 94.063821779564023 148.98905654996634 29.726500079035759 20.566560000181198 341.61056878603995 816.6830679923296 108.50330246984959 1367.4315712153912 124.98104265332222 43.97922732681036 68.222709432244301 291.95153427869081 349.17980512976646 39.698242325335741 24.903403647243977 54.011749215424061 819.95726679265499 24.435094445943832 65.281504228711128 9587.8155561387539 19.731873035430908 73.281180392950773 60.96349785476923 874.39786207675934 19.886820301413536 42.237018905580044 2437.9612811245024
leaf_count=90 286 295 122 540 772 146 103 2004 4588 550 6481 625 224 314 1401 1749 191 126 283 3930 133 381 46993 101 488 295 4888 91 236 13953
internal_value=0.000861671 0.00227158 0.0136934 0.0109105 -0.00345806 0.00573714 0.0396891 0.00181782 0.00442222 0.0017325 0.00618461 -0.0149215 0.00654021 0.00849614 -0.004999 0.0113277 0.000775942 -0.00692341 0.0241642 -0.00956572 0.00157413 0.0277393 0.0013303 0.0341357 0.0237152 -0.00536791 -0.00630993 0.00968444 0.0150447 -0.00571358
internal_weight=18096.9 13643.8 614.922 594.215 4453.15 485.967 50.2931 435.674 868.716 13028.8 2304.23 227.449 102.468 2076.79 360.174 1716.61 10724.6 1007.38 78.9152 928.461 9717.23 89.7166 9627.51 108.248 88.516 3584.44 3373.32 211.113 191.226 3312.36
internal_count=92379 67270 3594 3472 25109 2793 249 2544 4874 63676 11089 1144 519 9945 1715 8230 52587 4889 409 4480 47698 514 47184 679 578 20235 19136 1099 1008 18841
is_linear=0
shrinkage=0.1


Tree=139
num_leaves=31
num_cat=0
split_feature=10 11 10 11 14 14 7 3 4 9 14 2 9 12 14 14 13 12 11 4 5 13 14 2 7 7 13 4 4 15
split_gain=33.4012 14.5344 14.6431 14.0726 13.871 11.8909 21.0858 15.6555 17.8227 14.1283 15.3945 12.0897 11.7695 17.6524 12.2715 10.432 26.0053 16.6785 13.9001 13.0297 12.6006 11.7673 13.3825 10.2551 9.91589 10.1643 9.26811 8.33081 13.6593 10.1524
threshold=0.14943843393766867 0.013838994957760916 0.39037677753576344 0.0055749164853555622 0.012126747888688913 0.68886504530281367 0.09816178772624197 -0.04935063649740145 0.026473904013002428 0.11620594324867591 0.71459702229480804 0.047891945873840498 0.090034127367079428 0.051355193449961915 0.22985111474040035 0.16111726429461445 0.24851041698949111 0.026751778853136756 0.041667070028628926 -0.023843494103449204 0.0030663542662636716 0.66466441188423808 0.37136745798533549 -0.037880227170480556 -0.0093752447525679555 0.032224259370058024 0.03105025445922616 -0.0093897134431402112 -0.0258876880547463 0.87773009060562723
decision_type=2 2 2 2 2 2 2 2 2 2 2 2 2 2 2 2 2 2 2 2 2 2 2 2 2 2 2 2 2 2
left_child=3 2 4 -1 -2 6 7 23 -9 10 -7 -12 13 -6 -14 16 17 20 27 -19 -3 22 -20 -5 -11 -26 -8 28 -17 -29
right_child=1 15 -4 5 12 9 26 8 -10 24 11 -13 14 -15 -16 18 -18 19 21 -21 -22 -23 -24 -25 25 -27 -28 29 -30 -31
leaf_value=-0.074917937175312962 -0.079430427843412352 0.027077749461396263 -0.046233029868565104 -0.024726101036926379 0.15877328077728475 0.14555856645072515 0.0098035065663241751 -0.029719691892308799 0.12360211770277381 -0.056461026982350254 0.0071878964182026722 0.13600151290376136 0.0051696101803393778 0.0074535838017803467 -0.007999424023436499 -0.010751691464310723 -0.017954505544619383 -0.039356827501663749 0.063811715928486848 0.014841863779779361 0.12698467089741983 -0.03273053575939653 0.015113143083068282 0.063849671089963367 0.03215661492652843 -0.021891066257339165 0.11716612570209883 -0.0027983873093792057 0.0097023834202717985 0.0059479685708863873
leaf_weight=40.676330927759409 24.305771104991436 28.634014137089252 84.663062376901507 22.120929282158613 10.98883352614939 10.964221483096479 17.977290507405996 731.34835424646735 7.6611084826290599 41.352013789117336 75.851592306047678 8.0602779760956746 992.09004030190408 25.831359084695578 2467.5940324831754 402.76916278898716 287.09138085693121 45.945767298340797 66.76759535074234 1282.3417947292328 22.578540563583374 42.108399614691734 364.42926807701588 31.949581548571587 56.680440338328481 90.119022931903601 14.546718236058949 7058.8751821890473 1723.8893158212304 1634.4135909229517
leaf_count=1726 233 137 612 167 108 144 140 10657 47 338 1001 73 6426 220 15840 1562 1198 169 181 5081 103 122 1038 247 543 844 106 30168 6701 6447
internal_value=-0.000664012 0.000479744 -0.00513613 -0.0171493 -0.0041479 -0.0150298 -0.0210935 -0.0243298 -0.0281302 0.00265851 0.034122 0.0195613 -0.00362458 0.0526143 -0.00422311 0.0020421 0.0094276 0.0151262 0.000952193 0.0129671 0.0711246 0.0177264 0.0226538 0.0276122 -0.0132071 -0.00102283 0.0578226 0.000218426 0.00582857 -0.001154
internal_weight=17714.6 16565.3 3605.47 1149.31 3520.81 1108.63 825.604 793.08 739.009 283.028 94.8761 83.9119 3496.5 36.8202 3459.68 12959.8 1666.59 1379.5 11293.3 1328.29 51.2126 473.305 431.197 54.0705 188.151 146.799 32.524 10819.9 2126.66 8693.29
internal_count=92379 76346 23439 16033 22827 14307 11364 11118 10704 2943 1218 1074 22594 328 22266 52907 6688 5490 46219 5250 240 1341 1219 414 1725 1387 246 44878 8263 36615
is_linear=0
shrinkage=0.1


Tree=140
num_leaves=31
num_cat=0
split_feature=10 11 3 0 15 16 16 11 6 11 11 11 8 3 2 3 6 8 6 7 7 8 3 15 4 2 0 7 11 7
split_gain=33.9487 16.3703 15.6035 14.2639 24.9159 27.2927 17.314 14.8673 11.9746 11.0905 10.0369 9.51766 9.20612 37.1264 30.7311 34.7965 41.913 22.4107 25.2892 22.6553 18.6272 12.6647 35.6849 13.8311 8.35982 6.97509 6.7531 6.7406 9.08282 5.7881
threshold=0.10567320198111428 0.012197066460888193 -0.033522686453723687 -0.0095216872371741684 0.34982383333924499 1.0000000180025095e-35 1.0000000180025095e-35 0.011640704348521862 0.036300816574444623 0.011950127379382376 0.012072932124208558 0.0095236879019605977 -0.87104256956040338 -0.094368245105675083 -0.16891607102900738 -0.041357231931240961 -0.048113064135346821 -1.5849948737803945 -0.14645026105298736 -0.16351282799699032 -0.025080728988668918 -1.1904814729591697 -0.071938625629550654 0.78363954059640906 -0.006220859875102124 -0.073734956783479286 0.020963612985175132 -0.0059596115704514388 0.010260327889011491 0.0030936360637768838
decision_type=2 2 2 2 2 2 2 2 2 2 2 2 2 2 2 2 2 2 2 2 2 2 2 2 2 2 2 2 2 2
left_child=8 2 9 4 11 -6 7 -5 27 25 -11 -4 13 17 24 16 -16 19 -19 -3 -17 23 -23 -15 -14 -2 -8 28 -1 -27
right_child=1 12 3 6 5 -7 26 -9 -10 10 -12 -13 14 21 15 20 -18 18 -20 -21 -22 22 -24 -25 -26 29 -28 -29 -30 -31
leaf_value=-0.054334640352206136 0.028189734895765942 -0.018208204217383592 -0.030472956710746832 0.0013629155050321319 0.030527098289485733 0.18096540197866834 -0.02441307204894734 -0.026106264064793584 0.039346503487258246 0.078702534359412823 -0.021776199595885375 0.012624563348931759 0.095454930106645006 0.049558180926876416 0.0048288551384489233 0.011731722945182682 -0.023277542206211865 0.063147183298369977 -0.022909333383067047 0.018763927589878264 0.00024467461280057028 -0.015712411991038244 0.032834291314859605 -0.0073924559270201629 0.029709482030947906 -0.036748855851005145 -0.094671346942552748 -0.055765311085147595 0.078036981126332464 0.013961051020131782
leaf_weight=11.675295705907049 19.388562746345997 236.3041455745697 66.966442134231329 1299.7998149851337 41.650776986032724 16.974203068763018 344.68727322109044 232.2386064119637 16.785732217133045 18.648161586374044 21.292804323136806 218.22629354894161 39.077409714460373 242.14168724790215 900.49930559843779 1694.4868731275201 1291.5038512162864 36.310019686818123 573.54131007939577 554.99744582921267 8457.7335255481303 243.48848440498114 400.40739711001515 51.759769856929779 38.292204558849335 338.17957412078977 14.246131751686333 162.80286997091025 9.3226684518158418 24.113683331757784
leaf_count=324 133 853 693 11967 377 90 3328 1695 152 126 152 1451 99 916 3579 7249 6072 107 2361 2090 37332 1082 1639 211 107 2883 100 4525 140 217
internal_value=-0.000599279 -0.00012819 -0.00735499 -0.00402605 0.01471 0.0740848 -0.00743265 -0.00280108 -0.041504 -0.0249999 0.0251366 0.00250478 0.0011724 0.00692766 8.86973e-05 -0.000305083 -0.0117311 -0.00337959 -0.0177856 0.00772304 0.00216195 0.0223276 0.0144764 0.0395285 0.0629158 -0.0302464 -0.0272016 -0.0488878 0.00443566 -0.0333737
internal_weight=17617.5 17417 2656.41 2234.79 343.818 58.625 1890.97 1532.04 200.587 421.623 39.941 285.193 14760.5 2338.95 12421.6 12344.2 2192 1401.15 609.851 791.302 10152.2 937.797 643.896 293.901 77.3696 381.682 358.933 183.801 20.998 362.293
internal_count=92050 86909 23212 19701 2611 467 17090 13662 5141 3511 278 2144 63697 9259 54438 54232 9651 5411 2468 2943 44581 3848 2721 1127 206 3233 3428 4989 464 3100
is_linear=0
shrinkage=0.1


Tree=141
num_leaves=31
num_cat=0
split_feature=10 2 1 3 13 3 12 9 6 10 9 5 12 6 18 3 15 2 1 13 5 13 5 3 12 15 4 12 13 6
split_gain=5.6898 8.25656 18.1864 16.0139 8.53194 7.94719 9.12916 6.96471 14.835 11.1453 8.35143 11.7054 6.97011 6.80752 7.53516 6.48119 6.2986 6.21794 6.13467 6.02548 5.45258 5.50253 5.33412 5.00546 4.65811 10.0883 4.58629 4.61929 4.31164 4.16013
threshold=0.20452766908531184 0.025448010628649213 0.01810190859275285 0.0044877623165655587 0.12227981085379654 0.01883294833309224 0.040547464529545968 0.14350151244177359 0.03056928609551202 0.17272920811265707 0.18349338440029681 0.028748422191652193 0.04882967672135765 0.020431372678692553 1.0000000180025095e-35 0.08850982530597086 0.012120547094429874 0.024374350504422718 0.026587051907468909 0.28578951705739369 0.0064926592483112175 -0.0084790126924800795 0.0090235765288612119 0.026307254884037515 0.02592880966445154 0.86928386949751235 0.045348143960509527 0.026192452762120757 0.75292459532936695 0.041178774278326953
decision_type=2 2 2 2 2 2 2 2 2 2 2 2 2 2 2 2 2 2 2 2 2 2 2 2 2 2 2 2 2 2
left_child=1 2 13 -3 20 18 -7 8 9 -5 12 -12 -9 17 19 -10 -2 23 -6 -15 -4 -22 -16 -1 25 29 27 -26 -29 -18
right_child=16 3 4 7 5 6 -8 10 15 -11 11 -13 -14 14 22 -17 24 -19 -20 -21 21 -23 -24 -25 26 -27 -28 28 -30 -31
leaf_value=0.0013933065972779688 -0.038908256616337539 -0.03562571447884548 0.063227481228222276 0.014688747022425919 -0.040613830450529798 0.051916878435893099 -0.020422132365938525 0.020678931791780576 -0.029995736697389943 -0.050969519494700966 -0.016237004915972176 0.017960198980783972 -0.011116201087028847 -0.017158099089546987 -0.0082998065097883208 -0.00019008862380203502 -0.0095910432600550405 0.051288990102132552 0.012132737723197017 -0.075554188894589258 0.017761248775186693 0.044525119878810297 0.051384650523644437 0.010817805958595612 0.047341471096355447 -0.05098517832420521 -0.029094084119242067 -0.00074563934305246857 0.019307040362749526 0.023415688621151592
leaf_weight=3236.8101685270667 43.940243445336819 141.53045188635588 39.861119851469994 267.56620644032955 52.743001855909824 47.624516524374485 27.53037516772747 370.19168190658092 264.4535416290164 28.618265047669411 292.07751633226871 152.277761682868 84.727830924093723 175.94909639656544 35.072384759783745 100.74951915442944 279.18432898074389 26.886500492691994 37.889939114451408 19.642029382288456 305.9934896081686 102.56737415492535 26.130434311926365 682.34242432564497 20.175340689718723 56.180759996175766 56.236651167273521 11059.372193675488 108.2751674130559 44.236224487423897
leaf_count=18224 222 691 192 1473 254 247 128 1807 1411 144 1422 753 417 876 170 503 1343 141 189 106 1507 507 137 3640 102 261 315 54143 514 211
internal_value=0.000203425 0.00256968 0.0046852 -0.00341701 0.0207582 0.00137465 0.025418 -0.000496126 -0.00828573 0.00834464 0.00523287 -0.00451784 0.0147572 0.00233626 -0.0134403 -0.0217732 -0.00111872 0.00336294 -0.0185626 -0.0230225 0.0279245 0.0244802 0.0171824 0.00303416 -0.000975862 -0.011871 -0.000608041 -0.000464854 -0.00055122 -0.00507651
internal_weight=18186.8 6519.24 4817.04 1702.19 614.21 165.788 75.1549 1560.66 661.388 296.184 899.275 444.355 454.92 4202.83 256.794 365.203 11667.6 3946.04 90.6329 195.591 448.422 408.561 61.2028 3919.15 11623.7 379.601 11244.1 11187.8 11167.6 323.421
internal_count=92050 34939 26318 8621 3024 818 375 7930 3531 1617 4399 2175 2224 23294 1289 1914 57111 22005 443 982 2206 2014 307 21864 56889 1815 55074 54759 54657 1554
is_linear=0
shrinkage=0.1


Tree=142
num_leaves=31
num_cat=0
split_feature=11 14 14 14 7 9 10 1 6 8 12 11 9 14 8 12 7 4 7 10 9 7 7 4 12 2 5 1 16 0
split_gain=12.1866 6.40786 7.66739 7.10836 14.4701 15.7039 8.60047 6.5843 6.38181 7.1547 7.01917 6.37239 7.58743 5.99301 10.4951 6.03095 5.85565 5.71746 6.85563 5.55861 8.55253 7.63607 7.19123 5.52484 5.41557 5.38879 5.37521 5.18884 5.14397 7.43575
threshold=0.012013338150210265 0.96385332056420636 0.38428230805913216 0.78363954059640906 0.040336098211029132 0.21194777028193099 0.081346074914687594 0.034709890578259468 0.011088728755145107 -0.27226391893755836 0.056508485716576587 0.026332835047129771 0.64823269805058825 0.17830310581937334 -1.9706439095046755 0.41009341825504381 -0.027607035505770702 -0.0098745376363384967 -0.06729328472477468 0.15842325891729195 0.15842366582911471 -0.032915905825226514 -0.09268091619855888 -0.010124871380698062 0.021844782688663914 -0.028876851607554151 -0.028058491726611508 0.070544220419637163 1.0000000180025095e-35 0.014417886112368718
decision_type=2 2 2 2 2 2 2 2 2 2 2 2 2 2 2 2 2 2 2 2 2 2 2 2 2 2 2 2 2 2
left_child=1 2 19 8 6 -6 -5 -3 9 -4 -10 12 17 14 -13 -15 -14 18 26 20 21 -1 25 -20 -22 -21 -2 -18 -19 -30
right_child=11 7 3 4 5 -7 -8 -9 10 -11 -12 13 16 15 -16 -17 27 28 23 22 24 -23 -24 -25 -26 -27 -28 -29 29 -31
leaf_value=-0.02991690550382628 -0.0075032470334684288 -0.007367677323960032 0.0032416587374536655 0.052200058725988943 0.0098380852443366515 0.080875925323105391 -0.010449016744283451 -0.064006007265778223 0.0079796916456915303 0.020290067981992649 -0.018129958298612272 0.088490983241921561 0.065767328550010537 -0.009357291917498416 0.0017336485035376421 -0.063154500551934958 -0.01873233320236194 -0.0014028499473412975 -0.0027120622916778307 0.00073798314991080274 0.065816963034851891 0.0034380472248374677 -0.0066432716927577922 -0.041677656083278371 0.017529773403687089 0.073666406412086036 -0.038697811650225622 0.044966132524441697 0.0080423578269953975 -0.01115621635574169
leaf_weight=72.804482609033585 108.48498574644327 167.48478621244431 339.79086881130934 22.701235461980104 365.50216976553202 34.015198864042759 630.71014595776796 23.391927629709244 759.04730324447155 893.37110840156674 119.12240408360958 15.002130419015883 28.803603053092957 1353.0171624161303 197.61757886782289 21.16446453332901 28.827112346887589 6727.2013150081038 1047.8858176544309 20.803817540407181 27.800010919570923 1198.6326323859394 1070.3133434802294 37.696905188262463 141.17435486614704 19.751730784773827 112.54105994850397 22.984839387238026 1285.6449023783207 239.28526858985424
leaf_count=310 728 825 1544 179 1712 178 3006 105 3292 4062 540 100 176 9918 1397 155 164 37145 5959 112 129 5029 5110 194 628 110 655 138 7094 1356
internal_value=3.82059e-05 0.00371512 0.00431704 0.00760585 0.000894227 0.0158863 -0.00827242 -0.0143087 0.010953 0.0155925 0.00443796 -0.00189633 -0.000929669 -0.00776849 0.00785512 -0.0101858 0.0296205 -0.00118732 -0.00733359 0.000238056 0.00433719 0.00152809 -0.0050771 -0.00406514 0.0254741 0.0362562 -0.0233868 0.00952561 -0.000214145 0.0050298
internal_weight=17132.6 5906.42 5715.54 3164.26 1052.93 399.517 653.411 190.877 2111.33 1233.16 878.17 11226.2 9639.36 1586.8 212.62 1374.18 80.6156 9558.74 1306.61 2551.28 1440.41 1271.44 1110.87 1085.58 168.974 40.5555 221.026 51.812 8252.13 1524.93
internal_count=92050 26871 25941 14513 5075 1890 3185 930 9438 5606 3832 65179 53609 11570 1497 10073 478 53131 7536 11428 6096 5339 5332 6153 757 222 1383 302 45595 8450
is_linear=0
shrinkage=0.1


Tree=143
num_leaves=31
num_cat=0
split_feature=11 3 4 7 11 7 7 7 5 2 10 4 14 10 13 7 13 15 3 9 3 13 10 2 1 7 4 4 13 9
split_gain=9.56869 8.4439 12.7755 10.47 8.77639 12.4843 8.09383 7.76139 7.46912 10.3268 8.72491 7.55942 7.05663 7.03649 10.5317 7.39163 6.97861 6.65687 6.60638 6.14548 7.7522 7.53416 5.77595 5.74025 7.70311 5.73782 4.76616 5.50597 4.87133 5.86448
threshold=0.020731627329251854 -0.032617168717613547 0.0011701828811749861 -0.026789148823431249 0.010467521156656253 -0.03204753786781938 0.030885194366921168 0.013808890684150145 -0.021127637196485579 0.038199367127469637 0.35176801150343179 -0.0082717871884399035 0.29411960195981623 0.084971621904463127 0.40407362967932603 0.044584859715851584 -0.35624120551006822 0.88646638054363391 -0.0063271334143077942 0.47253786150688665 0.079392971362558754 0.35122676414453108 0.79809951958985093 -0.067751069023123986 -0.040446696737620684 -0.050876197675108308 -0.023843494103449204 -0.021910104163111784 0.29156058011686509 0.67086003321533616
decision_type=2 2 2 2 2 2 2 2 2 2 2 2 2 2 2 2 2 2 2 2 2 2 2 2 2 2 2 2 2 2
left_child=1 2 7 8 5 -4 17 23 11 10 -10 -3 -7 14 15 -5 -11 -6 -13 20 -15 -21 26 25 -25 -1 -2 -28 -29 -30
right_child=22 3 4 13 6 12 -8 -9 9 16 -12 18 -14 19 -16 -17 -18 -19 -20 21 -22 -23 -24 24 -26 -27 27 28 29 -31
leaf_value=-0.0025183673709720565 0.0092122721119511641 -0.02571536547765213 0.0099986310779489346 0.017324854907387246 0.014729807203985418 0.030521038937096148 -0.035432057984166543 -0.02881710296375202 -0.014490308527668872 -0.030946970726151553 -0.060051477914212642 0.00081072353980348995 0.094810484986990379 0.0017177224364958547 0.088165870352327813 -0.026477025611560276 0.02613486564410826 -0.010473228630644982 0.039624602056758024 0.039718348983747237 -0.0059603176786451086 -0.02753309362232453 -0.028585861538984233 0.02293712377815962 0.0017424223429681356 -0.033488138562655922 -0.036400878758019638 -0.0021697874231297403 -0.014708993070087332 0.010883995220565197
leaf_weight=256.433478936553 275.74509718641639 54.023618549108505 83.876761630177498 270.56492339633405 993.72679468244314 29.875120297074318 37.063727766275406 85.908674076199532 765.98724652826786 27.343254670500755 44.471347592771053 105.65542424470186 39.843409508466721 7556.5189103595912 18.782463505864143 44.922688614577055 98.831379666924477 117.15622505545616 74.966842792928219 78.175995483994484 1592.045011356473 21.169232413172722 93.777571689337492 201.2786350697279 1158.2432813942432 78.026033766567707 53.018765054643154 3040.7818284034729 646.64873933792114 103.92279852926731
leaf_count=1285 1599 262 387 1755 4795 144 172 421 3690 138 228 494 188 36954 118 256 494 573 374 439 8019 117 606 970 5555 374 285 17025 3643 690
internal_value=0.000126207 0.00139695 0.00601205 7.44756e-05 0.0135418 0.035991 0.0105381 0.000505943 -0.00885037 -0.0128473 -0.0169903 0.00710412 0.0672618 0.00116541 0.0154188 0.0110878 0.0137647 0.0120718 0.0169203 0.000650209 0.00038158 0.0253879 -0.00404583 0.00199303 0.00488032 -0.0097433 -0.00348728 -0.00439818 -0.00395065 -0.0111654
internal_weight=18048.8 13834.9 3081.43 10753.5 1301.54 153.595 1147.95 1779.89 1171.28 936.633 810.459 234.646 69.7185 9582.18 334.27 315.488 126.175 1110.88 180.622 9247.91 9148.56 99.3452 4213.89 1693.98 1359.52 334.46 4120.12 3844.37 3791.35 750.572
internal_count=92050 68202 14864 53338 6259 719 5540 8605 5680 4550 3918 1130 332 47658 2129 2011 632 5368 868 45529 44973 556 23848 8184 6525 1659 23242 21643 21358 4333
is_linear=0
shrinkage=0.1


Tree=144
num_leaves=31
num_cat=0
split_feature=11 10 10 12 3 7 8 7 4 4 9 3 3 8 8 3 12 13 12 5 13 0 14 9 9 8 13 0 12 13
split_gain=35.7621 18.3684 13.0876 15.7825 12.6092 11.79 15.0291 12.0609 10.9131 12.6477 10.5923 10.5235 10.4438 39.7826 17.8515 26.1171 25.4513 16.7745 26.1028 15.3512 14.7251 14.2372 13.0505 11.2014 10.1916 10.0071 8.38675 8.02805 6.83085 2.82342
threshold=0.0081490862445152187 0.19350486708583789 0.10567320198111428 0.012080306248643299 0.1039445321010002 0.16544453147371688 0.73185572226952877 0.011321510298077044 -0.0047824968375855805 0.0029995850431872033 0.11339259767354891 0.039220687893944735 0.037757400508207979 0.31746214844163717 0.47579897838395052 -0.034448558012506673 0.084060982282456689 0.082566160438861461 0.041458376823924066 0.050007428968126273 -0.75137477897635374 -0.0009305290310541724 0.049409294383681766 0.54874127857566768 0.14993925257759341 0.28154470059381842 -0.93320311234007336 0.01912627641747067 0.11814696930981704 -0.30739078935204894
decision_type=2 2 2 2 2 2 2 2 2 2 2 2 2 2 2 2 2 2 2 2 2 2 2 2 2 2 2 2 2 2
left_child=2 5 26 -4 11 6 8 -8 25 -10 -9 24 14 19 17 -16 -17 21 -19 23 28 -3 -22 -14 -5 -2 -1 -21 -15 -28
right_child=1 12 3 4 -6 -7 7 10 9 -11 -12 -13 13 20 15 16 -18 18 -20 27 22 -23 -24 -25 -26 -27 29 -29 -30 -31
leaf_value=0.093783664229116645 -0.0024341565985223522 0.0019886106140715718 0.12633436750623178 -0.0022119938353856107 0.10857231350712004 -0.080693659320387759 0.099140307573206368 0.069147758942187651 -0.017719342131831871 -0.0020279625368988222 0.0041408767856391639 -0.06624129007690592 -0.023171038456675473 0.065637369137347995 0.12333229042780375 -0.0097183725959400832 0.067327872183428089 0.017156875688135027 -0.0066571425803287898 -0.014131952082713973 0.031643714934995931 0.011697626761241276 0.00067867007605525143 -0.091495870910508592 -0.061967138228524787 0.030371505291744275 -0.030583259468950061 0.047015481213351334 0.014276222974084719 -0.075151525129475427
leaf_weight=3.3400654364377251 459.398169035092 3105.515965372324 7.2324463333934537 129.0414765086025 6.9823147542774668 21.134704582393169 16.614623464643955 28.136201690882444 1257.9409896619618 868.20655965991318 229.6415969915688 54.0569410584867 750.63710175454617 51.806919671595097 27.838023900985718 113.65200719237328 68.848190031945705 562.27572236210108 2537.3843699991703 39.55976228415966 141.10107734799385 2940.3408684134483 3846.2800940684974 24.787087887525558 36.648986654356122 116.58163249120116 17.233207549434155 46.956932336091995 51.770499229431152 81.139490789733827
leaf_count=46 3386 12897 150 2383 89 126 77 237 10574 6875 1535 949 3850 194 91 502 250 2618 10851 178 498 12566 15771 91 560 819 525 184 188 2990
internal_value=0.000222521 0.000849556 -0.0321056 -0.0190863 -0.0237251 -0.00626818 -0.00573973 0.016559 -0.00800409 -0.0113118 0.0112363 -0.0279288 0.00234071 -0.00137242 0.0043064 0.0331096 0.0193473 0.00364395 -0.0023373 -0.0208974 0.00274138 0.00671049 0.00177443 -0.0253551 -0.0154292 0.0042059 -0.0620528 0.0190558 0.0399658 -0.0673439
internal_weight=17642.1 17306.4 335.675 233.962 226.73 2997.65 2976.52 274.392 2702.13 2126.15 257.778 219.747 14308.8 4952.9 9355.86 210.338 182.5 9145.52 3099.66 861.941 4090.96 6045.86 3987.38 775.424 165.69 575.98 101.713 86.5167 103.577 98.3727
internal_count=92050 84358 7692 4131 3981 23629 23503 1849 21654 17449 1772 3892 60729 20954 39775 843 752 38932 13469 4303 16651 25463 16269 3941 2943 4205 3561 362 382 3515
is_linear=0
shrinkage=0.1


Tree=145
num_leaves=31
num_cat=0
split_feature=11 2 3 8 7 11 0 8 3 7 2 3 8 7 6 0 1 11 4 8 4 15 13 11 7 6 11 2 8 15
split_gain=26.7803 17.2287 16.4656 20.8037 18.2977 15.3236 15.1403 13.9376 43.5153 27.0997 21.6916 23.6217 13.5371 11.642 17.7501 10.4447 23.572 9.83155 11.6597 10.1838 9.54876 9.14694 8.93619 8.69596 14.9855 8.51331 8.04526 7.80198 6.24712 4.17979
threshold=0.0087223408501433917 0.03490515064008682 0.10172731353269927 1.4591126695492969 0.10456498930839365 0.0080507954038275212 -0.021567760834058976 -0.87104256956040338 -0.071938625629550654 -0.0026044674613480696 -0.14178960618029077 -0.039404374813875258 0.66691757330921242 0.073429178670674569 0.033300220901905993 -0.01901968893848038 -0.043302332572805018 0.010467521156656253 0.00047764712027120742 2.4931872844167948 1.0000000180025095e-35 0.083780977433199524 -0.059083621887683256 0.0080507954038275212 0.038210979772787208 0.14395429066456014 0.010533437936461698 0.11465103182719029 0.6359743533253911 0.74058204099036895
decision_type=2 2 2 2 2 2 2 2 2 2 2 2 2 2 2 2 2 2 2 2 2 2 2 2 2 2 2 2 2 2
left_child=1 6 3 7 15 12 -1 8 9 -2 20 -12 13 14 -3 22 -17 -6 25 -20 -9 -8 -4 24 -23 -19 -10 -18 -25 -7
right_child=2 5 4 -5 17 29 21 10 26 -11 11 -13 -14 -15 -16 16 27 18 19 -21 -22 23 -24 28 -26 -27 -28 -29 -30 -31
leaf_value=0.10182247196319061 -0.0039713704428455563 0.0879335750369028 0.093177243407830221 -0.091350938814474675 0.058683737840270013 -0.053337611099777263 0.081125972951849062 0.052063750731818806 -0.026650631647663087 0.04919863384985769 -0.011495282285271509 -0.00045548116725582745 -0.051019818601706325 0.14322151606895894 -0.047341260976510299 -0.077092584246710838 0.02627831006005012 -0.012764213027426955 0.01435828607808819 -0.013220411120959539 0.0018245922149029707 -0.060115689942463496 0.021225910096992075 -0.021214069585108172 -0.012295644212395831 0.020583014825459722 0.032927623879549846 -0.0078237233170307102 0.050692544407707631 0.012472284315600799
leaf_weight=8.5399997346103174 1812.923494823277 26.199741583317518 36.059319585561752 25.416077360510826 30.313956126570702 30.105425972491503 6.9688487797975531 104.82625302672386 23.65659299865365 101.21001789718866 2427.3456903919578 9617.0579272098839 12.430716115981339 14.018863774836062 15.402196425944565 25.134948059916496 510.56410680711269 600.17649879306555 687.23051044344902 166.29438702017069 59.196551144123077 198.60637777112424 33.111692622303963 140.69587276503444 97.802244137972593 87.74879040569067 540.97655267640948 77.236818999052048 13.21709620952606 14.204630415886639
leaf_count=59 7526 235 113 116 150 286 80 286 205 344 11624 50769 120 78 168 85 2192 2315 2583 567 178 4854 115 1958 1680 272 2257 280 122 113
internal_value=-0.000458748 -0.0216226 0.000262484 -0.00095682 0.00822175 0.0135249 -0.0301005 -0.000800394 0.00603615 -0.00116 -0.00218847 -0.00268037 0.0433241 0.064409 0.0378511 0.0218991 0.0177421 0.00228613 0.00117703 0.00898506 0.0339322 -0.0325641 0.0587346 -0.0343235 -0.0443371 -0.00851058 0.0304315 0.0217973 -0.0150392 -0.0322407
internal_weight=17544.7 578.192 16966.5 14712.6 2253.87 112.362 465.83 14687.2 2478.77 1914.13 12208.4 12044.4 68.0515 55.6208 41.6019 682.107 612.936 1571.76 1541.45 853.525 164.023 457.29 69.171 450.322 296.409 687.925 564.633 587.801 153.913 44.3101
internal_count=91730 9753 81977 73305 8672 1000 8753 73189 10332 7870 62857 62393 601 481 403 2785 2557 5887 5737 3150 464 8694 228 8614 6534 2587 2462 2472 2080 399
is_linear=0
shrinkage=0.1


Tree=146
num_leaves=25
num_cat=0
split_feature=0 13 7 12 1 0 0 15 15 5 6 13 15 0 7 7 14 8 13 4 7 0 13 1
split_gain=4.63001 5.64112 5.61078 11.9703 5.02385 7.08666 6.13522 7.04268 6.5894 8.97017 6.30543 4.59844 4.37615 4.37271 3.90172 5.78475 3.6831 6.30529 3.0865 4.32918 2.90536 1.80907 1.13367 0.596005
threshold=-0.049531013471568734 0.75292459532936695 -0.013812527611641255 0.12810829837094237 -0.09157582868227053 0.0039339616817970499 -0.00078511886999521596 0.22549280261308827 0.34553295822171143 0.039588821247967594 -0.1092985212522181 0.15248109299998772 0.31550309966618983 0.01912627641747067 -0.15528685101787568 0.010150628806992025 0.44869337148307115 0.24659510432048704 1.0000000180025095e-35 -0.0044543503493801309 -0.025958647108300033 -0.019939660727785743 0.30945697956353663 -0.061829939462380239
decision_type=2 2 2 2 2 2 2 2 2 2 2 2 2 2 2 2 2 2 2 2 2 2 2 2
left_child=18 4 3 -3 5 14 8 11 10 -10 -6 -8 -9 -7 21 -16 -4 -18 23 20 22 -2 -20 -1
right_child=1 2 16 -5 6 13 7 12 9 -11 -12 -13 -14 -15 15 -17 17 -19 19 -21 -22 -23 -24 -25
leaf_value=-0.030243293879650853 -0.063656684183725304 0.088219049688670712 0.028948018049134605 -0.002762292569477175 0.033315741255357557 0.044199097815531566 0.013317619853080748 -0.013506007504138351 0.0079040524586320663 -0.025311508174047394 0.00020853723745841948 0.063309516666315985 -0.0011633962006088537 -0.015742908640407643 -0.0061386187565325122 -0.058649960755531132 -0.054637981646025929 0.017655357524264996 -0.020532361685029893 0.024023297626232461 0.0077790814775078173 -0.025741973162099085 -0.051971986475945475 -0.055331169181196897
leaf_weight=19.485357560217381 26.333833090960979 29.897817753255367 34.018681202083826 28.008168831467628 58.145293839275837 30.557264730334282 88.952126178890467 296.50520303472877 2394.9445109348744 84.162204273045063 5407.8346573691815 23.198255404829979 9215.0229663262144 20.224805526435375 143.37819124758244 24.574348382651806 21.393915321677923 27.665759682655334 22.260050296783447 28.402249254286289 21.545881122350693 24.103188883513212 23.659231014549732 18.422053441405296
leaf_count=106 147 144 169 135 336 168 473 1530 12304 412 26668 128 47075 112 718 132 95 144 117 157 117 130 117 96
internal_value=0.000255372 0.000393285 0.0203178 0.0442129 0.000235809 -0.0133224 0.000443535 -0.00125441 0.00250021 0.00677643 0.000560721 0.0236584 -0.00154816 0.0203262 -0.0211467 -0.0138219 0.00366283 -0.0138703 -0.0182797 -0.00872816 -0.0225162 -0.0455377 -0.0367312 -0.0424354
internal_weight=18112.7 17978.9 140.984 57.906 17837.9 269.172 17568.8 9623.68 7945.09 2479.11 5465.98 112.15 9511.53 50.7821 218.39 167.953 83.0784 49.0597 133.775 95.8674 67.4652 50.437 45.9193 37.9074
internal_count=91730 91020 687 279 90333 1407 88926 49206 39720 12716 27004 601 48605 280 1127 850 408 239 710 508 351 277 234 202
is_linear=0
shrinkage=0.1


Tree=147
num_leaves=31
num_cat=0
split_feature=11 14 14 11 9 8 3 6 13 9 6 8 7 4 7 9 3 13 14 3 18 13 9 4 3 3 13 11 4 8
split_gain=10.2477 7.71032 11.8847 9.54115 7.74374 7.4655 12.7678 13.069 10.887 9.24108 8.54733 6.52839 6.47164 6.21033 5.89128 5.48513 5.05329 3.97536 6.51132 5.10399 4.56372 4.30767 4.54795 4.36104 3.82123 4.39072 4.37325 3.80856 3.65505 3.57586
threshold=0.01605740891833032 0.77043903468655472 0.74911916669622503 0.0063200665160699733 0.085568972616542768 0.13010022927007361 0.037757400508207979 0.036300816574444623 0.16000821191470399 0.10437676369504914 0.012513610561796453 1.0000000180025095e-35 0.20162128192092424 -0.005115110398140831 0.0060029953316905757 0.077848939175672802 0.21159736309275853 -0.67040038414789571 0.39720195774895956 0.054615283548485223 1.0000000180025095e-35 0.29733957416153028 0.64823269805058825 0.028017297360992458 0.035025695975867473 0.054615283548485223 -0.059083621887683256 0.0087223408501433917 0.0024281699680468454 1.1737787686512273
decision_type=2 2 2 2 2 2 2 2 2 2 2 2 2 2 2 2 2 2 2 2 2 2 2 2 2 2 2 2 2 2
left_child=1 2 5 -3 -5 6 10 -8 14 -10 -1 27 13 -6 -7 -2 17 18 19 -17 -20 23 -23 -19 26 -26 -13 -4 -29 -18
right_child=15 3 11 4 12 8 7 -9 9 -11 -12 24 -14 -15 -16 16 29 21 20 -21 -22 22 -24 -25 25 -27 -28 28 -30 -31
leaf_value=0.0059668808807616823 0.050393268324682196 0.036168371963301187 0.039325095221423079 -0.046538132382764802 -0.015542500012984767 -0.016761537817076868 0.015555103642973168 0.070396411541111856 -0.015703217512212049 0.017551066450978516 -0.0059030292846303 0.099637645371465522 0.04886681619302996 -0.0014231286585454517 -0.0021458082097353614 0.02090904165152976 0.023313988077506866 -0.0038425004697265094 -0.0096942961172870653 0.085394282542148411 0.028056358996825549 0.00021603090284946205 0.021165510803736232 -0.01788553878953885 -0.0054570747077782164 0.046287316157386502 0.036488486063955945 0.014076192545465178 -0.035942605288188045 -0.025282646740458589
leaf_weight=3677.9255018346012 19.146431148052216 61.174901202321053 24.645622361451387 41.700102746486664 367.99987022578716 320.36084196344018 231.49302808940411 53.495136260986328 102.46503638476133 453.05951520800591 726.47257552295923 20.600651834160089 23.751352429389954 2029.6704122424126 1981.9560132659972 62.768604807555676 16.839077994227409 4991.7731313221157 139.60089082270861 15.257634647190569 41.556351900100708 980.49425568059087 115.87252173945308 231.39122090116143 24.811294108629227 48.364517882466316 23.449776634573936 34.010148286819458 25.610139414668083 150.19447420164943
leaf_count=17393 83 367 118 186 1872 1521 1059 270 434 2182 3327 108 109 10118 9238 400 139 31094 883 105 268 6119 891 1525 120 248 110 172 120 1151
internal_value=-3.28395e-05 0.00195732 0.00352098 -0.00284258 -0.00381147 0.00288107 0.00533633 0.0258494 -0.00114772 0.0114174 0.00400903 0.0274896 -0.00307566 -0.0035902 -0.00417955 -0.00305505 -0.00320675 -0.00277063 0.00936763 0.0335188 -0.00103453 -0.00326846 0.00243013 -0.00446462 0.0427508 0.0287426 0.0660209 0.00625911 -0.00740959 -0.0203835
internal_weight=17037.9 10273 7748.72 2524.3 2463.12 7547.23 4689.39 284.988 2857.84 555.525 4404.4 201.492 2421.42 2397.67 2302.32 6764.89 6745.75 6578.71 259.183 78.0262 181.157 6319.53 1096.37 5223.16 117.226 73.1758 44.0504 84.2659 59.6203 167.034
internal_count=91730 49072 36420 12652 12285 35424 22049 1329 13375 2616 20720 996 12099 11990 10759 42658 42575 41285 1656 505 1151 39629 7010 32619 586 368 218 410 292 1290
is_linear=0
shrinkage=0.1


Tree=148
num_leaves=31
num_cat=0
split_feature=2 3 16 8 8 12 12 8 4 8 2 5 1 0 3 0 13 16 8 2 0 13 2 1 15 8 0 6 4 12
split_gain=6.24972 6.08459 13.7026 13.9818 8.92452 7.92423 9.2991 7.42273 7.09599 6.88339 7.92712 7.90879 7.20063 7.12179 6.82981 6.35616 9.41932 9.54814 7.02008 7.13573 5.71022 5.53249 5.27324 5.18669 4.35401 3.93604 3.23745 3.49268 2.89406 2.88199
threshold=-0.15223082972911792 -0.099272461869538628 1.0000000180025095e-35 -0.082564130451400888 -0.79194212157028654 0.032071769438716882 0.023089176307185329 -1.5140792503241325 -0.021910104163111784 -0.85086586379057183 -0.029511136450678595 -0.0070609052794730611 -0.041362566653455828 0.0099881090669495815 -0.036456959100648494 0.0026954524465279133 -1.0332437631512241 1.0000000180025095e-35 1.0417947022588299 0.12097788007290423 0.020963612985175132 0.32929260624476475 -0.00088359085304534613 -0.009707336925004471 0.23845355115602937 -0.59797806117435282 -0.0036168717441116267 -0.11659060060629971 -0.0070011627020205571 0.1398254541485883
decision_type=2 2 2 2 2 2 2 2 2 2 2 2 2 2 2 2 2 2 2 2 2 2 2 2 2 2 2 2 2 2
left_child=25 2 3 7 5 6 23 20 -9 10 13 12 -11 -4 21 18 -17 -18 19 -6 -2 -7 -8 -3 -20 26 27 29 -27 -1
right_child=1 4 9 -5 15 14 22 8 -10 11 -12 -13 -14 -15 -16 16 17 -19 24 -21 -22 -23 -24 -25 -26 28 -28 -29 -30 -31
leaf_value=-0.035013861979015383 0.0042167691420137484 -0.04601869698506969 0.023596761539408415 0.095162680480508965 -0.00017354877067403122 -0.0052461680824744889 0.033102283932111995 0.06463927614782522 0.015044876711561891 -0.0098259021094794976 -0.033714606257154861 0.026978628713965294 -0.06513206465732084 -0.039231734297052775 -0.032346647453817094 0.072597607333852995 0.0014042782355593484 0.01120749140771906 -0.020867263856859494 0.038900737671200995 -0.034947873809371234 -0.029014725726072346 -0.020656024204648932 0.012528324250003131 -0.0036553129422701885 -0.077305860029623474 -0.031077689814177065 0.034618191479965414 -0.021088228998869966 0.0070625309534579003
leaf_weight=28.044781371951103 390.84921751916409 36.323374330997467 109.47034294903278 19.97006794065237 7757.6623173411936 827.3627040758729 118.4594779163599 30.187136806547642 651.37545457482338 39.884400226175785 49.540123179554939 19.720440804958344 57.448981195688248 21.601773105561733 132.08250299841166 19.610274091362953 5453.5590916201472 1214.8554413989186 261.33475677669048 47.019804626703262 41.146702848374844 111.07731670886278 21.569166518747807 25.935648150742054 335.84261713922024 17.022529430687428 48.58490327000618 22.957965299487114 19.818467795848846 38.799709141254425
leaf_count=159 2040 155 579 110 39603 4129 582 178 3379 215 244 101 263 108 686 98 27449 6039 1548 297 224 573 102 128 1849 101 283 144 128 236
internal_value=0.000776952 0.000962021 0.00721459 0.0122288 0.000415128 -0.00762617 0.0105252 0.0107415 0.0172415 -0.0118797 0.00036235 -0.0307691 -0.0424692 0.0132421 -0.0110561 0.0010934 0.00339375 0.00319023 -0.000737715 6.18568e-05 0.000486419 -0.0080595 0.0248217 -0.0216294 -0.0111875 -0.0180162 -0.0102833 0.000966914 -0.0470638 -0.0105907
internal_weight=17969.1 17793.9 1431.19 1133.53 16362.7 1272.81 202.288 1113.56 681.563 297.666 180.612 117.054 97.3334 131.072 1070.52 15089.9 6688.02 6668.41 8401.86 7804.68 431.996 938.44 140.029 62.259 597.177 175.228 138.387 89.8025 36.841 66.8445
internal_count=91730 90679 7441 5931 83238 6355 967 5821 3557 1510 931 579 478 687 5388 76883 33586 33488 43297 39900 2264 4702 684 283 3397 1051 822 539 229 395
is_linear=0
shrinkage=0.1


Tree=149
num_leaves=31
num_cat=0
split_feature=10 14 10 13 4 12 12 2 1 4 10 14 0 14 1 7 12 9 12 10 12 9 6 9 7 12 8 12 8 8
split_gain=25.244 13.3791 11.6273 11.5361 10.5908 10.3784 12.0018 12.4136 10.2965 9.20118 10.2876 13.0039 8.46564 8.26564 9.44392 19.9944 7.71536 17.6501 14.9307 14.3428 21.1052 17.5588 13.762 12.8201 12.2896 11.3941 13.9333 10.5481 15.2955 15.2557
threshold=0.12121227504112553 0.18689602658175278 0.20049624102175093 -0.30739078935204894 0.034817183419915583 0.21248935161911794 0.051734454341132476 0.040259497972762411 0.041019028408798126 -0.01162803235360199 0.11313537968116172 0.67599579158130874 -0.0046838298357885213 0.61590244343709488 0.01810190859275285 0.050240731789559019 0.052106220836460569 0.19993223587668171 0.071290348367905779 0.26869744946590085 0.12400285110957208 0.12625058910317757 0.026154123909725272 0.25780168428351874 0.051954782204060475 0.050294895787414681 0.3903189530820404 0.029962863493424658 0.26006361992281785 -1.45404176315272
decision_type=2 2 2 2 2 2 2 2 2 2 2 2 2 2 2 2 2 2 2 2 2 2 2 2 2 2 2 2 2 2
left_child=1 -1 4 13 5 6 8 -8 -2 -5 11 -11 -12 14 15 -3 23 19 22 20 -18 -21 -19 25 -20 -4 -27 28 -25 -29
right_child=2 3 16 9 -6 -7 7 -9 -10 10 12 -13 -14 -15 -16 -17 17 18 24 21 -22 -23 -24 27 -26 26 -28 29 -30 -31
leaf_value=-0.061342152732719479 -0.0069652484169439978 0.030892589118561117 -0.0025870358454705678 0.07036077061805375 0.071717209816863803 -0.07171047562210317 0.00038495297434743524 0.036148772356476476 -0.035789850577158729 -0.059703762509219743 0.06711217876420987 0.006007608199620546 -0.016915655386973712 -0.02753541863683236 -0.063951145280322544 0.22017788848387793 0.026004988860918621 -0.0036648687739196835 -0.0023898213743411682 -0.057853324546943176 -0.035363880748790412 0.0044996906065555486 -0.020318840951779955 0.044626342682761153 0.0070527724140606735 0.048366254995547031 -0.039892772884924058 -0.033273206399126481 -0.0081789542288955002 0.0098515172281422661
leaf_weight=83.323653822764754 2433.5167095027864 28.328303660266101 1879.1860834285617 9.4775116741657239 17.743345834314823 23.682040708139539 580.08347769267857 116.55331469327211 130.57594108209014 123.36221651965752 15.742975629866121 39.842195212841034 50.292815777473152 22.280111724045128 6.3888653703033915 6.9495557174086562 627.85139364376664 1684.4289511442184 4172.4636928364635 49.55408494733274 61.531436797231436 509.63980621099472 703.38359127938747 187.18145165592432 2058.2548767626286 88.105285741388798 22.443403474986553 86.227848082780838 77.592984944581985 1685.4063302241266
leaf_count=1913 19211 476 9387 122 81 155 3742 708 965 3147 222 1025 832 374 91 109 3223 7142 16243 377 337 2507 3031 738 7421 417 120 320 338 6956
internal_value=-0.000567561 -0.0258589 1.57835e-07 -0.0160903 -0.00533365 -0.0057499 -0.00527084 0.00636855 -0.00843314 -0.0261949 -0.0301868 -0.043662 0.00311663 0.0216306 0.0479207 0.0681808 0.0012679 -0.000237411 -0.0018472 0.0108745 0.0205275 -0.00102585 -0.00857067 0.00495705 0.000729444 -0.000751622 0.0304481 0.0105349 0.0291516 0.00775258
internal_weight=17581.4 385.988 17195.4 302.665 3302.15 3284.41 3260.73 696.637 2564.09 238.718 229.24 163.204 66.0358 63.9468 41.6667 35.2779 13893.3 9867.11 8618.53 1248.58 689.383 559.194 2387.81 4026.14 6230.72 1989.73 110.549 2036.41 264.774 1771.63
internal_count=91730 8311 83419 6398 24862 24781 24626 4450 20176 5348 5226 4172 1054 1050 676 585 58557 40281 33837 6444 3560 2884 10173 18276 23664 9924 537 8352 1076 7276
is_linear=0
shrinkage=0.1


Tree=150
num_leaves=31
num_cat=0
split_feature=10 13 9 7 8 9 0 3 3 17 0 20 4 0 0 6 4 16 0 3 16 5 2 8 8 6 4 3 8 10
split_gain=26.1731 13.0506 12.4776 9.7469 10.3095 14.0712 9.19799 13.2741 8.79619 8.66916 21.1433 19.9366 17.6654 16.0643 14.6015 25.4841 14.4134 35.0909 12.2618 11.5084 9.73232 9.48164 13.3945 11.2061 6.96194 6.02641 5.17184 3.96786 2.40427 1.79795
threshold=0.12724443948318273 -1.0332437631512241 0.068186202214219116 0.073429178670674569 0.86636020561801785 0.11620594324867591 -0.011902473386513178 0.011855872843143491 0.065136907974008298 1.0000000180025095e-35 -0.0066667314618626952 1.0000000180025095e-35 0.0023041748638870101 0.01197618259083333 -0.0073483064885850871 -0.021729516613118557 -0.011309188691423165 1.0000000180025095e-35 -0.041545870193095406 -0.015475063250111719 1.0000000180025095e-35 0.034533977214929353 0.094694396888410651 0.4261097683845278 0.45589127003699398 -0.01897964924253109 -0.0022425243414545544 -0.014051752359679258 -0.38042568404934834 0.11495156966039465
decision_type=2 2 2 2 2 2 2 2 2 2 2 2 2 2 2 2 2 2 2 2 2 2 2 2 2 2 2 2 2 2
left_child=2 27 28 6 5 8 7 26 -5 10 16 20 14 -13 18 -16 17 -3 -11 -18 -12 22 -14 -23 25 -8 -4 -2 -1 -26
right_child=1 9 3 4 -6 -7 24 -9 -10 12 11 13 21 -15 15 -17 19 -19 -20 -21 -22 23 -24 -25 29 -27 -28 -29 -30 -31
leaf_value=0.0020735077360880985 -0.013973299327765476 0.0032397359770776285 0.03634881426894946 0.028729568563544413 -0.047388364015263668 -0.026748924599839949 -0.076803007677038404 0.13117516985414943 0.13796970232239766 0.023560989595472273 -0.0035318255594011085 -0.00092986373002586003 0.015414419105143257 0.017318264497144673 0.030693916524660039 -0.0022341845559939472 -0.0042130254927272327 0.042784486997465898 -0.015138695552196669 0.007418488035070077 -0.011772925173886756 -0.03058137550914718 0.082345466813988744 0.01250222887904566 -0.085900692779536048 -0.019093164336556334 -0.087075677211565616 -0.070999631422300716 -0.07945661767384718 -0.043812190250985178
leaf_weight=3.9618223332799962 19.553733382374048 738.59139537811279 6.900393471121788 14.291895318776371 17.454145956784487 18.189591467380524 19.163748314604163 9.2026355005800706 15.22165312990546 91.750393375754356 4725.9295214470476 1514.5553462971002 1181.0390939302742 707.90196079388261 313.28896386921406 940.99225478433073 1616.2631118185818 322.32439832389355 760.50871431082487 1795.7191784568131 2056.6037731152028 98.266852550208569 30.676540821790695 156.54794251173735 21.506979752331972 324.46825114544481 6.6831639260053652 32.449191179126501 41.556067587342113 19.219991356134415
leaf_count=140 105 2962 105 151 139 179 335 103 105 314 23843 7956 5560 2956 1347 4956 7283 1171 3622 8264 10694 402 97 563 382 6294 97 212 1508 237
internal_value=-0.000208011 0.000462597 -0.0223574 -0.0175383 0.0183717 0.0424327 -0.0232852 0.038446 0.0850703 0.00061515 -0.000545828 -0.00333727 0.00499444 0.00488257 -0.000872362 0.00599045 0.005074 0.0152541 -0.0109725 0.00190862 -0.0060307 0.0134216 0.0171089 -0.00411254 -0.0269448 -0.0223115 -0.0243765 -0.049557 -0.0723603 -0.0660382
internal_weight=17620.8 17103 517.82 472.302 65.1573 47.7031 407.145 22.7862 29.5135 17051 13477.9 9004.99 3573.07 2222.46 2106.54 1254.28 4472.9 1060.92 852.259 3411.98 6782.53 1466.53 1211.72 254.815 384.359 343.632 13.5836 52.0029 45.5179 40.727
internal_count=92082 82307 9775 8127 574 435 7553 305 256 81990 65129 45449 16861 10912 10239 6303 19680 4133 3936 15547 34537 6622 5657 965 7248 6629 202 317 1648 619
is_linear=0
shrinkage=0.1


Tree=151
num_leaves=31
num_cat=0
split_feature=19 15 4 14 7 10 2 9 4 4 13 13 12 15 6 5 14 6 1 7 9 2 10 0 2 9 13 15 0 12
split_gain=5.64648 5.41691 5.33554 11.3588 6.88779 4.73646 8.979 9.44365 9.30082 5.3897 7.86785 7.5934 5.88135 5.22639 10.0739 9.66051 4.51316 6.22609 5.72145 5.49518 5.84718 4.4391 3.94726 12.8126 9.46669 8.69027 7.7991 7.67083 6.61746 5.75971
threshold=1.0000000180025095e-35 0.045112834002492046 0.021661496781179238 0.1266380543633763 1.0000000180025095e-35 0.094219539867669747 0.0049931448537710041 0.090034127367079428 -0.0045662080941566421 -0.0047824968375855805 0.12227981085379654 0.14545533460245536 0.015947082318452606 0.736276291029765 -0.096881299853371669 -0.0035508177530829683 0.3329756795422032 -0.081145927245176594 -0.041362566653455828 -0.023378281594924107 0.33554090295801164 -0.032285367832266314 0.22339873211605604 -0.0046838298357885213 -0.046387214144406823 0.2691700364119281 0.098818146486790534 0.24692685770572215 -0.0019588495550109104 0.031563115673323268
decision_type=2 2 2 2 2 2 2 2 2 2 2 2 2 2 2 2 2 2 2 2 2 2 2 2 2 2 2 2 2 2
left_child=2 21 5 4 -4 6 -1 8 -8 10 12 -12 -7 15 -15 -11 19 -18 -19 -5 -21 -2 23 24 26 27 -3 -24 -29 -27
right_child=1 22 3 16 -6 9 7 -9 -10 13 11 -13 -14 14 -16 -17 17 18 -20 20 -22 -23 25 -25 -26 29 -28 28 -30 -31
leaf_value=-0.037726520928631567 0.0029618435337814726 0.10606236866837755 0.073492564138690611 -0.048896225044220094 -3.7532086812741999e-05 0.030094104260416085 0.091752383565640638 -0.038177677196338432 0.0047521792474780056 -0.0014291933371051041 0.03198785072921026 0.0013182835764155598 -0.0071958068792633808 0.052390316296777817 -0.0029502319708490567 0.005923306829621269 -0.054489618590287552 0.032135368709011868 -0.0084437989830871123 -0.030922712359401569 0.020930776995782108 -0.030402314534595073 -0.025042093383602512 0.0028635593782060363 0.01842612918413937 -0.027704265779975236 0.020426585771535909 0.016578018552911262 -0.0075262476140277937 0.008367164767822656
leaf_weight=96.594508119858801 77.498303383588791 23.940516501665115 25.296680852770805 67.352349482476711 25.663649328052998 43.076642401516438 13.694656256586311 47.652221500873566 119.63005737401545 3197.25698338449 88.326826021075249 938.27960148826241 2332.4514190144837 33.271015182137489 2899.9396752938628 4051.4982292763889 27.121797166764736 37.730304710566998 439.23043214157224 57.614827699959278 34.931307777762413 82.149802789092064 174.94905826449394 1088.5250779390335 361.3658282533288 46.028623275458813 19.135190665721893 154.52131585031748 433.193016089499 1156.1922359317541
leaf_count=1144 408 115 131 338 144 240 111 345 1014 16316 454 4624 11424 189 14365 20058 155 197 2194 275 188 405 807 5804 1794 215 86 742 2077 5723
internal_value=0.000266558 0.00380285 -0.000611048 -0.00903534 0.0364628 -0.000176549 -0.013108 3.18809e-05 0.0136885 8.76863e-05 -0.00335825 0.00395702 -0.00651961 0.00123909 -0.00232251 0.00268029 -0.0125273 -0.00788393 -0.00523376 -0.0271656 -0.0113507 -0.0142063 0.00463432 0.00851036 0.0237083 0.00168921 0.068021 -0.00666054 -0.00118878 0.00698612
internal_weight=18194.1 3617.5 14576.6 714.941 50.9603 13861.7 277.571 180.977 133.325 13584.1 3402.13 1026.61 2375.53 10182 2933.21 7248.76 663.981 504.083 476.961 159.898 92.5461 159.648 3457.85 1492.97 404.442 1964.88 43.0757 762.663 587.714 1202.22
internal_count=92082 18176 73906 3622 275 70284 2614 1470 1125 67670 16742 5078 11664 50928 14554 36374 3347 2546 2391 801 463 813 17363 7799 1995 9564 201 3626 2819 5938
is_linear=0
shrinkage=0.1


Tree=152
num_leaves=31
num_cat=0
split_feature=4 4 9 13 10 2 10 12 13 14 16 12 9 11 2 14 1 6 12 9 13 2 13 15 13 12 3 3 2 14
split_gain=6.90107 8.52602 6.83215 6.13431 10.994 6.36831 4.95846 6.47459 5.9279 4.64328 5.9958 6.96779 5.27967 8.52959 6.59756 5.09177 4.42144 5.00507 7.43474 7.18966 6.71484 5.22432 5.74431 4.60915 4.46839 3.79068 3.68196 3.31607 3.12348 3.01904
threshold=-0.012287878546337614 0.0090498401294527592 0.044901410832726071 0.27990727107165136 0.091646911356551494 -0.046387214144406823 0.094219539867669747 0.031030775640255106 -0.29771846342495084 0.32423938960419652 1.0000000180025095e-35 0.1030640905903185 0.15316271847914384 0.015186442333297316 0.054671619881736973 0.28556100551808711 0.067744481096448053 0.01426356718033628 0.072496600285076998 0.28874158250316856 0.18700697338762765 1.0000000180025095e-35 -0.62656140131006854 0.83079160705770161 -0.23736366205661572 0.03181818877817328 0.067353955830800963 0.025676177347808252 0.057736690227474526 0.13963496238866585
decision_type=2 2 2 2 2 2 2 2 2 2 2 2 2 2 2 2 2 2 2 2 2 2 2 2 2 2 2 2 2 2
left_child=16 2 -2 6 27 -6 7 -4 -8 10 -3 15 -11 14 -14 -12 17 21 19 28 23 22 -1 -20 -24 -15 -21 -5 -19 -23
right_child=1 9 3 4 5 -7 8 -9 -10 12 11 -13 13 25 -16 -17 -18 18 20 26 -22 29 24 -25 -26 -27 -28 -29 -30 -31
leaf_value=0.036054816213194896 0.043656074778072838 -0.0028052590512335834 0.0056260480507906033 -0.049934340332871308 -0.0042682135796566134 0.011689391805426302 0.0043883444288950113 0.038754507580789924 -0.0012668214616108691 -0.021814992809046405 0.00042377947746630098 0.070144593170168842 0.0020810303759372976 -0.027118292085980412 0.040124612958248707 0.057749065856234627 -0.036731540854213714 0.0097823217704481134 0.01959338639516546 -0.056910570391180561 0.066898061846817042 0.011316610867132613 -0.02309453857057164 -0.037412555534488044 -0.0034204450191390387 -0.0079182744818069254 -0.0089735939292672744 -0.00388153887313104 -0.024621218223733247 -0.025828851345894771
leaf_weight=31.967741601169109 38.076724871993065 580.65374624356627 511.55565235763788 42.00711628049612 310.54147103428841 1284.6111088693142 2359.6847013048828 66.684507392346859 8642.0871792621911 238.739033292979 91.389312636107206 23.483989026397467 264.7690479978919 114.83018459379673 55.065401196479797 18.657759346067905 47.850161448121071 146.14150566607714 100.04288848489523 35.602433279156685 26.949504002928734 24.269407443702221 143.29313481226563 16.52640226110816 593.93275816366076 983.85501580685377 29.134872540831566 24.905673086643219 32.204991474747658 222.28698843717575
leaf_count=195 340 3389 2210 185 1964 6810 12600 294 44766 1094 504 162 1340 636 304 111 356 766 652 211 187 135 872 105 3652 6516 190 105 173 1258
internal_value=-0.0002402 0.000371266 0.00135754 0.00123592 0.00691705 0.00858279 0.000420508 0.00944653 -5.38888e-05 -0.00515191 0.00158865 0.0206953 -0.00805671 -0.00574117 0.00863094 0.0101429 -0.00683957 -0.00581961 0.003864 -0.00679158 0.0219118 -0.00950527 -0.00544494 0.0115115 -0.00724446 -0.00992498 -0.0353366 -0.032793 0.00356989 -0.0221725
internal_weight=17101.8 15651.6 13280.2 13242.1 1662.07 1595.15 11580 578.24 11001.8 2371.44 714.185 133.531 1657.26 1418.52 319.834 110.047 1450.2 1402.35 386.603 243.084 143.519 1015.75 769.194 116.569 737.226 1098.69 64.7373 66.9128 178.346 246.556
internal_count=92082 83330 69274 68934 9064 8774 59870 2504 57366 14056 4166 777 9890 8796 1644 615 8752 8396 2284 1340 944 6112 4719 757 4524 7152 401 290 939 1393
is_linear=0
shrinkage=0.1


Tree=153
num_leaves=31
num_cat=0
split_feature=11 5 3 14 7 10 13 7 14 15 15 14 5 8 3 2 8 9 7 7 3 5 13 9 15 7 8 15 8 14
split_gain=11.7039 8.57886 10.715 12.9538 7.97644 7.73804 9.99285 8.48637 6.79421 7.43077 6.91445 6.58168 6.55098 5.90052 5.87435 9.64968 5.88369 5.4268 7.66262 5.40556 6.65569 5.0605 4.79583 4.63754 11.7111 7.02186 4.60729 4.50591 4.18724 4.09746
threshold=0.013050618402770201 -0.017714593202632686 0.035719161433190434 0.96835002384358615 -0.12942583294995244 0.081346074914687594 0.40407362967932603 0.042443095656567349 0.036519913240112611 0.96385332056420636 0.74058204099036895 0.6203902865585833 -0.018594315343153419 0.35528391026893075 -0.099272461869538628 -0.1330592469822178 -1.1233906520084951 0.264884651581965 -0.036697930560979024 0.060308056845228337 0.027599311642894534 0.039588821247967594 -0.028475597308586852 0.40072661616615912 0.85219517343277296 0.21469424304348109 0.47579897838395052 0.60783261802575117 -0.15739591606429118 0.61590244343709488
decision_type=2 2 2 2 2 2 2 2 2 2 2 2 2 2 2 2 2 2 2 2 2 2 2 2 2 2 2 2 2 2
left_child=1 2 3 12 -3 6 7 -6 19 10 14 -4 13 -1 15 -10 -16 26 -19 20 27 22 -21 25 -25 -12 -7 -2 -14 -11
right_child=8 4 11 -5 5 17 -8 -9 9 29 23 -13 28 -15 16 -17 -18 18 -20 21 -22 -23 -24 24 -26 -27 -28 -29 -30 -31
leaf_value=0.0079858297803466951 -0.0059459799267084701 -0.054969543388776868 0.024837371126150865 -0.052618249562050003 0.021724071124170352 -0.00035097698612178083 0.091177591625607818 -0.02899997495332067 -0.016011506247385936 -0.020895705975171465 0.0022453430204783177 0.089916931673079958 0.074414257065505557 0.055938616778846886 -0.018579129943056518 0.0086659984084589727 -0.002920868090963211 -0.022842034452407567 0.027991569811070399 0.057398010409019352 -0.070929395271215084 -0.031076942796383102 -0.0077828341356413122 0.032136383394932098 0.00032831621788607815 -0.043449266637662853 0.0070602489237574844 -0.040715127257547848 0.0148554680703189 -0.0032672508943733139
leaf_weight=616.71967009454966 101.78703762590885 24.369947597384453 36.425416007637978 31.819491341710091 211.18055838532746 4544.7704603988677 17.883533962070942 39.088310051709414 191.82820821553469 293.78840577602386 2138.1273478642106 27.10232113301754 26.920296356081963 26.774384155869484 249.30511949956417 910.84957871586084 6410.8795841708779 36.742532178759575 153.69390560686588 23.25443921238184 28.740702524781227 23.978877916932106 21.93670841306448 185.26453634351492 308.49437586963177 34.167053282260895 1028.6719782985747 58.807531587779522 21.02205391228199 239.20840845257044
leaf_count=2755 546 112 172 121 1403 21789 112 227 1123 1643 10800 136 127 126 1268 4704 33731 173 768 139 139 138 118 1100 1805 179 4864 321 94 1349
internal_value=0.000142691 0.0034021 0.0132256 0.00976695 0.00212594 0.00235661 0.018962 0.0138017 -0.00184518 -0.0014673 -0.000878704 0.0526017 0.0126379 0.00998104 -0.00238768 0.00437296 -0.00350699 0.00158408 0.0181838 -0.0178693 -0.0266096 0.0060552 0.0257579 0.00351505 0.0122631 0.00152663 0.00101689 -0.018678 0.0482986 -0.0129841
internal_weight=18063.6 6843.18 786.784 723.256 6056.4 6032.03 268.152 250.269 11220.4 10961.9 10428.9 63.5277 691.436 643.494 7762.86 1102.68 6660.18 5763.88 190.436 258.505 189.335 69.17 45.1911 2666.05 493.759 2172.29 5573.44 160.595 47.9424 532.997
internal_count=92082 32979 3531 3223 29448 29336 1742 1630 59103 57702 54710 308 3102 2881 40826 5827 34999 27594 941 1401 1006 395 257 13884 2905 10979 26653 867 221 2992
is_linear=0
shrinkage=0.1


Tree=154
num_leaves=31
num_cat=0
split_feature=10 3 8 5 7 2 8 3 7 5 8 3 3 3 13 12 16 8 19 2 13 10 14 5 4 3 7 4 5 2
split_gain=19.9599 12.3874 14.4547 26.0884 17.2514 11.3643 21.5796 26.3197 31.4236 18.8367 18.8432 51.9577 17.652 13.1725 12.6404 11.8572 13.9878 11.3034 14.4918 10.8124 12.3969 13.7488 11.4383 20.1712 12.231 10.603 10.5068 10.4217 10.282 15.4714
threshold=0.16506126077035613 -0.19328882852357565 -2.5009914816032208 -0.086663556834396846 -0.097425969110274777 -0.075882636639742249 -0.38927372527974163 0.011855872843143491 -0.033862718289617115 -0.038698924540215611 -0.406691254152105 -0.037356261859322164 -0.04367502773779474 -0.016938784185117402 -0.067013981261095854 0.18902760437594759 1.0000000180025095e-35 -1.2293073258656364 1.0000000180025095e-35 -0.0094959277797910229 -0.33904450319161722 0.11313537968116172 0.36706170802473143 -0.0012756644506914936 0.017323501130831257 -0.23884704924642272 -0.017776443916234504 -0.00028604773658091881 0.021208948513682494 0.021506195296045586
decision_type=2 2 2 2 2 2 2 2 2 2 2 2 2 2 2 2 2 2 2 2 2 2 2 2 2 2 2 2 2 2
left_child=19 2 3 -2 17 6 13 27 -9 15 12 -12 -11 14 -3 16 -7 25 -19 22 28 -22 23 -1 -24 -4 -25 -8 29 -21
right_child=1 5 4 -5 -6 9 7 8 -10 10 11 -13 -14 -15 -16 -17 -18 18 -20 20 21 -23 24 26 -26 -27 -28 -29 -30 -31
leaf_value=-0.02860096081727373 0.059703051986198991 0.016606580157830376 0.081430243150818565 -0.026568933432648309 0.097580909626430526 0.028851678059386099 -0.052994900213155796 0.10516200506515756 -0.014097578159159414 -0.00079540957472635501 0.025181288465087489 0.00043672138689846422 -0.016994215725122531 0.071138576384134941 -0.0087409482314745029 -0.031239238030863932 -0.0088902369737882975 0.020142608339181516 -0.04510948911690818 -0.0046984094785536201 -0.045594648186063166 -0.014643264162944276 0.01003457003324186 0.12872965805004666 0.11494761900243076 0.021212443792506065 0.012621552426296416 -0.01966542221509451 -0.054711578085168799 0.057496389097281747
leaf_weight=186.93560147285461 45.899302795529366 282.64017685502768 48.136060640215874 148.31287582963705 32.141685590147972 501.28972733393312 202.86563979834318 29.967212349176407 84.090899005532265 1968.9710119888186 933.69091325998306 9308.5247133746743 1021.8235127255321 25.992947772145271 647.33320087939501 45.836724888533354 122.11943525820971 162.74828612059355 43.035511702299118 129.14963680133224 173.79395105782896 823.82882841397077 304.9979512700811 12.409584041684864 11.532472979277371 74.486679702997208 20.953010313212872 174.53027110546827 24.196673698723316 57.939734064042568
leaf_count=1848 142 990 141 517 88 1949 810 99 290 8759 3836 43471 4956 93 2627 155 467 524 154 1544 4893 8741 2821 94 70 264 252 710 220 557
internal_value=1.95963e-05 0.00113372 0.0158138 -0.00617977 0.0276608 0.000603164 -0.00782954 -0.0248591 0.0172362 0.00148113 0.000653332 0.00269246 -0.00632983 0.000925223 -0.00103725 0.0178492 0.0214584 0.0208176 0.00649645 -0.0101306 -0.015375 -0.0200352 0.00167941 -0.0158176 0.013857 0.0448512 0.0558092 -0.0375814 0.00662935 0.0145627
internal_weight=17650.2 15904.4 554.76 194.212 360.548 15349.7 1447.42 491.454 114.058 13902.3 13233 10242.2 2990.79 955.966 929.973 669.246 623.409 328.407 205.784 1745.74 1208.91 997.623 536.829 220.298 316.53 122.623 33.3626 377.396 211.286 187.089
internal_count=92082 71042 1830 659 1171 69212 5619 1909 389 63593 61022 47307 13715 3710 3617 2571 2416 1083 678 21040 15955 13634 5085 2194 2891 405 346 1520 2321 2101
is_linear=0
shrinkage=0.1


Tree=155
num_leaves=31
num_cat=0
split_feature=10 11 7 8 12 7 11 8 7 13 13 1 18 8 0 12 11 11 7 20 11 7 7 0 1 2 11 11 11 11
split_gain=24.771 13.3257 17.6277 15.9091 11.0769 19.4989 13.3124 7.23271 25.4085 14.7965 7.59439 9.35192 7.55377 18.9813 15.1345 7.50254 7.37795 10.9792 4.49058 5.70979 4.11876 2.51521 6.2985 1.73495 2.08004 1.19995 0.00618835 0.000893465 0.000674282 0.000351251
threshold=0.091646911356551494 0.019732215183443487 -0.16351282799699032 -2.2959762632429368 0.012828798464547275 -0.035683541145884116 0.0070471468136524386 2.4931872844167948 0.27912219075923445 -0.067013981261095854 -0.05078137271838299 0.10770418156550406 1.0000000180025095e-35 -0.55968028646118595 0.03798633118469464 0.20370596969961682 0.035518432234762372 0.026111874199009181 0.031595369381332124 1.0000000180025095e-35 0.015541856660556632 0.046846589987098237 0.058272054748948594 -0.0051408602998992406 -0.0061307571114435069 -0.083092767058410275 0.0095236879019605977 0.0086343521084158697 0.012868927481000946 0.0049274714608773269
decision_type=2 2 2 2 2 2 2 2 2 2 2 2 2 2 2 2 2 2 2 2 2 2 2 2 2 2 2 2 2 2
left_child=18 2 20 -4 5 -5 -6 8 12 -10 16 15 14 -14 -3 -12 17 -9 23 21 -2 27 -23 24 -1 -22 29 -20 -28 -25
right_child=1 7 3 4 6 -7 -8 10 9 -11 11 -13 13 -15 -16 -17 -18 -19 19 -21 25 22 -24 26 -26 -27 28 -29 -30 -31
leaf_value=-0.083317785380556175 -0.017739849622136251 0.0034627219015660295 0.068821938956230108 0.14889522713133782 -0.035912930599023916 0.013602009839339605 -0.0023601118448110625 0.03154355860136808 0.0095719822812039678 0.09318267023200294 -0.025628467461292489 0.0069566668887543264 0.013869612330117895 -0.010974272711716969 0.027859165842236841 -0.081260905050854204 0.039190990224278667 -0.051345364363595027 -0.082280914627393231 0.048347214448807831 -0.087949510788007168 0.053762912513970675 -0.085082392792909689 -0.081233851346948077 0.036725672564440627 -0.055156887446546621 -0.08392851411009912 -0.084261433628695315 -0.085438129394383805 -0.08209908431156486
leaf_weight=2.9312650430947542 21.046226188540459 5467.4634576439857 31.411276042461395 12.489993736147879 119.71936752460897 72.416840199381113 9629.8361938875169 29.412430107593536 36.936800226569176 49.571742475032806 86.094434261322021 60.428762882947922 440.78182251006365 1017.2631720714271 266.68515105545521 33.741467371582985 45.269448131322861 34.991010844707489 9.2887614183127898 7.6290477979928246 22.114322364330292 6.1643973467871529 6.9516337458044291 5.8436662997119155 2.8437620904296628 22.524084344506264 6.3836315590888244 3.0178731940686694 5.5148316659033298 23.805934014730155
leaf_count=97 119 19773 140 79 2332 870 58335 112 106 131 286 181 1572 3756 818 114 122 124 373 181 101 149 155 496 104 119 147 66 94 1048
internal_value=-0.000421202 -0.000166815 -0.00257574 -0.00223198 -0.00245893 0.033504 -0.00277212 0.00299417 0.00361115 0.0574832 -0.0124946 -0.0251183 0.00296317 -0.00346371 0.00459736 -0.0412926 0.00825456 -0.0134908 -0.0558093 -0.027526 -0.0542084 -0.0502946 -0.0198266 -0.0755632 -0.0242055 -0.0714027 -0.0827017 -0.0827666 -0.0846282 -0.0819286
internal_weight=17580.6 17500.2 9931.56 9865.87 9834.46 84.9068 9749.56 7568.64 7278.7 86.5085 289.938 180.265 7192.19 1458.04 5734.15 119.836 109.673 64.4034 80.3748 33.0517 65.6846 25.4227 13.116 47.3231 5.77503 44.6384 41.5481 12.3066 11.8985 29.6496
internal_count=92100 89190 62095 61756 61616 949 60667 27095 26156 237 939 581 25919 5328 20591 400 358 236 2910 924 339 743 304 1986 201 220 1785 439 241 1544
is_linear=0
shrinkage=0.1


Tree=156
num_leaves=31
num_cat=0
split_feature=11 8 19 11 13 11 0 10 10 14 2 1 13 15 13 10 14 5 9 0 14 9 10 0 15 14 9 10 6 5
split_gain=6.45002 7.39481 7.38287 7.42219 8.48112 5.5984 8.51989 7.97186 7.57327 7.1321 5.44855 5.35602 4.53173 7.47781 5.89257 7.8629 7.48857 6.99603 10.0161 8.41129 5.54479 7.88382 4.61832 6.40952 3.89466 3.80961 3.68858 6.36015 4.48532 7.23733
threshold=0.036327504334600073 3.1299848961755452 1.0000000180025095e-35 0.031867152597773819 0.051874652570711006 0.023903887401843377 0.019534506484474082 0.40037260350509202 0.35689305048370329 0.49160979385070008 -0.021943828120202898 -0.013390330958559458 -0.69564861199404016 0.28556100551808711 -0.34423854891489786 0.11147706474663546 0.22113449048577619 -0.0028287568686647386 0.45226568353443819 0.0089875936215309 0.63319027181688137 0.1320251531716253 0.1884263800311369 -0.010570501064796288 0.47034153843061188 0.53050818489118479 0.64823269805058825 0.66253369467445999 -0.030985892507168985 -0.033048629612454132
decision_type=2 2 2 2 2 2 2 2 2 2 2 2 2 2 2 2 2 2 2 2 2 2 2 2 2 2 2 2 2 2
left_child=2 26 12 5 24 6 7 -4 -8 11 -11 -7 13 22 15 -14 -17 18 -16 -19 25 -22 -1 -24 -5 -15 -2 28 29 -28
right_child=1 -3 3 4 -6 9 8 -9 -10 10 -12 -13 14 20 17 16 -18 19 -20 -21 21 -23 23 -25 -26 -27 27 -29 -30 -31
leaf_value=-0.021534055290569828 -0.015705575750465404 -0.068160117236488613 0.0027459648950602391 0.032634418169512458 -0.00048781021647314175 0.00038580383212177068 0.033259571444138082 0.024473096773969433 -0.011271274222335469 0.02681368308453503 -0.0069004901760520952 -0.031977028610158872 -0.028981744411821948 -0.016224587135376233 -0.0049577991745653636 0.021203605530567094 0.003758840602681641 0.0039228200841868914 0.01076975592743537 -0.0033935768506759508 0.011876031904792063 -0.048599662989372273 -0.00080444984914046145 0.050781137557905212 0.088790443933336322 0.015044532278431659 0.027308604476318266 -0.014844170971146079 0.045882756837206995 -0.05125510341624883
leaf_weight=34.533753337338567 272.23102143406868 21.46624606102705 2614.8190612504259 24.355063132941723 40.814980559051037 83.868653260171413 184.77709047496319 180.52982901781797 48.141236558556557 81.400782465934753 116.59742440283298 131.03955940902233 64.114225642755628 146.78674373961985 4496.3551001921296 295.28564260900021 1476.582546107471 4526.2776673454791 445.00282104313374 2406.9112267419696 27.865884313359857 95.202974990010262 57.1134432554245 41.651971817016602 25.056021094322205 53.042001416906714 36.320030584931374 104.08248648047447 40.989186637103558 17.315840050578117
leaf_count=186 1491 147 13025 141 211 423 889 895 232 411 594 643 485 783 22691 1452 7223 23214 2293 11784 188 469 294 217 148 278 225 711 248 109
internal_value=0.000528298 -0.0107608 0.000842389 0.00493321 0.0332458 0.00419087 0.00568025 0.00414915 0.0240556 -0.00673233 0.00696004 -0.0193473 -0.000177347 -0.00998236 0.0001489 0.00542119 0.00666605 -0.000666275 -0.00354143 0.00138288 -0.0182084 -0.0349064 0.00994408 0.0209505 0.0611108 -0.0079246 -0.00814446 0.00221432 0.0209778 0.00194504
internal_weight=18190.5 492.405 17698.1 3531.4 90.2261 3441.17 3028.27 2795.35 232.918 412.906 197.998 214.908 14166.7 456.197 13710.5 1835.98 1771.87 11874.5 4941.36 6933.19 322.898 123.069 133.299 98.7654 49.4111 199.829 470.939 198.708 94.6251 53.6359
internal_count=92100 2931 89169 17612 500 17112 15041 13920 1121 2071 1005 1066 71557 2415 69142 9160 8675 59982 24984 34998 1718 657 697 511 289 1061 2784 1293 582 334
is_linear=0
shrinkage=0.1


Tree=157
num_leaves=31
num_cat=0
split_feature=11 6 10 14 10 15 14 7 7 6 11 14 11 7 10 12 10 11 6 7 9 10 12 6 7 13 6 0 4 6
split_gain=9.97358 8.42046 8.27881 8.10223 8.6936 7.59722 7.1254 7.04377 11.3873 8.47631 6.16335 5.82462 10.1693 7.40231 5.06411 5.87 12.124 6.23543 7.24692 6.82945 5.45863 5.0736 4.48127 4.75837 3.33411 5.72025 4.99995 3.23676 2.2877 3.70486
threshold=0.010859631002326545 0.051660289810914313 0.14362835740009036 0.22113449048577619 0.067547881578378557 0.80501538227809655 0.99002148230190612 -0.06729328472477468 -0.037670169802212154 -0.018443683100029359 0.0090598281206013351 0.76201239866475923 0.006547314696018435 0.013808890684150145 0.74266215524502022 0.12400285110957208 0.35176801150343179 0.016503641605933348 -0.06827471825862845 0.070910390852442232 0.44626481362268938 0.50845536067110797 0.035282097687129477 0.061779332987040199 0.0036930686953492446 -0.2497980783509077 0.0037116372618971609 0.014142816858604414 -0.006220859875102124 -0.084426685239304064
decision_type=2 2 2 2 2 2 2 2 2 2 2 2 2 2 2 2 2 2 2 2 2 2 2 2 2 2 2 2 2 2
left_child=1 3 -3 4 -1 11 14 9 -9 -6 -4 13 -13 -5 15 16 20 19 -19 -17 -2 -18 -12 -24 26 -26 -7 28 -16 -30
right_child=6 2 10 5 7 24 -8 8 -10 -11 22 12 -14 -15 27 17 21 18 -20 -21 -22 -23 23 -25 25 -27 -28 -29 29 -31
leaf_value=-0.060752876965417972 -0.00096461751100699548 -0.019974059750095818 0.085841146417927561 0.017325086363399952 0.0037598206800713409 -0.0038673228830064898 0.050525978107234908 -0.039594792097720724 -0.0012928103667085231 0.079019462621459674 -0.0056538297131026065 0.034530162474414879 -0.0034762057736622571 0.0053022991726089869 -0.032284986836357409 0.0069414283995900177 -0.0085851143834815603 0.016423748680743672 -0.0033848984042171024 0.035146265684737832 0.038835833888095618 -0.027256919029756122 0.080059208693644787 0.014912911532134155 0.02641899542201703 -0.011762474070892273 -0.05640773720014472 -0.042999025825280902 0.033932667834947777 -0.016223663357910294
leaf_weight=25.926222153007984 9325.8038105964661 25.962650790810585 25.461605906486511 883.79170382395387 43.969405323266983 39.878548853099346 26.383849069476128 83.648962095379829 1077.1595173552632 22.686755940318108 24.905782416462898 78.132375378161669 711.45538023859262 1217.66411986202 31.867704205214977 315.21700406819582 1242.8598565906286 230.61159542948008 927.48841216415167 117.98218058049679 34.587219871580601 164.82679721713066 22.260163322091103 22.589843437075615 50.692603576928377 173.65312581881881 33.184771344065666 43.479411251842976 21.953741855919361 44.740403160452843
leaf_count=119 50246 110 116 3993 217 187 153 371 4643 115 118 470 3316 5159 240 1686 8484 1664 6275 581 217 1427 117 106 233 785 148 331 163 310
internal_value=7.06917e-05 0.00407341 0.0300815 0.00336387 -0.00344801 0.00604165 -0.00138723 -0.00223763 -0.00405289 0.0293748 0.0437299 0.00760727 0.000284653 0.0103586 -0.00149679 -0.00128102 -0.0021188 0.00438808 0.000559583 0.014623 -0.000817552 -0.0107714 0.0283589 0.0472466 -0.00917741 -0.00313508 -0.0277308 -0.020271 -0.0102449 0.000286319
internal_weight=17090.8 4563.02 121.18 4441.84 1253.39 3188.45 12527.8 1227.46 1160.81 66.6562 95.2174 2891.04 789.588 2101.46 12501.4 12359.4 10768.1 1591.3 1158.1 433.199 9360.39 1407.69 69.7558 44.85 297.409 224.346 73.0633 142.041 98.5618 66.6941
internal_count=92100 20323 567 19756 5465 14291 71777 5346 5014 332 457 12938 3786 9152 71624 70580 60374 10206 7939 2267 50463 9911 341 223 1353 1018 335 1044 713 473
is_linear=0
shrinkage=0.1


Tree=158
num_leaves=31
num_cat=0
split_feature=3 11 8 7 6 1 6 3 2 6 2 14 10 9 13 0 8 8 1 2 8 5 12 5 6 11 13 8 2 8
split_gain=6.40601 12.9534 12.603 8.39684 7.78158 7.45865 8.2954 7.22976 9.35012 9.17513 7.10883 6.99902 6.60493 12.0822 10.0783 5.88219 5.66068 5.47063 19.0873 12.0117 5.31945 9.92706 8.57917 4.97594 7.96534 6.3739 4.70477 6.26572 5.8286 4.86892
threshold=-0.014693508931932884 0.0099019546148239341 -0.47351213798123032 0.013808890684150145 -0.030985892507168985 -0.037130994789004383 -0.033192836226464344 -0.0023767373893299744 0.030701399605693517 -0.0055707249687602647 -0.14178960618029077 0.76638054363376262 0.096574958072775594 0.11478445411099 0.47498879775917718 -0.041545870193095406 0.14157384838344586 -0.55968028646118595 0.021526195475882751 -0.016927356491895026 -0.25932896731797372 0.00062953446724445261 0.02057651760649255 -0.016163038853962582 -0.00068814796742344686 0.024255295126597142 -0.59361299520603639 -0.85086586379057183 -0.0024999822285680646 0.20181748408127334
decision_type=2 2 2 2 2 2 2 2 2 2 2 2 2 2 2 2 2 2 2 2 2 2 2 2 2 2 2 2 2 2
left_child=1 5 4 10 -2 -1 -7 8 9 -6 11 -3 13 14 16 -14 -4 19 -19 -12 22 -22 -8 25 -25 -17 28 -28 -5 -29
right_child=2 3 12 26 7 6 20 -9 -10 -11 17 -13 15 -15 -16 23 -18 18 -20 -21 21 -23 -24 24 -26 -27 27 29 -30 -31
leaf_value=0.06540451266826601 0.030549727473869644 -0.0044532700684370517 -0.0039250458558600819 -0.012283120362042099 -0.025841426539656057 -0.025585050740894413 -0.026063431343962093 -0.042783963288366277 -0.076180224267164934 0.021579951747684234 0.004543797799913994 -0.044572813833627378 -0.029879843622092409 0.075267363360617789 0.074779035120822568 0.0085730153054528989 0.017825912527302874 0.0030147908780302889 0.02886805314297701 -0.0097606858920633623 0.050426389666572202 -0.0032359619446601443 0.018055673777138459 -0.0094078648444549384 -0.00081355678243198693 -0.012147691761969672 -0.041120668436815992 -0.011110168376064704 0.065678208224295848 0.04099994252217376
leaf_weight=30.192007541656494 27.667023375630379 162.7164843827486 340.62169978395104 21.296569712460041 89.131721314042807 47.462367549538612 52.629308387637138 130.4526972733438 20.230430170893669 75.24316068738699 1858.9554123133421 59.341778472065926 71.997245296835899 26.735946729779243 20.745383435860276 912.37440729886293 184.43674146011472 2073.5462341979146 331.1815293058753 857.95801129192114 107.68837073817849 50.704741161316633 271.16417431086302 1239.7608773596585 8285.91251443699 177.30539356917143 69.896255902945995 411.89923357218504 17.44516982883215 18.746411204338074
leaf_count=133 153 978 2112 112 429 199 238 693 100 388 9471 339 435 132 115 4505 972 10336 1752 4308 520 261 1273 6084 42294 1084 376 2106 100 102
internal_value=-3.44689e-06 0.00252498 -0.00140746 0.00114177 -0.0202984 0.0170602 0.0143043 -0.0247637 -0.0120295 -0.00413413 0.00234195 -0.0151746 -0.000832461 0.00963158 0.00641644 -0.00139304 0.00371539 0.00310141 0.00657533 2.66695e-05 0.0182307 0.033248 0.0108846 -0.00119983 -0.0019321 0.00520148 -0.0107507 -0.0133492 0.0228224 -0.00884177
internal_weight=18045.4 6442.82 11602.6 5882.98 342.725 559.841 529.649 315.058 184.605 164.375 5343.7 222.058 11259.9 572.54 545.804 10687.4 525.058 5121.64 2404.73 2716.91 482.187 158.393 323.793 10615.4 9525.67 1089.68 539.284 500.542 38.7417 430.646
internal_count=92100 32604 59496 29980 1763 2624 2491 1610 917 817 27184 1317 57733 3331 3199 54402 3084 25867 12088 13779 2292 781 1511 53967 48378 5589 2796 2584 212 2208
is_linear=0
shrinkage=0.1


Tree=159
num_leaves=31
num_cat=0
split_feature=11 11 10 2 3 8 3 12 8 3 15 1 6 12 10 7 10 12 7 12 1 10 6 11 13 8 7 3 7 13
split_gain=22.2742 15.9671 12.2251 17.4757 10.1836 42.0904 21.6481 22.0177 20.7711 19.2826 22.7041 16.1641 14.9643 14.3093 25.8183 12.009 10.1329 12.5233 14.5956 13.4449 14.9965 12.6374 9.66459 8.91835 8.65187 6.08415 11.8691 10.8154 6.66658 5.66231
threshold=0.011761619696326055 0.0055749164853555622 0.74266215524502022 0.1436642752662656 0.045315220728776591 0.4450424368410249 -0.004266729717832928 0.0892565734290581 0.71452416100311855 0.1039445321010002 0.94869337148307109 0.061386517426690108 0.10072832176653791 0.10563265853634247 0.38110519425809947 -0.15528685101787568 0.25855432480569013 0.049153537556242598 -0.0059596115704514388 0.1030640905903185 -0.010427618153596106 0.25251465538633544 -0.023928529559702535 0.0093748315293958693 0.36746208199243585 0.66691757330921242 0.063323908604840842 0.02130648317611428 0.035458405023426127 0.58000882419103383
decision_type=2 2 2 2 2 2 2 2 2 2 2 2 2 2 2 2 2 2 2 2 2 2 2 2 2 2 2 2 2 2
left_child=1 -1 4 29 5 13 -7 -8 12 11 -11 -10 22 14 -2 -15 17 18 24 21 -21 -19 -6 -20 -3 27 -27 28 -18 -4
right_child=2 16 3 -5 8 6 7 -9 9 10 -12 -13 -14 15 -16 -17 25 19 23 20 -22 -23 -24 -25 -26 26 -28 -29 -30 -31
leaf_value=-0.074040250089024998 0.0011153717033876714 0.00054648549172046012 0.014287985288744349 0.067232498016288972 0.03246625187010984 0.09279758392514853 0.0088921295480168562 0.066634478874922673 0.020145966162474136 -0.0088356719397302535 0.020253156875109906 -0.018830470281756582 0.038717398371134526 0.011696712024551435 0.018601822553039164 -0.0091153218189533886 -0.027363484159367971 0.0092022606403732807 -0.028668579918711985 0.032193920962403373 -0.063618546531256787 0.091769528870764214 -0.013870257775410181 -0.0098623095915016442 0.058434657833341258 0.065187682374091976 -0.030254035559173609 -0.070084983295156597 0.042331600226543788 -0.029695181279790581
leaf_weight=37.218265797942877 6768.9070499762893 462.8935697991401 253.01298077404499 63.386606581509113 46.172261089086533 55.696703150868416 232.18821038305759 92.282029762864113 757.24682319164276 1443.889860779047 329.56131267547607 123.79601153731346 58.384544968605042 327.21470051258802 964.68727688491344 1815.880292519927 123.36940344795585 500.88368562050164 408.87802188564092 24.008748523890972 51.116569215431809 19.249474637210369 1792.6594240926206 657.89794494584203 27.343577140942216 19.555039800703526 39.048757143318653 61.152918383479118 15.442525602877138 33.098884969949722
leaf_count=1838 32689 3877 762 169 170 187 1111 337 3211 5559 1058 499 204 1104 3184 7418 787 3586 7659 163 398 103 8953 5857 235 93 261 430 90 108
internal_value=-0.000190334 -0.00904109 0.00123908 0.0197249 0.000802796 0.00254972 0.0352012 0.0253145 -0.00313374 0.00257723 -0.00343008 0.0146694 -0.0111243 0.00129292 0.00329663 -0.00593767 -0.00803764 -0.00579054 -0.010507 0.00654632 -0.0329985 0.012258 -0.0127068 -0.0170704 0.00377527 -0.026742 0.00159316 -0.0350462 -0.0196101 0.00919979
internal_weight=17606.1 2448.06 15158.1 349.498 14808.6 10256.9 380.167 324.47 4551.71 2654.49 1773.45 881.043 1897.22 9876.69 7733.59 2143.09 2410.84 2152.27 1557.01 595.258 75.1253 520.133 1838.83 1066.78 490.237 258.569 58.6038 199.965 138.812 286.112
internal_count=92100 25377 66723 1039 65684 46030 1635 1448 19654 10327 6617 3710 9327 44395 35873 8522 23539 21878 17628 4250 561 3689 9123 13516 4112 1661 354 1307 877 870
is_linear=0
shrinkage=0.1


Tree=160
num_leaves=28
num_cat=0
split_feature=9 8 5 3 8 9 18 13 3 1 7 13 12 12 7 12 9 12 8 7 9 3 15 0 3 4 5
split_gain=13.3223 11.5776 23.1262 20.8439 20.8926 22.9537 22.7241 18.0493 16.26 14.1374 13.2162 12.5591 23.6142 13.3507 12.0622 10.0076 8.706 6.55691 5.69879 6.69084 3.82564 3.52188 3.46356 5.0328 3.44045 0.771549 0.8975
threshold=0.071369404208061968 -2.5009914816032208 -0.05115764894887858 -0.10483816301383418 -1.1233906520084951 0.16881724727005024 1.0000000180025095e-35 -0.56403331928080858 -0.071938625629550654 -0.037958670753452044 -0.011575652709472415 0.14545533460245536 0.13266784822935665 0.090181766687210937 -0.16351282799699032 0.1720254161763291 0.28203185598156705 0.27484020655122149 -0.38042568404934834 0.062317013048586507 0.41416859217204177 -0.089466126440735469 0.33692145830050341 -0.026614680073942406 -0.0083393655902650448 -0.0076757159928448884 0.01770603868844112
decision_type=2 2 2 2 2 2 2 2 2 2 2 2 2 2 2 2 2 2 2 2 2 2 2 2 2 2 2
left_child=15 2 22 9 5 21 -7 16 -9 11 17 13 -13 -3 -4 18 -6 -11 24 25 -16 -5 23 -2 -1 -20 -27
right_child=1 3 14 4 7 6 -8 8 -10 10 -12 12 -14 -15 20 -17 -18 -19 19 -21 -22 -23 -24 -25 -26 26 -28
leaf_value=0.097451347849465034 -0.019808844035115767 -0.03448804023467484 0.01459003610024507 -0.0080528736670963021 -0.022544052275373285 0.013900504943841914 0.063521518716685862 -0.013630386735772194 0.0013024398024460866 -0.026178189242066274 0.032231850801799758 0.025943950745159462 -0.024085579842316934 0.0029399195654953793 0.057945405980296738 0.088300551572431593 -0.0021940789869860388 0.0022263589117187455 -0.027680106312747907 0.022090834857938196 0.10640246439867058 -0.065860510226178365 -0.037318286211704257 0.031729558191678262 -0.038868399342278301 -0.084104115125077705 -0.024805866240921088
leaf_weight=3.6538012968376279 45.842414796352386 183.70202799141407 44.22403260320425 15.518232891336082 520.67391950730234 429.70230220630765 117.53340794146061 771.30431992001832 13352.078805440105 737.93117591738701 45.624892145395279 292.79607539623976 139.19831258803606 198.05305245518684 32.478398069739342 5.3163324585184446 352.59084497392178 91.326639659702778 2.900271854363381 7.7205459652468553 32.692710593342781 32.846923131495714 32.581955954432487 32.295470952987671 3.7530905567109576 45.588126562535763 2.703792290762066
leaf_count=56 139 777 167 108 3354 1724 450 3573 71494 3351 158 1053 483 726 126 46 1312 371 71 127 84 244 114 110 144 1694 43
internal_value=-0.000675036 -0.000498877 0.0222907 -0.000789159 0.000353771 0.0187218 0.0245579 -0.000375725 0.00048693 -0.0113426 -0.020167 -0.00185518 0.00982331 -0.0150706 0.0549 -0.0437116 -0.0143275 -0.02305 -0.0542939 -0.064688 0.0822536 -0.0473126 -0.00992836 0.00149269 0.0283778 -0.0777755 -0.0807841
internal_weight=17572.6 17501 220.115 17280.9 15592.2 595.601 547.236 14996.6 14123.4 1688.63 874.883 813.749 431.994 381.755 109.395 71.636 873.265 829.258 66.3196 58.9127 65.1711 48.3652 110.72 78.1379 7.40689 51.1922 48.2919
internal_count=92099 89918 740 89178 82259 2526 2174 79733 75067 6919 3880 3039 1536 1503 377 2181 4666 3722 2135 1935 210 352 363 249 200 1808 1737
is_linear=0
shrinkage=0.1


Tree=161
num_leaves=31
num_cat=0
split_feature=10 11 15 8 6 15 1 2 10 13 2 1 0 6 8 8 14 3 8 10 6 8 11 5 8 1 6 8 3 1
split_gain=5.51228 6.83724 9.18151 7.74008 6.5943 6.56197 6.52805 8.60343 10.9189 11.1376 9.26558 8.31331 8.5175 7.56188 18.4771 16.9753 11.5904 9.7478 15.4101 7.74501 8.2791 8.21438 7.21425 6.683 11.3016 9.78085 6.59115 12.3773 6.2687 6.14083
threshold=0.35176801150343179 0.017505499975939566 0.096670358576768659 0.59269265338482036 0.056167359856221129 0.82631326925123272 0.028007632459376101 0.052646036014750049 0.17272920811265707 0.22405595159076119 0.034199828557017316 0.028987526187824745 0.023924586303603061 -0.028201925092064258 -0.18040984771639559 0.32478727017719039 0.53050818489118479 -0.029133256888221212 -0.21261991073881614 0.32128873559328458 0.045962643514145259 0.50844251971934984 0.01012548818322271 -0.022067571533211591 -0.54780068454719244 -0.011503830714649775 0.083729165234965999 1.5270538191618572 -0.06257411189973093 0.076363993102711816
decision_type=2 2 2 2 2 2 2 2 2 2 2 2 2 2 2 2 2 2 2 2 2 2 2 2 2 2 2 2 2 2
left_child=6 2 -2 -4 -5 -6 13 8 9 10 -8 -10 -13 14 23 16 -16 18 22 20 -19 -21 -15 25 -25 -1 29 -28 -20 -9
right_child=1 -3 3 4 5 -7 7 26 11 -11 -12 12 -14 17 15 -17 -18 19 28 21 -22 -23 -24 24 -26 -27 27 -29 -30 -31
leaf_value=-0.0017784715034318067 -0.029161864876341675 -0.0047130089585099583 0.018496360153128086 -0.024816231216212983 0.036011624412123744 -0.031231815020483417 0.056031988317687242 -0.0070182389650980843 0.040910716143183978 -0.013931259777564337 0.015383024870031032 0.0016019089660968397 0.025789672116752184 -0.022006753035534926 0.040197604646242231 -0.042180203941495235 0.0088602961586331155 -0.00080967078814621622 -0.068360934399165851 0.024193431043947413 0.014217567244802307 -0.00594700276313805 -0.00049573914308481454 0.017990467787940917 -0.010780006550005827 -0.052304874775990655 0.034587092316264688 -0.013320095168771648 -0.024671975886846016 0.022287065147507747
leaf_weight=1173.4990712925792 63.672771506011486 3034.5836875140667 394.09900354593992 93.172073051333427 48.577637404203415 20.694602437317371 128.04651296138763 816.20113602280617 68.243260227143764 49.900287635624409 99.766346536576748 1027.9706946462393 169.6070340052247 184.6504578217864 285.09171772003174 37.992609493434429 201.40575432032347 7296.9774125367403 40.128656879067421 270.37487308681011 386.02264735847712 135.85776350647211 1001.6194217428565 446.04228021204472 196.76777029037476 39.605471841990948 130.47521668672562 91.924099683761597 180.87556022405624 78.370474420487881
leaf_count=5774 294 15872 1894 450 260 101 633 3904 325 261 509 4851 809 991 1403 189 960 38047 204 1301 1888 642 4827 2229 956 191 631 442 903 358
internal_value=0.000714008 -0.00275763 0.00680961 0.010925 -0.00744347 0.0159231 0.0015868 0.00606412 0.0109016 0.028858 0.0382305 0.00696205 0.0050275 0.000583852 0.00562372 0.0221968 0.0272242 -0.000679448 -0.00836077 0.000656861 -5.46462e-05 0.0141135 -0.00384407 0.000940107 0.00918366 -0.00342806 -0.00062072 0.0147857 -0.0326048 -0.0044509
internal_weight=18192.2 3654.8 620.216 556.543 162.444 69.2722 14537.4 2660.51 1543.53 277.713 227.813 1265.82 1197.58 11876.9 2380.4 524.49 486.497 9496.51 1407.27 8089.23 7683 406.233 1186.27 1855.91 642.81 1213.1 1116.97 222.399 221.004 894.572
internal_count=92099 18871 2999 2705 811 361 73228 12723 7388 1403 1142 5985 5660 60505 11702 2552 2363 48803 6925 41878 39935 1943 5818 9150 3185 5965 5335 1073 1107 4262
is_linear=0
shrinkage=0.1


Tree=162
num_leaves=31
num_cat=0
split_feature=11 6 0 15 12 4 7 6 7 7 14 7 8 14 11 4 8 8 3 13 2 11 11 13 15 1 14 13 2 13
split_gain=9.15013 7.81221 7.00986 10.4471 7.79447 6.99362 7.08327 6.52123 5.59549 5.42717 5.4649 4.85634 7.24075 7.21624 4.74489 4.32424 6.49962 4.99926 21.4409 6.63111 4.71281 4.21749 4.87173 4.96327 6.59003 5.20398 4.14421 3.91665 5.0076 3.77016
threshold=0.014086416196349779 0.095257640405893809 0.0099881090669495815 0.62882212684787808 0.023375095036138254 0.017973478397187218 -0.1723512095757018 -0.064248845737949631 0.20162128192092424 -0.048376859291007317 0.31122678206174115 -0.12501683444892933 -0.50348557050623088 0.37136745798533549 0.018093260663677495 -0.012680307422971991 0.47579897838395052 0.13010022927007361 0.03643796134961997 0.20690235592758718 0.020059651668253856 0.024255295126597142 0.016503641605933348 -0.072846605825462457 0.96835002384358615 0.0087839974504619906 0.46178820715801966 0.43652841259039027 0.067794054993626243 0.40407362967932603
decision_type=2 2 2 2 2 2 2 2 2 2 2 2 2 2 2 2 2 2 2 2 2 2 2 2 2 2 2 2 2 2
left_child=1 8 3 4 9 6 -5 -8 15 26 -11 13 -13 -6 -7 16 -1 18 -17 -19 -18 22 23 25 -25 -4 -2 29 -29 -24
right_child=2 -3 21 5 11 14 7 -9 -10 10 -12 12 -14 -15 -16 17 20 19 -20 -21 -22 -23 27 24 -26 -27 -28 28 -30 -31
leaf_value=-0.016049819005377407 -0.016761551114760749 0.062108069087273676 -0.044276539547912226 -0.052816872762907321 0.0057781122651582176 0.020103669363350361 0.042661049360722257 0.0091507716987769688 0.052600700185287924 -0.0040774238605951205 -0.038270755618036778 0.0061510184386770446 -0.0031106668305054884 -0.022569853224321378 -0.030445665824107567 0.0026196786304672494 -0.0075315321252458134 -0.0024888282299688866 0.02843154515310849 0.010518700193092553 0.057595720465800873 -0.013825663677964957 -0.0014773099218148681 -0.0085762479296514604 0.041093525464803181 -0.012596715057795428 0.052398564866994818 0.0083281189481264947 0.07015163749132379 -0.045346866955663277
leaf_weight=252.64181742072105 18.064354501664639 21.77638404071331 77.808488830924034 17.651151679456234 139.90772942081094 24.797190867364407 61.544815722852945 1029.425956171006 21.913156375288963 71.803741008043289 133.91243240982294 1125.9021297395229 3372.7902903854847 250.71908124908805 73.935831278562546 4513.7163187116385 21.962509870529175 2742.6941926367581 346.51844184100628 457.25974386930466 22.487789928913116 656.08244289085269 1023.2852727770805 282.81331330537796 29.49785440415144 155.43883695453405 16.65018767118454 70.534751646220684 16.090243086218834 19.972293525934219
leaf_count=1207 99 105 418 122 959 135 424 5947 92 343 679 7039 20127 1771 461 21060 111 12744 1608 2117 116 4902 6251 1516 170 831 101 419 108 117
internal_value=-6.16187e-05 0.00229025 -0.00234087 -0.000616007 -0.0025858 0.00775316 0.0100245 0.0110412 0.00213479 -0.020164 -0.0263358 -0.0017214 -0.000792715 -0.0124167 -0.01775 0.00200246 -0.00984565 0.00243918 0.00445998 -0.000630108 0.0254169 -0.00702905 -0.00436758 -0.0121278 -0.00388493 -0.0231647 0.0164098 -0.000620606 0.0198116 -0.00231716
internal_weight=17069.6 8400.97 8668.63 6337.1 5129.75 1207.35 1108.62 1090.97 8379.19 240.431 205.716 4889.32 4498.69 390.627 98.733 8357.28 297.092 8060.19 4860.23 3199.95 44.4503 2331.52 1675.44 545.558 312.311 233.247 34.7145 1129.88 86.625 1043.26
internal_count=92099 39160 52939 38207 31118 7089 6493 6371 39055 1222 1022 29896 27166 2730 596 38963 1434 37529 22668 14861 227 14732 9830 2935 1686 1249 200 6895 527 6368
is_linear=0
shrinkage=0.1


Tree=163
num_leaves=31
num_cat=0
split_feature=10 12 12 10 6 13 9 2 15 9 11 5 10 13 6 2 0 13 2 8 5 9 10 8 11 2 2 4 5 15
split_gain=5.59163 7.57665 6.19294 4.80552 7.88528 12.2825 10.5194 6.86531 6.56039 6.44581 5.49992 5.19969 4.44036 4.81152 4.74738 6.67312 9.68911 9.47308 6.07489 5.6576 3.92403 8.77279 5.99613 7.1071 5.74128 10.7662 5.68059 5.38757 5.19588 6.54092
threshold=0.30051345510245514 0.1030640905903185 0.31393750960117778 0.56307453166576693 0.080692748328870648 0.29733957416153028 0.73049356769308316 -0.048553225716810637 0.97041543397641583 0.38894896398470674 0.050506874840085828 -0.027447011384390704 0.54009305428302812 -0.022652479799695067 -0.048113064135346821 -0.071627702968338522 -0.0032206371875389546 0.25869206928977245 0.079835550022476123 0.11831528452066976 1.0000000180025095e-35 0.35406365917671562 0.067547881578378557 -0.093450480758614243 0.0096023911673344137 -0.044347062840215827 0.021984683138638609 1.0000000180025095e-35 0.0080941973475655588 0.90273132131730349
decision_type=2 2 2 2 2 2 2 2 2 2 2 2 2 2 2 2 2 2 2 2 2 2 2 2 2 2 2 2 2 2
left_child=2 12 20 4 6 9 8 10 -3 -6 11 -5 14 -14 15 17 -17 -2 -16 -20 24 22 23 -22 25 -1 -24 -27 -23 -30
right_child=1 3 -4 7 5 -7 -8 -9 -10 -11 -12 -13 13 -15 18 16 -18 -19 19 -21 21 28 26 -25 -26 27 -28 -29 29 -31
leaf_value=0.063979715039200899 -0.016176943762812548 0.0020975229176903357 0.048588707080600868 0.0021702184403063632 0.0098249729231902928 -0.015698258065278661 0.077259069093287544 -0.014567113443743125 -0.033699249814659465 0.058167881058437149 -0.048062510028896777 0.037506053985019147 -0.0077231798670571207 -0.049950037823907598 -0.010064615895490975 0.038513068015720145 -0.0094941130312095768 0.020236861270036585 0.030019517243508653 -0.0018455336367330885 -0.020654328486777711 -0.016793900482738166 -0.0043601360254629492 0.051853309527552773 0.0014335630581818277 0.0012739935567859164 0.0014076120386656999 0.016090679494019374 0.059277461345987617 -0.0068338939710827981
leaf_weight=35.219925224781036 235.0339929535985 1489.8934232071042 27.370582915842533 152.07311948761344 41.978601552546024 53.913842424750328 18.239087954163551 378.29588684439659 53.018512450158596 80.417994596064091 16.533815689384937 57.347321681678295 62.067442737519741 47.738026637583971 1774.3729541823268 103.36744717508554 70.860894270241261 102.64320962876081 68.129924304783344 305.86948221176863 19.523566564545035 19.280851431190968 3246.6843154206872 43.949856724590063 4859.93981461972 563.74245737493038 3602.0807365551591 434.59980746172369 55.194760963320732 20.532458275556564
leaf_count=161 1272 8141 151 975 249 321 112 2394 283 507 100 357 388 294 9611 568 367 591 376 1740 207 113 16121 335 23393 2772 17661 2098 329 112
internal_value=-3.50373e-05 -0.00283488 0.00107202 0.0013524 0.0040239 0.0240702 0.00175994 -0.00632922 0.000867452 0.0415876 0.00746278 0.0118465 -0.00637462 -0.0260813 -0.00556121 0.00309292 0.0189879 -0.0051083 -0.00762328 0.00395919 0.00097121 -0.000628245 -0.00104307 0.0295509 0.00287293 0.009641 -0.00132661 0.00772401 0.0295521 0.0413522
internal_weight=18039.9 5111.79 12928.1 2341.71 1737.46 176.31 1561.15 604.25 1542.91 122.397 225.954 209.42 2770.08 109.805 2660.28 511.906 174.228 337.677 2148.37 373.999 12900.7 7007.25 6912.24 63.4734 5893.5 1033.56 6848.77 998.342 95.0081 75.7272
internal_count=92099 28646 63453 13439 9613 1077 8536 3826 8424 756 1432 1332 15207 682 14525 2798 935 1863 11727 2116 63302 34878 34324 542 28424 5031 33782 4870 554 441
is_linear=0
shrinkage=0.1


Tree=164
num_leaves=26
num_cat=0
split_feature=7 1 2 8 3 16 6 14 7 2 5 8 8 3 4 3 14 6 1 5 7 1 9 13 8
split_gain=12.4755 18.7927 20.6128 16.4662 19.4276 20.2044 15.8795 14.7894 14.3776 13.7988 21.0457 18.8663 18.2919 19.816 14.3009 11.3735 11.1892 10.8282 10.8057 10.7465 8.7878 4.73339 4.14847 3.1711 2.35551
threshold=-0.16351282799699032 0.010860352528983876 -0.023764435226718113 -2.2959762632429368 -0.17314566332619516 1.0000000180025095e-35 -0.084426685239304064 0.68460729150251687 -0.09268091619855888 -0.075882636639742249 -0.03003657685583588 -0.51410169026977048 -0.27909855512563281 0.016501810778067897 -0.017126113977178555 -0.070276242931857066 0.18253661135178059 -0.14645026105298736 -0.061829939462380239 -0.06783857838902467 -0.19564367859643822 -0.051771654636562262 0.56193589178945003 -0.18269988783744351 -1.4017973366273984
decision_type=2 2 2 2 2 2 2 2 2 2 2 2 2 2 2 2 2 2 2 2 2 2 2 2 2
left_child=1 2 16 19 5 8 -7 -3 18 12 14 -12 15 -14 -11 -6 21 24 -5 -2 -19 -1 23 -21 -18
right_child=3 7 -4 4 9 6 -8 -9 -10 10 11 -13 13 -15 -16 -17 17 20 -20 22 -22 -23 -24 -25 -26
leaf_value=0.028288979280372075 0.017900134680152641 0.087619248734635391 -0.058408855467899479 0.036967822501818758 -0.010074692194452083 0.022510895209773507 0.11543473714807317 0.0047798542183534742 0.063652755392205704 -0.01381160498265566 -0.0091864623330140793 0.00071120919100785837 -0.04305258420624046 0.0087166631393127691 0.016840937694293259 0.015229977552220268 -0.011361980445808178 0.037648618099937692 -0.020045834460307124 -0.017776649233083152 0.0014029424022850973 0.081031915230550089 -0.084221679315859069 -0.05785022704751467 -0.046764605224921353
leaf_weight=41.840424478054047 29.776520296931267 56.710346087813377 44.183967031538486 46.844374760985374 612.49010962247849 35.25089368224144 38.447798579931259 34.761763587594032 39.748459413647652 176.93105549365282 2300.5240993243642 11824.725383235142 275.41074397414923 101.07362662255764 1089.1762598957866 250.16715559363365 41.513503894209862 107.69968612492085 114.48732874542475 37.98179254680872 176.53477796167135 28.678130179643631 26.661607176065445 41.130176924169064 34.340110272169113
leaf_count=146 101 163 166 168 2500 119 107 120 118 705 11548 67073 1158 348 4496 968 124 322 440 150 619 87 85 167 101
internal_value=3.16154e-05 0.0146339 0.0066378 -0.000453616 -0.000175266 0.0261977 0.0709882 0.0561381 0.00978137 -0.000611016 0.000206299 -0.000900786 -0.0107629 -0.0291543 0.0125574 -0.00273644 0.0133122 0.00617859 -0.00349131 -0.0351683 0.0151368 0.0497382 -0.0501076 -0.0386108 -0.0273893
internal_weight=17607.1 566.263 474.791 17040.8 16905.3 274.779 73.6987 91.4721 201.08 16630.5 15391.4 14125.2 1239.14 376.484 1266.11 862.657 430.607 360.088 161.332 135.55 284.234 70.5186 105.774 79.112 75.8536
internal_count=92099 1848 1565 90251 89748 952 226 283 726 88796 83822 78621 4974 1506 5201 3468 1399 1166 608 503 941 233 402 317 225
is_linear=0
shrinkage=0.1


Tree=165
num_leaves=31
num_cat=0
split_feature=11 0 2 4 15 5 4 10 13 14 3 8 3 7 14 0 8 3 7 9 14 3 7 14 10 7 2 2 2 2
split_gain=23.8761 14.5897 16.572 15.4149 26.0646 14.5822 14.0881 15.3024 12.7771 11.6586 11.2834 11.8343 16.0093 15.9735 10.5487 20.1969 24.2093 18.3414 18.1378 17.8773 22.9883 22.0112 16.8384 14.0067 13.3851 11.1596 10.4137 9.30509 9.0713 8.86375
threshold=0.014086416196349779 -0.0082073850403436826 -0.071627702968338522 -0.01931692909022464 0.13533850200747616 -0.0040517551097731799 -0.003669728888962442 0.088180232202776612 -1.0332437631512241 0.22549280261308827 -0.065631014622376624 0.34719732625195132 0.099560341246551345 0.036143040355876684 0.32423938960419652 -0.0017371720970211777 -1.5849948737803945 -0.041357231931240961 -0.10784525012316092 0.18660115879329922 0.75327610872675266 -0.068713880726179774 -0.023378281594924107 0.19541726275631857 0.21612783967241725 0.094257793281902438 -0.16891607102900738 -0.0033737285045831729 -0.073734956783479286 1.0000000180025095e-35
decision_type=2 2 2 2 2 2 2 2 2 2 2 2 2 2 2 2 2 2 2 2 2 2 2 2 2 2 2 2 2 2
left_child=1 3 9 4 -1 29 -7 -8 -2 -3 -5 13 -13 -12 15 17 18 26 -17 20 21 -16 -19 -18 28 -22 -10 -26 -21 -4
right_child=8 2 5 10 -6 6 7 -9 14 -11 11 12 -14 -15 19 16 23 22 -20 24 25 -23 -24 -25 27 -27 -28 -29 -30 -31
leaf_value=-0.0068229517005372461 -0.05606051211441411 -0.012109893269205634 -0.017304723329566934 -0.030312281224386901 0.11385734650604636 -0.023236962430184874 -0.062926405408974012 -0.0026050384737363605 0.039318991177635945 0.083373705822426022 0.0034710267474610066 -0.033110401982142719 0.03419839637631697 0.044703674762729406 -0.028725620289527409 0.0005923535977490524 -0.0043349216036846772 0.034233321488597063 0.094703811194636167 -0.07684496869112184 -0.030250771014227198 0.029191570011459018 0.0056772356467486443 -0.021784017447364426 0.0067948738910800534 0.042096003009084657 -0.011442251320534846 -0.00020115076652504261 -0.0095063561174620545 -0.044187502811141394
leaf_weight=39.141941614449024 38.414756964892149 21.201229847967625 731.78919277247041 106.22055397555232 32.973461382091045 444.73841303400695 42.873201698996127 2203.3334885239601 43.238962449133396 32.223072357475758 517.23665367346257 149.34558460488915 46.28938752040267 114.80957414954901 72.419402495026588 45.334933444857597 1021.0748896449804 277.75447760522366 37.350471124053001 20.649429090321064 130.04558330029249 698.79080754891038 804.82410474866629 837.24733091145754 3720.3683925643563 25.502384662628174 618.73610508441925 3887.9510704278946 641.14139287173748 147.3462655749172
leaf_count=198 208 121 6550 710 142 3877 1949 18432 136 160 3890 1039 231 776 389 182 4327 1057 122 104 734 3564 3350 3718 14084 117 2607 14867 3301 1218
internal_value=-0.000681796 -0.00684372 -0.00980169 0.00381037 0.0483559 -0.010629 -0.00697599 -0.00375639 0.00152601 0.0454814 0.000370591 0.00430828 -0.0171844 0.0109608 0.00169773 -0.00282258 -0.00984066 0.00498581 0.0431042 0.00350921 0.0166797 0.0237529 0.0130038 -0.0121964 0.0020333 -0.0183894 -0.00812662 0.00321981 -0.0116075 -0.0218104
internal_weight=17550.4 4629.52 3623.5 1006.02 72.1154 3570.08 2690.95 2246.21 12920.8 53.4243 933.902 827.681 195.635 632.046 12882.4 3685.56 1941.01 1744.55 82.6854 9196.87 926.758 771.21 1082.58 1858.32 8270.11 155.548 661.975 7608.32 661.791 879.135
internal_count=92160 39293 32307 6986 340 32026 24258 20381 52867 281 6646 5936 1270 4666 52659 15499 8349 7150 304 37160 4804 3953 4407 8045 32356 851 2743 28951 3405 7768
is_linear=0
shrinkage=0.1


Tree=166
num_leaves=31
num_cat=0
split_feature=11 4 4 15 7 6 5 2 8 13 5 1 6 4 10 12 5 6 15 11 10 2 6 6 12 10 7 7 15 15
split_gain=5.77096 6.51818 6.97626 7.18669 4.79895 8.60224 10.9909 11.2025 9.31559 6.46683 6.42566 13.4041 7.71958 6.12713 6.0091 8.99519 5.91897 5.03925 4.84877 4.77978 3.30262 3.12629 5.11632 5.03655 4.34543 3.03766 3.01201 2.18986 1.80788 1.55433
threshold=0.038745860767223979 0.01008611338879062 0.014594703091872942 0.44869337148307115 0.051077296224314346 0.066860405481067323 0.077773677546004186 0.10536049325027254 1.2506445445737358 -0.064548146168250817 0.044141394926893958 0.043702064291299532 0.056167359856221129 -0.035199763891809781 0.42573492650433753 0.1426313218344655 0.042857794898500175 0.1620061250991178 0.79614029487224969 0.033431278611427508 0.70715651352698894 -0.025591243859806486 0.009796460717346302 0.032764536854644762 0.18902760437594759 0.44606175972968781 0.022571032490621538 -0.0039307368974899051 0.25980490697651049 0.049409294383681766
decision_type=2 2 2 2 2 2 2 2 2 2 2 2 2 2 2 2 2 2 2 2 2 2 2 2 2 2 2 2 2 2
left_child=4 20 -3 -4 5 8 7 16 10 -9 12 -12 -1 -6 15 19 -7 25 -17 -15 21 24 -23 -24 28 -16 -10 -5 -2 -22
right_child=1 2 3 27 13 6 -8 9 26 -11 11 -13 -14 14 17 18 -18 -19 -20 -21 29 22 23 -25 -26 -27 -28 -29 -30 -31
leaf_value=0.0019555947039617575 -0.022207217673023499 0.06151290798671475 0.040411072330443054 -0.055991863884151449 0.044887932949346954 0.04645619001168369 -0.03297254309812811 0.10327533905005103 -0.067496222435317332 0.031362233107804463 -0.086935050018616067 -0.0066195469653228343 0.033158270626462039 -0.0020272228328808493 -0.028875045342074069 0.029481793751863234 -0.0052384485404570998 0.027898080516898672 -0.0074697583302686596 0.030560610741937128 -0.066547141158354237 0.029793931657414272 -0.059975052040459324 -0.0019676374596537642 0.010248297588835045 -0.0099145358561181247 -0.017706637997584315 -0.0093095184220267045 -0.054217650880439283 -0.030356664853573846
leaf_weight=12578.824663245119 32.603171549737453 21.414141625165939 22.897014528512955 17.74388013035059 28.030579775571823 36.030174359679222 28.200071573257446 29.55956756323576 23.722114220261574 21.673365667462349 23.189364962279797 199.97088715434074 79.791452713310719 3839.1323552746326 101.76657419651747 145.84885535016656 57.490706875920296 31.506182871758938 46.940296586602926 45.542711190879345 16.681167613714933 34.096156843006611 19.965826377272606 59.796856790781021 23.283213645219803 497.91059979051352 24.907111883163452 23.170914746820927 38.452887881547213 41.124209083616734
leaf_count=63948 197 142 149 111 149 167 147 157 109 109 106 1018 374 18834 501 733 263 180 235 246 121 193 108 352 140 2583 118 159 217 294
internal_value=0.000751134 -0.0119428 0.0121244 -0.00444949 0.00100105 0.00198715 0.0241413 0.0352679 0.00169082 0.0728535 0.00185573 -0.0149654 0.00215228 -0.00172686 -0.00200436 -0.000598831 0.0146776 -0.0110841 0.0204848 -0.00164517 -0.0196538 -0.0137825 -0.00262827 -0.0164878 -0.0272446 -0.0131322 -0.0419948 -0.0295547 -0.0395301 -0.0408003
internal_weight=18191.3 351.229 85.226 63.8118 17840 13103.4 172.954 144.754 12930.4 51.2329 12881.8 223.16 12658.6 4736.68 4708.65 4077.46 93.5209 631.183 192.789 3884.68 266.003 208.198 113.859 79.7627 94.3393 599.677 48.6292 40.9148 71.0561 57.8054
internal_count=92160 2183 561 419 89977 66516 843 696 65673 266 65446 1124 64322 23461 23312 20048 430 3264 968 19080 1622 1207 653 460 554 3084 227 270 414 415
is_linear=0
shrinkage=0.1


Tree=167
num_leaves=31
num_cat=0
split_feature=11 9 9 4 4 14 14 14 13 4 14 14 13 4 14 11 11 1 6 2 11 6 12 10 0 12 13 14 10 11
split_gain=6.98832 5.06459 5.23111 10.2733 7.83253 4.96602 8.78128 7.35385 6.39625 5.47932 5.37337 10.7342 5.89568 5.04672 4.96412 5.49723 10.2141 5.2307 10.7118 6.16989 4.96408 4.60006 7.00266 8.94246 6.44332 6.33669 6.24308 6.1093 7.45714 7.58586
threshold=0.01672327812975908 0.2691700364119281 0.054209035193812885 -0.0020827793852205008 0.0020370942084191328 0.16526265385024655 0.25546018121125419 0.22985111474040035 0.19450892956426424 -0.0068352966058573541 0.91231926330263768 0.93777300906056282 -0.24138107526048411 -0.0016529868959636038 0.89251755087532225 0.013719352094893113 0.013473284553501838 0.042783754712774076 0.060253301677581146 0.083967334955958442 0.014905263158867614 -0.028854882925838873 0.29260461277655647 0.79809951958985093 0.0066307222110353345 0.33453771929465309 0.51952137543737253 0.13100619933237964 0.30700495756756224 0.025666680364168023
decision_type=2 2 2 2 2 2 2 2 2 2 2 2 2 2 2 2 2 2 2 2 2 2 2 2 2 2 2 2 2 2
left_child=1 2 3 -1 -5 8 7 -7 9 -3 12 -12 -8 -11 17 16 -16 19 -19 -4 -10 22 27 24 25 -24 -23 28 -2 -30
right_child=21 5 14 4 -6 6 10 -9 20 13 11 -13 -14 -15 15 -17 -18 18 -20 -21 -22 26 23 -25 -26 -27 -28 -29 29 -31
leaf_value=-0.043767880663000823 0.037715753341227357 -0.044619377948703132 0.00059219595034693223 0.057905533854017401 -0.0054647025713227783 0.022020344302709379 0.024073686020287133 0.07805878308626335 0.0017081946811008085 0.024760335596732092 0.07164029323093267 0.010131119772232515 -0.0016543747304542254 -0.013728279152158488 -0.0043823829980565217 -0.020853963920111834 0.058468152476214202 0.02478214633839489 -0.010854663467150019 0.039209535221090656 0.066247393875937047 -0.0018237618007760567 0.070827882229678549 -0.017455193579141628 0.096418455456915395 -0.012680635672101301 0.015488799869220783 -0.010573862506058695 -0.021646894729754357 0.031074565941140726
leaf_weight=19.120166450738907 59.81600558757782 40.738002866506577 8115.1220771968365 59.331776704639196 29.056033343076706 98.682575471699238 107.93368062376976 30.703683890402317 28.827476941049099 45.561379835009575 35.679847255349159 138.52560245990753 509.56061949580908 135.04835890978575 851.67534608393908 199.73320411145687 26.666867017745972 251.24935264140368 126.97098731994629 41.584623821079731 20.31703194975853 4154.370243512094 15.67624196410179 37.947727527469397 17.193370040506124 21.616273052990437 219.28845146670938 1501.357251830399 87.052043244242668 39.755312617868185
leaf_count=93 388 215 37897 472 142 547 618 188 151 246 214 778 2761 718 4129 1048 146 1277 637 221 124 26001 103 274 129 139 1433 10211 560 300
internal_value=-5.52693e-06 0.00151413 0.000759847 0.0226961 0.0370736 0.00766734 0.0111657 0.0353184 -0.00424551 -0.0114913 0.00721851 0.0227291 0.00284271 -0.00401898 0.000514521 -0.0058794 -0.00247421 0.00132216 0.0128186 0.000789075 0.0283896 -0.00270011 -0.00698522 0.0198151 0.0457727 0.0224229 -0.000955737 -0.0084528 0.00861081 -0.00511822
internal_weight=17066.2 10912.1 9720.51 107.508 88.3878 1191.58 921.086 129.386 270.492 221.348 791.7 174.205 617.494 180.61 9613 1078.08 878.342 8534.93 378.22 8156.71 49.1445 6154.07 1780.41 92.4336 54.4859 37.2925 4373.66 1687.98 186.623 126.807
internal_count=92160 52622 46062 707 614 6560 5106 735 1454 1179 4371 992 3379 964 45355 5323 4275 40032 1914 38118 275 39538 12104 645 371 242 27434 11459 1248 860
is_linear=0
shrinkage=0.1


Tree=168
num_leaves=31
num_cat=0
split_feature=11 9 9 10 14 10 9 8 13 6 14 4 4 12 17 9 5 11 6 8 11 13 3 8 12 10 11 15 12 8
split_gain=7.90151 4.36612 6.6713 5.47275 9.02258 4.33073 5.00277 7.33558 5.38274 10.7636 4.66476 5.76522 4.53979 3.95625 3.59851 3.57958 3.51693 10.9085 6.6367 3.40666 3.22792 4.98434 5.00361 4.15424 4.08952 3.61907 3.55401 2.47469 1.06034 0.85847
threshold=0.01672327812975908 0.43368708574016479 0.41416859217204177 0.45167295381956224 0.25980490697651049 0.60235220234279063 0.73049356769308316 -0.62340243584306065 -0.64783805805660144 0.022567267781995474 0.53050818489118479 0.0032185476671000583 0.014127386795128595 0.11814696930981704 1.0000000180025095e-35 0.39670978877982027 -0.004532869663334326 0.0060755377662700906 -0.0051990567052611061 0.91337369600365659 0.045688324240044008 0.25341879324679933 0.17932243167168774 -0.21261991073881614 0.24553491193768495 0.64059801994157028 0.036327504334600073 0.71459702229480804 0.24553491193768495 -0.96039102907839913
decision_type=2 2 2 2 2 2 2 2 2 2 2 2 2 2 2 2 2 2 2 2 2 2 2 2 2 2 2 2 2 2
left_child=1 2 15 4 -3 6 8 -8 9 14 12 -12 -10 -11 -2 16 17 -1 -18 -9 21 22 23 -7 26 -24 -23 -26 -22 -30
right_child=5 3 -4 -5 -6 20 7 19 10 13 11 -13 -14 -15 -16 -17 18 -19 -20 -21 28 24 25 -25 27 -27 -28 -29 29 -31
leaf_value=0.044896219151275785 0.031176192398598646 0.096763873223782243 -0.043773293166014554 -0.011049645830092025 0.012530164090499061 -0.016968003905013032 0.072950622555823047 -0.03461451220976975 0.0016473491471043313 -0.030392478276589675 -0.0088479878837516863 0.00020149491209720406 -0.008001022669949483 0.018909504316091397 -0.00065217590320205379 0.038773852581993222 -0.0080786260253113262 0.0035590197556432043 0.0015909807525796801 0.027132928821362364 -0.018718633567614669 -0.038895003138917028 -0.080283931782436119 0.010375569881273011 0.013713154342361015 -0.025782628261419201 0.018608596082306833 0.061470203861771905 -0.029893255516429646 -0.063182572222924047
leaf_weight=64.967110373079777 157.14463864266872 19.971869707107544 32.082470618188381 28.208534047007561 35.002859219908714 166.56896645575762 22.051413148641586 16.035081923007965 2818.042184472084 65.174636520445347 1864.7624688372016 1130.9562566205859 589.72570466995239 21.693952523171902 45.896281763911247 26.25584127753973 802.54629814624786 3675.6240174174309 6141.8131984174252 20.178706347942352 24.21901611238718 21.01750648021698 15.80485127866268 83.373249426484108 25.878684170544147 53.179227143526077 21.996834736317396 18.68436349183321 15.39252518117428 15.595510598272083
leaf_count=350 853 109 155 163 189 1017 136 98 15374 336 9990 6068 3131 129 238 143 3864 17097 30552 136 172 143 103 571 186 367 151 130 96 113
internal_value=0.000227655 0.00193596 0.00175925 0.024758 0.0431316 -0.00233631 -0.00169556 0.02748 -0.00194953 0.0113782 -0.00255293 -0.00543159 -2.23341e-05 -0.0180801 0.0239816 0.00189563 0.00180501 0.00427697 0.000473483 -0.000208184 -0.0117061 -0.00862479 -0.0144274 -0.00784701 0.0125062 -0.0382694 -0.0094886 0.0337367 -0.034395 -0.0466469
internal_weight=18039.8 10826.5 10743.3 83.1833 54.9747 7213.37 6751.66 58.2652 6693.4 289.91 6403.49 2995.72 3407.77 86.8686 203.041 10711.2 10685 3740.59 6944.36 36.2138 461.711 406.504 318.926 249.942 87.5774 68.9841 43.0143 44.563 55.2071 30.988
internal_count=92160 52622 52161 461 298 39538 36489 370 36119 1556 34563 16058 18505 465 1091 52006 51863 17447 34416 234 3049 2668 2058 1588 610 470 294 316 381 209
is_linear=0
shrinkage=0.1


Tree=169
num_leaves=31
num_cat=0
split_feature=11 11 8 6 4 6 15 0 16 16 15 4 10 8 7 5 1 1 6 4 15 0 6 9 7 5 15 15 10 15
split_gain=20.5233 13.1875 24.998 11.6636 13.9226 12.2421 10.1448 9.8019 22.139 15.4198 24.7449 17.1647 11.3263 9.8742 10.8474 9.53124 9.51007 9.28612 17.6145 9.91354 9.22727 23.5825 11.6699 9.0794 8.74701 8.43142 5.28762 3.43074 1.54593 1.10358
threshold=0.0055749164853555622 0.010467521156656253 -0.35515101836662788 0.010437544105020626 -0.010983353285779705 0.016889114771475037 0.73197054106916093 -0.00041178181544787579 1.0000000180025095e-35 1.0000000180025095e-35 0.58170173572866435 0.0019212399403949478 0.1422417887873805 -0.43461805130473713 0.021309054834213085 0.013016107830139735 -0.09157582868227053 0.0058876384321076012 0.0071302743399280786 -0.011939665603941661 0.56439024635394164 0.008472034906566785 -0.029583182829476359 0.11620594324867591 0.011321510298077044 0.033145331725189082 0.76201239866475923 0.70613604130553698 0.18632303942415948 0.23403267950673337
decision_type=2 2 2 2 2 2 2 2 2 2 2 2 2 2 2 2 2 2 2 2 2 2 2 2 2 2 2 2 2 2
left_child=29 2 3 4 -2 -5 17 9 13 12 11 -11 23 15 -15 -9 -14 18 -4 -19 22 -22 -10 -3 -6 26 -8 -12 -27 -1
right_child=1 7 6 5 24 -7 25 8 20 10 27 -13 16 14 -16 -17 -18 19 -20 -21 21 -23 -24 -25 -26 28 -28 -29 -30 -31
leaf_value=-0.0044155242552146009 0.10527701502165153 0.0065540819903518212 -0.026870210699029312 0.14952830958252092 -0.0011252440798092693 0.011552997640148027 0.041541907975422676 -0.0021167764776341799 0.061969097659333228 -0.00098130869182794819 -0.04751109289028347 -0.025054303096929548 0.017548182324320514 0.0081941131582771703 -0.0010883538259338803 -0.020476866183766727 -4.0210442648011083e-05 0.073549691439039444 0.01417027621607856 -0.037348026218724517 -0.0096164576763792288 0.019685648817133378 0.017376811879492852 -0.050296950599517276 0.060702651731544037 -0.087999701743072048 9.8384154084081078e-06 -0.088654035028938552 -0.032862881767704799 -0.081974208997902864
leaf_weight=1.9448119085282076 14.308544810861347 43.839726101607084 313.24621822405607 12.598785152658822 264.37917066179216 13.13487623259425 37.271332930773497 1250.6425764597952 81.550792410969734 1052.1421126313508 55.652291286736727 412.24727151542902 324.59134848415852 2118.2625747062266 3103.2146230526268 365.34638614952564 5811.0388329178095 8.2568126413971168 156.99192742165178 339.73709544818848 408.17739115282893 839.65155994519591 209.3360728174448 78.203434962779284 25.049885794520378 10.027986247092487 172.66753506753594 31.875872824341059 10.316843770444391 32.375353902578354
leaf_count=89 89 466 4236 110 2196 107 477 5547 327 4718 280 1894 1111 10027 14661 1551 25640 75 2002 4689 2095 3597 1124 726 255 121 1971 142 87 1750
internal_value=-0.000324515 -0.000173557 -0.00956467 0.0144628 0.00898626 0.0791035 -0.0171147 0.000625962 0.00300214 -0.00192261 -0.0108453 -0.00775821 0.000290245 0.00056328 0.00267738 -0.00626767 0.000890263 -0.022333 -0.0131686 -0.0347168 0.0138395 0.0101006 0.0298784 -0.0298752 0.00422592 0.00142659 0.0073832 -0.0624945 -0.0600399 -0.0775792
internal_weight=17598.1 17563.8 1377.99 329.471 303.738 25.7337 1048.52 16185.8 8376.18 7809.59 1551.92 1464.39 6257.67 6837.47 5221.48 1615.99 6135.63 818.232 470.238 347.994 1538.72 1247.83 290.887 122.043 289.429 230.284 209.939 87.5282 20.3448 34.3202
internal_count=92160 90321 16415 2757 2540 217 13658 73906 38929 34977 7034 6612 27943 31786 24688 7098 26751 11002 6238 4764 7143 5692 1451 1192 2451 2656 2448 422 208 1839
is_linear=0
shrinkage=0.1


Tree=170
num_leaves=31
num_cat=0
split_feature=10 3 8 3 8 8 9 13 1 13 20 4 13 14 10 9 10 14 10 6 1 1 6 4 1 13 3 13 4 12
split_gain=18.1447 10.9197 18.2665 15.237 27.5185 19.5338 18.9271 15.3141 14.5915 13.0033 11.3447 10.6027 12.6584 10.3 13.0944 10.3772 10.0188 9.74439 12.8656 9.5875 17.9657 12.348 9.24411 8.64749 7.78347 7.46583 7.07025 6.47823 6.47447 6.02352
threshold=0.088180232202776612 0.10172731353269927 0.86636020561801785 0.1502188827324509 1.2506445445737358 1.1030357913273801 0.35406365917671562 -0.092884573384547059 0.031695743337873068 -0.17592711108363993 1.0000000180025095e-35 0.0012322766620442851 0.30945697956353663 0.98546350926214443 0.32128873559328458 0.22931930088520677 0.35176801150343179 0.012126747888688913 0.24888244670518664 0.038307748397062531 0.0050455106011273463 0.023558438442707001 0.14395429066456014 0.0042949242828806975 -0.020583123339985573 0.092121423050826282 0.13574525228454262 0.12859357321683493 -0.008943282113774929 0.075812659646053507
decision_type=2 2 2 2 2 2 2 2 2 2 2 2 2 2 2 2 2 2 2 2 2 2 2 2 2 2 2 2 2 2
left_child=-1 2 9 4 6 8 16 -8 -5 17 25 22 -13 15 -15 -11 -3 18 -2 20 28 29 -7 -22 -19 -6 -12 -23 -4 -21
right_child=1 3 19 5 10 11 7 -9 -10 13 26 12 -14 14 -16 -17 -18 24 -20 21 23 27 -24 -25 -26 -27 -28 -29 -30 -31
leaf_value=-0.056115091516879323 -0.0057839057192549817 0.020258923598486123 -0.06634430040224755 -0.0040673100475882322 0.011948433402173246 -0.015264910109793329 0.075797558357866501 0.027337301944248216 -0.067465393770668375 -0.0018485029455141409 -0.068028994056071199 0.021151883687324902 -0.019619356158193192 -0.054331077986552102 0.012299067141592642 0.0048532328028382116 -0.016710924456217139 -0.011966548272396578 0.11046429645676777 -0.081088155654143179 0.042478779296167925 -0.0012716444659772947 0.019887349557151685 -0.025554551764658706 -0.0024463995774122904 -0.019860758253412727 -0.0066546932489161886 -0.038873850243954525 -0.016028787333304418 -0.029090954281744481
leaf_weight=57.25714021269232 21.53508123382926 443.68291795253754 30.922066673636436 71.996940799057484 219.48138627409935 352.34558884426951 108.11192017793655 164.33204884827137 73.227226462215185 3679.8650466417894 43.397782668471336 402.07915678992867 93.941912468522787 71.646903939545155 50.132685996592045 6208.9683014191687 87.810190409421921 1148.5726745370775 17.064555540680885 57.55281488597393 82.672424037009478 112.24803058058023 94.974780082702637 24.137891463935375 3403.8294020639732 111.15365230292082 33.07513215392828 77.417555287480354 147.87021906301379 36.349779836833477
leaf_count=2548 204 2096 139 276 883 1332 335 546 275 27200 195 1413 327 522 190 25107 350 5267 65 345 427 527 288 124 19195 477 138 354 731 145
internal_value=8.65665e-05 0.000270761 -0.000702607 0.00669218 0.0144095 -0.00189351 0.0251365 0.0465674 -0.0360349 -1.75221e-05 -0.00677351 0.00336244 0.0134302 0.0020034 -0.0269016 0.00235936 0.014151 -0.00442411 0.0456084 -0.0182779 -0.00534551 -0.0313031 -0.0078014 0.027104 -0.00484834 0.00125475 -0.0414841 -0.0166201 -0.0247308 -0.06096
internal_weight=17527.7 17470.4 15170.8 2299.61 1211.05 1088.57 803.937 272.444 145.224 14601.6 407.108 943.341 496.021 10010.6 121.78 9888.83 531.493 4591 38.5996 569.171 285.603 283.568 447.32 106.81 4552.4 330.635 76.4729 189.666 178.792 93.9026
internal_count=92021 89473 80542 8931 5020 3911 3327 881 551 77750 1693 3360 1740 53019 712 52307 2446 24731 269 2792 1421 1371 1620 551 24462 1360 333 881 870 490
is_linear=0
shrinkage=0.1


Tree=171
num_leaves=31
num_cat=0
split_feature=7 13 1 3 9 10 12 6 7 12 13 5 11 4 1 5 3 11 3 0 4 2 5 3 15 13 1 10 13 2
split_gain=5.52351 9.12721 10.0536 8.59309 7.11181 10.9622 7.28539 6.52065 7.43781 6.70195 6.42499 8.90434 6.18818 6.18743 6.64354 7.30709 5.76213 5.72499 5.59308 10.4087 8.66145 5.43036 15.3198 10.5301 9.80627 9.63161 11.348 9.57815 13.1761 10.7958
threshold=0.036143040355876684 -0.0055859583824872964 0.037317763538497591 -0.041357231931240961 0.090034127367079428 0.13139500563086301 0.032329995925811393 -0.012339878591396956 -0.014562963731261201 0.1043398406518866 0.085546670637379266 0.030559343123664377 0.023414369937025396 -0.0047824968375855805 -0.016573037997939185 -0.011028312185637655 0.043796080854915827 0.050506874840085828 0.080806111306304121 0.036039947323044171 0.025185697056804294 -0.026915544593643089 -0.019807864788813408 0.017094433359300169 0.19978540772532191 0.082566160438861461 0.022765256265810944 0.22132856939548004 -0.34423854891489786 -0.056915862722236803
decision_type=2 2 2 2 2 2 2 2 2 2 2 2 2 2 2 2 2 2 2 2 2 2 2 2 2 2 2 2 2 2
left_child=3 12 4 7 16 -6 -7 17 9 -9 11 -4 13 14 -2 -16 -3 -1 19 -12 -20 25 -23 24 -24 27 -27 29 -29 -5
right_child=1 2 10 21 5 6 -8 8 -10 -11 18 -13 -14 -15 15 -17 -18 -19 20 -21 -22 22 23 -25 -26 26 -28 28 -30 -31
leaf_value=1.5097634285151562e-05 0.017440445553423393 -0.0080547269228638564 0.031668399306940494 0.08190868823585766 -0.035130824393618747 0.0034867529387639529 -0.012670704950050555 -0.025416307588353698 0.0098619014313457293 0.00038581904623848692 0.012558298162339691 -0.023976766375990541 -0.0080169498121342841 0.0056801493690183825 -0.067682026936894221 -0.0082264750611670233 0.043715298660887886 -0.052475686860032802 0.004139069471052496 0.087189016035557135 -0.045011800969580962 -0.017630350342783391 0.012818894570798035 0.0087200093232720731 -0.0020654285785641074 0.023155282303700536 -0.052662920395717433 0.022646503502889905 -0.012062417214955278 0.012012866262015452
leaf_weight=3548.0931863300502 99.772953949868679 43.141920421272516 35.107131600379944 23.887778803706169 179.60821791738272 358.49966616928577 1259.4745927974582 323.69909759610891 127.25916944071651 146.10523671656847 237.60894258320332 158.99155255407095 567.69148714840412 2329.1335913706571 21.679435886442661 444.34219944477081 42.856632754206657 20.900619518011808 451.85352069884539 20.283144794404507 38.94324216991663 358.36247375607491 519.96332539245486 2428.5775184053928 2976.3243165891618 498.49248659610748 20.555256478488445 141.98552323877811 476.14605616033077 294.93215836584568
leaf_count=17791 504 305 171 116 1074 1723 6169 1553 622 721 1191 785 2989 11527 96 2125 244 132 2283 102 220 1789 2596 11941 16144 2514 88 731 2277 1498
internal_value=0.000484946 -0.00191234 -0.00612898 0.00175132 -0.0103485 -0.0116925 -0.00909065 -0.00191045 -0.0115831 -0.0173921 0.00230111 -0.0139121 0.0015295 0.00340155 -0.00597848 -0.0109924 0.0177444 -0.000292297 0.00650441 0.018428 0.000239096 0.00372246 0.00244733 0.00366172 0.000148148 0.00922517 0.0201527 0.00317156 -0.00408974 0.0172499
internal_weight=18194.3 6288.99 2826.37 11905.3 1883.58 1797.58 1617.97 4166.06 597.064 469.804 942.788 194.099 3462.62 2894.93 565.795 466.022 85.9986 3568.99 748.689 257.892 490.797 7739.23 6283.23 5924.87 3496.29 1456 519.048 936.952 618.132 318.82
internal_count=92021 31508 14267 60513 9515 8966 7892 20819 2896 2274 4752 956 17241 14252 2725 2221 549 17923 3796 1293 2503 39694 32470 30681 18740 7224 2602 4622 3008 1614
is_linear=0
shrinkage=0.1


Tree=172
num_leaves=31
num_cat=0
split_feature=10 14 7 6 9 13 5 14 3 14 15 14 7 6 3 12 14 9 12 10 12 14 10 12 12 3 4 13 5 5
split_gain=7.84207 7.82601 5.17628 8.90933 5.54322 7.79735 11.7674 14.4609 10.105 7.01327 5.82594 5.48746 5.04991 10.4806 7.20164 4.90026 4.52416 3.9807 6.6712 3.85617 7.33774 6.49239 5.96573 5.5062 5.24045 5.64886 5.54899 4.38154 4.4995 3.73606
threshold=0.22763528093929566 0.99002148230190612 0.11986643801219611 0.020067124573733944 0.21761576269685659 -0.18603483274405411 0.0069503116977678312 0.88614379989847258 0.029533474102399818 0.062298675527250914 0.81768717215069164 0.98546350926214443 0.035458405023426127 0.0058651185624951649 -0.020064651432794008 0.037544437117178871 0.41859385899573187 0.14240036436485631 0.021844782688663914 0.54009305428302812 0.1957323502263516 0.21267478886889105 0.56307453166576693 0.36672780399871213 0.12810829837094237 -0.16431128452137053 -0.00028604773658091881 0.75292459532936695 0.034533977214929353 0.0036919983575146591
decision_type=2 2 2 2 2 2 2 2 2 2 2 2 2 2 2 2 2 2 2 2 2 2 2 2 2 2 2 2 2 2
left_child=2 19 4 -4 11 6 16 -8 9 -7 -10 12 13 -1 -14 17 -6 -5 -19 23 21 22 -21 24 25 -2 -26 28 -22 -13
right_child=1 -3 3 15 5 8 7 -9 10 -11 -12 29 14 -15 -16 -17 -18 18 -20 20 27 -23 -24 -25 26 -27 -28 -29 -30 -31
leaf_value=0.0025337970302610987 -0.022290958634474844 0.059607572390158826 0.039532035839043272 -0.065269974848247883 0.026182652479671772 -0.024014791983991212 0.031736089073848353 0.12799619394693898 -0.017885218688049178 0.014534058222941876 0.012869354493154815 -0.0030959618478634192 -0.033836843110848211 -0.0071278946052101277 0.0055947329392140952 -0.0037903427009845871 -0.0062848205169466322 0.026199234084420195 -0.039647116257565174 -0.040120174545468207 0.0017088875630627423 -0.029879905742344705 0.04020070906428732 -0.058137111749525405 -0.0039448964922604917 -0.0027710831733851788 0.010935007012557962 0.042954013535900178 -0.023936386682316065 -0.048382764526567042
leaf_weight=3384.6954522915184 151.95959964394569 20.038471378386021 28.333616361021996 30.554032564163208 71.424558900296688 51.510774984955788 90.873338989913464 18.842283047735691 250.88103278726339 563.32252556085587 81.638665586709976 35.363345704972744 47.218908607959747 1680.0145669132471 2425.6673720628023 97.080572985112667 107.53411023318768 20.623579420149326 60.592250913381577 13.92773127183318 297.73148492723703 223.88684666901827 27.515924982726574 17.614621445536613 442.45505313947797 6079.9457257352769 578.03253574669361 20.778912119567394 88.825566381216049 37.570339418947697
leaf_count=15948 1107 114 146 122 378 253 489 108 1259 3010 433 177 211 7552 11064 481 558 103 306 108 1976 1958 231 101 2723 36622 3513 139 647 184
internal_value=-0.000516818 -0.00280769 0.00149133 -0.0130874 0.0018822 0.00809357 0.0224819 0.0482676 0.00370919 0.0113044 -0.0103345 0.000873414 0.00113755 -0.000671082 0.0048418 -0.020226 0.00667334 -0.0345017 -0.0229264 -0.00296515 -0.0102089 -0.0231498 0.0132077 -0.00229492 -0.00215929 -0.00324706 0.00448349 -0.00177945 -0.00418405 -0.0264246
internal_weight=17046.5 7962.71 9083.74 237.184 8846.56 1236.03 288.674 109.716 947.353 614.833 332.52 7610.53 7537.6 5064.71 2472.89 208.85 178.959 111.77 81.2158 7942.67 672.666 265.331 41.4437 7270.01 7252.39 6231.91 1020.49 407.336 386.557 72.9337
internal_count=92021 49239 42782 1158 41624 6488 1533 597 4955 3263 1692 35136 34775 23500 11275 1012 936 531 409 49125 5059 2297 339 44066 43965 37729 6236 2762 2623 361
is_linear=0
shrinkage=0.1


Tree=173
num_leaves=31
num_cat=0
split_feature=12 14 9 14 11 14 8 3 5 9 4 4 3 1 9 3 15 13 6 3 1 5 14 10 11 0 6 12 12 9
split_gain=6.04926 5.61695 12.3168 9.45171 7.79822 8.03837 5.10843 16.027 9.04351 12.0802 7.13702 11.211 9.72068 7.48361 5.68183 8.03767 7.28939 5.20354 5.08909 10.8748 8.24997 7.83442 6.48666 6.18947 4.91764 4.88498 4.88483 4.78761 4.721 10.4234
threshold=0.055645632040090799 0.015037611334164015 0.28539510581388233 0.036519913240112611 0.0088072359992135158 0.92497562593601446 0.091713443835765171 0.03433814018920562 0.045479344938233142 0.31088017187509343 0.0067340508106541472 0.0098537243351715115 0.035719161433190434 -0.015324842091673173 0.28698437832336138 -0.032617168717613547 0.040816373621302325 0.2288789742323635 0.0027783459744196164 0.0028241885817901218 -0.0048749480057572727 0.0053812675788624817 0.6203902865585833 0.11651539394263651 0.019948861258390557 -0.002063984220851633 0.0065150170818326645 0.036971401486504747 0.23345880716586126 0.16580984321389161
decision_type=2 2 2 2 2 2 2 2 2 2 2 2 2 2 2 2 2 2 2 2 2 2 2 2 2 2 2 2 2 2
left_child=6 2 -2 -3 5 -5 7 8 14 -10 18 12 -12 -13 15 -1 -16 26 20 22 23 -21 -20 -8 -15 -14 27 -9 -6 -30
right_child=1 3 -4 4 28 -7 10 17 9 -11 11 13 25 24 16 -17 -18 -19 19 21 -22 -23 -24 -25 -26 -27 -28 -29 29 -31
leaf_value=0.0079264970429347246 0.068479157207035332 -0.02808214771359396 -0.019256350009390834 -0.031207452018936523 -0.0018730074206035575 0.031792212751610809 0.042239784948317233 -0.029035062897090694 -0.0049078356484087886 0.10675457218035828 0.0075623268012703169 -0.024898870535206757 0.0041265681357285982 0.017562067106019461 0.023650720171426193 -0.00080945517080528197 -0.011317114310444059 0.0065842750730162464 0.079032949672711572 0.015923231196106648 -0.019073764251079726 0.0040326369202398011 0.010227378341731147 0.0019500317342432049 -0.0074320564341401876 -0.037509081250427477 -0.034217781547400912 0.032260853646406414 0.049999743321057048 0.0032258769020866644
leaf_weight=1549.4427041113377 34.290694110095501 137.9681244045496 29.999657101929188 149.48393182642758 7009.6256454139948 23.427182130515575 42.030837744474411 26.731953322887421 19.975909434258938 18.813236802816391 94.674777336418629 68.996616691350937 33.439038254320621 289.92103342711926 66.172200992703438 3288.4235212597996 601.58378588408232 53.421531617641449 34.126341365277767 763.30042247474194 191.3968363981694 2021.912961691618 22.893321976065636 410.81516030430794 108.05940166115761 179.15545271337032 215.04996144026518 24.349280670285225 53.091555871069431 464.27812158688903
leaf_count=7296 188 761 183 763 36905 120 199 128 102 106 457 328 172 1418 369 16410 3155 269 187 3767 960 9948 115 1945 581 839 1114 129 279 2828
internal_value=0.000175189 -0.00189833 0.0275393 -0.0021398 -0.00167496 -0.0226718 0.00179354 -0.000121149 0.00113394 0.0492499 0.0044287 -0.00425631 -0.0190908 0.00550471 0.000794942 0.00198844 -0.00785193 -0.0218976 0.0063574 0.00817635 -0.00166736 0.00729131 0.0514076 0.00568952 0.0107757 -0.0309602 -0.0276148 0.000183328 -0.00119262 0.00802573
internal_weight=18026.9 7902.16 64.2904 7837.87 7699.91 172.911 10124.7 5863.96 5544.41 38.7891 4260.72 774.246 307.269 466.977 5505.62 4837.87 667.756 319.553 3486.48 2842.23 644.243 2785.21 57.0197 452.846 397.98 212.594 266.131 51.0812 7527 517.37
internal_count=92021 42027 371 41656 40895 883 49994 29078 27438 208 20916 3795 1468 2327 27230 23706 3524 1640 17121 14017 3104 13715 302 2144 1999 1011 1371 257 40012 3107
is_linear=0
shrinkage=0.1


Tree=174
num_leaves=31
num_cat=0
split_feature=11 1 8 3 6 6 8 3 3 8 13 11 10 12 17 12 13 12 10 15 6 13 4 10 11 2 13 3 3 6
split_gain=20.0108 12.4033 19.2937 24.8244 21.9919 19.4015 19.1984 27.2236 18.2068 17.7064 16.1168 15.4762 15.2816 21.3426 15.2042 13.9299 15.3434 13.3043 12.8652 14.4508 12.1294 8.8556 8.6918 8.24914 7.51367 7.48247 7.0721 6.92391 7.73934 14.574
threshold=0.0074558475559194561 0.024400940288355159 0.65122178424345423 0.10172731353269927 0.041178774278326953 0.032197691597072427 -0.33105917124905798 -0.029967485564183379 -0.092005446520938769 -1.5849948737803945 -0.42606203037173468 0.0096023911673344137 0.37772621868470418 0.12810829837094237 1.0000000180025095e-35 0.092982831258264773 -0.4888555942199112 0.08748111543201649 0.28084707115572716 0.77043903468655472 0.050643144536712488 -0.022652479799695067 0.0021715369638446451 0.3405877433765791 0.022451232989641134 0.069258939692706148 -0.2497980783509077 -0.0030471579152391288 0.041499730906753303 0.014984155660161315
decision_type=2 2 2 2 2 2 2 2 2 2 2 2 2 2 2 2 2 2 2 2 2 2 2 2 2 2 2 2 2 2
left_child=26 2 4 5 12 11 8 14 9 -3 -7 -4 17 -14 21 16 -9 -2 19 -5 -17 -8 -20 -11 -6 -26 27 -1 29 -29
right_child=1 6 3 18 24 10 7 15 -10 23 -12 -13 13 -15 -16 20 -18 -19 22 -21 -22 -23 -24 -25 25 -27 -28 28 -30 -31
leaf_value=-0.065384593701116642 0.00065771487412000468 -0.031010813918106447 -0.062080321332788471 0.0056644873824022871 -0.03962248861548974 0.10687333793948835 0.077484222145060108 0.022024317061277457 -0.030828098054667481 0.070130660721375568 0.035715662561786439 0.016404778658948991 0.017865399635942605 -0.0019333882353539382 -0.0076037822455941474 -0.0098982940612295477 -0.0097239070727447655 -0.010119662276877127 0.0024920890259113055 0.068560480595289214 0.012326338024079668 0.022693546480476688 -0.021229981202554267 0.012131586701685584 0.038881303038473522 -0.025334497908716714 -0.049094659142838885 -0.00080367050342589888 -0.044355978609107581 0.15796306341616653
leaf_weight=14.624235427007077 7382.1248536258936 95.8145437464118 26.431432085111737 136.0392580665648 182.65554628148675 36.245827779173851 75.087714083492756 162.82327986881137 474.89072405546904 30.775915302336216 261.26242353208363 507.9642956443131 1131.9901042282581 1049.0223101451993 54.090262077748775 352.35749020799994 2338.4655901473016 1355.7891413271427 372.46640282124281 49.939594976603985 810.25748075917363 48.586413763463497 263.88470203429461 120.68922478705645 27.938460275530815 51.764976367354393 112.00327951507643 20.02298552449793 14.761966593563555 8.1291070347651821
leaf_count=293 42752 354 265 673 1068 145 270 752 2193 130 1300 2164 3749 3954 232 1531 12346 6478 1358 230 2779 196 967 418 98 191 4034 644 301 156
internal_value=-0.000266877 6.6267e-05 0.00165833 0.011738 0.000167071 0.0239175 -0.00441132 -0.00159924 -0.0193705 0.00263346 0.0443849 0.0125229 0.000854525 0.00834259 0.0366182 -0.00345347 -0.00765723 -0.00101452 -0.000583187 0.0225535 0.00559065 0.0559592 -0.00734508 0.0239163 -0.0284436 -0.00282492 -0.0344561 -0.0059608 0.0142896 0.0450413
internal_weight=17568.9 17399.4 12835.5 1654.23 11181.3 831.904 4563.84 3841.67 722.17 247.28 297.508 534.396 10918.9 2181.01 177.764 3663.9 2501.29 8737.91 822.33 185.979 1162.61 123.674 636.351 151.465 262.359 79.7034 169.542 57.5383 42.9141 28.1521
internal_count=92021 86593 65392 7102 58290 3874 21201 18106 3095 902 1445 2429 56933 7703 698 17408 13098 49230 3228 903 4310 466 2325 548 1357 289 5428 1394 1101 800
is_linear=0
shrinkage=0.1


Tree=175
num_leaves=31
num_cat=0
split_feature=9 13 7 1 11 7 9 14 7 14 4 15 15 4 4 15 3 4 15 11 11 12 6 13 15 2 2 1 1 12
split_gain=17.5139 11.7175 15.6165 17.6479 13.1191 19.3606 16.0354 12.4663 16.9756 15.2866 10.8996 10.444 17.2691 14.4151 14.2993 13.9043 11.75 11.8298 10.5233 10.1242 9.47177 8.84849 6.83404 7.00402 8.66882 6.48861 6.99638 5.68974 5.03463 5.74689
threshold=0.077848939175672802 -0.23736366205661572 -0.16351282799699032 -1.0000000180025095e-35 0.0096023911673344137 0.0096029593968236533 0.11620594324867591 0.062298675527250914 -0.099964883029326143 0.24260385849410396 -0.0082717871884399035 0.92141154029566052 0.82631326925123272 0.015626871110317356 0.025185697056804294 0.83952789699570818 0.099560341246551345 -0.021910104163111784 0.34122720826110742 0.020731627329251854 0.025030394884664148 0.023375095036138254 0.029572934138862642 -0.49962555054103602 0.41434149822597027 0.10963293730593372 0.052646036014750049 -0.074644787715394831 -0.0070587341630017333 0.1043398406518866
decision_type=2 2 2 2 2 2 2 2 2 2 2 2 2 2 2 2 2 2 2 2 2 2 2 2 2 2 2 2 2 2
left_child=10 11 3 19 5 21 -7 8 -6 -9 -1 12 16 15 -15 -14 17 -2 -18 -3 28 -4 23 24 -12 26 -22 -21 -13 -30
right_child=1 2 4 -5 7 6 -8 9 -10 -11 22 20 13 14 -16 -17 18 -19 -20 27 25 -23 -24 -25 -26 -27 -28 -29 29 -31
leaf_value=0.077432825083777274 0.017640623381091652 -0.051833488853526399 -0.0045015276116426167 -0.066633714900502558 -0.028038044968992377 0.02904932975592138 -0.012619552057732603 -0.0054288826949784319 0.021917876281399053 0.0038674582349937656 0.1342310630347161 -0.080662547559703576 0.056477595052880414 0.09482222106939292 0.0017661962717864595 0.00036976463853144941 -0.0084471011095256544 -0.0089499103733703192 0.024294559572377708 -0.013953404337411294 -0.007001537148631375 -0.049350891556205319 0.011650493531678499 -0.074491833925962994 -0.058044344015585225 -0.040948911348121883 0.043994786120048146 0.015677590191403603 -0.039746325964610967 6.0055323751314704e-05
leaf_weight=7.090851833112537 177.52529522031546 46.452881515026093 61.912154372781515 63.491356633603573 76.885503195226192 134.63803804665804 294.06827405840158 2185.4021412357688 590.0753563195467 9279.7927133068442 3.7949781729839724 21.281108036637306 51.005247753113508 41.311497151851654 27.508824974298477 329.45307007059455 167.77962923794985 2907.8522510165349 236.58082445710897 150.72456651926041 94.659251511096954 151.96669581439346 14.560019051656125 67.791478043422103 6.1363579332828522 34.962847709655762 37.584383204579353 113.68043325841427 138.76526791974902 49.101747386157513
leaf_count=114 694 227 1109 240 325 2314 3297 11000 2664 43007 93 108 253 162 101 1613 645 16311 965 481 300 2009 155 2366 173 104 111 405 712 202
internal_value=-0.000180933 5.72658e-05 0.00154115 -0.0185906 0.00213109 -0.0117934 0.000466834 0.00286861 0.0161591 0.00209547 -0.0420432 -0.0044642 -0.00294355 0.01551 0.0576259 0.00789173 -0.00531931 -0.00741995 0.0107092 -0.00877797 -0.0203797 -0.0363682 -0.0512236 -0.0630019 0.0154282 -0.00263706 0.0074919 -0.00121361 -0.0345643 -0.0293424
internal_weight=17563.8 17464.5 13149.1 374.349 12774.7 642.585 428.706 12132.2 666.961 11465.2 99.3737 4315.37 3939.02 449.279 68.8203 380.458 3489.74 3085.38 404.36 310.858 376.355 213.879 92.2828 77.7228 9.93134 167.206 132.244 264.405 209.148 187.867
internal_count=92260 89359 67078 1353 65725 8729 5611 56996 2989 54007 2901 22281 20744 2129 263 1866 18615 17005 1610 1113 1537 3118 2787 2632 266 515 411 886 1022 914
is_linear=0
shrinkage=0.1


Tree=176
num_leaves=29
num_cat=0
split_feature=3 6 12 3 8 2 3 8 8 14 7 0 4 8 12 9 6 9 5 8 7 14 13 9 8 0 9 13
split_gain=4.7329 6.17517 6.14884 5.69221 17.0616 7.50541 7.4454 17.1762 9.57535 7.15172 14.9657 6.35001 6.25431 12.693 5.254 11.8835 5.17644 4.70292 3.57294 3.49806 3.60288 3.3638 2.58051 2.32325 4.52724 1.88899 1.8297 1.50883
threshold=-0.23884704924642272 -0.10245879821416069 0.10839485764507163 -0.077176585342828993 0.020443966222849993 -0.021354971386772888 0.017094433359300169 0.040711891933488266 -0.98445754034444055 0.040816373621302325 0.0054188658555686118 0.00040478319908432431 -0.0041407926660315111 -0.17461353847508806 0.151541088153509 0.50514709251838108 0.0091015191266143897 0.67086003321533616 -0.072634567252012935 -1.0620849562526244 -0.1723512095757018 0.37554601812112548 -0.053492810792145219 0.45865024094401352 -0.67811614363691275 -0.0028165049645849645 0.6097946614853762 0.26882549738537709
decision_type=2 2 2 2 2 2 2 2 2 2 2 2 2 2 2 2 2 2 2 2 2 2 2 2 2 2 2 2
left_child=19 2 23 4 12 9 8 -8 -7 10 -5 -11 13 -3 15 -4 -14 22 -19 20 21 -1 -16 24 27 -6 -23 -2
right_child=1 3 14 5 25 6 7 -9 -10 11 -12 -13 16 -15 17 -17 -18 18 -20 -21 -22 26 -24 -25 -26 -27 -28 -29
leaf_value=-0.047459950856438435 -0.031006513773426198 -0.016989882477761228 0.11016810094533583 0.048379692543521514 -0.047496574703870101 0.020289823587971503 0.013614682492508577 -0.00063439463055381309 -0.0045902985167810759 0.007104284096568287 -0.029174220538859458 -0.0019928435317420738 -0.00098684500181080138 0.030220420331002425 0.017027860719628817 0.0090478253513303717 0.040479255975799711 0.015849444532013736 0.069515619552013894 0.011288689173537297 -0.061293523032735733 0.018248563119615698 -0.034162135116809669 -0.028316292971587605 0.037852762394536207 -0.08815737932947032 -0.023823992849643816 0.0061073704338219983
leaf_weight=23.408291466534138 23.581730537116528 558.07740698754787 22.003871396183968 93.61321771889925 26.275942228734493 159.83476739376783 970.84039176814258 6577.1313900724053 4801.412866724655 2004.606634914875 33.89012461155653 1243.1344793513417 1306.4273469261825 63.421557150781155 18.312605075538158 24.630808658897877 30.815539538860321 35.106205552816391 19.18556322902441 27.265009380877018 25.665070042014122 23.63172585517168 21.304080009460449 26.894757002592087 27.663487330079079 20.216123208403587 18.373429391533136 20.455703921616077
leaf_count=142 119 2777 112 463 132 778 4902 32667 25141 9938 173 6151 6575 305 112 135 159 187 116 168 154 140 112 146 144 99 116 97
internal_value=-0.00020096 -7.08372e-05 0.0158922 -0.000284222 -0.00530467 0.000349554 -0.000779562 0.00119836 -0.00378874 0.00453424 0.027766 0.00362219 -0.00388356 -0.0121723 0.0293228 0.0567599 -3.12966e-05 0.0156976 0.0348139 -0.0201342 -0.0295409 -0.0170827 -0.0104998 -0.00325245 0.00614891 -0.0651771 -0.000154348 -0.0137668
internal_weight=18247.2 18128.8 239.139 17889.7 2005.23 15884.5 12509.2 7547.97 4961.25 3375.24 127.503 3247.74 1958.74 621.499 140.543 46.6347 1337.24 93.9085 54.2918 118.344 91.0785 65.4134 39.6167 98.5957 71.7009 46.4921 42.0052 44.0374
internal_count=92260 91540 1280 90260 10047 80213 63488 37569 25919 16725 636 16089 9816 3082 774 247 6734 527 303 720 552 398 224 506 360 231 256 216
is_linear=0
shrinkage=0.1


Tree=177
num_leaves=31
num_cat=0
split_feature=11 6 12 14 14 3 12 15 3 9 8 11 9 11 12 14 11 12 14 14 9 8 1 3 6 11 8 12 3 2
split_gain=8.8237 10.3298 9.42203 9.57726 5.74626 8.44509 7.68467 7.25468 6.56284 6.43359 5.55937 5.44047 6.25066 8.81947 7.13378 6.10013 5.48811 5.24351 5.00216 8.18287 5.13522 4.75342 4.71196 7.11812 5.04383 4.23145 4.18708 6.10323 8.98467 3.92538
threshold=0.010859631002326545 0.050643144536712488 0.024813663986812579 0.86491032052873662 0.26419647114926087 -0.035441016578032773 0.097342542405376431 0.23403267950673337 0.08850982530597086 0.15423881684709112 0.71452416100311855 0.026332835047129771 0.5371640622851227 0.025448142210334992 0.1957323502263516 0.56439024635394164 0.010920895704577637 0.025386067456669496 0.26852877382435741 0.22113449048577619 0.15634012798437336 0.025647805146717904 0.023558438442707001 0.054615283548485223 0.026154123909725272 0.023109875888847355 2.2618292999967253 0.1957323502263516 0.22686298661675067 0.058840500022934179
decision_type=2 2 2 2 2 2 2 2 2 2 2 2 2 2 2 2 2 2 2 2 2 2 2 2 2 2 2 2 2 2
left_child=1 4 -3 29 5 6 9 17 22 -1 -10 12 16 14 25 -16 -2 -7 19 -18 -20 -9 24 -24 -6 -14 -13 -28 -29 -4
right_child=11 2 3 -5 8 7 -8 21 10 -11 -12 26 13 -15 15 -17 18 -19 20 -21 -22 -23 23 -25 -26 -27 27 28 -30 -31
leaf_value=-0.011593037334635438 -0.027252888727871724 -0.0096150268618395447 0.037351256486115918 -0.0095182233023859194 0.0060386203201483009 0.00073122527053236675 0.069932257398139838 -0.00953939020421035 -0.058738402339604638 0.029822779924221401 -0.0050067365903384677 -0.0058847044480028346 0.0092207611174056521 0.075150896957247318 -0.0013821089962609337 0.062891869736123138 6.0540421819804346e-05 -0.036062044440632782 -0.0081458311218153227 0.013972040952866256 -0.0011703679484144161 0.0037187808327867377 -0.013421901463831629 0.0207379538317558 0.021594819559523346 -0.030871528951544842 -0.048198215269518424 0.071897177707018908 -0.032305034566513943 0.085725361449043733
leaf_weight=73.300643607974052 80.174322120845318 39.678203850984573 27.723642200231552 21.605052456259727 2362.635866265744 57.271843209862709 24.566251561045647 496.75355428829789 27.608187049627304 76.812379881739616 63.650186985731125 1451.3383489251137 70.00824248790741 22.898573257029057 24.979398056864738 36.115096241235733 2281.6385020911694 119.66104172170162 1255.4018672481179 519.00068178027868 6624.3060529828072 593.51520368456841 253.70725294947624 80.309934735298157 228.59290650486946 42.189191937446594 56.882478423416615 12.750380452722309 23.572483289986849 42.475323021411896
leaf_count=337 371 174 136 96 10610 244 134 2110 115 382 296 10717 459 181 140 205 12324 519 5933 2859 37517 2548 1125 365 1015 298 516 117 217 200
internal_value=-0.000271129 0.00347875 0.0311036 0.0487025 0.00266406 -0.00252861 0.0180843 -0.00537003 0.00514615 0.00959931 -0.0212621 -0.00164791 -0.000864654 0.0168242 0.00911702 0.0366125 -0.00118717 -0.0241523 -0.000991497 0.00263855 -0.0022817 -0.00232197 0.00597 -0.00520862 0.00741096 -0.005855 -0.00720415 -0.0277498 0.00427297 0.066621
internal_weight=17091.1 4589.87 131.482 91.804 4458.39 1441.88 174.679 1267.2 3016.5 150.113 91.2584 12501.3 10956.7 196.191 173.292 61.0945 10760.5 176.933 10680.3 2800.64 7879.71 1090.27 2925.25 334.017 2591.23 112.197 1544.54 93.2053 36.3229 70.199
internal_count=92260 20406 606 432 19800 6274 853 5421 13526 719 411 71854 60287 1283 1102 345 59004 763 58633 15183 43450 4658 13115 1490 11625 757 11567 850 334 336
is_linear=0
shrinkage=0.1


Tree=178
num_leaves=31
num_cat=0
split_feature=11 6 6 6 11 13 13 8 4 7 7 13 11 10 8 9 7 9 6 10 13 13 4 13 9 11 7 13 1 4
split_gain=5.43001 7.73363 6.72352 6.09991 5.60387 5.73799 5.77525 5.1293 7.31369 7.60424 4.6514 6.95247 4.56441 4.09244 7.87958 13.8496 8.62586 4.0883 6.07324 4.73157 3.9319 8.95855 4.68797 4.15602 3.47701 2.7514 6.1637 5.36733 2.58066 1.7388
threshold=0.030525658734873097 0.020829919148498636 0.015757067062879274 0.048653720093290505 0.043573489337337269 0.17927913046905392 0.008386849865265316 2.4931872844167948 -0.005115110398140831 0.20162128192092424 -0.19564367859643822 -0.011337961502441606 0.024426783369909683 0.098883821536504143 0.14157384838344586 0.10437676369504914 0.041060788353028184 0.67086003321533616 -0.10245879821416069 0.38110519425809947 0.11860856279708963 0.008386849865265316 -0.01162803235360199 0.22405595159076119 0.35956215366100758 0.012378655175097061 -0.13863806533129028 -0.54889143797696083 0.10056260890186898 -0.0066829432200128372
decision_type=2 2 2 2 2 2 2 2 2 2 2 2 2 2 2 2 2 2 2 2 2 2 2 2 2 2 2 2 2 2
left_child=7 2 4 24 17 6 -6 10 -9 -10 11 -1 -11 14 16 -16 -12 19 -19 -2 21 22 -5 -22 -3 26 -15 -27 -25 -26
right_child=1 3 -4 20 5 -7 -8 8 9 12 13 -13 -14 25 15 -17 -18 18 -20 -21 23 -23 -24 28 29 27 -28 -29 -30 -31
leaf_value=-0.0029550058897544161 0.00036823420684840624 -0.015518978075901725 0.050682248130954947 0.038720066363187755 0.019763445059235243 -0.0092224500330958786 0.088788299187070097 -0.028660613335034377 0.091912295268724881 -0.0078411450659400059 0.0048987421294735519 0.065358151668358497 0.052142680014709286 -0.04920581766190054 0.01347041278659541 0.086399698950996195 -0.039872559241550136 -0.015798728394387961 0.031343709635466017 -0.019814271227758359 -0.059609572110605941 0.054654570298719563 -0.019628088071290826 0.00034372201504210653 -0.02745389162020135 0.0074432173633552021 0.002057522735664652 -0.0015292966237026352 -0.033254053620349451 -0.063876025236998521
leaf_weight=32.675010778009892 214.27840885519981 38.377030842006207 24.524384081363678 16.102684129029512 45.870722353458405 43.802791364490986 16.475281901657581 20.382001914083958 19.809095047414303 28.380842842161655 421.59974149242043 27.383551947772503 22.939148046076298 23.557569235563278 202.85037074424326 29.874489307403564 47.924868814647198 48.495400629937649 62.605903625488281 253.67763383686543 25.473756924271584 25.395646333694458 95.050205800682306 53.400372937321663 18.303813211619854 714.0368271023035 5364.5219172388315 10056.530634768307 39.976389355957508 46.170698888599873
leaf_count=175 1207 218 154 109 287 262 106 122 125 173 2501 163 147 100 1047 140 286 295 414 1528 165 169 606 355 114 3696 25249 51793 275 279
internal_value=0.000105701 -0.00681098 -0.000765135 -0.0187884 -0.0026065 0.0185156 0.0380037 0.000539905 0.0241513 0.0392845 0.000412211 0.0281922 0.0189706 0.000313258 0.00778647 0.0228322 0.000328888 -0.00647846 0.0107662 -0.0105726 -0.0105078 0.00106798 -0.0111752 -0.0238072 -0.0393507 -1.15251e-05 0.00183339 -0.000934462 -0.0140401 -0.0535361
internal_weight=18080.4 1067.98 709.731 358.251 685.206 106.149 62.346 17012.5 91.5111 71.1291 16921 60.0586 51.32 16860.9 702.249 232.725 469.525 579.057 111.101 467.956 255.399 136.549 111.153 118.851 102.852 16158.6 5388.08 10770.6 93.3768 64.4745
internal_count=92260 6543 4253 2290 4099 655 393 85717 567 445 85150 338 320 84812 3974 1187 2787 3444 709 2735 1679 884 715 795 611 80838 25349 55489 630 393
is_linear=0
shrinkage=0.1


Tree=179
num_leaves=31
num_cat=0
split_feature=11 15 0 15 7 5 3 3 7 13 16 11 16 2 5 2 10 13 13 2 15 14 18 4 4 9 13 9 14 14
split_gain=17.573 10.7188 15.4631 25.4251 12.9203 14.3972 15.2156 12.3516 19.9543 18.6538 19.611 13.4369 11.0083 10.0321 9.98269 9.61784 8.30984 8.29473 7.25888 11.7982 6.86617 10.0003 7.68733 5.79401 4.69024 4.19864 7.75316 6.92045 4.70533 11.4425
threshold=0.0074558475559194561 0.049409294383681766 -0.021033616697996301 0.26420565388571637 0.10933370637226815 -0.0089723396844154629 0.21159736309275853 -0.082960003856255668 -0.1723512095757018 -0.039198423080647769 1.0000000180025095e-35 0.045688324240044008 1.0000000180025095e-35 -0.039623831608334374 -0.086663556834396846 -0.091558588791516002 0.1884263800311369 -0.78023242314724595 0.38486218749974149 -0.0072795954458269021 0.012126747888688913 0.6203902865585833 1.0000000180025095e-35 -0.0048863044856961571 -0.0039447482144554505 0.096045537788358962 -0.23364422449284511 0.12749016732691329 0.69752454138432884 0.71892683760340137
decision_type=2 2 2 2 2 2 2 2 2 2 2 2 2 2 2 2 2 2 2 2 2 2 2 2 2 2 2 2 2 2
left_child=17 4 3 12 14 -6 24 9 -9 10 -4 -11 16 -10 -2 -14 -3 -1 25 -20 21 -16 -22 -5 -7 28 27 -27 -19 -30
right_child=1 2 7 23 5 6 -8 8 13 11 -12 -13 15 -15 20 -17 -18 18 19 -21 22 -23 -24 -25 -26 26 -28 -29 29 -31
leaf_value=0.047079840769131583 0.037362957521689451 -0.053474007184308447 0.010311282389215894 -0.075258848910682852 -0.0049726318735664639 0.11070578900159916 0.0077752545427140236 0.07377118984369882 -0.007622621747057118 -0.0027625886955778352 0.043438276825075353 0.062601902333773565 0.023567086840120006 0.00065588037872393932 -0.034001695553168058 -0.041097280298937923 0.0013516536489622958 -0.079187524185955774 0.24467250267847163 -0.025263813375777867 0.0017874547646624034 0.014159626263866338 0.026706587951172922 -0.027017840141848812 0.057876722301620054 0.056654488747374977 -0.050263544055332066 -0.045137749104101961 0.19663685798036823 -0.049864067461155709
leaf_weight=12.285427568480371 91.678141325712204 28.834504291415215 811.32365944236517 68.921947740018368 55.538059882819653 36.581390544772148 38.628266841173172 36.365224808454514 1679.5264780297875 1108.1948504820466 229.18589009344578 32.368267700076103 27.80732236802578 11397.995337102562 108.00715486705303 133.07507256790996 670.450041025877 46.159943593665957 2.322346125729382 5.3476160396821788 593.81430517882109 71.75710503757 156.4033547565341 38.976676218211651 31.08646060526371 16.205571151338521 55.062757265754044 11.361311987042425 2.1806551818735889 13.802616599947212
leaf_count=177 296 196 3093 319 171 111 103 115 7504 4606 797 91 101 62121 407 559 2622 2024 69 260 2403 256 634 183 106 377 1601 222 86 650
internal_value=0.000543267 0.00085021 0.000181557 -0.012075 0.0100385 0.036291 0.0578506 0.000957315 -0.000201616 0.00792548 0.0176079 -0.000907597 -0.00633524 -0.000407315 0.00588005 -0.0299205 -0.000909044 -0.0319653 -0.0383356 0.0564687 0.00277644 -0.014777 0.00698253 -0.0578325 0.0864362 -0.0433583 -0.0285897 0.0147022 -0.0629956 -0.0162331
internal_weight=17611.2 17446.5 16263 968.066 1183.49 161.834 106.296 15295 13113.9 2181.07 1040.51 1140.56 860.167 13077.5 1021.66 160.882 699.285 164.728 152.443 7.66996 929.982 179.764 750.218 107.899 67.6679 144.773 82.6296 27.5669 62.1432 15.9833
internal_count=92260 86794 82307 3980 4487 491 320 78327 69740 8587 3890 4697 3478 69625 3996 660 2818 5466 5289 329 3700 663 3037 502 217 4960 2200 599 2760 736
is_linear=0
shrinkage=0.1


Tree=180
num_leaves=31
num_cat=0
split_feature=11 1 8 8 5 14 6 7 9 8 7 6 14 7 9 6 5 8 11 14 11 11 4 4 1 5 11 10 7 12
split_gain=13.755 11.7307 19.587 22.278 21.8787 17.1897 16.7313 19.2592 15.8108 14.4486 32.3624 16.5614 15.7599 13.9191 14.7447 12.1576 14.6983 12.1001 11.4334 11.3979 10.9599 12.9638 10.8787 16.2723 13.3932 10.0628 18.06 8.87692 7.84295 11.4874
threshold=0.0060755377662700906 0.020420474489138755 -0.38927372527974163 0.36358756982226131 0.02625375012858833 0.3884208846167489 0.015757067062879274 0.051077296224314346 0.3926506587074135 0.57937815042658092 -0.037670169802212154 0.0046413716601093622 0.027926992477733174 0.067577064449655069 0.1803060609366661 0.016487654607265981 0.019743756674300176 0.086507938477894508 0.030525658734873097 0.6931707390618248 0.012744835976628016 0.015613048732695622 -0.0011716597157953588 -0.00039802110498765581 -0.061829939462380239 -0.019807864788813408 0.014696042976748777 0.22982613390007919 0.046846589987098237 0.020897643240655833
decision_type=2 2 2 2 2 2 2 2 2 2 2 2 2 2 2 2 2 2 2 2 2 2 2 2 2 2 2 2 2 2
left_child=28 9 6 4 5 -4 20 19 -6 12 11 -11 25 17 -15 16 -5 -14 -17 -8 27 -22 24 -24 -12 -2 -27 -3 -1 -30
right_child=1 2 3 15 8 -7 7 -9 -10 10 22 -13 13 14 -16 18 -18 -19 -20 -21 21 -23 23 -25 -26 26 -28 -29 29 -31
leaf_value=-0.068200640173823004 -0.06044941581516601 0.0019331824012585232 -0.01261574013063442 0.021312260317735626 -0.0087609437026512794 0.014561617248656232 0.047602405980358864 0.11636940022193494 -0.036738172734164694 0.0080281488682579435 0.037408791926789794 0.11406661665583651 0.0013014337494719837 0.037536410602624692 0.0056670437330440023 0.0034254324834641341 0.11398639114773089 -0.0075339662946495899 0.021183782286782724 -0.011798930417926656 0.055899660857524472 0.0088905047166428827 0.04871484369483866 -0.0091202875256037388 -0.02624150618650169 -0.045434547863004361 0.032137366055267035 -0.085760804103638136 0.076984447551519855 -0.055225856369407647
leaf_weight=46.013809748226777 65.170108366757631 26.951049651950598 374.25208608061075 74.641574054956436 708.86150212958455 615.45559448376298 112.60826978832483 31.35097461938858 282.49717369675636 28.628913041204214 34.946049325168133 30.33616691827774 7482.7660045204684 189.6550082154572 618.9808794260025 2118.3661993239075 22.205093234777451 1954.9835179345682 437.41523413360119 45.295435443520546 66.809776298701763 481.11868810281157 51.570719096809626 858.43135122582316 612.08604066632688 69.202986021526158 52.997730664908886 20.190800085663795 11.233120146207513 15.837861937936394
leaf_count=2075 325 228 2181 351 3643 3428 454 91 1011 110 100 113 40021 1258 2592 9683 93 11882 1283 210 348 1804 263 3996 2971 820 208 151 189 288
internal_value=0.000218304 0.000399438 0.0042641 0.00179039 -0.00623309 0.00428466 0.0188784 0.0447771 -0.0167333 -0.00133826 -0.0101371 0.0625825 2.45176e-05 0.000550077 0.0131416 0.00778258 0.0425607 -0.000528776 0.00646473 0.0305628 0.0106417 0.0146224 -0.012891 -0.00584271 -0.0228038 -0.0287158 -0.0117921 -0.0356261 -0.043074 -0.000365112
internal_weight=17540.9 17467.8 5418.02 4633.69 1981.07 989.708 784.325 189.255 991.359 12049.8 1616 58.9651 10433.8 10246.4 808.636 2652.63 96.8467 9437.75 2555.78 157.904 595.07 547.928 1557.03 910.002 647.032 187.371 122.201 47.1418 73.0848 27.071
internal_count=92170 89618 24959 21673 10263 5609 3286 755 4654 64659 7553 223 57106 55753 3850 11410 444 51903 10966 664 2531 2152 7330 4259 3071 1353 1028 379 2552 477
is_linear=0
shrinkage=0.1


Tree=181
num_leaves=31
num_cat=0
split_feature=0 11 15 17 7 8 6 0 9 11 1 5 1 0 13 9 10 15 10 9 10 13 6 9 12 13 6 7 10 10
split_gain=5.00897 10.3854 11.7149 9.35074 6.86406 8.13563 6.18934 6.07485 5.77825 6.43642 5.68603 5.62731 5.85644 7.38181 5.51725 7.01105 11.2038 9.77641 9.87225 8.35551 7.45518 5.52999 5.42852 5.4106 5.31693 7.01439 10.943 5.51561 5.12732 4.89385
threshold=-0.00078511886999521596 0.0094525931824225012 0.50871662425462427 1.0000000180025095e-35 -0.032915905825226514 -0.406691254152105 -0.012798585740373901 -0.0016165415848155005 0.48059068429118057 0.045688324240044008 0.0039525743158237434 0.039588821247967594 0.035322888945096505 -0.0015132129168926587 0.26882549738537709 0.29748132144771283 0.39356405706553649 0.49160979385070008 0.25129381695901548 0.2691700364119281 0.33291090998876072 0.70497167899956825 -0.10245879821416069 0.17920661904774796 0.040857686936767841 -0.064548146168250817 0.057463168443315012 0.043108636028121101 0.19562838090698401 0.42120968809250697
decision_type=2 2 2 2 2 2 2 2 2 2 2 2 2 2 2 2 2 2 2 2 2 2 2 2 2 2 2 2 2 2
left_child=1 2 4 7 5 -1 -6 10 11 29 -4 12 23 -14 24 19 17 -17 -19 20 21 -16 -18 -3 25 26 27 -2 -8 -10
right_child=14 8 3 -5 6 -7 28 -9 9 -11 -12 -13 13 -15 15 16 22 18 -20 -21 -22 -23 -24 -25 -26 -27 -28 -29 -30 -31
leaf_value=0.014071659538313915 -0.00058050643415422912 0.0045854081168372491 0.019049447388810117 -0.0024946474654551085 -0.019465010338263967 0.089789938870387817 0.0043976322825106081 0.093650164030347219 0.03004500102504358 -0.034665927463359628 0.068533307974903854 -0.018356503932353673 0.0087942031621135557 0.065921586456620898 -0.0015976416832853869 0.073720498384435548 0.031894693001952426 0.07853103047299867 0.013349396848121692 -0.028008578750825415 0.05869677007253607 0.03816274891826156 -0.0094723996086737271 -0.0020710343663025458 -0.0042539008512888386 -0.0039385876024021034 0.038429817179339631 0.012226120921461719 0.0365239122558055 0.0076492164101127046
leaf_weight=46.592401973903179 1070.4930782997981 1657.5669807754457 57.573105063289404 45.683945793658495 99.195715587586164 20.40471263974905 477.66645824164152 25.782335394993424 120.14876969158649 31.18739416077733 38.91786590591073 163.59644512087107 362.98315162211657 24.12221485376358 679.74840730242431 35.697261407971382 37.153201013803482 25.241123184561729 292.53838228434324 104.23268453776836 22.668159388005733 36.878053460270166 217.03670789301395 4637.7751364707947 5196.9460454024374 1534.3523819446564 94.827637650072575 490.33887596055865 55.445104487240314 519.21368912607431
leaf_count=245 5868 8106 363 294 578 106 2913 170 606 231 215 775 1711 117 3600 169 201 119 1367 467 114 195 1149 22354 25800 8223 444 2519 271 2880
internal_value=0.000234343 0.00203036 0.0123919 0.0361072 0.00669608 0.0371325 0.00347114 0.0505296 0.000834846 0.009694 0.0390079 -3.28813e-05 0.000415709 0.0123541 -0.00129619 0.00439685 0.0125861 0.0241007 0.0185268 -0.0015026 0.00223446 0.000448453 -0.00342605 -0.000318389 -0.00228125 0.000932455 0.0054466 0.00344272 0.00773886 0.0118578
internal_weight=18222 8383.86 867.262 167.957 699.304 66.9971 632.307 122.273 7516.59 670.55 96.491 6846.04 6682.45 387.105 9838.15 1451.19 607.667 353.477 317.78 843.527 739.295 716.626 254.19 6295.34 8386.96 3190.01 1655.66 1560.83 533.112 639.362
internal_count=92170 41935 5155 1042 4113 351 3762 748 36780 3717 578 33063 32288 1828 50235 7381 3005 1655 1486 4376 3909 3795 1350 30460 42854 17054 8831 8387 3184 3486
is_linear=0
shrinkage=0.1


Tree=182
num_leaves=31
num_cat=0
split_feature=10 11 0 12 6 11 4 5 19 11 10 8 6 2 1 15 1 13 14 12 9 14 14 12 11 14 0 13 13 12
split_gain=6.84995 6.94143 6.78124 7.517 5.98394 12.0522 7.57097 10.8007 6.45401 6.09027 5.93019 5.27761 10.843 10.3667 8.86095 7.56508 5.54275 4.95977 6.82292 4.79538 4.65595 4.60051 10.2215 4.52583 4.5003 7.14049 4.47684 4.44367 4.38259 4.06156
threshold=0.22132856939548004 0.028450300120200136 0.0099881090669495815 0.13266784822935665 0.026154123909725272 0.034734925370502649 -0.00039802110498765581 -0.0004270605941876226 1.0000000180025095e-35 0.015756222254102295 0.49980400660439722 0.14729229323284826 0.039015576209527676 0.051604784834501156 0.038057325730999299 0.079484517052009804 0.023558438442707001 0.44879874194554598 0.6803015415419128 0.019548606394524663 0.21761576269685659 0.088068551295238787 0.11815266048271726 0.04522977044811257 0.034060603079748751 0.64165854197867156 -0.014246486155058411 -0.52262124588929837 -0.092884573384547059 0.20370596969961682
decision_type=2 2 2 2 2 2 2 2 2 2 2 2 2 2 2 2 2 2 2 2 2 2 2 2 2 2 2 2 2 2
left_child=1 11 3 10 6 9 8 -8 -5 -6 21 12 16 -14 -15 -13 20 23 -19 -18 -1 27 -23 -17 26 -26 -12 -2 -3 -7
right_child=2 28 -4 4 5 29 7 -9 -10 -11 24 15 13 14 -16 17 19 18 -20 -21 -22 22 -24 -25 25 -27 -28 -29 -30 -31
leaf_value=0.0031131149615907083 0.036002121787816151 0.0076951195922529943 -0.0065787511027025408 -0.013689465553291461 0.047862998466936903 -0.072597058451553065 0.023109870821492025 -0.013323775527208304 0.017373765877695582 0.015928995769898886 -0.011914501507175176 -0.037350203400430673 -0.005391481002472942 0.1155026976848085 0.024744475681398693 -0.003813460390184284 -0.030691875819641674 0.0037212390504356902 0.055261377963502667 -0.0028275458449711828 0.012957574716503576 0.024625724133110323 -0.0012842381289534974 0.0050247905819805743 0.044119367471717512 -0.045700893283773594 -0.055440214238464083 -0.013826422393539756 0.0585419682078724 -0.006169652699763991
leaf_weight=4305.7867268398404 18.769784025847912 32.88581457734108 2303.275732062757 312.5942317917943 89.807458430528641 15.662413105368612 279.67778161168098 114.75114263594151 85.093775488436222 178.26971186697483 45.838595889508724 57.503614969551563 27.498598605394363 23.050936952233315 20.170682393014431 2262.1327683478594 72.70325093716383 87.367734089493752 36.380313705652952 410.42679727077484 540.75966459512711 157.89741250872612 4263.6767414808273 778.86882326751947 21.407260227948427 15.089359145611523 48.776129208505154 384.99152598530054 34.984251067042351 22.323435116559267
leaf_count=19809 112 190 14645 2002 430 141 1799 675 562 1203 402 290 125 112 103 10352 309 419 182 1949 2815 925 25464 3797 217 150 390 2213 199 189
internal_value=8.34661e-05 0.00204921 -0.00196051 -0.000203659 0.00728195 0.0191573 0.00269348 0.0125102 -0.00704283 0.0266271 -0.00186221 0.00179847 0.00370949 0.0426088 0.0731476 -0.00140434 0.00319334 -0.0007512 0.0188734 -0.00702068 0.00421152 -0.00129204 -0.000358976 -0.00154979 -0.0228464 0.00698359 -0.034353 -0.01151 0.0339046 -0.0335592
internal_weight=17048.4 8690.52 8357.9 6054.63 1098.18 306.063 792.117 394.429 397.688 268.077 4956.45 8622.65 5400.4 70.7202 43.2216 3222.25 5329.68 3164.75 123.748 483.13 4846.55 4825.34 4421.57 3041 131.111 36.4966 94.6147 403.761 67.8701 37.9858
internal_count=92170 40651 51519 36874 7001 1963 5038 2474 2564 1633 29873 40262 25222 340 215 15040 24882 14750 601 2258 22624 28714 26389 14149 1159 367 792 2325 389 330
is_linear=0
shrinkage=0.1


Tree=183
num_leaves=31
num_cat=0
split_feature=10 14 9 5 1 6 8 0 9 10 13 12 8 20 5 5 20 6 9 14 9 6 9 1 9 6 11 0 0 14
split_gain=5.37965 9.04994 8.14942 8.72378 6.15275 6.02518 7.18467 5.21819 8.24439 11.8115 8.19096 7.32204 6.37653 8.42139 7.79532 7.7165 6.33198 14.8746 5.83894 5.50393 5.48825 5.45031 5.2031 5.12434 6.21891 4.89394 4.73447 6.85177 4.94094 4.66265
threshold=0.081346074914687594 0.3884208846167489 0.063786414518441498 0.0095215828998911362 0.0087839974504619906 0.020067124573733944 -0.082564130451400888 0.0025740039951727138 0.19166296713037054 0.18020358836363407 -0.86727605225513948 0.03556876033408355 -0.54780068454719244 1.0000000180025095e-35 0.021974154581689612 0.020856552953098299 1.0000000180025095e-35 -0.029583182829476359 0.31088017187509343 0.50053763440860222 0.22573698039149526 -0.018443683100029359 0.48059068429118057 -0.034673896419566079 0.14773144046424283 -0.026925434108576615 0.032856312162369943 0.0060332123463688889 0.034313546630688758 0.57734342360135227
decision_type=2 2 2 2 2 2 2 2 2 2 2 2 2 2 2 2 2 2 2 2 2 2 2 2 2 2 2 2 2 2
left_child=1 5 4 29 -3 6 -1 8 10 11 -2 -10 14 -14 26 22 21 -18 20 -13 -16 -11 -15 25 -25 -12 27 -9 -28 -4
right_child=7 2 3 -5 -6 -7 -8 12 9 16 23 19 13 15 18 -17 17 -19 -20 -21 -22 -23 -24 24 -26 -27 28 -29 -30 -31
leaf_value=0.012461165604997968 0.028114312680626176 -0.040563906066378698 0.012815603462443377 -0.042354941351111751 0.039145325007343211 -0.010633224976131925 0.06952306544140846 0.0092984619067195424 0.00088513897030926831 -0.0061226688345832562 -0.0013645466081979587 0.018480331136457813 0.0046048459612568933 0.00071653620872982871 -0.035706171054971987 -0.013872378305277195 0.021035919974756956 -0.0023800640325593696 -0.045746455720988573 0.056952282547167256 0.018917094434343119 0.00091923596280702759 0.050769483954227229 -0.0033501251284127989 -0.011548402852447041 0.026491291440138415 0.029332975673091538 -0.0091666209082499964 -0.029407407655937003 0.062776252368100915
leaf_weight=36.844955276697874 72.221620876342058 58.323484107851982 48.127272874116898 19.60213328152895 11.611972413957117 22.965348459780216 55.009053779765964 277.66364565491676 100.53043882548809 1928.3913431949914 224.97285210341215 82.848925091326237 5238.2561014853418 668.66277605295181 34.170508064329624 518.59471417963505 426.65542440116405 744.94145026803017 76.136103130877018 67.470129087567329 39.840174436569214 2555.8379375264049 21.434115998446941 2150.1873459909111 1624.1993397921324 87.640045404434204 80.871318265795708 727.4089947193861 17.400938361883163 30.52971438318491
leaf_count=221 354 595 252 104 67 127 290 1341 482 10238 1006 406 26312 3265 161 2617 2286 3978 415 340 210 13792 135 10559 7829 405 481 3633 102 167
internal_value=-0.000141677 0.0135369 -0.00123785 0.0173325 -0.0273291 0.0351799 0.0466341 -0.000359574 -0.00185854 0.000542985 -0.00526905 0.0217766 0.00159986 0.00286873 -0.0049262 -0.0046553 -0.000398775 0.00614723 -0.0263036 0.0357483 -0.0063023 -0.00210905 0.00227116 -0.00585897 -0.00687802 0.00644475 -0.0020171 -0.00406542 0.0189319 0.0322072
internal_weight=18049.4 283.014 168.195 98.2591 69.9355 114.819 91.854 17766.3 10065.9 5906.68 4159.22 250.849 7700.44 6446.95 1253.49 1208.69 5655.83 1171.6 150.147 150.319 74.0107 4484.23 690.097 4087 3774.39 312.613 1103.34 1005.07 98.2723 78.657
internal_count=92170 1823 1185 523 662 638 511 90347 51675 31522 20153 1228 38672 32329 6343 6017 30294 6264 786 746 371 24030 3400 19799 18388 1411 5557 4974 583 419
is_linear=0
shrinkage=0.1


Tree=184
num_leaves=31
num_cat=0
split_feature=11 4 4 7 14 3 8 3 8 14 3 14 3 8 8 4 7 13 9 3 14 11 13 17 13 10 5 9 7 3
split_gain=16.8615 11.3751 21.1662 16.409 18.6874 9.73927 9.36424 10.9008 8.69152 11.7746 14.7545 11.1439 11.4187 18.0875 14.1677 9.66903 8.9403 7.97574 10.3545 11.2852 10.1702 7.96725 7.95941 7.9563 7.82153 10.3473 7.48817 6.98447 6.92282 10.6822
threshold=0.0074558475559194561 -0.00028604773658091881 0.0049059559511976944 -0.13386110999217785 0.7575432435947459 0.042252542036718584 -2.5009914816032208 -0.22027929720115844 1.2506445445737358 0.94869337148307109 0.14504884998962767 0.97041543397641583 0.045315220728776591 0.13010022927007361 0.31746214844163717 -0.0070011627020205571 0.14766514474629747 -0.11369434992545911 0.094415133693362949 0.032983464404530156 0.34553295822171143 0.031867152597773819 -0.93320311234007336 1.0000000180025095e-35 0.38486218749974149 0.12121227504112553 0.013302355693622371 0.20322897560716061 -0.11103576202937297 -0.13458592154065305
decision_type=2 2 2 2 2 2 2 2 2 2 2 2 2 2 2 2 2 2 2 2 2 2 2 2 2 2 2 2 2 2
left_child=5 8 3 4 -3 17 -4 -8 11 10 15 12 13 -2 -14 -10 -12 18 22 20 -20 27 -1 -9 26 -26 -19 -13 -5 -30
right_child=1 2 6 28 -6 -7 7 23 9 -11 16 21 14 -15 -16 -17 -18 24 19 -21 -22 -23 -24 -25 25 -27 -28 -29 29 -31
leaf_value=0.083501423403609901 0.00059429574196326112 0.037739830053550971 -0.037165982121737974 -0.032175631279370204 -0.02424728992187979 -0.079662472548854751 0.045580682570666331 0.0041455464555942116 0.068418819933556266 -0.041383052979161054 -0.016807753828634434 0.058029357278531868 -0.02619408521757224 0.016095604725278958 -0.001822126943726167 0.020851000110145346 0.017102958216774079 -0.070205929726625579 0.079312717714341327 0.19131243069894291 -0.03634519282666384 -0.021247528864098364 -0.063409430970191111 -0.0057546418472463647 -0.043216706537291712 0.21609827851709765 0.050887788203126366 0.018321341769608583 0.025876805368374219 -0.0086659272384693262
leaf_weight=4.3793873926624682 4529.4986872505397 159.44721528887749 59.971553936600685 121.09809796512127 69.979749411344528 34.721765944734216 58.280559554696083 3884.4563972353935 77.953375354409218 35.338205046951771 111.02710311859846 61.668732635676861 298.64879277162254 902.75797745585442 1184.6070063319057 94.577806167304516 259.36457669734955 49.144312548451126 14.832403844222428 4.403154236264526 15.598317338153718 36.017287150025368 23.354562260210514 1026.2046456504613 3.910968118812888 2.536884592846036 5.698767381720244 157.25570333749056 91.468958415091038 4214.1666635349393
leaf_count=56 21946 553 205 542 284 1006 177 18233 283 148 417 347 1747 4768 5692 412 837 2124 333 93 360 124 997 4744 206 58 198 667 344 24269
internal_value=-0.000395923 -0.000100656 -0.00238544 -0.00724383 0.0188325 -0.0328566 0.00211285 0.00258691 0.00275508 0.0145486 0.0181891 0.00180399 0.00104706 0.00317038 -0.00672934 0.0423432 0.00693802 -0.0197353 0.00538037 0.0416793 0.0200283 0.0223363 -0.0402112 0.00207666 -0.0453742 0.0588098 -0.057623 0.0295067 -0.00859531 -0.0079321
internal_weight=17592.4 17433.8 9685.07 4656.16 229.427 158.581 5028.91 4968.94 7748.72 578.261 542.923 7170.45 6915.51 5432.26 1483.26 172.531 370.392 123.859 62.5678 34.8339 30.4307 254.942 27.7339 4910.66 61.2909 6.44785 54.8431 218.924 4426.73 4305.64
internal_count=92170 86739 49351 25992 837 5431 23359 23154 37388 2097 1949 35291 34153 26714 7439 695 1254 4425 1839 786 693 1138 1053 22977 2586 264 2322 1014 25155 24613
is_linear=0
shrinkage=0.1


Tree=185
num_leaves=31
num_cat=0
split_feature=10 3 8 14 9 12 8 3 6 1 14 13 6 13 14 14 10 12 7 1 12 14 14 12 7 1 10 4 12 13
split_gain=15.6229 13.8544 26.0772 23.2075 32.2714 21.854 21.3778 22.1694 24.1217 21.241 19.0432 16.5334 12.014 11.5074 11.3933 12.2639 14.8293 12.1427 11.5283 10.2883 9.36731 9.43009 12.6565 18.6782 11.4117 7.79344 7.444 6.25515 10.1672 12.9705
threshold=0.12724443948318273 0.017094433359300169 -0.34703817515880914 0.10955973972033782 0.54874127857566768 0.028127178869662053 0.091713443835765171 -0.068713880726179774 -0.0023681512925080579 -0.0058441223756475749 0.34982383333924499 -0.27079324813120154 0.0018482872215502824 -0.93320311234007336 0.98546350926214443 0.94432522651406781 0.23787884466725676 0.017380241665378434 -0.064160842445126084 0.010232245615469095 0.068457581593601005 0.62882212684787808 0.59912203113849505 0.019548606394524663 0.082717813234415641 0.0047580820177604019 0.3426827238096139 0.0022346378014161954 0.017380241665378434 -0.042327562317660432
decision_type=2 2 2 2 2 2 2 2 2 2 2 2 2 2 2 2 2 2 2 2 2 2 2 2 2 2 2 2 2 2
left_child=20 6 12 4 11 10 14 -8 9 -9 -5 -4 -3 -7 15 17 -17 -2 -16 -10 21 22 24 -24 -1 -22 -20 -23 29 -29
right_child=1 2 3 5 -6 13 7 8 19 -11 -12 -13 -14 -15 18 16 -18 -19 26 -21 25 27 23 -25 -26 -27 -28 28 -30 -31
leaf_value=-0.020810523544993586 0.035392164233722538 0.016310517904259532 -0.019868541484021379 -0.0084541089970756374 0.094159392603249126 -0.054939323070912476 -0.089540477690050024 -0.011043223406326026 -0.051328785448816139 0.036580168948170358 0.02899739953944034 0.022142103820389208 0.094878407624938821 0.000325101705714237 -0.09417846797793096 0.052632453774782977 0.0061040011827831449 -0.00080637055921999479 -0.038256211029517741 -0.017700158672445451 -0.015177919251089193 -0.062583447198736764 0.19547219550618269 -0.024986339029549345 0.048777848821200495 0.13062117245486124 0.029887451894331757 0.16838911765228509 -0.047768333866736186 -0.026077725709959077
leaf_weight=312.45234995288774 93.759089559316635 34.065498132258654 113.92401546984911 186.54117977246642 55.505196049809456 37.909068547189236 39.549900721758604 334.89491280540824 157.14162880927324 130.01538136228919 498.82720113173127 527.16125794872642 45.401206631213427 6173.5138108860701 24.136907443404198 94.516272012144327 248.84427051246166 7968.6392901632935 45.089495558291674 216.06156802922487 6.9772540917620045 71.812464816961437 7.1493196403607717 8.3101937649771553 25.487755220383406 7.7257749941200018 24.874518603086472 5.8988577909767619 29.790969636756927 8.1939803767018002
leaf_count=6769 690 149 573 1285 147 217 203 1819 962 669 3109 2555 196 28191 135 568 1073 38288 324 1186 124 1662 108 154 177 87 80 91 507 141
internal_value=0.000556883 0.00105969 0.00421102 0.00361463 0.0210099 0.00185767 -0.00151877 -0.0163774 -0.0129249 0.00227499 0.018804 0.0146766 0.0611982 -1.21838e-05 1.54751e-05 0.000402846 0.0189118 -0.000385411 -0.0345873 -0.0318599 -0.0171635 -0.0196269 -0.0115145 0.0769657 -0.0155621 0.0614329 -0.0140289 -0.0444069 -0.0146624 0.0553205
internal_weight=17534.2 17050.4 7672.85 7593.38 696.59 6896.79 9377.52 877.663 838.113 464.91 685.368 641.085 79.4667 6211.42 8499.86 8405.76 343.361 8062.4 94.1009 373.203 483.799 469.096 353.4 15.4595 337.94 14.703 69.964 115.696 43.8838 14.0928
internal_count=92239 82419 36422 36077 3275 32802 45997 4839 4636 2488 4394 3128 345 28408 41158 40619 1641 38978 539 2148 9820 9609 7208 262 6946 211 404 2401 739 232
is_linear=0
shrinkage=0.1


Tree=186
num_leaves=31
num_cat=0
split_feature=4 18 7 14 1 0 1 7 9 3 12 10 14 14 12 11 0 2 14 10 9 10 12 11 13 11 14 12 2 14
split_gain=6.4886 8.27803 5.2024 4.9733 4.31703 8.10696 8.30349 7.14116 12.2667 4.73318 3.85252 5.27542 11.9028 9.97839 11.5411 8.68309 6.63607 9.65739 6.30187 4.91134 6.05819 7.83928 7.44702 6.3355 6.78786 6.07368 5.4083 4.93594 4.71387 4.60046
threshold=0.022538235132653298 1.0000000180025095e-35 0.024463499755767896 0.1266380543633763 -0.010810916104215361 0.022654703051540718 -0.038746473429687393 0.042443095656567349 0.18660115879329922 0.059215127964703303 0.22261444730592403 0.62043670204020862 0.11385620010152754 0.83485770240426693 0.2598694866460925 0.035518432234762372 0.014142816858604414 0.016846898017433446 0.096670358576768659 0.49155236848329681 0.31309614638202088 0.2988434769712161 0.061125221079076253 0.032856312162369943 0.025125116308158314 0.020278922998857373 0.92721954749675861 0.043288593352310618 -0.15223082972911792 0.64597022294808015
decision_type=2 2 2 2 2 2 2 2 2 2 2 2 2 2 2 2 2 2 2 2 2 2 2 2 2 2 2 2 2 2
left_child=10 3 -3 -2 5 6 -5 8 -6 -9 19 13 -13 16 -15 28 18 -18 -12 20 23 22 -22 27 -25 -23 29 -1 -14 -21
right_child=1 2 -4 4 7 -7 -8 9 -10 -11 11 12 15 14 -16 -17 17 -19 -20 26 21 25 -24 24 -26 -27 -28 -29 -30 -31
leaf_value=0.0014052291924340928 0.033290201364768658 -0.036241925641416851 -0.0042817282761074488 0.002905835980832995 -0.037074389377900925 0.038442236554080189 -0.043188002152682668 -0.040534983230837159 0.027810844993925235 -0.0019774287968304465 0.072672056883166733 -0.065656337238615567 0.06245519647605783 0.023798289135649821 -0.060196966366739969 -0.022719846229247831 0.11179823243580525 0.014084220274351295 0.013703607149545181 -0.0033900152220738321 0.00092644886414611465 0.0083083646132091297 0.021393215570880933 0.04072638700072026 -0.0082691984662682655 -0.0016883671975182854 0.032660324631282156 -0.0025480698582102698 0.011187230506675482 -0.020920636776182468
leaf_weight=6580.0506380274892 36.991201497614384 144.1492030583322 78.758524619042873 65.162812031805515 36.18206787109375 23.20279398560524 97.645319305360317 46.943984545767307 149.62468472868204 98.933017946779728 19.798018254339695 26.350392404943705 20.150707520544529 32.639198876917362 32.79422514885664 79.666212562471628 20.069507256150246 20.391197599470615 214.20748437009752 395.80461658164859 289.36963901668787 950.43303057551384 461.01490807533264 75.996314242482185 45.03067272156477 1685.7152738794684 31.141945198178291 6073.360641291365 163.05466818064451 240.74593316763639
leaf_count=34660 190 747 415 345 160 131 464 228 756 533 99 152 100 170 172 530 101 108 1082 2230 1349 4448 2190 413 228 8443 171 29421 856 1347
internal_value=0.000264292 -0.00867362 -0.0249496 -0.0021329 -0.00466401 -0.0168581 -0.0247393 0.00217452 0.0151758 -0.0143855 0.000662399 0.00834548 -0.00158158 0.0167925 -0.0182988 0.00484131 0.0251583 0.0625528 0.0186926 0.000375175 0.000722415 0.00448279 0.0135006 -0.000274468 0.0224965 0.00191584 -0.0080295 -0.000492268 0.0168262 -0.0100202
internal_weight=18235.4 777.594 222.908 554.686 517.695 186.011 162.808 331.684 185.807 145.877 17457.8 629.122 289.222 339.9 65.4334 262.872 274.466 40.4607 234.006 16828.7 16161 3386.53 750.385 12774.4 121.027 2636.15 667.692 12653.4 183.205 636.551
internal_count=92239 3969 1162 2807 2617 940 809 1677 916 761 88270 3370 1638 1732 342 1486 1390 209 1181 84900 81152 16430 3539 64722 641 12891 3748 64081 956 3577
is_linear=0
shrinkage=0.1


Tree=187
num_leaves=31
num_cat=0
split_feature=11 13 9 14 13 14 0 5 15 10 2 14 2 8 14 13 8 11 10 1 2 10 9 6 11 8 3 3 14 2
split_gain=5.14721 6.73602 5.29033 5.16842 4.30563 6.21094 8.65924 5.86452 6.86901 6.1595 6.42078 5.08373 6.94067 5.17467 4.78071 6.12549 4.97971 4.53809 8.21503 4.37469 4.28948 6.80116 5.09628 4.13567 7.56395 6.77832 3.84675 3.41402 3.24838 3.16782
threshold=0.0049274714608773269 -0.19653293051975687 0.080669263263544386 0.77929214107520794 0.29733957416153028 0.73197054106916093 -0.011677286440730404 0.021974154581689612 0.99002148230190612 0.52944344504079088 0.10536049325027254 0.76201239866475923 0.023900957368866219 1.932450655064238 0.17830310581937334 0.66466441188423808 0.2333185513119175 0.0070471468136524386 0.13421704198705761 -0.0061307571114435069 0.024925162130724491 0.088180232202776612 0.085568972616542768 0.012179962335898577 0.0067310482902399812 0.43569643771173222 -0.082960003856255668 0.046092250066665848 0.28556100551808711 0.017754140340446204
decision_type=2 2 2 2 2 2 2 2 2 2 2 2 2 2 2 2 2 2 2 2 2 2 2 2 2 2 2 2 2 2
left_child=1 29 3 -3 7 14 19 20 9 10 -9 12 -8 -13 15 16 -6 -16 -19 26 23 -22 -23 25 -25 -2 -7 -21 -11 -1
right_child=4 2 -4 -5 5 6 11 8 -10 28 -12 13 -14 -15 17 -17 -18 18 -20 27 21 22 -24 24 -26 -27 -28 -29 -30 -31
leaf_value=0.059005905551723963 0.00050596103211090397 -0.022190774735274532 0.03251961226235358 0.040139027094432268 0.023811543096661961 0.005255570946316318 0.09031299890506489 -0.0063419237851069128 0.048678771375225111 0.0024211578631350827 0.010455326073862951 0.013255031295601991 0.011109913477496331 0.068497230399318557 0.031620046782545812 -0.02674640287669194 -0.0079411636712262822 -0.027834773886634259 -0.00070626325369601455 0.045037876003949533 0.044484275819814761 -0.024664837663241544 0.0038143987576763193 -0.029374863098095862 -0.0037508246342934197 -0.011811717542906917 -0.03909023292002714 -0.01392613391869278 -0.031232212686030325 0.01019656733273828
leaf_weight=41.380845371633768 7692.2199590466917 72.410954754799604 41.493757694959641 16.297775864601135 212.89640848338604 30.492431856691837 22.651937559247017 2240.4306698180735 23.25970495864749 36.313911881297827 253.29615054652095 363.65563356503844 21.628258906304836 17.786007851362228 37.685135923326015 37.247448235750198 64.309745457023382 125.17226010560989 1031.2839627116919 20.738450713455677 40.181470274925232 64.769835710525513 2102.5959763303399 123.97969192266464 1626.8020762316883 474.29572678357363 54.563097912818193 18.650420267134905 136.47481032833457 19.592881441116333
leaf_count=297 41008 385 180 141 1136 217 138 12266 165 276 1699 2031 126 127 162 207 352 516 6148 125 167 263 11148 497 8173 2651 309 118 1127 84
internal_value=-0.000424303 0.015892 0.00304666 -0.0107394 -0.000609168 0.00367592 0.0127712 -0.00120466 -0.00542892 -0.0059009 -0.00463577 0.0195541 0.051627 0.0158309 0.000358989 0.0113291 0.0164452 -0.00252976 -0.00364259 -0.0104331 -0.000267548 0.00371908 0.00296332 -0.00115495 -0.00556536 -0.000209426 -0.0231922 0.0171187 -0.0241595 0.0433218
internal_weight=17064.6 191.176 130.202 88.7087 16873.4 2058.76 550.166 14814.6 2689.78 2666.52 2493.73 425.722 44.2802 381.442 1508.59 314.454 277.206 1194.14 1156.46 124.444 12124.8 2207.55 2167.37 9917.3 1750.78 8166.52 85.0555 39.3889 172.789 60.9737
internal_count=92239 1087 706 526 91152 11712 3191 79440 15533 15368 13965 2422 264 2158 8521 1695 1488 6826 6664 769 63907 11578 11411 52329 8670 43659 526 243 1403 381
is_linear=0
shrinkage=0.1


Tree=188
num_leaves=31
num_cat=0
split_feature=10 5 7 14 13 2 6 9 2 1 2 3 0 7 2 9 3 15 0 6 5 13 3 14 14 0 14 14 0 9
split_gain=6.74104 5.32848 5.66303 6.66188 5.2498 8.37223 7.66368 6.43609 6.25965 6.11125 6.04635 3.8148 7.49935 10.0174 6.93629 8.09629 7.42548 6.91496 16.5606 6.99705 9.32394 8.35945 6.10929 5.48059 4.49375 4.38531 5.23842 3.78588 3.53646 4.31153
threshold=0.13821750668798322 -0.021603012566209775 -0.039686372852844369 0.39289620778835549 0.14219610068586261 -0.0041890312389898368 -0.0023681512925080579 0.10437676369504914 -0.011900990229440021 -0.015324842091673173 -0.016399722735273233 0.014177162715813376 0.0028248606355547605 -0.00066463516411097146 0.072345226988251424 0.36865954280247604 0.050987944795786173 0.86928386949751235 0.03798633118469464 0.002176616462145065 0.023587265759599466 -0.35624120551006822 0.015910243370683478 0.98546350926214443 0.049409294383681766 0.047136140824877611 0.61590244343709488 0.96616595135908445 -0.041545870193095406 0.50514709251838108
decision_type=2 2 2 2 2 2 2 2 2 2 2 2 2 2 2 2 2 2 2 2 2 2 2 2 2 2 2 2 2 2
left_child=1 -1 3 -3 5 6 -4 -7 10 -10 -6 17 24 14 15 -14 -16 18 19 20 -2 -21 -15 -24 -13 27 -27 -19 -26 -30
right_child=11 2 4 -5 8 7 -8 -9 9 -11 -12 12 13 22 16 -17 -18 25 -20 21 -22 -23 23 -25 28 26 -28 -29 29 -31
leaf_value=0.034793546840171968 0.0007482047291150146 -0.054041398771841276 0.0067497715314252353 0.0059889348449384573 0.0071908815491834146 -0.0080743086245165553 0.036787511390446413 0.0055950937953307646 -0.034270553877728038 0.020635209317672602 -0.046645183394115129 -0.024428920783200712 -0.012471328284023009 -0.032269770747711986 0.063093646263347333 -0.056647940669701337 -0.016904514836987013 -0.0066744194071959671 0.085571925563776408 -0.0069802381867229554 -0.035706388245670961 0.012050284522587024 0.0029886941238998726 0.030884897507053533 -0.03176287387696685 -0.06248829626243773 0.0011016860569406713 0.027230228061423611 -0.0051917504558033779 0.01026381310254033
leaf_weight=59.366536647081375 6053.342744641006 35.470253124833107 317.44091756641865 38.608810663223267 67.058566488325596 679.78856650367379 115.96786287426949 698.24871664494276 21.199569314718246 463.26376013085246 30.282158404588699 119.43217036128044 307.86094831675291 48.10442703217268 22.965816728770733 47.947113245725632 23.450634576380253 855.89615993201733 23.666061781346798 290.6302707195282 70.983570270240307 1121.6373356059194 2986.7211797013879 72.127388283610344 47.590273793786764 30.002436935901642 22.798635050654411 34.252279013395309 3164.9179440997541 191.40968219935894
leaf_count=260 30504 154 1504 180 307 3792 581 3368 97 2354 135 640 1491 231 130 263 131 4453 128 1466 371 5684 15290 367 314 165 134 168 16286 1291
internal_value=0.000398042 0.00518837 0.00447603 -0.0227546 0.00531891 0.00266459 0.014787 -0.00114805 0.0135831 0.0182326 -0.00955722 -0.000381045 -0.00210412 0.00116801 -0.0136813 -0.0184244 0.0226768 0.00104402 0.00205113 0.00178887 0.00032568 0.008134 0.0030904 0.00364648 -0.0053631 -0.0070307 -0.0350312 -0.00536979 -0.00469414 -0.00431033
internal_weight=18062.4 2526.7 2467.33 74.0791 2393.25 1811.45 433.409 1378.04 581.804 484.463 97.3407 15535.7 7032.53 3509.18 402.225 355.808 46.4165 8503.21 7560.26 7536.59 6124.33 1412.27 3106.95 3058.85 3523.35 942.95 52.8011 890.148 3403.92 3356.33
internal_count=92239 12732 12472 334 12138 9245 2085 7160 2893 2451 442 79507 36434 17903 2015 1754 261 43073 38153 38025 30875 7150 15888 15657 18531 4920 299 4621 17891 17577
is_linear=0
shrinkage=0.1


Tree=189
num_leaves=31
num_cat=0
split_feature=11 4 4 1 19 18 0 8 3 19 3 9 2 4 3 12 8 0 13 3 14 14 2 8 3 1 15 13 9 12
split_gain=17.3479 9.02416 18.1403 13.484 19.1251 20.0564 19.5321 17.2672 24.8899 10.4874 16.1046 20.5156 16.0131 14.0781 13.0163 14.4203 11.6041 11.4424 15.7829 10.128 9.05794 8.40823 6.58023 6.42426 7.31134 5.54421 1.05717 1.24435 0.000241687 0.000189775
threshold=0.0058335370771467601 -0.00050001148576139787 0.0029258551479967036 -0.028614968648660973 1.0000000180025095e-35 1.0000000180025095e-35 -0.019464516895090874 -0.31539426591743308 -0.021684711524032171 1.0000000180025095e-35 -0.16431128452137053 0.27690181053977631 -0.0072795954458269021 -0.024604917779944554 -0.044781385270715283 0.12013426238911336 -1.9706439095046755 0.01912627641747067 -0.36895281452736534 -0.0011594119739433138 0.012126747888688913 0.63755841678588465 -0.14178960618029077 -2.117553176962844 -0.11794174499126096 -0.074644787715394831 0.79194044589616019 -0.57762310274501816 0.10129011236671671 0.057345053122478
decision_type=2 2 2 2 2 2 2 2 2 2 2 2 2 2 2 2 2 2 2 2 2 2 2 2 2 2 2 2 2 2
left_child=26 9 22 4 5 -4 -6 19 -9 10 11 -2 17 -13 15 -14 -12 18 -11 -5 -18 -16 25 -24 -25 -3 27 -1 29 -29
right_child=1 2 3 7 6 -7 -8 8 -10 12 16 13 14 -15 21 -17 20 -19 -20 -21 -22 -23 23 24 -26 -27 -28 28 -30 -31
leaf_value=-0.030388838665902501 0.08022481765416252 -0.0041642023779961722 -0.0053808227172688228 -0.0092843526392932391 -0.026209942477040546 0.025370257261812353 0.046279472540359072 0.024294143634605046 -0.0013369588307426575 -0.058794876995253147 -0.049279481611432474 -0.046283474823332081 0.062116918376516277 0.02254957463073981 -0.0088793615296913452 -0.024651538314249953 -0.054551855754343181 0.038455444464795874 -0.013147938314139702 -0.042397142065938705 0.0032251603076980245 0.012645288764302889 -0.045556614826624292 0.010695268916750877 -0.0097893264108988541 0.05507587128915499 0.0077497021247613209 -0.081326863526919146 -0.082065498428327943 -0.08245836946098814
leaf_weight=5.6668385639786711 56.396173186600208 34.058830618858337 737.34495263174176 1194.0728194303811 44.915749862790108 297.74089585058391 215.56179609894753 426.26913688331842 3407.0700782174245 85.875062389299273 42.860180139541626 33.95787625014782 70.763494126498699 237.70573828369379 453.95388736948371 26.261911258101463 27.264742261730134 37.025667935609818 642.21982159279287 100.11470027267933 5673.4892479078844 302.35794754046947 47.839345075190067 184.5243194848299 3125.5490491399541 29.466150933876634 1.6876731803640712 20.093687069369487 7.6041590813547364 1.6003124369308341
leaf_count=183 199 110 3042 5713 167 1182 885 1936 18362 399 177 110 277 745 2568 103 199 131 3021 625 28516 1526 198 717 19061 94 83 1481 351 78
internal_value=-0.000827088 -0.000683432 -0.00268848 0.000444498 0.00955962 0.00346468 0.0337797 -0.0018586 0.00151323 0.00188333 0.00378994 0.0253394 -0.00526937 0.0139455 0.00414935 0.0386313 0.00255909 -0.015774 -0.0185318 -0.0118459 0.00294883 -0.000274248 -0.00857003 -0.00917322 -0.00864739 0.0233144 -0.0695525 -0.0732837 -0.0815804 -0.0814103
internal_weight=17571.3 17534.7 9844.53 6423.09 1295.56 1035.09 260.478 5127.53 3833.34 7690.13 6071.67 328.06 1618.46 271.664 853.337 97.0254 5743.61 765.121 728.095 1294.19 5700.75 756.312 3421.44 3357.91 3310.07 63.525 36.6527 34.965 29.2982 21.694
internal_count=92239 90063 52092 31912 5276 4224 1052 26636 20298 37971 29946 1054 8025 855 4474 380 28892 3551 3420 6338 28715 4094 20180 19976 19778 204 2176 2093 1910 1559
is_linear=0
shrinkage=0.1


end of trees

feature_importances:
parkinson_10d=560
vol_21d=523
dollar_volume_pctile=490
close_vs_sma63=466
vol_of_vol=406
volume_ratio=387
ret_21d_z=386
ret_21d=384
vol_10d=375
ret_10d=291
overnight_gap=262
close_vs_sma21=261
close_vs_sma10=221
ret_5d=200
ret_1d=186
ret_1d_rank=172
dow_mon=33
dow_fri=21
dow_tue=19
dow_thu=17
dow_wed=15

parameters:
[boosting: gbdt]
[objective: multiclass]
[metric: multi_logloss]
[tree_learner: serial]
[device_type: cpu]
[data_sample_strategy: bagging]
[data: ]
[valid: ]
[num_iterations: 38]
[learning_rate: 0.1]
[num_leaves: 31]
[num_threads: 4]
[seed: 42]
[deterministic: 1]
[force_col_wise: 0]
[force_row_wise: 1]
[histogram_pool_size: -1]
[max_depth: 6]
[min_data_in_leaf: 100]
[min_sum_hessian_in_leaf: 0.001]
[bagging_fraction: 0.8]
[pos_bagging_fraction: 1]
[neg_bagging_fraction: 1]
[bagging_freq: 1]
[bagging_seed: 400]
[bagging_by_query: 0]
[feature_fraction: 0.8]
[feature_fraction_bynode: 1]
[feature_fraction_seed: 30056]
[extra_trees: 0]
[extra_seed: 12879]
[early_stopping_round: 0]
[early_stopping_min_delta: 0]
[first_metric_only: 0]
[max_delta_step: 0]
[lambda_l1: 0]
[lambda_l2: 0]
[linear_lambda: 0]
[min_gain_to_split: 0]
[drop_rate: 0.1]
[max_drop: 50]
[skip_drop: 0.5]
[xgboost_dart_mode: 0]
[uniform_drop: 0]
[drop_seed: 17869]
[top_rate: 0.2]
[other_rate: 0.1]
[min_data_per_group: 100]
[max_cat_threshold: 32]
[cat_l2: 10]
[cat_smooth: 10]
[max_cat_to_onehot: 4]
[top_k: 20]
[monotone_constraints: ]
[monotone_constraints_method: basic]
[monotone_penalty: 0]
[feature_contri: ]
[forcedsplits_filename: ]
[refit_decay_rate: 0.9]
[cegb_tradeoff: 1]
[cegb_penalty_split: 0]
[cegb_penalty_feature_lazy: ]
[cegb_penalty_feature_coupled: ]
[path_smooth: 0]
[interaction_constraints: ]
[verbosity: -1]
[saved_feature_importance_type: 0]
[use_quantized_grad: 0]
[num_grad_quant_bins: 4]
[quant_train_renew_leaf: 0]
[stochastic_rounding: 1]
[linear_tree: 0]
[max_bin: 255]
[max_bin_by_feature: ]
[min_data_in_bin: 3]
[bin_construct_sample_cnt: 200000]
[data_random_seed: 175]
[is_enable_sparse: 1]
[enable_bundle: 1]
[use_missing: 1]
[zero_as_missing: 0]
[feature_pre_filter: 1]
[pre_partition: 0]
[two_round: 0]
[header: 0]
[label_column: ]
[weight_column: ]
[group_column: ]
[ignore_column: ]
[categorical_feature: ]
[forcedbins_filename: ]
[precise_float_parser: 0]
[parser_config_file: ]
[objective_seed: 16083]
[num_class: 5]
[is_unbalance: 0]
[scale_pos_weight: 1]
[sigmoid: 1]
[boost_from_average: 1]
[reg_sqrt: 0]
[alpha: 0.9]
[fair_c: 1]
[poisson_max_delta_step: 0.7]
[tweedie_variance_power: 1.5]
[lambdarank_truncation_level: 30]
[lambdarank_norm: 1]
[label_gain: ]
[lambdarank_position_bias_regularization: 0]
[eval_at: ]
[multi_error_top_k: 1]
[auc_mu_weights: ]
[num_machines: 1]
[local_listen_port: 12400]
[time_out: 120]
[machine_list_filename: ]
[machines: ]
[gpu_platform_id: -1]
[gpu_device_id: -1]
[gpu_device_id_list: ]
[gpu_use_dp: 0]
[num_gpu: 1]

end of parameters

pandas_categorical:null
